Dates,traded_dollars,asset_turnover,signal_change_day,nonzero_rebalance_day,BRL_traded_dollars,AUD_traded_dollars,BCOM_traded_dollars,XAU_traded_dollars
2002-01-01,0.0,0.0,False,False,0.0,0.0,0.0,0.0
2002-01-02,0.0,0.0,False,False,0.0,0.0,0.0,0.0
2002-01-03,0.0,0.0,False,False,0.0,0.0,0.0,0.0
2002-01-04,0.0,0.0,False,False,0.0,0.0,0.0,0.0
2002-01-07,0.0,0.0,False,False,0.0,0.0,0.0,0.0
2002-01-08,0.0,0.0,False,False,0.0,0.0,0.0,0.0
2002-01-09,0.0,0.0,False,False,0.0,0.0,0.0,0.0
2002-01-10,0.0,0.0,False,False,0.0,0.0,0.0,0.0
2002-01-11,0.0,0.0,False,False,0.0,0.0,0.0,0.0
2002-01-14,0.0,0.0,False,False,0.0,0.0,0.0,0.0
2002-01-15,0.0,0.0,False,False,0.0,0.0,0.0,0.0
2002-01-16,0.0,0.0,False,False,0.0,0.0,0.0,0.0
2002-01-17,0.0,0.0,False,False,0.0,0.0,0.0,0.0
2002-01-18,0.0,0.0,False,False,0.0,0.0,0.0,0.0
2002-01-21,0.0,0.0,False,False,0.0,0.0,0.0,0.0
2002-01-22,0.0,0.0,False,False,0.0,0.0,0.0,0.0
2002-01-23,0.0,0.0,False,False,0.0,0.0,0.0,0.0
2002-01-24,0.0,0.0,False,False,0.0,0.0,0.0,0.0
2002-01-25,0.0,0.0,False,False,0.0,0.0,0.0,0.0
2002-01-28,0.0,0.0,False,False,0.0,0.0,0.0,0.0
2002-01-29,0.0,0.0,False,False,0.0,0.0,0.0,0.0
2002-01-30,0.0,0.0,False,False,0.0,0.0,0.0,0.0
2002-01-31,0.0,0.0,False,False,0.0,0.0,0.0,0.0
2002-02-01,0.0,0.0,False,False,0.0,0.0,0.0,0.0
2002-02-04,0.0,0.0,False,False,0.0,0.0,0.0,0.0
2002-02-05,0.0,0.0,False,False,0.0,0.0,0.0,0.0
2002-02-06,0.0,0.0,False,False,0.0,0.0,0.0,0.0
2002-02-07,0.0,0.0,False,False,0.0,0.0,0.0,0.0
2002-02-08,0.0,0.0,False,False,0.0,0.0,0.0,0.0
2002-02-11,0.0,0.0,False,False,0.0,0.0,0.0,0.0
2002-02-12,0.0,0.0,False,False,0.0,0.0,0.0,0.0
2002-02-13,0.0,0.0,False,False,0.0,0.0,0.0,0.0
2002-02-14,0.0,0.0,False,False,0.0,0.0,0.0,0.0
2002-02-15,0.0,0.0,False,False,0.0,0.0,0.0,0.0
2002-02-18,0.0,0.0,False,False,0.0,0.0,0.0,0.0
2002-02-19,0.0,0.0,False,False,0.0,0.0,0.0,0.0
2002-02-20,0.0,0.0,False,False,0.0,0.0,0.0,0.0
2002-02-21,0.0,0.0,False,False,0.0,0.0,0.0,0.0
2002-02-22,0.0,0.0,False,False,0.0,0.0,0.0,0.0
2002-02-25,0.0,0.0,False,False,0.0,0.0,0.0,0.0
2002-02-26,0.0,0.0,False,False,0.0,0.0,0.0,0.0
2002-02-27,0.0,0.0,False,False,0.0,0.0,0.0,0.0
2002-02-28,0.0,0.0,False,False,0.0,0.0,0.0,0.0
2002-03-01,0.0,0.0,False,False,0.0,0.0,0.0,0.0
2002-03-04,0.0,0.0,False,False,0.0,0.0,0.0,0.0
2002-03-05,0.0,0.0,False,False,0.0,0.0,0.0,0.0
2002-03-06,0.0,0.0,False,False,0.0,0.0,0.0,0.0
2002-03-07,0.0,0.0,False,False,0.0,0.0,0.0,0.0
2002-03-08,0.0,0.0,False,False,0.0,0.0,0.0,0.0
2002-03-11,0.0,0.0,False,False,0.0,0.0,0.0,0.0
2002-03-12,0.0,0.0,False,False,0.0,0.0,0.0,0.0
2002-03-13,0.0,0.0,False,False,0.0,0.0,0.0,0.0
2002-03-14,0.0,0.0,False,False,0.0,0.0,0.0,0.0
2002-03-15,0.0,0.0,False,False,0.0,0.0,0.0,0.0
2002-03-18,0.0,0.0,False,False,0.0,0.0,0.0,0.0
2002-03-19,0.0,0.0,False,False,0.0,0.0,0.0,0.0
2002-03-20,0.0,0.0,False,False,0.0,0.0,0.0,0.0
2002-03-21,0.0,0.0,False,False,0.0,0.0,0.0,0.0
2002-03-22,0.0,0.0,False,False,0.0,0.0,0.0,0.0
2002-03-25,0.0,0.0,False,False,0.0,0.0,0.0,0.0
2002-03-26,0.0,0.0,False,False,0.0,0.0,0.0,0.0
2002-03-27,0.0,0.0,False,False,0.0,0.0,0.0,0.0
2002-03-28,0.0,0.0,False,False,0.0,0.0,0.0,0.0
2002-03-29,100000000.0,1.0,True,True,25000000.0,25000000.0,25000000.0,25000000.0
2002-04-01,0.0,0.0,False,False,0.0,0.0,0.0,0.0
2002-04-02,609561.4844282605,0.006066539265969918,False,True,122964.38989881426,119819.45981865376,304780.7422141284,61996.89249666408
2002-04-03,436151.08925044537,0.004300587364794185,False,True,120630.61602405459,190756.92907722294,97444.9286011681,27318.61554799974
2002-04-04,399346.6642252952,0.003974747567337644,False,True,110725.18089116737,88948.15122148022,162532.70924042165,37140.62287222594
2002-04-05,731141.2067727484,0.007324668869135451,False,True,233676.91220550984,97590.26895079762,365570.60338637605,34303.42223006487
2002-04-08,338995.17456109077,0.0034026449967223603,False,True,96307.46218605712,73190.12509448826,138749.8157585375,30747.771522007883
2002-04-09,370841.0010024011,0.0037217354130882176,False,True,142444.34761470184,185420.50050120428,9371.7643006742,33604.388585820794
2002-04-10,494697.77920296043,0.004976961892056493,False,True,113560.11756269634,133788.77203879133,146803.91586837173,100544.97373310104
2002-04-11,269966.6577100158,0.002702835415437806,False,True,28875.06633607298,2681.7538236379623,134983.32885500416,103426.50869530067
2002-04-12,851983.8297283836,0.008534945846670187,False,True,77307.92660922557,221840.42129882053,425991.9148641899,126843.56695614755
2002-04-15,555616.7129307464,0.005604879068847765,False,True,62046.91337212175,141897.66511371732,215761.44309325516,135910.69135165215
2002-04-16,1111896.3932165913,0.011224533600145841,False,True,270284.683870893,114871.4148860164,555948.1966082938,170792.09785138816
2002-04-17,202808.38727416098,0.0020447633805631177,False,True,57711.72652417049,16736.874887477607,26955.59222542867,101404.19363708422
2002-04-18,558883.397529114,0.005576195005489453,False,True,259567.6486808844,12216.146575499326,279441.69876456633,7657.903508163989
2002-04-19,315573.4342209175,0.0031489743981994948,False,True,138876.03702343628,22061.124197702855,18910.680087022483,135725.5929127559
2002-04-22,284735.7825231105,0.00283728265408218,False,True,53669.712117411196,82885.00207817927,5813.177065953612,142367.89126156643
2002-04-23,286294.20621794835,0.0028537227347045385,False,True,138805.08445042372,4342.0186585485935,89499.48600794002,53647.61710103601
2002-04-24,197262.09807569906,0.0019671242388532907,False,True,52828.326580349356,45802.72245750576,25621.2389084287,73009.81012941524
2002-04-25,511420.8162412457,0.005103618909054044,False,True,48690.488203018904,204699.4444901906,207019.91991760954,51010.963630426675
2002-04-26,618539.523670964,0.006165626117125201,False,True,155544.99625328183,40938.958603259176,153724.7655821964,268330.8032322265
2002-04-29,342186.17622571066,0.0033932638908873796,False,True,19457.351409234107,147180.94064115733,4454.796062465757,171093.08811285347
2002-04-30,456765.66568846256,0.004538432557403451,False,True,1880.4199411012232,226502.41290313005,198911.2224966213,29471.610347609967
2002-05-01,502438.81874784455,0.004986555680532295,False,True,73127.9764562957,8202.809754934162,178091.4329176247,243016.59961898997
2002-05-02,432067.7865043804,0.0042969537423088846,False,True,30484.67970546335,109405.80482266843,216033.8932521902,76143.40872405842
2002-05-03,235469.9803499058,0.0023572604148474675,False,True,88637.27818666399,25826.46018333733,29097.71198828891,91908.52999161556
2002-05-06,678519.8198197149,0.0067701799419447786,False,True,339259.909909863,58151.974824242294,31129.270666304976,249978.66441930458
2002-05-07,498176.0792325437,0.004991164957110595,False,True,107274.53791692108,118415.01899033785,141813.50169934332,130673.02062594146
2002-05-08,636579.9331940748,0.006351662810039511,False,True,180891.10774433613,147629.5387291126,137398.85885269567,170660.42786793038
2002-05-09,25534507.921783786,0.2549547237639711,True,True,24908211.601113338,93025.92854217812,285154.900613606,248115.49151466414
2002-05-10,190120.14857413247,0.001894204212644593,False,True,0.0,62416.354499958456,68022.99768815935,59680.79638601467
2002-05-13,96186.88212870061,0.0009546691656704834,False,True,0.0,7414.041494626552,63368.617487601936,25404.223146472126
2002-05-14,250656.65480846912,0.0024806395991838373,False,True,0.0,7569.40986520797,154136.422382053,88950.82256120816
2002-05-15,525365.9186498486,0.005198955947027645,False,True,0.0,9203.866339080036,254357.18033569306,261804.87197507545
2002-05-16,665771.5435277745,0.006602339351079294,False,True,0.0,137874.71244885027,359568.5645223446,168328.26655657962
2002-05-17,138833.0577362217,0.0013758473521341028,False,True,0.0,29875.86065204069,60844.34168568626,48112.85539849475
2002-05-20,240253.58222346008,0.002376524448852591,False,True,0.0,92627.80246769637,96726.61693559587,50899.16282016784
2002-05-21,530972.0696724951,0.005233920373735173,False,True,0.0,68549.0224507302,152719.74022888765,309703.3069928773
2002-05-22,511516.1723977402,0.0050512250980363155,False,True,0.0,171271.1228194572,278568.91440135986,61676.135176923126
2002-05-23,132142.7635651827,0.001300362786002057,False,True,0.0,54740.81986596063,21801.85046254471,55600.09323667735
2002-05-24,407828.84900239855,0.004000292813774483,False,True,0.0,92739.90249070153,69945.99788267165,245142.94862902537
2002-05-27,120100.8206380494,0.001182161713304305,False,True,0.0,15611.743818089366,74654.5453855358,29834.53143442422
2002-05-28,60299.68553072587,0.0005934748649133914,False,True,0.0,31425.75236448273,2551.8191982507706,26322.113967992365
2002-05-29,535625.5409432575,0.005247088217354495,False,True,0.0,129077.44173272327,208302.53566128388,198245.56354925036
2002-05-30,306987.3904809579,0.002994919998150668,False,True,0.0,58143.11024849117,206265.25317816064,42579.02705430612
2002-05-31,749494.5347406827,0.007344822582992918,False,True,0.0,202706.60080168396,432094.1562265679,114693.7777124308
2002-06-03,286667.65266656876,0.0027943675670899313,False,True,0.0,57155.53253887966,211301.5510736294,18210.569054059684
2002-06-04,229677.11478001624,0.002233805433349286,False,True,0.0,115106.76406428218,85951.51443465799,28618.836281076074
2002-06-05,228848.4855576642,0.002218260566661417,False,True,0.0,86252.6728047803,71543.09586169198,71052.7168911919
2002-06-06,400893.17955739424,0.0039165921196196475,False,True,0.0,87368.9073440507,12067.297334745526,301456.974878598
2002-06-07,408069.32022642717,0.003971440447210063,False,True,0.0,17178.666396651417,154871.30954281613,236019.34428695962
2002-06-10,102187.14315447211,0.0009984848021521552,False,True,0.0,43007.436204660684,27268.40643423423,31911.300515577197
2002-06-11,25539453.571003377,0.25156543555729166,True,True,0.0,66205.8067852594,25291271.748727188,181976.01549093053
2002-06-12,170487.43261775747,0.0016768735095710181,False,True,0.0,48315.261811029166,0.0,122172.1708067283
2002-06-13,287963.88231916726,0.0028322614469480463,False,True,0.0,144720.11580232903,0.0,143243.76651683822
2002-06-14,105321.79357359186,0.0010380404153122853,False,True,0.0,70402.38254851848,0.0,34919.41102507338
2002-06-17,450491.9925731309,0.004451370487614077,False,True,0.0,290032.062823873,0.0,160459.92974925786
2002-06-18,163562.353719756,0.0016214221015414885,False,True,0.0,47279.126966599375,0.0,116283.22675315663
2002-06-19,282100.79660584405,0.0027809603418619475,False,True,0.0,168454.36558844522,0.0,113646.43101739883
2002-06-20,59748.654741782695,0.0005883114661422562,False,True,0.0,26232.846473932266,0.0,33515.80826785043
2002-06-21,256009.2977524288,0.002508134944090071,False,True,0.0,138700.995263014,0.0,117308.30248941481
2002-06-24,97842.85256287456,0.000956736756843122,False,True,0.0,91624.51474289969,0.0,6218.3378199748695
2002-06-25,116692.57688552514,0.0011436649839040751,False,True,0.0,1784.602610591799,0.0,114907.97427493334
2002-06-26,104850.98225646093,0.0010297257806254731,False,True,0.0,70257.34707561135,0.0,34593.63518084958
2002-06-27,262780.94266954437,0.0025941217168671676,False,True,0.0,227817.92403992638,0.0,34963.01862961799
2002-06-28,175786.5614042841,0.0017350368185844855,False,True,0.0,92177.18919637054,0.0,83609.37220791355
2002-07-01,273185.1309339404,0.0027052300129121625,False,True,0.0,53671.30671335012,0.0,219513.8242205903
2002-07-02,129200.47977705672,0.0012796273709674048,False,True,0.0,68800.16606870294,0.0,60400.31370835379
2002-07-03,216367.5327421017,0.002145838702068964,False,True,0.0,74171.5762087442,0.0,142195.9565333575
2002-07-04,131858.74372334778,0.0013111466562468455,False,True,0.0,52799.94276767969,0.0,79058.80095566809
2002-07-05,110125.48590075597,0.0010969467775196339,False,True,0.0,98754.72856802493,0.0,11370.757332731038
2002-07-08,25185691.700486973,0.2505804314419065,True,True,0.0,22895.050471175462,25127352.877838265,35443.772177532315
2002-07-09,712905.7275836319,0.007088001426038857,False,True,0.0,277786.3707880303,347725.5189612806,87393.83783432096
2002-07-10,182791.32027195394,0.0018042701272425938,False,True,0.0,29034.93230709806,15054.244052700698,138702.14391215518
2002-07-11,198072.84740410373,0.0019559621765150156,False,True,0.0,75643.7809596844,93511.36916418374,28917.69728023559
2002-07-12,480917.10649223626,0.004763456692354343,False,True,0.0,278771.81058288366,113514.72776084393,88630.56814850867
2002-07-15,67510.5940858759,0.0006687262470301342,False,True,0.0,7683.45228375867,25361.56197379902,34465.57982831821
2002-07-16,186934.20464838296,0.0018469266922398384,False,True,0.0,23138.22686265409,61010.832243379205,102785.14554234967
2002-07-17,516709.93840210885,0.005099137613027035,False,True,0.0,221626.20519841462,273248.98951778933,21834.74368590489
2002-07-18,181921.4466604218,0.0018012386737504568,False,True,0.0,132815.8123902157,13156.403102442622,35949.23116776347
2002-07-19,35818.88222363591,0.0003542589650501208,False,True,0.0,10318.549525037408,21509.545870330185,3990.7868282683194
2002-07-22,25887320.314446162,0.2541913650458509,True,True,0.0,11124.218539316207,121860.94173106551,25754335.15417578
2002-07-23,255553.54485578462,0.00252197431093349,False,True,0.0,235990.07812793553,19563.466727849096,0.0
2002-07-24,387041.1720255539,0.0038489857159004714,False,True,0.0,62933.23056588322,324107.94145967066,0.0
2002-07-25,25224022.429382913,0.2505619418550794,True,True,0.0,24969676.870678805,254345.558704108,0.0
2002-07-26,169218.0039576292,0.0016846968956430192,False,True,0.0,0.0,169218.0039576292,0.0
2002-07-29,144341.1005589366,0.0014397866508359062,False,True,0.0,0.0,144341.1005589366,0.0
2002-07-30,146926.08863184229,0.0014684410975525789,False,True,0.0,0.0,146926.08863184229,0.0
2002-07-31,251820.43284716085,0.002508381813224061,False,True,0.0,0.0,251820.43284716085,0.0
2002-08-01,92025.57954664156,0.0009155472413236613,False,True,0.0,0.0,92025.57954664156,0.0
2002-08-02,172509.54207153246,0.0017202052938053442,False,True,0.0,0.0,172509.54207153246,0.0
2002-08-05,74543.65807462856,0.000742587515143848,False,True,0.0,0.0,74543.65807462856,0.0
2002-08-06,277495.1087274179,0.002774571696790769,False,True,0.0,0.0,277495.1087274179,0.0
2002-08-07,147603.5605367571,0.0014729353917678132,False,True,0.0,0.0,147603.5605367571,0.0
2002-08-08,114423.32470140234,0.0011435709575680175,False,True,0.0,0.0,114423.32470140234,0.0
2002-08-09,25851.470656525344,0.0002582761039162751,False,True,0.0,0.0,25851.470656525344,0.0
2002-08-12,113922.67541417107,0.0011364506361400523,False,True,0.0,0.0,113922.67541417107,0.0
2002-08-13,418498.91420559585,0.0041516811081628215,False,True,0.0,0.0,418498.91420559585,0.0
2002-08-14,86644.89460550994,0.0008585689592742216,False,True,0.0,0.0,86644.89460550994,0.0
2002-08-15,20206.381093945354,0.00020017268628758954,False,True,0.0,0.0,20206.381093945354,0.0
2002-08-16,321932.2244208269,0.0031756886139434008,False,True,0.0,0.0,321932.2244208269,0.0
2002-08-19,52780.87159752846,0.0005210166642106788,False,True,0.0,0.0,52780.87159752846,0.0
2002-08-20,1565.4871088005602,1.5453736419125102e-05,False,True,0.0,0.0,1565.4871088005602,0.0
2002-08-21,173351.1394881606,0.0017151525239781692,False,True,0.0,0.0,173351.1394881606,0.0
2002-08-22,138798.17366995662,0.0013707722783238689,False,True,0.0,0.0,138798.17366995662,0.0
2002-08-23,169901.2684111111,0.0016742011542663039,False,True,0.0,0.0,169901.2684111111,0.0
2002-08-26,39490.532666478306,0.00038934033682873744,False,True,0.0,0.0,39490.532666478306,0.0
2002-08-27,190165.89647093043,0.0018701857463394847,False,True,0.0,0.0,190165.89647093043,0.0
2002-08-28,86092.11605619267,0.000847629456300093,False,True,0.0,0.0,86092.11605619267,0.0
2002-08-29,142162.60775096342,0.0014022947016476986,False,True,0.0,0.0,142162.60775096342,0.0
2002-08-30,26986.018007885665,0.00026628511164642545,False,True,0.0,0.0,26986.018007885665,0.0
2002-09-02,96813.86718931049,0.0009540976291407585,False,True,0.0,0.0,96813.86718931049,0.0
2002-09-03,0.0,0.0,False,False,0.0,0.0,0.0,0.0
2002-09-04,247847.1391537264,0.0024505063609616636,False,True,0.0,0.0,247847.1391537264,0.0
2002-09-05,243932.0967321135,0.0024040668474449916,False,True,0.0,0.0,243932.0967321135,0.0
2002-09-06,262962.60729945824,0.002582697083560289,False,True,0.0,0.0,262962.60729945824,0.0
2002-09-09,175915.25012113154,0.0017237871591891882,False,True,0.0,0.0,175915.25012113154,0.0
2002-09-10,302497.3520541452,0.0029524917081506143,False,True,0.0,0.0,302497.3520541452,0.0
2002-09-11,40608.40869574994,0.0003961444983212774,False,True,0.0,0.0,40608.40869574994,0.0
2002-09-12,8637.904299724847,8.42553048076367e-05,False,True,0.0,0.0,8637.904299724847,0.0
2002-09-13,187469.3203348443,0.0018330707708501314,False,True,0.0,0.0,187469.3203348443,0.0
2002-09-16,104113.4753896892,0.0010166392613518715,False,True,0.0,0.0,104113.4753896892,0.0
2002-09-17,25605853.898187958,0.25002555450935454,True,True,0.0,0.0,2617.112615775317,25603236.785572182
2002-09-18,92824.47103085369,0.0009059112994973086,False,True,0.0,0.0,33324.58558214083,59499.885448712856
2002-09-19,160928.79184225202,0.0015656507988017524,False,True,0.0,0.0,80461.35528022796,80467.43656202406
2002-09-20,318129.7431302853,0.003090128926090848,False,True,0.0,0.0,118275.21199219301,199854.53113809228
2002-09-23,25792796.283082347,0.2510750139508231,True,True,0.0,25682360.698916722,70137.38988938928,40298.194276236
2002-09-24,320669.6109286882,0.0031190026595447353,False,True,0.0,150066.87435700744,103444.67741801962,67158.05915366113
2002-09-25,307131.01695506275,0.002981362857765541,False,True,0.0,6604.9912734776735,121285.49847559631,179240.52720598876
2002-09-26,346104.4660568051,0.003375448878557264,False,True,0.0,112908.19001382962,45523.1119280234,187673.1641149521
2002-09-27,315684.2152492888,0.0030801443486107058,False,True,0.0,41400.7768294476,110721.04163503647,163562.39678480476
2002-09-30,149766.68866892532,0.0014606728117084289,False,True,0.0,50901.85213519633,80208.57975075394,18656.256782975048
2002-10-01,421721.65083103254,0.004104766699104859,False,True,0.0,92036.39375171438,92971.97016819566,236713.2869111225
2002-10-02,362709.84370268136,0.003537055903657482,False,True,0.0,40247.030857201666,116882.67110561207,205580.14173986763
2002-10-03,202024.5027701445,0.0019631686143452543,False,True,0.0,20567.58424956724,55803.476938877255,125653.4415817
2002-10-04,723172.5016579255,0.007072309859321298,False,True,0.0,228095.92690667138,443247.11421971396,51829.460531540215
2002-10-07,159243.93292545527,0.00155714489212292,False,True,0.0,36637.78269776702,78054.78835169226,44551.36187599599
2002-10-08,144937.65561598912,0.00141399588972828,False,True,0.0,90896.67773229629,11017.622405096889,43023.35547859594
2002-10-09,490353.30248920247,0.0048007904270666365,False,True,0.0,47168.515653353184,199919.44183129072,243265.34500455856
2002-10-10,224354.49175461382,0.002192958780342304,False,True,0.0,30240.780228909105,91347.94703067839,102765.76449502632
2002-10-11,297191.86423478276,0.002920180299972017,False,True,0.0,81720.7921314612,93494.4275057055,121976.64459761605
2002-10-14,319814.9333180003,0.00313001643999915,False,True,0.0,14893.784568801522,195639.51662797853,109281.63212122023
2002-10-15,480787.65297965705,0.004694513871195991,False,True,0.0,210639.84723436832,232882.19678946584,37265.608955822885
2002-10-16,669450.8312349133,0.006539998491141884,False,True,0.0,43628.68698334694,284564.9644462764,341257.17980528995
2002-10-17,197477.5760868676,0.0019272595745026633,False,True,0.0,55726.721442997456,85870.87699595094,55879.97764791921
2002-10-18,466881.0573603958,0.004558727988862493,False,True,0.0,75107.16888123378,151994.11518366635,239779.77329549566
2002-10-21,323748.5697996579,0.00316174356813245,False,True,0.0,39588.92262932658,164272.32439252362,119887.32277780771
2002-10-22,538475.132932175,0.005271203920089127,False,True,0.0,239053.3966410011,220687.8801684603,78733.85612271354
2002-10-23,351332.7268210016,0.0034410135013528366,False,True,0.0,58437.9515677467,123801.2200492099,169093.55520404503
2002-10-24,245871.36361050978,0.002406425628074608,False,True,0.0,6497.582402702421,131851.21987696737,107522.56133083999
2002-10-25,159214.19717332348,0.0015563743709995298,False,True,0.0,95267.91509955004,8059.931256655604,55886.35081711784
2002-10-28,440404.4319545515,0.004307330343207077,False,True,0.0,19865.87053694576,226802.4055280164,193736.15588958934
2002-10-29,184868.639780242,0.0018023518215699006,False,True,0.0,67877.97691576555,51753.1109213233,65237.55194315314
2002-10-30,311732.56727001444,0.003043814460937671,False,True,0.0,91996.50912811235,83330.10204599053,136405.95609591156
2002-10-31,271170.0074512325,0.002650450166640506,False,True,0.0,110005.54148202762,122562.89262339473,38601.573345810175
2002-11-01,25743590.47331943,0.25080794536296735,True,True,0.0,11582.033011347055,16697.31300367415,25715311.12730441
2002-11-04,269888.5736395605,0.002625344682095378,False,True,0.0,174582.50004333258,95306.07359622791,0.0
2002-11-05,249133.01177087054,0.0024273085233198458,False,True,0.0,83656.18682904169,165476.82494182885,0.0
2002-11-06,293092.807532575,0.0028593141714237207,False,True,0.0,113303.49735013768,179789.3101824373,0.0
2002-11-07,41190.42787953839,0.0004019872670277445,False,True,0.0,11198.523056965321,29991.904822573066,0.0
2002-11-08,301135.7527387552,0.002937474108606466,False,True,0.0,162619.34964268655,138516.40309606865,0.0
2002-11-11,53977.0856279321,0.000527082668175012,False,True,0.0,49846.7466706112,4130.338957320899,0.0
2002-11-12,144737.27614346147,0.001415296289142425,False,True,0.0,107577.2077373676,37160.068406093866,0.0
2002-11-13,25500080.358990066,0.24956596456570027,True,True,0.0,15520.728959400207,25484559.630030666,0.0
2002-11-14,25553.70195291564,0.00025017417378318227,False,True,0.0,25553.70195291564,0.0,0.0
2002-11-15,111385.59596319124,0.0010888967159973474,False,True,0.0,111385.59596319124,0.0,0.0
2002-11-18,25602528.630689442,0.2502161484748386,True,True,0.0,22116.66812580079,0.0,25580411.96256364
2002-11-19,83542.97016691044,0.0008174642363035178,False,True,0.0,10786.16920787841,0.0,72756.80095903203
2002-11-20,204949.76832873374,0.0020104006360131795,False,True,0.0,165716.75536794215,0.0,39233.01296079159
2002-11-21,172213.73080649227,0.0016893444548022043,False,True,0.0,85211.71172294393,0.0,87002.01908354834
2002-11-22,137109.41868315265,0.0013436014698592254,False,True,0.0,94814.03990608454,0.0,42295.37877706811
2002-11-25,211706.06525539234,0.002067833380785818,False,True,0.0,22246.782629478723,0.0,189459.28262591362
2002-11-26,205197.1046970226,0.0020123237099570644,False,True,0.0,76598.17974647135,0.0,128598.92495055124
2002-11-27,17288.99395634234,0.00016949195703256688,False,True,0.0,9907.995633527637,0.0,7380.998322814703
2002-11-28,139208.59485105798,0.001368461010082091,False,True,0.0,80646.0261380747,0.0,58562.56871298328
2002-11-29,25633541.294050667,0.2513199546653698,True,True,25498911.66439757,113626.34965871647,0.0,21003.27999437973
2002-12-02,530021.3791684434,0.005213788460937293,False,True,307262.75000875816,114187.57894355804,0.0,108571.05021612719
2002-12-03,327127.714147646,0.0032123517610065794,False,True,185652.3019286394,73333.97037022561,0.0,68141.44184878096
2002-12-04,525423.4954434074,0.00516370569940558,False,True,240643.6948010847,32212.286738350987,0.0,252567.51390397176
2002-12-05,448956.75547748804,0.004414867180303988,False,True,232124.03380923346,90509.09666096047,0.0,126323.62500729412
2002-12-06,802511.8823353797,0.007912159111869316,False,True,434299.2185401097,104834.43860590085,0.0,263378.2251893692
2002-12-09,328838.1136043519,0.003227166400529874,False,True,215394.68725275248,105770.96667048335,0.0,7672.4596811160445
2002-12-10,377503.6638527252,0.0037130848722226883,False,True,217300.02234341204,122627.73138709739,0.0,37575.91012221575
2002-12-11,111379.57879624143,0.0011003391542125794,False,True,12119.473546743393,35214.79057679698,0.0,64045.31467270106
2002-12-12,169745.92203412205,0.0016717224136841389,False,True,117611.45366640761,45299.834482666105,0.0,6834.63388504833
2002-12-13,26299577.88320718,0.25760640865213824,True,True,319207.5375222862,95367.99192061648,25523023.69030065,361978.66346362606
2002-12-16,525373.5271951035,0.005106605194771634,False,True,262686.76359755173,199318.44233823195,12495.231937821954,50873.08932149783
2002-12-17,1099163.8364359401,0.010520977476996485,False,True,549581.9182179756,345705.9144941233,75993.90172844008,127882.10199540108
2002-12-18,136801.41494333744,0.0013106767080904558,False,True,17869.510254107416,18047.1168532297,68400.70747166127,32484.080364339054
2002-12-19,744831.9916240461,0.00707129195415841,False,True,108044.02473683655,296866.8794014044,75549.11641062051,264371.97107518464
2002-12-20,621354.0146474876,0.005864749857954415,False,True,288084.10608450696,109123.90157812834,201553.10574562103,22592.90123923123
2002-12-23,515961.0462972522,0.004890280606952137,False,True,19718.139706537127,23485.858164310455,214776.5252777785,257980.5231486261
2002-12-24,1035807.7086788304,0.009778249341793329,False,True,312054.63282242045,205849.22151698545,244183.03411722556,273720.82022219896
2002-12-25,47294.15962459147,0.0004452328630266865,False,True,5423.7752652950585,23647.079812295735,13764.402936387807,4458.901610612869
2002-12-26,310348.34163268656,0.0029273581496204993,False,True,51724.72360544652,51724.72360544652,51724.72360544652,155174.170816347
2002-12-27,962151.6861637458,0.009082131438995876,False,True,410930.25936185196,14620.888656541705,70145.58372003213,466454.95442532003
2002-12-30,309653.07899700105,0.002921116704869364,False,True,145551.68394906074,108012.66746206582,9274.855549454689,46813.87203641981
2002-12-31,1060850.4534191638,0.010090698026473168,False,True,189047.8922663927,341377.3344431929,323872.51582295075,206552.71088662744
2003-01-01,619687.2345371544,0.005888423542637608,False,True,39318.144669793546,224654.29598910362,45871.17660968378,309843.6172685735
2003-01-02,0.0,0.0,False,False,0.0,0.0,0.0,0.0
2003-01-03,1032078.5089172125,0.009744745724283379,False,True,196592.16845194623,9169.948929280043,506869.3055293225,319447.08600666374
2003-01-06,539553.9953400306,0.0050146986155605545,False,True,269776.99767000973,207061.31698220968,39785.898779563606,22929.78190824762
2003-01-07,1294159.2033693455,0.011979791268118292,False,True,364718.7240101434,282360.87767452747,538573.1311431229,108506.47054155171
2003-01-08,886539.9349928051,0.008206524461515834,False,True,443269.9674963914,62897.62774775922,72781.67354428023,307590.6662043743
2003-01-09,762857.660940025,0.0070317394813906985,False,True,316203.98130908236,61221.24828064442,4003.6008802875876,381428.83047001064
2003-01-10,555238.6564248279,0.0050986345699670105,False,True,78120.17450899631,29076.537329100072,277619.32821241394,170422.61637431756
2003-01-13,908600.8829977214,0.008321608975424081,False,True,124615.18232522905,246887.6995352991,454300.4414988607,82797.55963833258
2003-01-14,331836.59098656476,0.003040358850520897,False,True,160987.23033438623,55360.453066360205,110557.84242692217,4931.065158896148
2003-01-15,768837.5178182274,0.007037296373503662,False,True,384418.75890912116,71237.58625745773,39925.477036215365,273255.69561543316
2003-01-16,993063.5721549094,0.00911626731586473,False,True,496531.7860774547,119804.76550008357,343695.02958288416,33031.99099448696
2003-01-17,469091.64714540914,0.004261533573029858,False,True,36680.61180811003,144983.29862667248,52881.91313792765,234545.82357269898
2003-01-20,973982.6667216346,0.008883129591542348,False,True,486991.3333608173,361239.17775785923,87117.10314958543,38635.05245337263
2003-01-21,151516.3958272636,0.0013853615550334178,False,True,68394.35903257504,7363.838881056756,68630.49166744947,7127.7062461823225
2003-01-22,1062544.2395710535,0.009767674769068776,False,True,531272.1197855212,33853.90571172163,196733.4488285035,300684.76524530724
2003-01-23,787964.5861332454,0.0072338909917902035,False,True,249469.0664205402,144513.22664608806,118583.96909089759,275398.3239757195
2003-01-24,499693.6955961585,0.004582382872036704,False,True,92273.66666471586,189512.09010295942,157573.18113335967,60334.75769512355
2003-01-27,1587434.5556053184,0.014562752748915123,False,True,793717.2778026611,72740.21044138074,320454.79363989085,400522.27372138575
2003-01-28,650604.1689753942,0.005979783467570949,False,True,170231.27152608708,22231.753064893186,303070.3314228095,155070.81296160445
2003-01-29,388687.22507847473,0.0035738470006742976,False,True,114588.10542353243,60783.95971880108,194343.61253924295,18971.54739689827
2003-01-30,804411.8820488155,0.007362496688296561,False,True,154804.1600909829,34397.252066824585,247401.7809334211,367808.6889575869
2003-01-31,612524.5859472007,0.005570452309361591,False,True,138899.8921563141,306262.2929735929,14333.508660782129,153028.89215651155
2003-02-03,815372.2838830538,0.007395238595466083,False,True,407686.14194152877,85583.63490432873,84601.49270671606,237501.01433048025
2003-02-04,459509.89573188126,0.004169558759324518,False,True,97722.22273407504,120915.36456293613,11117.360568922013,229754.94786594808
2003-02-05,1497865.0373888463,0.013502056618972462,False,True,735495.194828026,174100.98404852673,13437.323866404593,574831.534645889
2003-02-06,1015379.384957321,0.00921375867035021,False,True,254937.09541761503,78085.13774466142,174667.45931638032,507689.6924786642
2003-02-07,512329.33557507023,0.004654450786659953,False,True,162556.91255223379,133783.43625164032,122381.23153589666,93607.75523529947
2003-02-10,613751.3463158831,0.005552047477260658,False,True,93440.24280880019,166553.5904422924,213435.43034914508,140322.08271564543
2003-02-11,756597.4857245609,0.0068915629785561375,False,True,105362.98275903612,192670.8367740512,80264.92332918942,378298.7428622842
2003-02-12,312657.2118782699,0.0028390104558747922,False,True,45170.74528834969,111157.86065078527,110938.08425278589,45390.521686349064
2003-02-13,1018994.0413457826,0.009365890639911435,False,True,148509.874673184,359069.2356834337,1917.91031627357,509497.0206728913
2003-02-14,27348619.131181546,0.25095750470006434,True,True,26792477.23094011,255630.79871771112,52173.03899652138,248338.06252720207
2003-02-17,612140.8922068737,0.005640084695726874,False,True,0.0,90179.99333088472,250682.58621479198,271278.31266119704
2003-02-18,539461.636892885,0.00499416651823327,False,True,0.0,76366.81680906191,128909.33442492038,334185.4856589027
2003-02-19,134011.42301676422,0.001243376595158977,False,True,0.0,34847.83303886652,2393.394423548132,96770.19555434957
2003-02-20,351578.4607319422,0.003238206277826218,False,True,0.0,9948.003158796579,76821.49672676623,264808.9608463794
2003-02-21,404788.7363627106,0.0037175513419031585,False,True,0.0,102610.50851953775,163160.4149824567,139017.81286071613
2003-02-24,576509.0129664689,0.005280976943943661,False,True,0.0,113229.36670070887,323412.57539667934,139867.07086908072
2003-02-25,379804.42796177417,0.0034313579780438194,False,True,0.0,10930.791588827968,251545.90930028632,117327.72707265988
2003-02-26,876686.0807985216,0.008008941483012537,False,True,0.0,285478.3604976535,440578.3392931074,150629.38100776076
2003-02-27,401235.03001177683,0.0036392710094401127,False,True,0.0,99533.9897312522,299126.2283726372,2574.811907887459
2003-02-28,626247.7792472616,0.005738918714923476,False,True,0.0,172057.9762053825,44041.25106681883,410148.55197506025
2003-03-03,353015.70328237116,0.0032192267652951436,False,True,0.0,21978.901725113392,109560.10165466368,221476.6999025941
2003-03-04,487993.9962897934,0.004447484953672307,False,True,0.0,252127.85054343194,149099.59385862574,86766.55188773572
2003-03-05,478909.25258020684,0.004346813633835922,False,True,0.0,150546.60316132754,32508.248452179134,295854.40096670017
2003-03-06,271491.0319337845,0.0024654586724494605,False,True,0.0,128629.98324232921,102665.61541028693,40195.43328116834
2003-03-07,302171.79468456656,0.0027359217098777574,False,True,0.0,110059.87099594623,63926.230015441775,128185.69367317855
2003-03-10,27622409.767175127,0.2504293927313165,True,True,0.0,41915.69245808944,395260.1916270368,27185233.88309
2003-03-11,329535.0738400556,0.0029913172900546546,False,True,0.0,130686.0970068276,198848.97683322802,0.0
2003-03-12,402339.7939469181,0.003679067220255607,False,True,0.0,301824.1080848314,100515.68586208671,0.0
2003-03-13,436824.966493804,0.004011367272606627,False,True,0.0,334014.6167691201,102810.34972468391,0.0
2003-03-14,618371.8116551302,0.005709660335804649,False,True,0.0,160674.64331961796,457697.1683355123,0.0
2003-03-17,395829.4000096284,0.0036557105252878947,False,True,0.0,191483.91751805693,204345.48249157146,0.0
2003-03-18,260042.84809396043,0.0024132356517853988,False,True,0.0,102507.182693284,157535.66540067643,0.0
2003-03-19,523631.60932967067,0.004879979962591335,False,True,0.0,148085.04550287127,375546.5638267994,0.0
2003-03-20,102340.92717479914,0.0009555881423314538,False,True,0.0,45438.00686562434,56902.920309174806,0.0
2003-03-21,351129.0347246751,0.0032827856868113538,False,True,0.0,141408.4675965309,209720.5671281442,0.0
2003-03-24,26877731.69171784,0.2525854269498449,True,True,26602615.218429513,17500.08231914416,257616.3909691833,0.0
2003-03-25,148466.26284131035,0.0013880624001198862,False,True,5621.021204262972,59065.89086084813,83779.35077619925,0.0
2003-03-26,531754.023254089,0.00497129054317467,False,True,189150.94558830187,77429.59413031489,265173.4835354723,0.0
2003-03-27,62588.644966207445,0.0005846365169008792,False,True,10592.391103681177,42627.88848312572,9368.365379400551,0.0
2003-03-28,292249.85581642017,0.0027171547662325555,False,True,46258.18119566515,37159.88813076913,208831.78648998588,0.0
2003-03-31,26904998.29401978,0.2500728280800289,True,True,22104.636460624635,61981.830583408475,26820911.826975748,0.0
2003-04-01,270657.1050542705,0.0025030721487458185,False,True,233337.3885039799,37319.716550290585,0.0,0.0
2003-04-02,42458.02977326885,0.00039255279018017146,False,True,28431.943839490414,14026.085933778435,0.0,0.0
2003-04-03,608941.29537661,0.005620005248534762,False,True,352886.96475623176,256054.33062037826,0.0,0.0
2003-04-04,273335.48821582645,0.002516362134942791,False,True,204375.08486123383,68960.40335459262,0.0,0.0
2003-04-07,90592.4459426105,0.0008326170514423325,False,True,69755.93369806558,20836.512244544923,0.0,0.0
2003-04-08,709153.7539472543,0.006494496346036821,False,True,451720.95005492494,257432.80389232934,0.0,0.0
2003-04-09,100788.43222961947,0.0009217498660431589,False,True,12485.701642014086,88302.73058760539,0.0,0.0
2003-04-10,230074.33968511224,0.002100050420699483,False,True,62059.204763460904,168015.13492165133,0.0,0.0
2003-04-11,344143.2678585872,0.0031483425974314205,False,True,233880.06254251674,110263.20531607047,0.0,0.0
2003-04-14,55693.49333752319,0.0005095558600382084,False,True,25038.380822326988,30655.112515196204,0.0,0.0
2003-04-15,384921.2557218559,0.003512987804041097,False,True,260659.13607440516,124262.11964745075,0.0,0.0
2003-04-16,526198.4355074875,0.004768944683698733,False,True,455009.9595316723,71188.4759758152,0.0,0.0
2003-04-17,358192.5330360159,0.003225363526872008,False,True,273906.4122746736,84286.12076134235,0.0,0.0
2003-04-18,288823.5025652684,0.0025902693089247084,False,True,256496.2236936018,32327.27887166664,0.0,0.0
2003-04-21,0.0,0.0,False,False,0.0,0.0,0.0,0.0
2003-04-22,137883.57522409782,0.001237512785760011,False,True,89779.78967997804,48103.785544119775,0.0,0.0
2003-04-23,401796.1375836767,0.0035996115890209518,False,True,150357.6600954868,251438.47748818994,0.0,0.0
2003-04-24,549423.4166984297,0.004908942326751858,False,True,349934.48078686744,199488.9359115623,0.0,0.0
2003-04-25,107237.45724951848,0.0009563037128881063,False,True,8677.56416778639,98559.8930817321,0.0,0.0
2003-04-28,136503.25407556444,0.001220255990686377,False,True,10623.669412020594,125879.58466354385,0.0,0.0
2003-04-29,255476.6829840243,0.002273421906967,False,True,239939.46428919584,15537.21869482845,0.0,0.0
2003-04-30,664722.5661681518,0.005875894716622785,False,True,520272.2867803909,144450.2793877609,0.0,0.0
2003-05-01,236901.3991992809,0.0020853842020990532,False,True,115736.47132421285,121164.92787506804,0.0,0.0
2003-05-02,275548.79061197117,0.0024197183549695585,False,True,68887.19765299186,206661.5929589793,0.0,0.0
2003-05-05,172054.10358937457,0.00151406498199142,False,True,145824.76461673155,26229.338972643018,0.0,0.0
2003-05-06,1018838.6753970645,0.009018927470701502,False,True,677038.4911816567,341800.1842154078,0.0,0.0
2003-05-07,126796.64920495823,0.0011216137101335098,False,True,42975.82139771432,83820.82780724391,0.0,0.0
2003-05-08,431261.0904046148,0.003802792876456612,False,True,305130.1087277718,126130.98167684302,0.0,0.0
2003-05-09,484576.02357532084,0.004236709418744881,False,True,380244.68393054977,104331.33964477107,0.0,0.0
2003-05-12,217250.3752768226,0.0018929835128036318,False,True,206264.82606945187,10985.549207370728,0.0,0.0
2003-05-13,97206.17085651308,0.0008455612361414294,False,True,58829.50861598179,38376.662240531296,0.0,0.0
2003-05-14,107000.39747204632,0.00093114598138978,False,True,65485.7957585305,41514.60171351582,0.0,0.0
2003-05-15,28815384.977667082,0.2511531097407993,True,True,111211.28809416294,21087.695330418646,0.0,28683085.9942425
2003-05-16,343896.49500511587,0.0030122679744361306,False,True,91863.68879630044,150964.30791834742,0.0,101068.49829046801
2003-05-19,937743.8075426631,0.008182119096439303,False,True,413420.53989932686,408160.46281655505,0.0,116162.80482678115
2003-05-20,1369832.1890309937,0.011884782476786511,False,True,593129.4113576971,10483.745369132608,0.0,766219.032304164
2003-05-21,247920.59035573527,0.0021474667974344763,False,True,100386.95283266157,60932.282162860036,0.0,86601.35536021367
2003-05-22,581586.449332606,0.0050163273944638575,False,True,192447.14761186764,229447.30323711783,0.0,159691.99848362058
2003-05-23,570102.1404658891,0.0049247477559333465,False,True,84038.63685077056,179014.2221274823,0.0,307049.28148763627
2003-05-26,29738724.584745992,0.255108189592003,True,True,399023.6902834438,127922.17496202886,29143247.647505384,68531.0719951354
2003-05-27,396599.35139356554,0.003391484182728088,False,True,163540.34076071903,106606.95304366574,91692.7226531133,34759.33493606746
2003-05-28,1543288.6870399006,0.013409585614993233,False,True,771644.3435199447,319599.93779549375,312870.03807074577,139174.36765371636
2003-05-29,561485.0580978505,0.004896691703008731,False,True,269446.9625296518,154576.14793477952,126166.38111414388,11295.566519275308
2003-05-30,1083601.1356036663,0.009336736645701166,False,True,541800.5678018257,379319.0337474346,144398.89697469026,18082.63707971573
2003-06-02,1110326.318460226,0.009606972965566164,False,True,298684.6403583698,261912.8603967689,293250.29883334413,256478.51887174323
2003-06-03,371379.71646972,0.0031927860197649973,False,True,110846.8832848221,20534.066437743604,165155.79179712012,74842.97495003417
2003-06-04,446278.1067286283,0.003834128030757993,False,True,102660.95088410005,120478.10248022154,155983.2014604658,67155.8519038409
2003-06-05,1132457.97990546,0.00971436297277897,False,True,384084.55743602663,182144.43251670897,205097.42157189175,361131.5683808327
2003-06-06,605269.1850793324,0.005139178888454184,False,True,4180.720654923469,263148.21435448155,35305.657530255616,302634.5925396718
2003-06-09,1149137.1776248775,0.009783173478284377,False,True,323308.34536151215,254052.42345695198,251260.24345092475,320516.16535548866
2003-06-10,294485.31359905377,0.0025158577832629404,False,True,94099.78809621558,53142.86870331317,96087.96547926217,51154.69132026285
2003-06-11,1281799.0449342206,0.011004693744495695,False,True,242617.76587417722,128553.48547554389,269728.2711173929,640899.5224671066
2003-06-12,589018.8358378932,0.005032648015335574,False,True,163174.98425483704,145608.77296683937,131334.43366411328,148900.6449521035
2003-06-13,969892.4223346673,0.00831335521014962,False,True,304601.3653683029,180344.8457990326,397138.9181738347,87807.2929934971
2003-06-16,821111.0197385773,0.007031796188941416,False,True,51678.53917792067,120907.55673119053,410555.5098692849,237969.41396018118
2003-06-17,299225.96690335125,0.00255767841892121,False,True,22021.362118754536,78711.57738096267,48880.04395195469,149612.98345167935
2003-06-18,553654.4968822636,0.00471037960647703,False,True,276827.2484411374,10103.519721072167,61695.05372980982,205028.6749902442
2003-06-19,730143.2848408669,0.006256761819181273,False,True,90485.05429308861,283613.1310070753,81458.51141336933,274586.58812733367
2003-06-20,470671.26020869985,0.004015073266835476,False,True,41123.754365649074,184650.28797516972,50685.342129185796,194211.87573869526
2003-06-23,514498.34995537996,0.004404064854817852,False,True,174726.48822266236,35908.84790980816,82522.6867550239,221340.32706788555
2003-06-24,375279.8599899784,0.003233242838744275,False,True,181712.12992427126,18280.048154782504,5927.800070717931,169359.88184020668
2003-06-25,1060709.0529773682,0.009170703760278941,False,True,456393.54824995995,73960.97823871672,122304.50515275449,408050.0213359371
2003-06-26,720392.2516726889,0.006189163537602918,False,True,226982.96654187515,207983.44176597893,152212.68407036737,133213.15929446742
2003-06-27,536203.6025798321,0.004664806083140404,False,True,71109.27974000946,106935.10042708367,268101.80128991604,90057.42112282291
2003-06-30,170170.7026083134,0.0014733879322008701,False,True,77032.0570192337,39536.74303800613,8053.29428492859,45548.60826614499
2003-07-01,44967.609397459775,0.00038776381166563234,False,True,1086.8667307645082,14957.695470359176,7526.109228365123,21396.937967970967
2003-07-02,258809.23723568022,0.0022134601721087266,False,True,42292.05383295193,5008.091441307217,87112.56478488445,124396.52717653662
2003-07-03,518603.76806500554,0.004410152623562186,False,True,235787.6844755672,23514.199556931853,154813.2134416066,104488.67059089988
2003-07-04,277070.8395991139,0.002360847804920203,False,True,118401.67759847268,109703.48986368254,20133.742201078683,28831.929935880005
2003-07-07,181115.36999336258,0.0015453262678392905,False,True,36268.46975484118,90557.68499668688,39677.791894458234,14611.423347376287
2003-07-08,842560.3252850659,0.007220256064153091,False,True,331161.34019717947,156133.65441061556,265146.508231923,90118.8224453479
2003-07-09,1284039.0341401175,0.011108137044318591,False,True,231028.569521714,598565.4749073349,410990.94754834846,43454.042162720114
2003-07-10,586676.1189918816,0.005054774680238127,False,True,154950.58089699224,184403.0867286101,138387.47859895602,108934.97276732326
2003-07-11,606494.8999366909,0.005248912683467388,False,True,137586.37714378163,98208.81924904883,165661.07282457128,205038.63071928918
2003-07-14,58006451.516441435,0.5022159800650168,True,True,127973.964693591,137818.21000303328,28874872.27657169,28865787.065173116
2003-07-15,348507.9408717714,0.003007903326599662,False,True,265021.2798023075,83486.66106946394,0.0,0.0
2003-07-16,711185.5912611969,0.006135007153001924,False,True,370207.843799375,340977.7474618219,0.0,0.0
2003-07-17,434823.0955868177,0.0037531025934981225,False,True,233803.13191222772,201019.96367459,0.0,0.0
2003-07-18,179232.37632989883,0.0015474539548626248,False,True,81384.84318542108,97847.53314447775,0.0,0.0
2003-07-21,160398.47942141816,0.0013886923727027757,False,True,4183.547483038157,156214.93193838,0.0,0.0
2003-07-22,249317.30872373655,0.0021567493439033567,False,True,100808.57939691469,148508.72932682186,0.0,0.0
2003-07-23,41136.3932027258,0.00035584739369797126,False,True,21211.390487976372,19925.002714749426,0.0,0.0
2003-07-24,498707.95609140396,0.004302975325921955,False,True,175059.1955940649,323648.76049733907,0.0,0.0
2003-07-25,163006.0466427505,0.0014025112583375611,False,True,12024.745081484318,150981.30156126618,0.0,0.0
2003-07-28,74459.7476785183,0.000641030894626662,False,True,20190.418523002416,54269.32915551588,0.0,0.0
2003-07-29,68094.36380973458,0.0005861921674203462,False,True,32137.705731060356,35956.65807867423,0.0,0.0
2003-07-30,206589.17151889205,0.0017797625516145976,False,True,125063.48208949342,81525.68942939863,0.0,0.0
2003-07-31,426793.67806247994,0.0037040593324618857,False,True,141627.89945279434,285165.7786096856,0.0,0.0
2003-08-01,28557104.805375166,0.248707888348784,True,True,26158.52308166027,28530946.282293506,0.0,0.0
2003-08-04,225196.39955029264,0.0019664096878019345,False,True,225196.39955029264,0.0,0.0,0.0
2003-08-05,27698338.06827892,0.2438458423673243,True,True,27698338.06827892,0.0,0.0,0.0
2003-08-06,0.0,0.0,False,False,0.0,0.0,0.0,0.0
2003-08-07,0.0,0.0,False,False,0.0,0.0,0.0,0.0
2003-08-08,0.0,0.0,False,False,0.0,0.0,0.0,0.0
2003-08-11,0.0,0.0,False,False,0.0,0.0,0.0,0.0
2003-08-12,0.0,0.0,False,False,0.0,0.0,0.0,0.0
2003-08-13,0.0,0.0,False,False,0.0,0.0,0.0,0.0
2003-08-14,0.0,0.0,False,False,0.0,0.0,0.0,0.0
2003-08-15,28397386.028172176,0.25,True,True,0.0,0.0,0.0,28397386.028172176
2003-08-18,128038.49418358505,0.0011288998357963601,False,True,0.0,0.0,0.0,128038.49418358505
2003-08-19,315701.88713938,0.0027938741721854304,False,True,0.0,0.0,0.0,315701.88713938
2003-08-20,218758.99644329026,0.001930972096583373,False,True,0.0,0.0,0.0,218758.99644329026
2003-08-21,28650949.193244025,0.2521688240154228,True,True,0.0,0.0,28404531.473220218,246417.72002380714
2003-08-22,602139.6873236112,0.005311411931564314,False,True,0.0,0.0,238328.41995999962,363811.2673636116
2003-08-25,142920.6519599706,0.0012575176200468724,False,True,0.0,0.0,41541.23266223073,101379.41929773986
2003-08-26,155630.48201245815,0.0013731082765605057,False,True,0.0,0.0,100362.58308660984,55267.898925848305
2003-08-27,254477.46079401672,0.0022403302771330787,False,True,0.0,0.0,65358.59050156176,189118.87029245496
2003-08-28,762940.9155598134,0.006687267095386703,False,True,0.0,0.0,256636.67346841097,506304.2420914024
2003-08-29,319079.44070282206,0.0027998356585543665,False,True,0.0,0.0,128298.66619316861,190780.77450965345
2003-09-01,335546.1203006692,0.0029295724111755624,False,True,0.0,0.0,24287.26880417019,311258.85149649903
2003-09-02,0.0,0.0,False,False,0.0,0.0,0.0,0.0
2003-09-03,388005.30179432407,0.0034106888669029104,False,True,0.0,0.0,307520.35406229645,80484.94773202762
2003-09-04,164523.2547986023,0.0014420402628000475,False,True,0.0,0.0,101505.29307173938,63017.96172686294
2003-09-05,47859.07403449342,0.00041983524699706453,False,True,0.0,0.0,33641.42264409736,14217.651390396059
2003-09-08,227243.6780901067,0.0019867724940102294,False,True,0.0,0.0,17767.842347562313,209475.83574254438
2003-09-09,149834.635800194,0.0013119236044106864,False,True,0.0,0.0,32809.77546237782,117024.86033781618
2003-09-10,470690.4371023476,0.004097759747890688,False,True,0.0,0.0,71487.81356523186,399202.62353711575
2003-09-11,324979.2599415332,0.002829348928829052,False,True,0.0,0.0,161183.91626392677,163795.34367760643
2003-09-12,17878.44324329868,0.0001557025715325045,False,True,0.0,0.0,4174.725150734186,13703.718092564493
2003-09-15,294205.26194643974,0.0025754181942560157,False,True,0.0,0.0,71296.57480702549,222908.68713941425
2003-09-16,101492.11993268132,0.000890024631352201,False,True,0.0,0.0,60910.33064124361,40581.789291437715
2003-09-17,274570.88153861463,0.0024162225816860036,False,True,0.0,0.0,236414.17475465685,38156.70678395778
2003-09-18,294368.3099873923,0.0025850162274292194,False,True,0.0,0.0,87578.82248347625,206789.48750391603
2003-09-19,44684.439853247255,0.0003927077798971238,False,True,0.0,0.0,36801.08837508783,7883.351478159428
2003-09-22,306238.6780965701,0.0026790035252607534,False,True,0.0,0.0,21820.60129434243,284418.07680222765
2003-09-23,29003405.23735732,0.2524706643837192,True,True,28719579.4689203,0.0,32828.47963029891,250997.28880671784
2003-09-24,253425.71218128875,0.002213946709934043,False,True,106289.28955507278,0.0,75403.93578922004,71732.48683699593
2003-09-25,367033.0566840358,0.0031842031856308766,False,True,83641.65322189778,0.0,178191.07527196407,105200.32819017395
2003-09-26,28992335.738210868,0.2522746082892496,True,True,10117.973806537688,28730929.298450474,77694.2060200572,173594.2599337995
2003-09-29,442410.7504051514,0.0038748075678554242,False,True,221205.37520257384,13385.095923051238,59191.97790674865,148628.30137277767
2003-09-30,464184.31491146237,0.004050234076075875,False,True,196703.6131564267,32665.865053743124,232092.15745572746,2722.6792455650866
2003-10-01,254627.24530537426,0.0022082662185636042,False,True,64611.117370299995,69857.08922603726,62702.50528238714,57456.53342664987
2003-10-02,327596.67506814003,0.002834831683724328,False,True,163798.3375340663,48984.000140577555,6221.609848316759,108592.72754517943
2003-10-03,447615.2796160504,0.0038625549807599054,False,True,60898.05473220348,54307.070579856634,108602.51449595764,223807.63980803266
2003-10-06,1456709.2675817013,0.012692044795769953,False,True,387846.2027980089,61080.14339275658,279428.2876000814,728354.6337908544
2003-10-07,280063.4923350066,0.0024252803390955734,False,True,39800.899565231055,51877.000446189195,100230.84660226852,88154.74572131783
2003-10-08,213604.36023129523,0.0018350868576043346,False,True,106802.18011565879,29233.843764122576,37487.98139562085,40080.35495589301
2003-10-09,357556.3199344799,0.0030726744023915555,False,True,178778.15996723995,26435.679772090167,67993.84337271005,84348.63682243973
2003-10-10,1246387.727637019,0.010691533487309026,False,True,167232.97416721657,167410.70237013325,455960.8896512836,455783.16144838557
2003-10-13,462920.9906277247,0.0039398577373825775,False,True,209523.70200290903,21936.793310962617,225138.09598379955,6322.3993300534785
2003-10-14,493506.79371965304,0.004187867221777347,False,True,138050.70479700714,108702.69206282496,199182.90255874395,47570.49430107698
2003-10-15,429074.92226826027,0.003646087953374194,False,True,134947.66358946636,20796.15594376251,193741.3051903732,79589.79754465818
2003-10-16,318977.1018764116,0.002712446560936352,False,True,68935.61474184692,24015.85514928028,66537.081047073,159488.55093821138
2003-10-17,237159.3933532834,0.0020239997174478093,False,True,79333.82617317513,115074.78438036144,39245.870503466576,3504.912296280265
2003-10-20,589338.559132304,0.005043774566528009,False,True,42713.23394143954,212448.41177975386,251956.04562471434,82220.8677863963
2003-10-21,461153.5124952793,0.003955091577055957,False,True,145623.81131063402,35129.95748747513,84952.94493701309,195446.79876015708
2003-10-22,610523.8018165603,0.005186921015706483,False,True,70818.29464967549,4266.451445572078,234443.60625860468,300995.4494627081
2003-10-23,440366.43327013403,0.003713089489050365,False,True,127498.11410576105,49510.915262084454,92685.10252930969,170672.30137297884
2003-10-24,581520.3069878034,0.004904644513593467,False,True,22.824602369219065,176079.41698588058,290760.1534939036,114657.91190565005
2003-10-27,588361.826810725,0.004956073018910069,False,True,136005.45285101235,76827.30765012279,81348.1529042162,294180.9134053737
2003-10-28,398988.6862871349,0.003356221134357092,False,True,1623.048589963466,199494.34314356372,110789.52935132384,87081.76520228386
2003-10-29,644556.5446523242,0.005434405117350344,False,True,197245.35495977104,50352.665053881705,74680.2523125112,322278.2723261602
2003-10-30,317516.8293850273,0.002664023256210223,False,True,6423.2132207639515,158758.41469249502,14722.410474915057,137612.79099685326
2003-10-31,620602.0757600851,0.005224736552739288,False,True,97985.09996418655,212315.93791585043,184237.590457391,126063.44742265716
2003-11-03,433725.5547678061,0.0036469975414351553,False,True,216862.77738390863,59274.91756265238,139702.48110144213,17885.378719802946
2003-11-04,862041.7626547739,0.007316504881964838,False,True,431020.88132739067,64363.9329395704,54905.72835453227,311751.22003328055
2003-11-05,353723.3926300518,0.0029952537277510914,False,True,109196.33116530254,18348.542431231588,67665.36514972523,158513.15388379246
2003-11-06,641971.7879576087,0.005392530830515528,False,True,222576.68992818147,54789.752014398575,266196.14196441695,98409.2040506117
2003-11-07,256929.5612347275,0.0021685270054095005,False,True,28550.90774899721,67379.16820698604,128464.78061736748,32534.704661376774
2003-11-10,264637.05940335616,0.0022211318077252815,False,True,60551.6299190633,71766.89978261292,56646.36959455907,75672.16010712087
2003-11-11,732244.7511737794,0.006128735480339286,False,True,278137.9075041525,223655.39457786083,87984.46808272973,142466.9810090363
2003-11-12,620045.6745206304,0.005182011374714535,False,True,222952.06867802143,87070.76858230308,199284.16106828302,110738.67619202286
2003-11-13,596181.7449787892,0.0049540413364653705,False,True,100875.95397357643,110488.49038778618,86726.42812803015,298090.8724893965
2003-11-14,733096.9956561439,0.006091980546784852,False,True,366548.49782806635,141001.62212057784,178620.60487433895,46926.27083316073
2003-11-17,672890.2413719781,0.005567445270716702,False,True,233821.80375890806,102623.31692707911,246261.16680991277,90183.95387607813
2003-11-18,1042771.7803113312,0.00871626658490748,False,True,521385.890155673,96855.79825941846,237114.22311653942,187415.86877970025
2003-11-19,851322.8846176974,0.007040140779649258,False,True,425661.4423088543,135056.46827727556,23930.53569630906,266674.4383352585
2003-11-20,846796.9044742696,0.0070464275829322225,False,True,236498.55444605276,186899.89779107273,330433.9629555419,92964.4892816022
2003-11-21,291648.9867073968,0.0024299997228266735,False,True,51382.54958208278,94441.94377162308,138634.2245254852,7190.268828205764
2003-11-24,336180.69031426683,0.0027926851348813674,False,True,136092.4136818275,53100.7079510577,114989.6372060813,31997.931475300342
2003-11-25,30511743.34793595,0.2556127734873308,True,True,30124158.87656956,52594.35765044391,240719.3761938624,94270.73752208054
2003-11-26,78055.69201208651,0.0006536654581068479,False,True,0.0,4529.735055115074,44683.06462713331,28842.892329838127
2003-11-27,276481.057128638,0.002299296830137493,False,True,0.0,34037.60993908346,38819.64300403744,203623.80418551713
2003-11-28,121640.5491152294,0.0010126150722830154,False,True,0.0,15536.751931328326,30189.015084184706,75914.78209971637
2003-12-01,227075.05070573464,0.0018855680239465954,False,True,0.0,6731.617178231478,75691.68356857821,144651.74995892495
2003-12-02,627522.6119142771,0.005162679018202547,False,True,0.0,173527.10071896017,424433.4646573067,29562.04653801024
2003-12-03,434967.3027741201,0.0035567987249193536,False,True,0.0,14779.69301154837,310232.8684829809,109954.74127959087
2003-12-04,174957.69458980858,0.0014244082222058343,False,True,0.0,65348.46250651032,89198.1827085428,20411.049374755472
2003-12-05,314634.9510598257,0.0025616057594399495,False,True,0.0,5997.744641512632,157179.5237647146,151457.6826535985
2003-12-08,544269.7292873412,0.0044267399383183,False,True,0.0,43871.68559518084,256731.16871992126,243666.87497223914
2003-12-09,787191.3998445608,0.006353732468087449,False,True,0.0,69904.83060032502,511578.4169116542,205708.15233258158
2003-12-10,220183.01029026508,0.001777025937468839,False,True,0.0,58170.45798446983,50543.74544245005,111468.8068633452
2003-12-11,297327.4058775604,0.0024029322965168085,False,True,0.0,96479.76419708505,30921.000053420663,169926.64162705466
2003-12-12,237408.18324395642,0.001925186645761914,False,True,0.0,86160.37355184928,84827.58293164894,66420.2267604582
2003-12-15,365373.24663260207,0.002934822347019978,False,True,0.0,35324.71307655051,327861.5120841153,2187.0214719362557
2003-12-16,214332.19986171275,0.001720152814104922,False,True,0.0,77956.37834665924,94064.9830182977,42310.83849675581
2003-12-17,232346.00772950053,0.0018695773286271484,False,True,0.0,75750.2749706097,47385.25109061226,109210.48166827857
2003-12-18,532286.648121722,0.004262617315934912,False,True,0.0,191655.31732598692,85267.4744031541,255363.85639258102
2003-12-19,342927.03834157437,0.0027491713634058097,False,True,0.0,85830.39820105582,154604.96125648543,102491.67888403311
2003-12-22,97235.79215073213,0.000781956360643606,False,True,0.0,59380.93060031533,28801.147472318262,9053.714078098536
2003-12-23,787072.1504324526,0.006365052978557458,False,True,0.0,80071.46194376796,480304.2012337707,226696.4872549139
2003-12-24,186456.52049467713,0.0015064115286564873,False,True,0.0,85473.13423136994,78222.22237556055,22761.163887746632
2003-12-25,238626.89278786257,0.0019189226463144904,False,True,0.0,107053.19987874478,84676.5310671404,46897.16184197739
2003-12-26,84879.83577749506,0.00068219028561024,False,True,0.0,16975.967155493796,16975.967155493796,50927.901466507465
2003-12-29,65929.96098610386,0.0005301122120916495,False,True,0.0,13202.169875271618,13175.207078512758,39552.584032319486
2003-12-30,148753.98822242394,0.0011929914024411065,False,True,0.0,34366.13211062923,18677.813474722207,95710.0426370725
2003-12-31,165168.8267515637,0.001318766028163279,False,True,0.0,107784.91188344732,44183.68362836912,13200.231239747256
2004-01-01,355165.43153993785,0.0028367164769198478,False,True,0.0,172335.8472021781,133145.55260213092,49684.03173562884
2004-01-02,37670.90098526701,0.0003008061605101891,False,True,0.0,7534.180197056383,7534.180197056383,22602.540591154248
2004-01-05,311377.1545647122,0.0024814439259218846,False,True,0.0,186826.2927388288,62275.430912941694,62275.430912941694
2004-01-06,789456.9864186645,0.006181948648084515,False,True,0.0,117061.3566580303,639319.7124816813,33075.9172789529
2004-01-07,287010.48395649344,0.0022483777878606016,False,True,0.0,137088.76256699115,64787.810940850526,85133.91044865176
2004-01-08,134504.16530568525,0.0010571827888208876,False,True,0.0,14328.810791078955,90012.63436387852,30162.72015072778
2004-01-09,32279907.983274184,0.2518439428370928,True,True,32043561.996798437,6183.670387443155,214652.32987503335,15509.986213270575
2004-01-12,262968.71087680385,0.0020387097905537705,False,True,102161.34567534924,117083.46501867846,29323.0097630471,14400.890419729054
2004-01-13,734855.9216197282,0.005676303420952175,False,True,367427.9608098641,5966.676274158061,97374.58709803969,264086.69743766636
2004-01-14,436368.6214554943,0.003387670565244308,False,True,5503.544834114611,78690.68099587783,212680.76589363068,139493.6297318712
2004-01-15,470339.44976331294,0.003664315365304486,False,True,29821.852491419762,134164.31603862345,101005.40884303302,205347.8723902367
2004-01-16,1385741.6116987541,0.010946348956308255,False,True,535116.7219643034,157754.08388507366,287678.72562094405,405192.080228433
2004-01-19,1158772.7044548802,0.009152176838594558,False,True,130569.61803380027,279511.4671676867,579386.352227442,169305.2670259513
2004-01-20,571278.3763739541,0.004529704466944168,False,True,2273.928001075983,283365.2601859011,123364.81475152448,162274.37343545258
2004-01-21,780671.8669646978,0.0061138206995059305,False,True,390335.93348234147,242578.10061084107,107063.38075144589,40694.452120069414
2004-01-22,457745.0543767847,0.0035872485796660664,False,True,35041.25861128047,228872.52718839422,37567.11149247736,156264.15708463266
2004-01-23,579919.6855326556,0.004540337918536513,False,True,82492.1062992923,207467.73646704108,166035.6623691097,123924.1803972125
2004-01-26,410995.6326639913,0.0032301793648029827,False,True,81174.59410695732,205497.81633199006,100904.54728318751,23418.674941856414
2004-01-27,647120.6029301211,0.005109446170502507,False,True,119632.53216914088,203927.7692959234,155518.3788616024,168041.92260345444
2004-01-28,1148669.2926511392,0.009043041207023815,False,True,341749.86224705726,173303.10801630095,232584.78407850862,401031.5383092724
2004-01-29,510369.89158667997,0.004028705464108017,False,True,183407.66120493412,170407.96228373423,71777.28458840773,84776.98350960389
2004-01-30,951574.7323088646,0.00765969088633491,False,True,261849.364971824,239773.53100461885,213938.00118261203,236013.83514980972
2004-02-02,372410.5174956508,0.002984115057695071,False,True,186205.25874782726,46208.33843807131,40446.817237559706,99550.10307219252
2004-02-03,692290.7494009994,0.005568389286509454,False,True,36292.55702961981,146424.56975043565,309852.81767088175,199720.8049500622
2004-02-04,433917.7098862082,0.003471708595761789,False,True,132016.22382594645,84942.63111715391,152977.90816042945,63980.946782678366
2004-02-05,404115.6110316366,0.0032398105960010494,False,True,52939.91456301138,1047.375747166574,201010.42976865172,149117.89095280692
2004-02-06,636649.7117743939,0.005110337315612922,False,True,61028.024757660925,197086.06881309673,121238.78707410395,257296.8311295323
2004-02-09,829911.5221843123,0.006629100293519361,False,True,167589.74011121318,65658.74559159577,247366.02098093554,349297.01550056785
2004-02-10,31753074.000589803,0.25209104474579874,True,True,110699.2801319249,59512.25692145899,20993.4156931974,31561869.04784322
2004-02-11,76208.35952251032,0.0006035656106862033,False,True,8674.940721340477,61644.65143177286,5888.767369396985,0.0
2004-02-12,160284.93444999307,0.0012630335958837913,False,True,6128.790645007044,94127.01195744798,60029.131847538054,0.0
2004-02-13,109057.53228289261,0.000856421486203161,False,True,48036.90548111871,23320.14795179665,37700.478849977255,0.0
2004-02-16,210627.04158895463,0.0016534215329273216,False,True,99359.19856080413,12175.224838819355,99092.61818933114,0.0
2004-02-17,184169.59600149095,0.0014442558984475906,False,True,43304.44927196205,108344.91424366832,32520.232485860586,0.0
2004-02-18,32077684.56191763,0.250774016750503,True,True,31749260.71594762,81531.13834023476,246892.70762977377,0.0
2004-02-19,239941.16162676364,0.0018828539576406067,False,True,0.0,124398.27226271853,115542.88936404511,0.0
2004-02-20,222825.8894251585,0.001746068588594451,False,True,0.0,66176.01187352836,156649.87755163014,0.0
2004-02-23,582342.5217796452,0.004599278248923302,False,True,0.0,541097.3617880084,41245.15999163687,0.0
2004-02-24,115689.06795592606,0.0009120330965875509,False,True,0.0,32003.867486204952,83685.20046972111,0.0
2004-02-25,308063.20370393246,0.0024168725273563214,False,True,0.0,112359.95820454136,195703.2454993911,0.0
2004-02-26,461934.9786728248,0.003628374178067995,False,True,0.0,268901.28797117993,193033.69070164487,0.0
2004-02-27,394732.41727218777,0.0030909710037354847,False,True,0.0,99078.04539395869,295654.3718782291,0.0
2004-03-01,138216.85204108432,0.0010799759010799604,False,True,0.0,25787.62119677663,112429.23084430769,0.0
2004-03-02,470420.52284721285,0.0036609840165922358,False,True,0.0,106653.2397681661,363767.28307904676,0.0
2004-03-03,456396.989007324,0.0035772595259878155,False,True,0.0,269852.82032395154,186544.16868337244,0.0
2004-03-04,625204.2472382225,0.004948880962703392,False,True,0.0,352299.1560111083,272905.0912271142,0.0
2004-03-05,186608.639941331,0.0014727726611292315,False,True,0.0,117552.03800641745,69056.60193491355,0.0
2004-03-08,320293.4283481352,0.002515138237613875,False,True,0.0,209989.8063427508,110303.62200538442,0.0
2004-03-09,309588.7224900685,0.0024426789980152327,False,True,0.0,3598.3528406508267,305990.3696494177,0.0
2004-03-10,249283.91311355308,0.0019607309124854747,False,True,0.0,223839.47557567433,25444.43753787875,0.0
2004-03-11,475792.5724581592,0.003761776118297961,False,True,0.0,402252.90110252425,73539.67135563493,0.0
2004-03-12,1115305.0460624918,0.008808682954780666,False,True,0.0,524290.584743686,591014.4613188058,0.0
2004-03-15,206587.9203471765,0.0016369739588865586,False,True,0.0,77519.07428472117,129068.84606245533,0.0
2004-03-16,32053033.718908545,0.2526418226372649,True,True,0.0,31648536.330425348,404497.3884831965,0.0
2004-03-17,157095.72617378458,0.0012361866794626801,False,True,0.0,0.0,157095.72617378458,0.0
2004-03-18,151980.89457362145,0.0011940340685346969,False,True,0.0,0.0,151980.89457362145,0.0
2004-03-19,149463.25228193402,0.0011724186518249254,False,True,0.0,0.0,149463.25228193402,0.0
2004-03-22,15781.043674699962,0.00012376912964753509,False,True,0.0,0.0,15781.043674699962,0.0
2004-03-23,67486.68561097607,0.0005289179816258412,False,True,0.0,0.0,67486.68561097607,0.0
2004-03-24,39176.349200781435,0.00030716520970662693,False,True,0.0,0.0,39176.349200781435,0.0
2004-03-25,216982.465155527,0.0017051357333213106,False,True,0.0,0.0,216982.465155527,0.0
2004-03-26,381885.7855321802,0.0030130688836462103,False,True,0.0,0.0,381885.7855321802,0.0
2004-03-29,64775.45775690302,0.0005107286429142797,False,True,0.0,0.0,64775.45775690302,0.0
2004-03-30,10712.334330100566,8.447199557046955e-05,False,True,0.0,0.0,10712.334330100566,0.0
2004-03-31,387621.9628814161,0.003044182344255469,False,True,0.0,0.0,387621.9628814161,0.0
2004-04-01,31922426.996766917,0.25052629935525317,True,True,0.0,0.0,67061.83258904517,31855365.164177872
2004-04-02,142862.39870453253,0.0011231635931750919,False,True,0.0,0.0,127689.00894784927,15173.38975668326
2004-04-05,416155.19071195275,0.0032812403973501336,False,True,0.0,0.0,116125.18193798512,300030.0087739676
2004-04-06,337607.2538941838,0.0026761644143236613,False,True,0.0,0.0,129528.02168088406,208079.23221329972
2004-04-07,255020.05616718903,0.0020133674354415932,False,True,0.0,0.0,94196.7870198898,160823.26914729923
2004-04-08,258342.58508412912,0.0020313124698685013,False,True,0.0,0.0,115736.30978191644,142606.27530221269
2004-04-09,372210.40529091656,0.0029284524224276113,False,True,0.0,0.0,166422.78694356978,205787.61834734678
2004-04-12,0.0,0.0,False,False,0.0,0.0,0.0,0.0
2004-04-13,86638.84919433668,0.0006823233741486584,False,True,0.0,0.0,12026.523746367544,74612.32544796914
2004-04-14,755340.2308037318,0.006020299898725488,False,True,0.0,0.0,223112.6086695157,532227.6221342161
2004-04-15,32042126.827002846,0.2558185903337687,True,True,31313329.091131736,0.0,311340.75617897883,417456.9796921313
2004-04-16,381870.0776300207,0.003067377522252184,False,True,194716.21250876784,0.0,91134.17162868008,96019.69349257275
2004-04-19,112802.78403671458,0.0009035487247394742,False,True,94192.35032958165,0.0,12630.249509971589,5980.184197161347
2004-04-20,140651.22120179608,0.001126794071541948,False,True,23896.87613554299,0.0,72815.11190938577,43939.233156867325
2004-04-21,413429.6062387116,0.0033317180740620425,False,True,109737.44668222964,0.0,5073.096251044422,298619.06330543756
2004-04-22,744639.2648124509,0.006057522356659059,False,True,227196.28169969842,0.0,430567.19451675564,86875.7885959968
2004-04-23,239914.45572037622,0.0019437481882134701,False,True,57363.715840730816,0.0,79247.00956091285,103303.73031873256
2004-04-26,143210.67071805522,0.0011567143524803692,False,True,48966.76924466714,0.0,24182.608324918896,70061.29314846918
2004-04-27,219167.48401699215,0.001764817612846442,False,True,62222.6068954356,0.0,149812.57040559128,7132.306715965271
2004-04-28,526611.9353829399,0.004221918011135354,False,True,195078.2680198066,0.0,279993.03566661105,51540.631696522236
2004-04-29,879540.6495342553,0.007142036043066882,False,True,241892.95772174373,0.0,8950.670229304582,628697.021583207
2004-04-30,31465602.524544664,0.2552732657054663,True,True,310925.20921375975,0.0,191583.6083493121,30963093.706981592
2004-05-03,186310.98891381547,0.001507555429267831,False,True,173757.2431755811,0.0,12553.745738234371,0.0
2004-05-04,31142765.58057887,0.2513264989283012,True,True,30729138.314888947,0.0,413627.26568992436,0.0
2004-05-05,233153.49288549647,0.0018768728318668282,False,True,0.0,0.0,233153.49288549647,0.0
2004-05-06,66979.60304388031,0.0005387947867257913,False,True,0.0,0.0,66979.60304388031,0.0
2004-05-07,211582.20105618238,0.0017058727278258824,False,True,0.0,0.0,211582.20105618238,0.0
2004-05-10,34933.50488540903,0.0002815442062472962,False,True,0.0,0.0,34933.50488540903,0.0
2004-05-11,455870.9780496508,0.0036921480401418114,False,True,0.0,0.0,455870.9780496508,0.0
2004-05-12,288304.0822209902,0.002327758637326883,False,True,0.0,0.0,288304.0822209902,0.0
2004-05-13,44033.36949950829,0.00035569273346990315,False,True,0.0,0.0,44033.36949950829,0.0
2004-05-14,36550.498647440225,0.00029513142001542854,False,True,0.0,0.0,36550.498647440225,0.0
2004-05-17,149852.12429182604,0.001211954378547622,False,True,0.0,0.0,149852.12429182604,0.0
2004-05-18,132496.09142242745,0.0010731177782868058,False,True,0.0,0.0,132496.09142242745,0.0
2004-05-19,206894.62948731706,0.0016794417665897026,False,True,0.0,0.0,206894.62948731706,0.0
2004-05-20,583449.3417807445,0.004706358856586222,False,True,0.0,0.0,583449.3417807445,0.0
2004-05-21,346647.70003648475,0.002806676811017353,False,True,0.0,0.0,346647.70003648475,0.0
2004-05-24,5837.596999358386,4.7267818956647485e-05,False,True,0.0,0.0,5837.596999358386,0.0
2004-05-25,514523.81083096936,0.004143154680791801,False,True,0.0,0.0,514523.81083096936,0.0
2004-05-26,33201.821467228234,0.00026744988881407454,False,True,0.0,0.0,33201.821467228234,0.0
2004-05-27,46243.309635184705,0.0003726877992983883,False,True,0.0,0.0,46243.309635184705,0.0
2004-05-28,233070.5956342928,0.0018830975183615627,False,True,0.0,0.0,233070.5956342928,0.0
2004-05-31,130745.62637159973,0.0010548755577272622,False,True,0.0,0.0,130745.62637159973,0.0
2004-06-01,0.0,0.0,False,False,0.0,0.0,0.0,0.0
2004-06-02,704076.3023796044,0.005637892363183706,False,True,0.0,0.0,704076.3023796044,0.0
2004-06-03,586316.9033382237,0.004724508753346508,False,True,0.0,0.0,586316.9033382237,0.0
2004-06-04,331218.8439759724,0.0026784744790734256,False,True,0.0,0.0,331218.8439759724,0.0
2004-06-07,124022.9462566264,0.0010042819787178157,False,True,0.0,0.0,124022.9462566264,0.0
2004-06-08,62621.02776936069,0.0005067342840709944,False,True,0.0,0.0,62621.02776936069,0.0
2004-06-09,365421.20105423406,0.0029687218607065274,False,True,0.0,0.0,365421.20105423406,0.0
2004-06-10,105877.22968038172,0.0008611458391815792,False,True,0.0,0.0,105877.22968038172,0.0
2004-06-11,30784361.191230938,0.2502869004450305,True,True,0.0,0.0,30784361.191230938,0.0
2004-06-14,0.0,0.0,False,False,0.0,0.0,0.0,0.0
2004-06-15,0.0,0.0,False,False,0.0,0.0,0.0,0.0
2004-06-16,0.0,0.0,False,False,0.0,0.0,0.0,0.0
2004-06-17,0.0,0.0,False,False,0.0,0.0,0.0,0.0
2004-06-18,0.0,0.0,False,False,0.0,0.0,0.0,0.0
2004-06-21,0.0,0.0,False,False,0.0,0.0,0.0,0.0
2004-06-22,0.0,0.0,False,False,0.0,0.0,0.0,0.0
2004-06-23,0.0,0.0,False,False,0.0,0.0,0.0,0.0
2004-06-24,0.0,0.0,False,False,0.0,0.0,0.0,0.0
2004-06-25,0.0,0.0,False,False,0.0,0.0,0.0,0.0
2004-06-28,0.0,0.0,False,False,0.0,0.0,0.0,0.0
2004-06-29,0.0,0.0,False,False,0.0,0.0,0.0,0.0
2004-06-30,0.0,0.0,False,False,0.0,0.0,0.0,0.0
2004-07-01,0.0,0.0,False,False,0.0,0.0,0.0,0.0
2004-07-02,0.0,0.0,False,False,0.0,0.0,0.0,0.0
2004-07-05,30749073.49974553,0.25,True,True,0.0,0.0,0.0,30749073.49974553
2004-07-06,17385.454296883196,0.00014132278123237394,False,True,0.0,0.0,0.0,17385.454296883196
2004-07-07,318553.25344910845,0.002598425196850372,False,True,0.0,0.0,0.0,318553.25344910845
2004-07-08,567712.7378681265,0.004602391345606422,False,True,0.0,0.0,0.0,567712.7378681265
2004-07-09,316080.0782139003,0.002553705194081586,False,True,0.0,0.0,0.0,316080.0782139003
2004-07-12,17066.40130827576,0.00013790989886604683,False,True,0.0,0.0,0.0,17066.40130827576
2004-07-13,17075.82100727409,0.00013796063523209884,False,True,0.0,0.0,0.0,17075.82100727409
2004-07-14,358394.4638411291,0.002906797908335911,False,True,0.0,0.0,0.0,358394.4638411291
2004-07-15,218717.50889686123,0.0017697466467958538,False,True,0.0,0.0,0.0,218717.50889686123
2004-07-16,61820123.22688552,0.5006479881510738,True,True,30870054.754035532,30870054.754035532,0.0,80013.71881445497
2004-07-19,241338.1228973493,0.0019410824644209234,False,True,13630.024485014379,213476.75229496136,0.0,14231.346117373556
2004-07-20,155735.3772945851,0.001252541155769504,False,True,58571.52796142548,19773.201059427112,0.0,77390.64827373251
2004-07-21,471620.7956894897,0.0038082921751670666,False,True,84835.88169846684,89094.50827888027,0.0,297690.4057121426
2004-07-22,504238.5074199438,0.004117352659266972,False,True,5281.763365380466,418564.7108211294,0.0,80392.03323343396
2004-07-23,244589.7085902691,0.001998522807560908,False,True,21644.987369086593,112115.89695677906,0.0,110828.82426440343
2004-07-26,423566.29791885614,0.00348046988618335,False,True,125879.84919509292,89991.90085086226,0.0,207694.54787290096
2004-07-27,329428.68967467174,0.0027147448097672357,False,True,202417.00083810464,120954.16918509454,0.0,6057.5196514725685
2004-07-28,601248.2274480909,0.0049751766349423006,False,True,238334.68686575443,354897.267924007,0.0,8016.272658329457
2004-07-29,204999.90625460073,0.001693983492859273,False,True,118257.19002760947,81643.97409277037,0.0,5098.742134220898
2004-07-30,326966.19560391456,0.00269606370683891,False,True,195848.66282580793,42984.99647985026,0.0,88132.53629825637
2004-08-02,270333.20426872745,0.0022189548753498898,False,True,65957.69823672622,68980.97446005046,0.0,135394.53157195076
2004-08-03,243174.3442255333,0.0019953145663444863,False,True,116135.00190035999,52269.23272060603,0.0,74770.10960456729
2004-08-04,376457.5876630917,0.003086937993024643,False,True,178341.76790072396,70268.99818490073,0.0,127846.82157746702
2004-08-05,233651.63884619623,0.0019193014497795608,False,True,90084.82656373456,11358.989838384092,0.0,132207.82244407758
2004-08-06,166479.18419269845,0.0013672221266524062,False,True,48306.03188485652,31596.76304916665,0.0,86576.38925867528
2004-08-09,469518.7402538955,0.003819928707904026,False,True,91208.00150281563,130746.69426150247,0.0,247564.0444895774
2004-08-10,93904.5400422737,0.0007625794983855653,False,True,3941.0498677417636,71473.41719549894,0.0,18490.072979032993
2004-08-11,375452.2121135779,0.003047451071408712,False,True,195400.0035892874,41640.671827118844,0.0,138411.53669717163
2004-08-12,208704.76161872968,0.001701045941058659,False,True,48374.445600319654,40598.8507707715,0.0,119731.46524763852
2004-08-13,258889.42993064225,0.0021101863299023372,False,True,108728.64075046405,19910.91914554313,0.0,130249.87003463507
2004-08-16,305467.51422374696,0.0024762595318087127,False,True,40857.10568700731,27768.85480409488,0.0,236841.55373264477
2004-08-17,31128131.168527536,0.2514352389079816,True,True,29135.868464671075,4288.752603575587,0.0,31094706.54745929
2004-08-18,411969.86079325154,0.0033265864448307762,False,True,215944.3799472116,196025.48084603995,0.0,0.0
2004-08-19,57840.506804492325,0.0004666163705925756,False,True,53461.348795354366,4379.158009137958,0.0,0.0
2004-08-20,264693.9565536976,0.002126283177326184,False,True,19068.80728714913,245625.14926654845,0.0,0.0
2004-08-23,31152838.326065466,0.2502037854877799,True,True,18478.96247464046,6894.340098012239,0.0,31127465.023492813
2004-08-24,537822.4080862962,0.004333586865815141,False,True,218378.97936230525,209346.39518856257,0.0,110097.03353542835
2004-08-25,954574.9956717156,0.007749525876471275,False,True,361400.07364407554,310302.8039418869,0.0,282872.1180857532
2004-08-26,230864.0597882308,0.0018683878511053555,False,True,26852.361745681614,40487.30830245465,0.0,163524.38974009454
2004-08-27,145236.5439340137,0.0011772474913448404,False,True,32134.94038266316,64689.42224001512,0.0,48412.181311335415
2004-08-30,337924.6539914608,0.0027439515525185263,False,True,66859.95376700908,74973.04905251786,0.0,196091.65117193386
2004-08-31,541718.509831883,0.004384801570670483,False,True,51390.84671160579,221855.3825891614,0.0,268472.28053111583
2004-09-01,209815.75163226947,0.001691070028120012,False,True,38884.64229118079,166731.85834473372,0.0,4199.250996354967
2004-09-02,300746.31437868625,0.0024252106943699193,False,True,142316.7858685106,98860.45139466599,0.0,59569.07711550966
2004-09-03,281053.8595361151,0.002278357793075171,False,True,59247.29970182851,194797.02282332256,0.0,27009.537010964006
2004-09-06,615222.0082680881,0.005005457960169283,False,True,251629.31946879625,73317.92432655767,0.0,290274.7644727342
2004-09-07,156743.7730185315,0.0012720398319007072,False,True,80499.29791929945,39353.86213236675,0.0,36890.6129668653
2004-09-08,520254.5146329701,0.004231895702496383,False,True,64824.26474718377,159570.2668730542,0.0,295859.9830127321
2004-09-09,30977089.310038373,0.2509842629255599,True,True,90506.30146093667,30861250.201464463,0.0,25332.807112973183
2004-09-10,57583.49946635589,0.00046699192670492215,False,True,32330.644102636725,0.0,0.0,25252.855363719165
2004-09-13,284908.61929413676,0.002304906667746681,False,True,66868.69815867767,0.0,0.0,218039.9211354591
2004-09-14,118590.6323046498,0.0009588879672760941,False,True,42905.87472287193,0.0,0.0,75684.75758177787
2004-09-15,168806.49472244084,0.001364281127559675,False,True,69964.42930749804,0.0,0.0,98842.0654149428
2004-09-16,134837.02453508973,0.0010889318444136263,False,True,90446.14054356143,0.0,0.0,44390.8839915283
2004-09-17,221514.41629725322,0.001787101166234189,False,True,142449.67062457278,0.0,0.0,79064.74567268044
2004-09-20,137348.80942948908,0.0011056320986255225,False,True,120228.57453632727,0.0,0.0,17120.234893161803
2004-09-21,189039.02558224648,0.0015205392949614181,False,True,118811.22348367423,0.0,0.0,70227.80209857225
2004-09-22,468809.5667788312,0.003765556166463825,False,True,190466.7559545189,0.0,0.0,278342.81082431227
2004-09-23,227059.4319400154,0.0018246868581537927,False,True,98043.84027289227,0.0,0.0,129015.59166712314
2004-09-24,199692.6097152382,0.0016018671503250633,False,True,43614.98612372577,0.0,0.0,156077.62359151244
2004-09-27,243077.76671687886,0.001951555155560495,False,True,94920.32336466387,0.0,0.0,148157.443352215
2004-09-28,97729.13372765109,0.0007844665862699714,False,True,42755.710684366524,0.0,0.0,54973.423043284565
2004-09-29,184606.30308322236,0.0014774463945347036,False,True,999.1435436531901,0.0,0.0,183607.15953956917
2004-09-30,88483.41054872423,0.0007071513952676436,False,True,79684.05797253177,0.0,0.0,8799.352576192468
2004-10-01,31829980.158358086,0.2536939844130896,True,True,146860.38037781417,0.0,31366510.554039557,316609.2239407152
2004-10-04,235027.2350383848,0.0018675606730419265,False,True,165155.2285485044,0.0,66082.25215613842,3789.754333741963
2004-10-05,773609.9246239737,0.006169892670001249,False,True,328991.18123000115,0.0,153726.35832345113,290892.3850705214
2004-10-06,604492.4239847772,0.004785485552715296,False,True,185593.42575982213,0.0,296385.2705922909,122513.72763266414
2004-10-07,465766.3545901291,0.003687324224478622,False,True,168153.06040613726,0.0,232589.92037412524,65023.37380986661
2004-10-08,31857840.469872415,0.2522082978871004,True,True,122071.18273402005,31578898.014820065,139477.59865748882,17393.67366084084
2004-10-11,226760.6779666245,0.0017762368032859575,False,True,62483.307168174535,46676.43883649632,66703.9001468122,50897.03181514144
2004-10-12,112310.11496517435,0.0008806905308589471,False,True,34647.183215238154,35666.32430623099,21507.874267358333,20488.73317634687
2004-10-13,915471.1076780297,0.007252556127413076,False,True,238738.04576973617,218997.50806927308,268492.2212190218,189243.3326199986
2004-10-14,535572.5792263262,0.004268864141425547,False,True,21252.382420122623,103013.26975350454,143520.63743953407,267786.28961316496
2004-10-15,791794.7076826021,0.0062957858355558146,False,True,395897.3538412936,227323.08087982982,131951.85631418973,36622.41664728895
2004-10-18,294080.69870485365,0.0023288698719840413,False,True,98143.64177916571,98488.84334256873,48896.70757326856,48551.50600985065
2004-10-19,469991.0135246329,0.003743775205262997,False,True,234995.50676231086,32624.706321679056,194356.2026167214,8014.597823921591
2004-10-20,651839.6202491112,0.005173637738294332,False,True,315009.4176046513,10910.392519913614,167780.35597252473,158139.45415202156
2004-10-21,667349.4384249598,0.005260036400471827,False,True,333674.71921248734,72833.66645638272,159526.8946892433,101314.15806684643
2004-10-22,374719.68335140124,0.0029388071735536245,False,True,145441.34077592194,39907.49783156067,2011.0030682235956,187359.84167569503
2004-10-25,220839.46610374004,0.0017271062550594314,False,True,4385.004760302603,52307.01159944758,110419.73305185884,53727.71669213101
2004-10-26,1191452.5332075395,0.009312663826798878,False,True,400708.3002924472,295792.1261131279,195017.96631132066,299934.1404906437
2004-10-27,844302.9026256166,0.0065783835786952915,False,True,108909.92949183285,201188.1718895249,313241.52182098106,220963.27942327783
2004-10-28,1005055.7682058252,0.007874898432064372,False,True,328749.65203121677,173778.23207170516,486402.33711724356,16125.546985659748
2004-10-29,646043.5922976993,0.005074296545254949,False,True,61149.57679680735,176626.9937392585,323021.7961488515,85245.22561278194
2004-11-01,430491.22702263296,0.003359423074781649,False,True,71001.00967748463,144244.6038338244,107094.78972995654,108150.82378136739
2004-11-02,598781.0389516056,0.004698165264491769,False,True,118188.6173639968,82351.96361316368,299390.5194758065,98849.93849863857
2004-11-03,768141.0896185003,0.00604877112678875,False,True,312900.07418468595,71170.47062456608,51607.41202578321,332463.1327834651
2004-11-04,316703.2950981967,0.0024675647140805224,False,True,158351.64754909277,68781.55660891905,29225.0701828748,60345.02075731009
2004-11-05,873290.8583429344,0.006801846660556479,False,True,127672.61837144941,116951.68741771206,436645.4291714728,192021.12338230014
2004-11-08,519752.626418408,0.004031187802969039,False,True,143396.08657540753,96634.95891618356,116480.22663380206,163241.35429301485
2004-11-09,169853.64227698743,0.0013251151377579031,False,True,15736.399168543518,32697.09484688565,52229.72629159689,69190.42196996137
2004-11-10,755254.1039039753,0.005882767907272654,False,True,92246.56542840973,98944.89729744568,377627.0519519858,186435.58922613412
2004-11-11,809100.1374401338,0.0062813612141609096,False,True,63184.30376133323,190725.480265785,404550.0687200725,150640.2846929431
2004-11-12,686946.3662948795,0.005332278375734504,False,True,90723.15621388704,232856.53686791286,343473.18314743787,19893.4900656417
2004-11-15,310075.8925646655,0.002391607978082519,False,True,129309.28257413208,11700.013710748404,155037.94628233835,14028.649997446686
2004-11-16,430074.7782088369,0.0033123188493719706,False,True,86267.81624414027,52565.62091323733,162471.7681911774,128769.57286028191
2004-11-17,730743.544330731,0.005626357671458415,False,True,112903.24446270242,61203.29328804463,365371.7721653655,191265.23441461846
2004-11-18,287579.436801102,0.002186202045638048,False,True,111921.99895027652,2137.5917141251266,141652.1266864352,31867.71945026517
2004-11-19,156989.89092147723,0.001200567773176092,False,True,9250.438998289406,1729.4381845667958,76765.50727616996,69244.50646245107
2004-11-22,560708.8164080158,0.004259850682459173,False,True,280354.40820401534,18050.363385796547,175554.88300526887,86749.16181293502
2004-11-23,783731.4971032292,0.005940673092886723,False,True,327740.68640947714,92766.25149186328,299099.49705974385,64125.06214214489
2004-11-24,469637.2564477846,0.0035495151465190266,False,True,61531.00291534141,65861.67292712256,107425.95238143578,234818.62822388485
2004-11-25,1022693.9192647748,0.007683452390650439,False,True,299785.3618643433,198243.19250320643,511346.9596323855,13318.40526483953
2004-11-26,266742.1843284145,0.0019962794700636626,False,True,4315.244244597852,104023.33946374059,129055.84791960567,29347.752700470388
2004-11-29,274134.740241237,0.002049725840923512,False,True,137067.37012062222,95050.99762507156,30622.388365272433,11393.98413027078
2004-11-30,590488.1518769413,0.004434658406590185,False,True,42739.27583001554,82304.23028467596,170200.56982377917,295244.07593847066
2004-12-01,1122486.8640544713,0.008475211647018824,False,True,561243.4320272282,409069.3820542097,109557.92900411785,42616.12096891552
2004-12-02,1466177.1027578786,0.01107938067346399,False,True,151609.88335793838,275047.2468498498,733088.5513789356,306431.4211711548
2004-12-03,1175683.132436864,0.009000771278618074,False,True,164925.87553788722,394649.2983468585,587841.5662184246,28266.392333693802
2004-12-06,32898992.547528278,0.2500084175954834,True,True,15808.004899907857,553.8421740680933,32642074.29690925,240556.4035450518
2004-12-07,310104.1993250288,0.0023663714470917164,False,True,86895.94034959003,96135.44983068854,0.0,127072.80914475024
2004-12-08,320866.7360652536,0.0024575157362449313,False,True,220533.91015774757,77927.48059622943,0.0,22405.345311276615
2004-12-09,997196.569578167,0.007734397826630871,False,True,294173.18556566164,366240.12483874336,0.0,336783.25917376205
2004-12-10,168684.0797900036,0.001315220624033311,False,True,76395.64451272786,19557.807477343827,0.0,72730.62779993191
2004-12-13,315869.74702362716,0.0024663763258649567,False,True,107274.42500779033,27539.04056310281,0.0,181056.28145273402
2004-12-14,289315.1604157798,0.0022446843217802,False,True,42327.37622484565,108760.55097147822,0.0,138227.23321945593
2004-12-15,264352.6649691649,0.002057447168030879,False,True,81769.06235412881,44769.16255011037,0.0,137814.4400649257
2004-12-16,306951.6344213262,0.002366380328600808,False,True,197022.83937099576,48177.02917445451,0.0,61751.76587587595
2004-12-17,246945.28857808188,0.0019154149351353136,False,True,24928.993109367788,168861.80855827406,0.0,53154.48691044003
2004-12-20,256367.98169797286,0.0019728096966776516,False,True,125071.20727220178,70659.702067025,0.0,60637.07235874608
2004-12-21,437362.4033078104,0.003350026123118262,False,True,294210.33104177937,101735.10929096863,0.0,41416.96297506243
2004-12-22,370579.8135133125,0.0028453922429020223,False,True,201510.02376038954,145745.60895277932,0.0,23324.18080014363
2004-12-23,116121.55166330561,0.0008931064939638691,False,True,11922.676710136235,18795.34429566562,0.0,85403.53065750375
2004-12-24,117629.93810106441,0.0009020818989836825,False,True,11506.92640420422,12229.568702135235,0.0,93893.44299472496
2004-12-27,147725.56742845476,0.0011304903543888109,False,True,59706.21989804879,48605.89127968624,0.0,39413.456250719726
2004-12-28,387184.42415232956,0.0029495835411196326,False,True,96454.5738119036,267792.5788279474,0.0,22937.27151247859
2004-12-29,96717.7817115821,0.0007367386424572272,False,True,10227.49669592455,39480.29318602756,0.0,47009.99182962999
2004-12-30,972862.7090325244,0.007445015693463455,False,True,410774.278055314,174237.14141404256,0.0,387851.28956316784
2004-12-31,245789.19961233065,0.0018718507403458324,False,True,54150.85476052761,148130.6999359131,0.0,43507.64491588995
2005-01-03,80712.94464685395,0.000614271512079311,False,True,29345.891293603927,39661.815005574375,0.0,11705.238347675651
2005-01-04,657929.6933509074,0.005041787599517837,False,True,62282.86730486527,154071.71144744754,0.0,441575.1145985946
2005-01-05,325944.48341200873,0.0025139239022742123,False,True,70627.10176573321,197301.79002900422,0.0,58015.591617271304
2005-01-06,64525.16902612895,0.0004986582843033024,False,True,10955.31298782304,42281.86390003562,0.0,11287.992138270289
2005-01-07,225438.07829641178,0.0017527191694759014,False,True,15761.205652229488,13018.472780968994,0.0,196658.3998632133
2005-01-10,428756.90866069123,0.003338209545437092,False,True,191538.29288658127,103579.12585534528,0.0,133639.48991876468
2005-01-11,32239858.110705595,0.250505294922638,True,True,63536.35782347992,22083.231872025877,0.0,32154238.52101009
2005-01-12,343923.4315358214,0.0026733565213776637,False,True,184652.02124328166,159271.41029253975,0.0,0.0
2005-01-13,233067.4036438726,0.0018051192997921713,False,True,157620.03140953183,75447.37223434076,0.0,0.0
2005-01-14,57838.30711797625,0.00044791908263731704,False,True,31920.46596549079,25917.84115248546,0.0,0.0
2005-01-17,310361.3272839077,0.0024095275831728896,False,True,74979.63056571409,235381.6967181936,0.0,0.0
2005-01-18,19265.904585160315,0.00014960391799967074,False,True,3015.259874008596,16250.64471115172,0.0,0.0
2005-01-19,154902.64241350442,0.0012050481897080798,False,True,136111.80235778168,18790.840055722743,0.0,0.0
2005-01-20,101263.99988432229,0.0007865330103149913,False,True,77252.78672988713,24011.213154435158,0.0,0.0
2005-01-21,99520.83342379704,0.0007733985474627201,False,True,66614.55274457857,32906.28067921847,0.0,0.0
2005-01-24,32771608.96911008,0.2530976675847472,True,True,175751.23318097368,32595857.735929105,0.0,0.0
2005-01-25,69262.64783350378,0.000534539531162835,False,True,69262.64783350378,0.0,0.0,0.0
2005-01-26,44191.68724429235,0.00034120772582806746,False,True,44191.68724429235,0.0,0.0,0.0
2005-01-27,221919.7404235974,0.0017095552646653688,False,True,221919.7404235974,0.0,0.0,0.0
2005-01-28,17391.86450432241,0.00013395402820379212,False,True,17391.86450432241,0.0,0.0,0.0
2005-01-31,180909.4252963178,0.001390800138754422,False,True,180909.4252963178,0.0,0.0,0.0
2005-02-01,354227.2776668705,0.0027133853304354503,False,True,354227.2776668705,0.0,0.0,0.0
2005-02-02,9961.251127056777,7.629554476569139e-05,False,True,9961.251127056777,0.0,0.0,0.0
2005-02-03,41650.316593218595,0.00031914523235705293,False,True,41650.316593218595,0.0,0.0,0.0
2005-02-04,130115.09021364897,0.0009956822821935484,False,True,130115.09021364897,0.0,0.0,0.0
2005-02-07,92705.53028788045,0.0007100840222706776,False,True,92705.53028788045,0.0,0.0,0.0
2005-02-08,97059.4999826029,0.0007426973407397593,False,True,97059.4999826029,0.0,0.0,0.0
2005-02-09,261733.7410567701,0.0020081438169333404,False,True,261733.7410567701,0.0,0.0,0.0
2005-02-10,283341.45033565536,0.0021676452066037664,False,True,283341.45033565536,0.0,0.0,0.0
2005-02-11,111811.38970434666,0.0008563666316630642,False,True,111811.38970434666,0.0,0.0,0.0
2005-02-14,139761.8543119207,0.0010689144277673107,False,True,139761.8543119207,0.0,0.0,0.0
2005-02-15,33012059.952062145,0.2518553676216776,True,True,243193.1776492484,32768866.774412896,0.0,0.0
2005-02-16,15690.618763070554,0.00011973542079433094,False,True,13737.367990680039,1953.2507723905146,0.0,0.0
2005-02-17,180686.43583351,0.0013801021544162058,False,True,59948.840041451156,120737.59579205886,0.0,0.0
2005-02-18,245600.59078258649,0.0018689114831368877,False,True,153716.40122762322,91884.18955496326,0.0,0.0
2005-02-21,86818.15352804586,0.000661418659079625,False,True,81707.82019241527,5110.333335630596,0.0,0.0
2005-02-22,132245.99189779162,0.0010072694594356493,False,True,58358.351902578026,73887.6399952136,0.0,0.0
2005-02-23,399027.30814853683,0.0030402862385781795,False,True,210750.66247165948,188276.64567687735,0.0,0.0
2005-02-24,33284477.722207118,0.2537951573942024,True,True,223959.66253251582,273763.90728089586,32786754.152393706,0.0
2005-02-25,441616.27808088064,0.0033813992319652792,False,True,247193.54200930148,152635.8000631295,41786.936008449644,0.0
2005-02-28,717258.4144561626,0.005485277661520706,False,True,264278.3774027452,74475.63864534721,378504.3984080702,0.0
2005-03-01,391632.51751640067,0.002968676270448609,False,True,264653.4782342464,50696.43824658543,76282.60103556886,0.0
2005-03-02,201716.18703929707,0.0015380487825140104,False,True,4496.866880774498,157292.09201698005,39927.228141542524,0.0
2005-03-03,622489.68070044,0.0047461471726242275,False,True,273146.52927067876,37331.42870484665,312011.72272491455,0.0
2005-03-04,903893.3273338787,0.0069168881976634025,False,True,511653.6735555455,127215.0654060319,265024.5883723013,0.0
2005-03-07,378065.1238859631,0.0028728740267287604,False,True,198322.73793192208,105589.61168021709,74152.77427382395,0.0
2005-03-08,259130.73584372178,0.0019713591604446647,False,True,129196.7803712897,110756.5544443354,19177.401028096676,0.0
2005-03-09,33854227.5644685,0.25690608516196556,True,True,413916.46949077025,131814.76915908605,364329.64412519336,32944166.681693453
2005-03-10,312127.8885846883,0.0023686139314516713,False,True,31176.69143209234,124887.25286025554,152308.06838136166,3755.8759109787643
2005-03-11,461068.86400158703,0.003511245363950611,False,True,136796.14327638224,83193.7161992304,10544.572525177151,230534.43200079724
2005-03-14,235930.36506445706,0.0017836945384527003,False,True,14351.760043390095,87711.89828287065,103613.42248883471,30253.284249361604
2005-03-15,805920.498778265,0.006151668348048057,False,True,402960.2493891381,64373.157376457006,318086.75187909976,20500.340133570135
2005-03-16,616448.7456747219,0.004689972560505868,False,True,179605.96651634574,36081.57362417132,272142.79921319336,128618.40632101148
2005-03-17,193752.85336744413,0.0014649003824954209,False,True,96876.42668373138,58060.09951515123,16299.629953935742,22516.697214625776
2005-03-18,33502287.323456675,0.2540870044612515,True,True,33218365.12546216,14479.063656695187,46600.95639242977,222842.17794539034
2005-03-21,329712.746762339,0.002499976069682028,False,True,0.0,135823.28407883272,160761.7585268207,33127.70415668562
2005-03-22,330643.1733507365,0.0025324263127608658,False,True,0.0,48148.96805682778,1510.0637053251266,280984.1415885836
2005-03-23,630556.5749995485,0.004838266957635813,False,True,0.0,285673.4593264796,95245.22050425783,249637.89516881108
2005-03-24,879101.338147644,0.006825598541031293,False,True,0.0,374596.7009683065,256477.47209330276,248027.16508603469
2005-03-25,158090.18863889948,0.0012269413493527696,False,True,0.0,35989.03642766923,85827.18521731347,36273.96699391678
2005-03-28,16104.232698690146,0.00012499779415653866,False,True,0.0,3220.846539735794,3220.846539735794,9662.539619218558
2005-03-29,267868.19939606637,0.002080597261510819,False,True,0.0,90043.48262670636,55180.07581054419,122644.64095881581
2005-03-30,231696.4375204593,0.0017956146684410387,False,True,0.0,26443.877477984875,125503.09409716353,79749.46594531089
2005-03-31,298733.41136946157,0.0023102494542444445,False,True,0.0,65824.7159350738,183522.9326462224,49385.76278816536
2005-04-01,254354.96681838483,0.00195856312269574,False,True,0.0,57141.31042090431,185640.805591356,11572.850806124508
2005-04-04,253690.03859369457,0.0019561622967154365,False,True,0.0,35371.40413605049,104279.3175707385,114039.31688690558
2005-04-05,133152.08013270423,0.0010309478141007906,False,True,0.0,27050.023079883307,87127.89311902598,18974.163933794945
2005-04-06,308590.6181668006,0.002391197726151407,False,True,0.0,32223.605523765087,167079.6667184271,109287.34592460841
2005-04-07,160080.80187159404,0.0012397367618122016,False,True,0.0,71028.8080888614,4676.449698284268,84375.54408444837
2005-04-08,555413.8555864021,0.004315052429915333,False,True,0.0,184705.7907613963,328881.4857941717,41826.57903083414
2005-04-11,32753240.068101246,0.25458444974498795,True,True,0.0,32344532.496670276,302616.06427901983,106091.50715195015
2005-04-12,116395.55091350153,0.0009030854921160789,False,True,0.0,0.0,106817.41875791922,9578.132155582309
2005-04-13,389445.3698964007,0.0030300620413013443,False,True,0.0,0.0,284555.60890227556,104889.76099412516
2005-04-14,32526695.181955446,0.25383571081729145,True,True,0.0,0.0,342369.3791096695,32184325.802845776
2005-04-15,35748.152834907174,0.00027907951555541813,False,True,0.0,0.0,35748.152834907174,0.0
2005-04-18,72406.30354357883,0.0005656895751434378,False,True,0.0,0.0,72406.30354357883,0.0
2005-04-19,144968.35133942962,0.001134308886742001,False,True,0.0,0.0,144968.35133942962,0.0
2005-04-20,32743352.020759936,0.25462228566103073,True,True,32148945.58007184,0.0,594406.440688096,0.0
2005-04-21,268009.7106977962,0.002075474105394475,False,True,149063.77214685082,0.0,118945.93855094537,0.0
2005-04-22,228576.4500754103,0.001768213480272873,False,True,148766.17503681406,0.0,79810.27503859624,0.0
2005-04-25,216944.16913609207,0.0016726148386911168,False,True,130359.32167733088,0.0,86584.84745876119,0.0
2005-04-26,106537.58930759504,0.0008206751258336151,False,True,81620.30390605703,0.0,24917.285401538014,0.0
2005-04-27,222488.25616149977,0.0017167446276960098,False,True,165765.16130150855,0.0,56723.09485999122,0.0
2005-04-28,33437112.80235216,0.2587032466479121,True,True,474939.2822954431,0.0,649945.8657792099,32312227.654277507
2005-04-29,77736.7734275721,0.0006029005833760076,False,True,20132.088295627385,0.0,55395.835533462465,2208.849598482251
2005-05-02,527131.6222991645,0.004091592109634401,False,True,53068.553378824145,0.0,223631.87242643908,250431.1964939013
2005-05-03,666171.5078581832,0.005171672717185459,False,True,266716.82776279,0.0,63709.8039361909,335744.8761592023
2005-05-04,32011016.650456652,0.2494332332917288,True,True,318890.39868124947,0.0,31668918.885005455,23207.36676994711
2005-05-05,264782.3827335462,0.002054733675907452,False,True,254712.41481591016,0.0,0.0,10069.967917636037
2005-05-06,158873.3432330005,0.0012335303555950571,False,True,96668.16899755597,0.0,0.0,62205.174235444516
2005-05-09,32150341.569237974,0.249748463442569,True,True,265637.9304831624,0.0,0.0,31884703.63875481
2005-05-10,145722.19737158343,0.0011302849616281869,False,True,145722.19737158343,0.0,0.0,0.0
2005-05-11,160166.48776863888,0.001244382412168032,False,True,160166.48776863888,0.0,0.0,0.0
2005-05-12,178590.54657762125,0.001390096281594944,False,True,178590.54657762125,0.0,0.0,0.0
2005-05-13,251072.7488095276,0.001949197395551055,False,True,251072.7488095276,0.0,0.0,0.0
2005-05-16,3493.1151918508112,2.7117737317089153e-05,False,True,3493.1151918508112,0.0,0.0,0.0
2005-05-17,116854.07182601094,0.0009082596276574722,False,True,116854.07182601094,0.0,0.0,0.0
2005-05-18,12456.336849540472,9.680559180134859e-05,False,True,12456.336849540472,0.0,0.0,0.0
2005-05-19,198662.90670214593,0.0015407556857609747,False,True,198662.90670214593,0.0,0.0,0.0
2005-05-20,181435.98985027894,0.0014045149685802817,False,True,181435.98985027894,0.0,0.0,0.0
2005-05-23,65027.36791275814,0.0005037217414013234,False,True,65027.36791275814,0.0,0.0,0.0
2005-05-24,220036.80318443105,0.001700607055874569,False,True,220036.80318443105,0.0,0.0,0.0
2005-05-25,15409.942673746496,0.00011908051739298699,False,True,15409.942673746496,0.0,0.0,0.0
2005-05-26,253833.61017275974,0.001956385669636112,False,True,253833.61017275974,0.0,0.0,0.0
2005-05-27,3003.501076348126,2.3148333669553446e-05,False,True,3003.501076348126,0.0,0.0,0.0
2005-05-30,10420.02233531326,8.029973110676565e-05,False,True,10420.02233531326,0.0,0.0,0.0
2005-05-31,351761.8769871108,0.002701017132211875,False,True,351761.8769871108,0.0,0.0,0.0
2005-06-01,356649.98905937374,0.0027485868818524924,False,True,356649.98905937374,0.0,0.0,0.0
2005-06-02,302774.3293591663,0.0023406667154661563,False,True,302774.3293591663,0.0,0.0,0.0
2005-06-03,232894.95506235957,0.0017961363112238026,False,True,232894.95506235957,0.0,0.0,0.0
2005-06-06,90531.17377686873,0.0006975466449082831,False,True,90531.17377686873,0.0,0.0,0.0
2005-06-07,574527.1082968861,0.004453039806452691,False,True,574527.1082968861,0.0,0.0,0.0
2005-06-08,120450.47335779667,0.0009324258337634791,False,True,120450.47335779667,0.0,0.0,0.0
2005-06-09,125873.51932213828,0.0009731421606850809,False,True,125873.51932213828,0.0,0.0,0.0
2005-06-10,373693.2056880444,0.0029002356392690506,False,True,373693.2056880444,0.0,0.0,0.0
2005-06-13,155558.0436300598,0.0012053468218216298,False,True,155558.0436300598,0.0,0.0,0.0
2005-06-14,124308.21052097529,0.0009619709855902247,False,True,124308.21052097529,0.0,0.0,0.0
2005-06-15,48756.21891616285,0.0003774945741931978,False,True,48756.21891616285,0.0,0.0,0.0
2005-06-16,227182.9885422215,0.0017548465767165354,False,True,227182.9885422215,0.0,0.0,0.0
2005-06-17,376901.6300356053,0.002900072074166916,False,True,376901.6300356053,0.0,0.0,0.0
2005-06-20,163810.10897019506,0.0012583232442959825,False,True,163810.10897019506,0.0,0.0,0.0
2005-06-21,118255.51299688593,0.0009072922940153734,False,True,118255.51299688593,0.0,0.0,0.0
2005-06-22,32687999.47314389,0.2505937415024306,True,True,77448.94905304909,0.0,32610550.52409084,0.0
2005-06-23,214456.50962083787,0.0016452521241973538,False,True,83857.90613824874,0.0,130598.60348258913,0.0
2005-06-24,32776799.036319014,0.25173942855717074,True,True,150094.90930553153,0.0,76380.93749838695,32550323.189515095
2005-06-27,340237.67235065624,0.0026093965833543535,False,True,83692.98551595956,0.0,109940.09350121394,146604.59333348274
2005-06-28,457992.83280635625,0.003522246592370805,False,True,104812.11035320908,0.0,274095.8505797535,79084.87187339365
2005-06-29,966534.8221567012,0.007478436849278921,False,True,385052.7770387903,0.0,463778.9816165529,117703.06350135803
2005-06-30,395108.170333527,0.0030474353264045083,False,True,225113.05301163346,0.0,146330.31563342735,23664.80168846622
2005-07-01,296497.87535317615,0.0022971719564680703,False,True,59777.81850333512,0.0,220981.58204077184,15738.474809069186
2005-07-04,1148968.680884961,0.008906570848224568,False,True,174286.9795372039,0.0,391639.77450722456,583041.9268405326
2005-07-05,447192.03580643237,0.0034745512830079385,False,True,260769.45858813822,0.0,74346.8813698478,112075.69584844634
2005-07-06,1121299.4535956234,0.008671118372789565,False,True,8817.72572844103,0.0,636813.2114105336,475668.5164566487
2005-07-07,675397.385774307,0.005221238998250733,False,True,332512.9194236174,0.0,341045.0328418091,1839.4335088804364
2005-07-08,354884.29077886045,0.002745038096128323,False,True,116238.13703986257,0.0,186650.71941540018,51995.4343235977
2005-07-11,501684.9561010599,0.0038824899636184665,False,True,242745.18652451783,0.0,191323.4671657011,67616.30241084099
2005-07-12,415031.1009821519,0.0032014632103065893,False,True,151463.63252881914,0.0,154938.09916661307,108629.36928671971
2005-07-13,316948.8865146674,0.002432947745517344,False,True,34624.42773054913,0.0,203308.5935005434,79015.86528357491
2005-07-14,368636.8575743064,0.002835520821488359,False,True,66987.20705436543,0.0,150961.3750883229,150688.2754316181
2005-07-15,557863.3855057359,0.004302623511100833,False,True,235158.098666057,0.0,65386.6459156014,257318.64092407748
2005-07-18,217898.09254518524,0.0016786953735268507,False,True,90764.05314629897,0.0,12866.333797603846,114267.70560128242
2005-07-19,552236.3940362111,0.0042575797924287355,False,True,264193.2854601294,0.0,273403.41530099884,14639.693275082856
2005-07-20,249945.40478948876,0.0019348871791743177,False,True,3740.2095416747034,0.0,187277.76437043026,58927.4308773838
2005-07-21,567452.5733560063,0.004397257842952476,False,True,251540.70189877972,0.0,48606.25587255508,267305.6155846715
2005-07-22,849387.1670061871,0.006581535961210841,False,True,241333.08668776602,0.0,423549.58949240297,184504.49082601815
2005-07-25,765313.4757396132,0.005936660673455972,False,True,390776.4354041219,0.0,364788.5096430108,9748.530692480505
2005-07-26,32873265.788424827,0.256047846695039,True,True,453973.7478055917,0.0,126554.38593864813,32292737.654680587
2005-07-27,310341.1489019431,0.002419633762880575,False,True,187081.59853268415,0.0,123259.55036925897,0.0
2005-07-28,178234.17070985958,0.0013882094165936455,False,True,56152.112507119775,0.0,122082.0582027398,0.0
2005-07-29,407190.2760778554,0.0031514861675243627,False,True,216328.2903544791,0.0,190861.98572337627,0.0
2005-08-01,335158.0539621264,0.002582822061451034,False,True,307201.09831724316,0.0,27956.955644883215,0.0
2005-08-02,292352.4924257733,0.0022456861967094606,False,True,41238.124990630895,0.0,251114.3674351424,0.0
2005-08-03,364342.75112662464,0.002783096610147692,False,True,183509.5523982644,0.0,180833.19872836024,0.0
2005-08-04,823442.1497444771,0.006275499010475969,False,True,487392.19670658186,0.0,336049.95303789526,0.0
2005-08-05,147955.17218359932,0.0011254197424177157,False,True,136790.57240842283,0.0,11164.599775176495,0.0
2005-08-08,32980224.34169055,0.2507300157655276,True,True,30476.022426571697,0.0,65547.91649658978,32884200.40276739
2005-08-09,308545.0407863371,0.002347949745721571,False,True,28713.043598905206,0.0,138473.67770376801,141358.3194836639
2005-08-10,392919.8710782677,0.0029995128432293875,False,True,55621.25014054403,0.0,248441.04564784467,88857.575289879
2005-08-11,33742735.25272603,0.2548343971268473,True,True,237244.47132444754,33102610.59060458,259802.90645300597,143077.28434400633
2005-08-12,1646662.474511724,0.01236918501231273,False,True,823331.2372558564,197743.8186761737,176664.034990523,448923.3835891709
2005-08-15,1194826.5509621687,0.009029168199561633,False,True,597413.2754810825,115121.51165181771,260761.8131235838,221529.95070568472
2005-08-16,1202697.4708580412,0.009103035729243996,False,True,601348.735429015,108339.02377910912,263556.6889331788,229453.02271673828
2005-08-17,430320.9585592449,0.0032468477044565124,False,True,134915.5895700343,80244.88970959187,38810.20811229944,176350.27116731927
2005-08-18,707721.5227207169,0.005395438362168733,False,True,329297.3752009347,24563.386159420013,245714.8894731216,108145.87188724056
2005-08-19,364358.9520412348,0.0027958272916031777,False,True,1820.3339173197746,92496.64949389547,87862.49260940403,182179.47602061555
2005-08-22,1605840.7013275065,0.01242434125373041,False,True,802920.3506637476,162019.490346808,624620.4306953624,16280.429621588439
2005-08-23,757800.4690815397,0.00580235714897442,False,True,342718.9442108907,181461.5411327891,36181.29032988101,197438.69340797886
2005-08-24,95301.56287954748,0.0007290044101850465,False,True,40856.60282091051,4690.2873261496425,6794.178618870676,42960.494113616645
2005-08-25,782393.4232276529,0.005996112245120565,False,True,339320.4098828174,97545.09071341902,293651.6209004037,51876.30173101276
2005-08-26,484195.603979256,0.0037043208386356263,False,True,205648.7850035578,17322.41866882518,242097.8019896336,19126.598317239434
2005-08-29,110657.81445968151,0.0008482890869247808,False,True,55328.90722983703,27344.113363984972,19196.535821080208,8788.2580447793
2005-08-30,1285695.8597654738,0.009797584274904925,False,True,28012.3153559044,360837.5790358186,642847.9298827387,253998.03549101204
2005-08-31,1571367.7920850068,0.011939387115186946,False,True,192480.09546875954,291137.42728926614,593203.8005737513,494546.4687532298
2005-09-01,868961.6025556214,0.006566904276132949,False,True,268106.9091375433,70000.79970145598,434480.80127782375,96373.0924387984
2005-09-02,34385362.70500997,0.256903779671335,True,True,462019.2204607278,33446370.851738445,245290.30832755938,231682.32448323444
2005-09-05,880353.6677941382,0.006571910769713712,False,True,395263.31900925934,0.0,426209.842034176,58880.50675070286
2005-09-06,185606.23633162305,0.0013830104452893575,False,True,114015.78778206185,0.0,61868.74544386938,9721.70310569182
2005-09-07,33551126.993258186,0.2505269661653566,True,True,23957.46373156458,33480554.5155499,15483.166006539017,31131.84797018394
2005-09-08,34279199.11385815,0.25679427697160684,True,True,33480554.5155499,184063.16180036217,453480.4589320533,161100.9775758423
2005-09-09,33577647.78883661,0.25076702741842255,True,True,0.0,33477623.074586652,109.67003895714879,99915.04421100765
2005-09-12,208147.66914957762,0.0015537932684516432,False,True,0.0,0.0,88771.79635665566,119375.87279292196
2005-09-13,316956.6097651385,0.002370193741989856,False,True,0.0,0.0,217214.74720937386,99741.86255576462
2005-09-14,236575.1926651001,0.0017753851595594442,False,True,0.0,0.0,113278.79141677916,123296.40124832094
2005-09-15,33831112.01065771,0.2525776609029889,True,True,0.0,33485851.33153533,234374.24428379908,110886.43483858928
2005-09-16,34228677.66563018,0.2552876250651549,True,True,33519718.84349494,184526.7079546228,153018.94713318348,371413.1670474224
2005-09-19,776596.6277909577,0.00578731649050089,False,True,121739.89208241552,3967.9954289123416,384330.3184665665,266558.4218130633
2005-09-20,2244008.2647923417,0.0164597766935736,False,True,377889.69028390944,573099.7495368384,1122004.1323961765,171014.69257541746
2005-09-21,507592.497959882,0.003735262560735533,False,True,83263.79492191225,209600.0318236649,170532.45405802876,44196.21715627611
2005-09-22,630707.4629822895,0.004599646853043915,False,True,1317.0053233504295,230137.0036125183,83899.72255526483,315353.7314911559
2005-09-23,822960.8273005635,0.0060334832943044385,False,True,59667.18433587998,134737.8180104345,351813.22931440175,276742.5956398472
2005-09-26,968726.9899680838,0.007141033700181218,False,True,484363.4949840307,89224.49599540234,375906.73953764886,19232.259451001883
2005-09-27,587204.0088998303,0.004295846958456894,False,True,20344.283722884953,283842.32469359785,273257.7207270339,9759.679756313562
2005-09-28,287491.0291428417,0.002113120664240551,False,True,76765.668755956,17337.121195591986,49642.72461987287,143745.51457142085
2005-09-29,830185.1468459368,0.0060189243722314194,False,True,159185.75459757447,255906.81882540882,406752.06299795955,8340.510424993932
2005-09-30,428546.46879334,0.0030895210272839624,False,True,177806.921939075,147596.75242091715,66676.48197576404,36466.312457583845
2005-10-03,582756.9119222984,0.004205933787131008,False,True,114205.10180559754,177173.35415555537,120504.41234879196,170874.0436123535
2005-10-04,608147.1178029701,0.004399453751165601,False,True,137679.9316937551,113019.24806286395,191054.31083862484,166393.62720772624
2005-10-05,503973.08379253,0.0036564627608984997,False,True,146381.08735764027,129325.54477737844,105605.45453862101,122660.99711889029
2005-10-06,254510.4348224029,0.0018563292039128455,False,True,8074.9771859794855,127255.21741121262,48380.302632689476,70799.93759252131
2005-10-07,1548721.5702458173,0.011312227984951543,False,True,172938.57028675824,83399.15209746361,601422.2148361504,690961.633025445
2005-10-10,703627.1659968197,0.0051162661244318845,False,True,351813.58299840987,155264.48138723522,142603.18461864442,53945.91699253023
2005-10-11,241906.36020050198,0.0017588430424074954,False,True,2432.866072654724,94423.7473680526,118520.31402760744,26529.43273218721
2005-10-12,34710897.64270488,0.25149015268893604,True,True,33812.62391380966,34078557.24817509,495691.6617174521,102836.10889852792
2005-10-13,601888.0122681409,0.004363617247561662,False,True,125645.2892884463,0.0,164345.22084994614,311897.50212974846
2005-10-14,777307.8701891825,0.005672390690236198,False,True,297643.15480180085,0.0,203475.43317946047,276189.28220792115
2005-10-17,649206.7533700392,0.004735107082299498,False,True,333531.090138264,0.0,159798.73644919693,155876.92678257823
2005-10-18,425853.8628016114,0.0030796366339293432,False,True,65979.838964805,0.0,339976.742704086,19897.28113272041
2005-10-19,447602.8660957888,0.0032536667806262846,False,True,88152.91042850912,0.0,312777.2765441388,46672.67912314087
2005-10-20,401837.56612014025,0.002941618110113485,False,True,80357.79897251725,0.0,5422.084862649441,316057.68228497356
2005-10-21,732708.7904324159,0.005389081059039999,False,True,286038.2549213022,0.0,361029.9325995222,85640.60291159153
2005-10-24,788434.5538506806,0.005796003472076122,False,True,263222.3201709837,0.0,122370.74537818879,402841.4883015081
2005-10-25,224887.1798831299,0.0016559921795318475,False,True,83862.78366804123,0.0,78004.65510446578,63019.74111062288
2005-10-26,1277736.4213924706,0.009292771969279672,False,True,426893.336270079,0.0,738443.9480891228,112399.13703326881
2005-10-27,479801.1296514794,0.0035108664389852254,False,True,46362.8606262207,0.0,344417.276246503,89020.99277875572
2005-10-28,468636.1151735112,0.00343174263308954,False,True,71170.71135257185,0.0,175962.1618084833,221503.24201245606
2005-10-31,424530.2630436644,0.003116429580827003,False,True,97097.82841719687,0.0,254258.13906027377,73174.29556619376
2005-11-01,1616904.0628138445,0.01193628922497015,False,True,713191.8937552348,0.0,496547.4039478041,407164.76511080563
2005-11-02,614505.2131465189,0.004552543815141437,False,True,247180.82255990803,0.0,47762.86583866924,319561.52474794164
2005-11-03,414531.43409718573,0.0030655697428499844,False,True,60258.92720451206,0.0,116877.32624182105,237395.18065085262
2005-11-04,798486.5241109952,0.005876512907918699,False,True,195977.74900295585,0.0,285258.9692214653,317249.8058865741
2005-11-07,662230.5034802333,0.004888153824187527,False,True,280990.2092699781,0.0,172074.87358703464,209165.4206232205
2005-11-08,129817.0754306987,0.0009545662573042191,False,True,24142.904033340514,0.0,35345.23905400187,70328.93234335631
2005-11-09,110226.19374520332,0.0008091312847877013,False,True,53322.78513323516,0.0,26119.81585983187,30783.59275213629
2005-11-10,34374476.867521666,0.25115999699650804,True,True,198218.48085600883,0.0,33869396.45633424,306861.9303314164
2005-11-11,206833.6321151033,0.0015093701617936747,False,True,145968.80245426297,0.0,0.0,60864.82966084033
2005-11-14,134844.32801422477,0.000982094795690751,False,True,66510.26104556769,0.0,0.0,68334.06696865708
2005-11-15,662135.2217669189,0.004852056560705444,False,True,540542.9872726351,0.0,0.0,121592.2344942838
2005-11-16,64479.387361861765,0.00047205201302087755,False,True,21553.94396775961,0.0,0.0,42925.443394102156
2005-11-17,755928.6974329874,0.005501351471830302,False,True,174464.86935221404,0.0,0.0,581463.8280807734
2005-11-18,366440.6150827408,0.002652662243844742,False,True,69464.60753583908,0.0,0.0,296976.0075469017
2005-11-21,579129.6657815054,0.0042108370807240406,False,True,441453.2523421645,0.0,0.0,137676.4134393409
2005-11-22,316509.7291765064,0.0022925471442554893,False,True,26467.943556398153,0.0,0.0,290041.78562010825
2005-11-23,510834.4067315683,0.00370316613391016,False,True,284162.3816585168,0.0,0.0,226672.02507305145
2005-11-24,229155.6524998024,0.0016619404216105121,False,True,99349.08591151237,0.0,0.0,129806.56658829004
2005-11-25,69992.07957817614,0.0005073566717402162,False,True,17498.01989454031,0.0,0.0,52494.05968363583
2005-11-28,154368.2119571194,0.0011164814309880067,False,True,51247.18965332955,0.0,0.0,103121.02230378985
2005-11-29,347993.5735496357,0.0025042875381848166,False,True,339434.4277057424,0.0,0.0,8559.14584389329
2005-11-30,166284.88828493655,0.0011939007690053907,False,True,163027.03689285368,0.0,0.0,3257.85139208287
2005-12-01,377156.0287521705,0.002722669764761334,False,True,97570.51105898619,0.0,0.0,279585.5176931843
2005-12-02,953370.9744256064,0.006854304721182262,False,True,335061.150149703,0.0,0.0,618309.8242759034
2005-12-05,274854.22994259,0.0019731961329974334,False,True,188198.81029126793,0.0,0.0,86655.41965132207
2005-12-06,315040.39219696075,0.0022515107057091053,False,True,56101.14630675316,0.0,0.0,258939.2458902076
2005-12-07,232430.39955631644,0.0016556184884983446,False,True,211303.62480854988,0.0,0.0,21126.774747766554
2005-12-08,559391.5324552655,0.003985659521484636,False,True,289147.26566542685,0.0,0.0,270244.2667898387
2005-12-09,825689.6171388626,0.005883783956715148,False,True,417335.4929883331,0.0,0.0,408354.1241505295
2005-12-12,781383.0544868559,0.0055709105542746705,False,True,408645.0340397209,0.0,0.0,372738.020447135
2005-12-13,193864.68636415154,0.001381978077863157,False,True,92107.75425505638,0.0,0.0,101756.93210909516
2005-12-14,532496.213757582,0.0038150535642678595,False,True,90515.76960679889,0.0,0.0,441980.4441507831
2005-12-15,594030.9194689393,0.004288096121326183,False,True,35158.976564347744,0.0,0.0,558871.9429045916
2005-12-16,240172.49203933775,0.0017397515480171775,False,True,119574.4383816868,0.0,0.0,120598.05365765095
2005-12-19,589083.9658753723,0.004284314064206098,False,True,432549.81594625115,0.0,0.0,156534.14992912114
2005-12-20,33922444.24450019,0.24779871510141765,True,True,33734203.9044007,0.0,0.0,188240.34009949118
2005-12-21,34616092.752178594,0.2543233598682405,True,True,0.0,0.0,34027637.85649935,588454.8956792392
2005-12-22,179424.88200590014,0.001314762726598933,False,True,0.0,0.0,56226.96323633194,123197.9187695682
2005-12-23,1080483.5731728822,0.007908173020669911,False,True,0.0,0.0,500411.5839663148,580071.9892065674
2005-12-26,175013.29639406502,0.0012842307880221637,False,True,0.0,0.0,158896.35256765038,16116.943826414645
2005-12-27,157880.54907515645,0.0011571717332247709,False,True,0.0,0.0,39470.13726878911,118410.41180636734
2005-12-28,770479.3507626206,0.0056636157559514354,False,True,0.0,0.0,484336.727996774,286142.62276584655
2005-12-29,557939.322367385,0.0040679157477193015,False,True,0.0,0.0,254338.7761318311,303600.5462355539
2005-12-30,252604.51036024094,0.001844592143030977,False,True,0.0,0.0,179497.22231786698,73107.28804237396
2006-01-02,252650.27577025443,0.0018413510635680286,False,True,0.0,0.0,192799.35527329147,59850.920496962965
2006-01-03,7961.848165884614,5.8030446641015675e-05,False,True,0.0,0.0,1990.4620414748788,5971.386124409735
2006-01-04,1009782.3163888454,0.007291714497545053,False,True,0.0,0.0,184315.65501362085,825466.6613752246
2006-01-05,16203.72596140951,0.00011699464164539708,False,True,0.0,0.0,4050.9314903467894,12152.79447106272
2006-01-06,593113.3647901267,0.004319410417777834,False,True,0.0,0.0,267665.28394010663,325448.08085002005
2006-01-09,722326.748320952,0.005212601880748484,False,True,0.0,0.0,46246.887322597206,676079.8609983549
2006-01-10,824974.9434961826,0.005939212967177528,False,True,0.0,0.0,330010.37733621895,494964.5661599636
2006-01-11,294478.84178069234,0.0021280214620967982,False,True,0.0,0.0,16850.37986384332,277628.461916849
2006-01-12,444688.700065352,0.0032090218229237147,False,True,0.0,0.0,174090.81224500388,270597.88782034814
2006-01-13,134142.39057444036,0.0009698939305553369,False,True,0.0,0.0,131609.93921712786,2532.4513573125005
2006-01-16,514849.52672354877,0.0036992363607211607,False,True,0.0,0.0,39675.43738377094,475174.0893397778
2006-01-17,302776.3703825325,0.0021707508112342082,False,True,0.0,0.0,75694.09259563684,227082.27778689563
2006-01-18,817015.3758231625,0.005861822174950292,False,True,0.0,0.0,383271.9905541092,433743.3852690533
2006-01-19,35146412.20333716,0.25436617186822336,True,True,0.0,34543127.281037465,160676.2633253336,442608.6589743644
2006-01-20,941638.1214583293,0.006753173366758653,False,True,0.0,312488.80733795464,345.03001245111227,628804.2841079235
2006-01-23,574441.2667524517,0.004116955874930492,False,True,0.0,45667.513321734965,298995.0494540855,229778.70397663116
2006-01-24,550020.0865466818,0.0039294655700492795,False,True,0.0,132760.23780416697,219676.43881821632,197583.40992429852
2006-01-25,161016.52676151693,0.0011510070529586322,False,True,0.0,60984.33611756563,70334.88350705057,29697.307136900723
2006-01-26,332154.1081350744,0.0023671086968370557,False,True,0.0,26331.24458566308,112485.79468864202,193337.06886076927
2006-01-27,153495.119327493,0.0010958563669663127,False,True,0.0,21116.956555843353,24136.794039696455,108241.3687319532
2006-01-30,35656992.340857215,0.25440350168839143,True,True,0.0,202810.0652116686,35359716.2641057,94466.01153984666
2006-01-31,590583.1002017632,0.004198146117500875,False,True,0.0,165812.893266052,0.0,424770.2069357112
2006-02-01,371022.3402039632,0.0026291971951257825,False,True,0.0,295283.64952964336,0.0,75738.69067431986
2006-02-02,203300.76788544655,0.0014421693598896104,False,True,0.0,138522.70767435431,0.0,64778.060211092234
2006-02-03,127028.65309713036,0.0008996713020848356,False,True,0.0,7065.454340226948,0.0,119963.19875690341
2006-02-06,35413423.24574617,0.25163135307740964,True,True,35183834.22082134,140808.78237179667,0.0,88780.24255303293
2006-02-07,721375.1109135821,0.005122527695555149,False,True,332110.666505605,349598.0598825887,0.0,39666.38452538848
2006-02-08,1684421.0606066883,0.012071555394661607,False,True,301427.64953323454,379822.9450054392,0.0,1003170.4660680145
2006-02-09,308567.6122341603,0.0022095746067067215,False,True,6167.154409214854,140051.14899723232,0.0,162349.30882771313
2006-02-10,870057.4136060849,0.006183593243664327,False,True,10387.445017948747,303285.59877468646,0.0,556384.3698134497
2006-02-13,1036827.4598714039,0.007413347719584021,False,True,300520.8476449847,112313.92405059934,0.0,623992.6881758198
2006-02-14,1036242.010393709,0.007431506644498068,False,True,293509.3201430887,172045.8216542676,0.0,570686.8685963526
2006-02-15,533395.7863302678,0.0038054867700119655,False,True,74418.08777490258,175959.2701769024,0.0,283018.4283784628
2006-02-16,616306.5741567463,0.004411969318819513,False,True,181218.46311491728,67528.35608634353,0.0,367559.75495548546
2006-02-17,672212.8466651887,0.004781212626591136,False,True,145112.92904821783,222986.74992447346,0.0,304113.1676924974
2006-02-20,452730.89975352585,0.003216693178708205,False,True,207670.21579636633,29167.921991594136,0.0,215892.76196556538
2006-02-21,142474.77403845638,0.001008919188627448,False,True,8889.217062532902,12355.98845655471,0.0,121229.56851936877
2006-02-22,126957.55742720515,0.0009017389511989605,False,True,94713.36252552271,21681.609029456973,0.0,10562.585872225463
2006-02-23,35258391.906530365,0.2507821945605889,True,True,79765.5414531678,35075096.87084835,0.0,103529.49422884732
2006-02-24,443926.3128206134,0.003165620170258625,False,True,131942.87144361436,0.0,0.0,311983.441376999
2006-02-27,559851.9055399969,0.003971233731216903,False,True,94120.79570256919,0.0,0.0,465731.10983742774
2006-02-28,289440.3714931458,0.0020615713567897877,False,True,112641.11113221943,0.0,0.0,176799.2603609264
2006-03-01,476532.10624258965,0.003371267923877181,False,True,233245.5177001357,0.0,0.0,243286.58854245394
2006-03-02,83428.73712798208,0.0005895279661539125,False,True,37042.57778408378,0.0,0.0,46386.159343898296
2006-03-03,391622.69204065204,0.0027580321160747055,False,True,76896.42104388773,0.0,0.0,314726.2709967643
2006-03-06,294368.08385545015,0.002076912974351625,False,True,82171.34897159785,0.0,0.0,212196.7348838523
2006-03-07,494007.17232003063,0.003504396774326827,False,True,55590.854371868074,0.0,0.0,438416.31794816256
2006-03-08,659113.0010619238,0.004708879206864211,False,True,578417.9240121171,0.0,0.0,80695.07704980671
2006-03-09,451457.73576915264,0.003241712383549377,False,True,48936.34024763852,0.0,0.0,402521.3955215141
2006-03-10,218430.2949873656,0.0015635437882383274,False,True,167511.59577415884,0.0,0.0,50918.69921320677
2006-03-13,806644.7618455514,0.005767140317196356,False,True,445082.8475561738,0.0,0.0,361561.91428937763
2006-03-14,235989.67230457067,0.0016815437281743715,False,True,40536.04465324432,0.0,0.0,195453.62765132636
2006-03-15,273377.04679653794,0.0019403878104812856,False,True,79072.44376749545,0.0,0.0,194304.60302904248
2006-03-16,114979.78982315212,0.0008153684358340836,False,True,25512.835419788957,0.0,0.0,89466.95440336317
2006-03-17,252875.83249296248,0.0017868368636893715,False,True,223111.29714119434,0.0,0.0,29764.535351768136
2006-03-20,162297.76048018038,0.0011494427695620461,False,True,160633.3757390678,0.0,0.0,1664.3847411125898
2006-03-21,496397.5295955539,0.003525489656988422,False,True,346815.94108210504,0.0,0.0,149581.58851344883
2006-03-22,204096.50236523896,0.0014537384077763843,False,True,128524.09259463847,0.0,0.0,75572.4097706005
2006-03-23,162890.7341816947,0.0011602578172663022,False,True,80845.70978267491,0.0,0.0,82045.02439901978
2006-03-24,97298.5012061745,0.0006931983734206862,False,True,41112.981809295714,0.0,0.0,56185.51939687878
2006-03-27,688196.0893050134,0.004881096599838824,False,True,186496.20593272895,0.0,0.0,501699.8833722845
2006-03-28,1154116.4911167026,0.00820032232742402,False,True,639989.4267495945,0.0,0.0,514127.06436710805
2006-03-29,287641.2999150753,0.0020521606490453547,False,True,201980.45383990556,0.0,0.0,85660.84607516974
2006-03-30,530965.22221414,0.0037689822251523457,False,True,87353.84325577319,0.0,0.0,443611.3789583668
2006-03-31,692799.8581050187,0.00486984541637004,False,True,115120.25123915076,0.0,0.0,577679.606865868
2006-04-03,630627.967744939,0.004432001718198991,False,True,321922.8004451692,0.0,0.0,308705.1672997698
2006-04-04,323970.40684551,0.0022665165113870548,False,True,229973.20439451933,0.0,0.0,93997.20245099068
2006-04-05,396948.2594842762,0.0027720871713003874,False,True,262757.92677297443,0.0,0.0,134190.33271130174
2006-04-06,93333.55493920296,0.0006509460797311249,False,True,30169.710048794746,0.0,0.0,63163.84489040822
2006-04-07,503839.8027876839,0.0035060475565972197,False,True,170786.93266338855,0.0,0.0,333052.87012429535
2006-04-10,368322.0118550584,0.002576231849198194,False,True,163224.15330018103,0.0,0.0,205097.85855487734
2006-04-11,542367.6861996874,0.003772988934769755,False,True,75968.86372464895,0.0,0.0,466398.82247503847
2006-04-12,495110.97291398793,0.0034505716327413124,False,True,181683.71241480857,0.0,0.0,313427.26049917936
2006-04-13,216999.11000259966,0.0015077690996000493,False,True,25671.478284053504,0.0,0.0,191327.63171854615
2006-04-14,78747.8825250268,0.0005477612294372321,False,True,3876.1786981523037,0.0,0.0,74871.7038268745
2006-04-17,36431865.44457709,0.25272525120797174,True,True,98215.33942189813,0.0,36039004.08688951,294646.0182656795
2006-04-18,786824.5108520836,0.005409991671593304,False,True,233022.38278132677,0.0,248232.34959466755,305569.77847608924
2006-04-19,714141.7876456156,0.004864693112623306,False,True,186838.47749290615,0.0,417330.7086263448,109972.60152636468
2006-04-20,1020739.0741113722,0.006875846326641915,False,True,171176.27082463354,0.0,132709.6986835599,716853.1046031788
2006-04-21,1531476.0555948392,0.010474303562288014,False,True,364533.3231786415,0.0,121182.52807901055,1045760.2043371871
2006-04-24,1458054.1904223785,0.009841293841053141,False,True,486018.06347412616,0.0,176156.84727392346,795879.2796743289
2006-04-25,1340178.1061730906,0.009120298305665162,False,True,518562.71598915756,0.0,348806.93832243234,472808.45186150074
2006-04-26,696568.3618255481,0.004718129419709707,False,True,261783.53513417393,0.0,39610.00478491187,395174.8219064623
2006-04-27,590025.6691436023,0.003982606788030974,False,True,72937.14056916535,0.0,157817.1234949082,359271.4050795287
2006-04-28,37948904.87639869,0.25773724179779994,True,True,455624.8038462326,36809683.198761754,621591.5290450826,62005.344745621085
2006-05-01,1372384.6145102978,0.009190445039882396,False,True,183519.6558520198,428934.25675578415,73738.39464735985,686192.307255134
2006-05-02,693648.0321012586,0.004624548084410704,False,True,166319.8523573354,52404.331334106624,346824.0160506293,128099.8323591873
2006-05-03,1087074.707388103,0.007188159324134988,False,True,69018.33984164894,362888.9789667055,180648.374727346,474519.01385240257
2006-05-04,1022000.2384148166,0.006754987605230382,False,True,34802.225736275315,476197.8934711367,393158.16345997155,117841.955747433
2006-05-05,933440.9149888009,0.006128579346836062,False,True,129843.25271496922,216149.59823189676,120727.60654752702,466720.4574944079
2006-05-08,314280.36145214736,0.0020541129099575913,False,True,34750.1238745451,122390.05685152113,100209.45805273205,56930.72267334908
2006-05-09,194786.686781317,0.0012796276893811858,False,True,67122.9119752124,6899.944000847638,30270.431415438652,90493.39938981831
2006-05-10,1598960.388137892,0.010363344420955677,False,True,490459.5766239092,309020.61744503677,71861.05329619348,727619.1407727525
2006-05-11,798819.5522968769,0.0051343250515531605,False,True,230839.0437115878,168570.73243685812,337715.8488374874,61693.9273109436
2006-05-12,1532432.6115611643,0.0098050241109379,False,True,701845.9626177773,64370.34316278994,591166.3443744034,175049.96140619367
2006-05-15,1289692.1950221509,0.0083444944570421,False,True,592153.4940349832,183873.5566577986,52692.60347608477,460972.5408532843
2006-05-16,2201831.8250694796,0.014637024944338845,False,True,621963.3979131505,478952.51462159306,111018.45678842068,989897.4557463154
2006-05-17,763726.4265484959,0.005020646322412415,False,True,82200.78896276653,199528.56767378002,182334.64560046047,299662.42431148887
2006-05-18,553995.2219160274,0.0036745860808017738,False,True,276997.61095802486,76653.20957156271,43824.86001244187,156519.54137399793
2006-05-19,835626.1060010344,0.005560897427584619,False,True,208078.69776166975,417813.0530005172,70371.79294717312,139362.56229167432
2006-05-22,1933731.1802184582,0.01308571508090065,False,True,768266.4495919049,198599.14051733166,230398.23780298233,736467.3523062393
2006-05-23,2326777.8247735277,0.015923457566295537,False,True,1163388.9123867527,102046.02192995697,735531.5735458136,325811.3169110045
2006-05-24,932064.8898750991,0.006281257993497334,False,True,138051.65512678772,327980.78981076926,450548.0044374615,15484.440500080585
2006-05-25,36403215.76437502,0.253444725568602,True,True,35142123.18978698,944332.7814141959,69370.37159179896,247389.42158205062
2006-05-26,329664.5415144488,0.0022761951692209046,False,True,0.0,15125.265511356294,42287.83215371519,272251.44384937733
2006-05-29,437279.61805300415,0.003007126447534582,False,True,0.0,145759.8726843372,281523.00012587756,9996.745242789388
2006-05-30,445121.19549217075,0.00306708272989666,False,True,0.0,115341.6145375818,71479.32213900983,258300.25881557912
2006-05-31,555348.3690597191,0.00381630213233646,False,True,0.0,137149.56630717963,228737.21484524012,189461.5879072994
2006-06-01,337418.96329099685,0.0023404186300637246,False,True,0.0,181332.70034912974,64456.303355783224,91629.95958608389
2006-06-02,645797.222735256,0.004525320126992953,False,True,0.0,125078.05229919404,14967.611819259822,505751.5586168021
2006-06-05,690238.1298619658,0.004785847692278956,False,True,0.0,155454.02875435352,426787.02471734583,107997.07639026642
2006-06-06,205327.60672906786,0.001425596092778652,False,True,0.0,78220.93296457827,116670.8520949632,10435.821669526398
2006-06-07,404018.0542288646,0.002834994611950161,False,True,0.0,200343.06391601264,191447.3665549904,12227.623757861555
2006-06-08,299131.51728186756,0.0021027906710440127,False,True,0.0,117502.07498075813,8483.201800316572,173146.24050079286
2006-06-09,1129810.7455246523,0.008019571800959465,False,True,0.0,393297.9703913778,330362.1423753053,406150.6327579692
2006-06-12,633914.0147081316,0.004504439338607013,False,True,0.0,298115.44852460176,40373.7580107227,295424.8081728071
2006-06-13,181066.8115324825,0.0012904334599580498,False,True,0.0,38505.192261084914,61278.087838009,81283.53143338859
2006-06-14,2174236.626905717,0.015932217469709728,False,True,0.0,606268.5027208552,79820.31214333326,1488147.8120415285
2006-06-15,267124.896550633,0.0019581691737499316,False,True,0.0,13557.205280669034,127026.78484030813,126540.90642965585
2006-06-16,1359785.3392250985,0.009842996434063403,False,True,0.0,463410.01665814966,275302.8740705475,621072.4484964013
2006-06-19,35005385.78939248,0.25248232235605556,True,True,0.0,109905.79952001572,113217.18932568282,34782262.80054678
2006-06-20,596589.3884954453,0.0043250924119514565,False,True,0.0,121269.16419878602,475320.22429665923,0.0
2006-06-21,34440990.46825759,0.24979108056664878,True,True,0.0,71061.50665864348,34369928.96159895,0.0
2006-06-22,10153.987491317093,7.36513250514716e-05,False,True,0.0,10153.987491317093,0.0,0.0
2006-06-23,34238996.24786309,0.24876079924519087,True,True,0.0,34238996.24786309,0.0,0.0
2006-06-26,0.0,0.0,False,False,0.0,0.0,0.0,0.0
2006-06-27,0.0,0.0,False,False,0.0,0.0,0.0,0.0
2006-06-28,0.0,0.0,False,False,0.0,0.0,0.0,0.0
2006-06-29,0.0,0.0,False,False,0.0,0.0,0.0,0.0
2006-06-30,0.0,0.0,False,False,0.0,0.0,0.0,0.0
2006-07-03,0.0,0.0,False,False,0.0,0.0,0.0,0.0
2006-07-04,0.0,0.0,False,False,0.0,0.0,0.0,0.0
2006-07-05,0.0,0.0,False,False,0.0,0.0,0.0,0.0
2006-07-06,0.0,0.0,False,False,0.0,0.0,0.0,0.0
2006-07-07,0.0,0.0,False,False,0.0,0.0,0.0,0.0
2006-07-10,0.0,0.0,False,False,0.0,0.0,0.0,0.0
2006-07-11,0.0,0.0,False,False,0.0,0.0,0.0,0.0
2006-07-12,0.0,0.0,False,False,0.0,0.0,0.0,0.0
2006-07-13,0.0,0.0,False,False,0.0,0.0,0.0,0.0
2006-07-14,0.0,0.0,False,False,0.0,0.0,0.0,0.0
2006-07-17,0.0,0.0,False,False,0.0,0.0,0.0,0.0
2006-07-18,0.0,0.0,False,False,0.0,0.0,0.0,0.0
2006-07-19,0.0,0.0,False,False,0.0,0.0,0.0,0.0
2006-07-20,0.0,0.0,False,False,0.0,0.0,0.0,0.0
2006-07-21,34409557.647098824,0.25,True,True,34409557.647098824,0.0,0.0,0.0
2006-07-24,20110.334847293794,0.00014608163560756755,False,True,20110.334847293794,0.0,0.0,0.0
2006-07-25,78238.45863556862,0.0005678944674055721,False,True,78238.45863556862,0.0,0.0,0.0
2006-07-26,94977.85235059261,0.0006900317632388679,False,True,94977.85235059261,0.0,0.0,0.0
2006-07-27,71750.6133864671,0.0005216441164965092,False,True,71750.6133864671,0.0,0.0,0.0
2006-07-28,271105.5728973076,0.001965836118911063,False,True,271105.5728973076,0.0,0.0,0.0
2006-07-31,34612432.9597998,0.25073509267339594,True,True,101475.00936496258,34510957.950434834,0.0,0.0
2006-08-01,69106335.81103632,0.5007083502824818,True,True,42209.955083332956,55554.52690587193,34504285.66452356,34504285.66452356
2006-08-02,973465.5473262966,0.007040862794558834,False,True,216359.80163434893,90593.66513917595,179779.3068896234,486732.7736631483
2006-08-03,564428.5845435113,0.004060933492406269,False,True,41589.97041517496,240624.32185658813,229709.93573765457,52504.35653409362
2006-08-04,836426.789307341,0.006065714103012082,False,True,277969.2198256403,140244.17482803762,354925.19257641584,63288.2020772472
2006-08-07,263678.4276945293,0.0019038727893524138,False,True,65354.90519049764,47655.485537581146,84183.72830969095,66484.30865675956
2006-08-08,294692.20701736957,0.0021297864756146833,False,True,71278.55452041328,58034.60039271414,18032.948595546186,147346.10350869596
2006-08-09,362288.72240110487,0.002629274555789466,False,True,141507.05073454976,23028.38287384808,16608.927592158318,181144.3612005487
2006-08-10,355442.598269932,0.002554941705265446,False,True,93139.93727570027,84581.36185926944,109032.25067324191,68689.04846172035
2006-08-11,1399479.0978410617,0.01014234091993992,False,True,373417.68646256626,326321.86245797575,246393.37393522263,453346.174985297
2006-08-14,722802.4153306037,0.00526421519634724,False,True,222551.79355251044,138849.41411278397,330535.7934650034,30865.41420030594
2006-08-15,589732.5003186017,0.004322792786700556,False,True,294866.25015930086,78331.58614970744,119305.75196894258,97228.91204065084
2006-08-16,427642.1134612411,0.003127292766539276,False,True,92074.7516701147,121746.30506049097,30122.425936996937,183698.63079363853
2006-08-17,380297.6901826486,0.0027667346839077606,False,True,106321.3334350735,28403.549583032727,190148.84509132802,55423.96207321435
2006-08-18,1125132.046647288,0.008289318514663652,False,True,429216.55019275844,133349.4731308967,170638.0618179664,391927.9615056664
2006-08-21,587231.7524637952,0.0043312101626667605,False,True,207938.21815048903,85677.65808141232,206050.1005864814,87565.7756454125
2006-08-22,716693.7887470424,0.00522910575019045,False,True,133430.02469509095,199408.5076700896,25508.362008340657,358346.8943735212
2006-08-23,397641.8202404678,0.0029016760528651426,False,True,9157.89405027777,34684.20914679766,189663.01606996357,164136.7009734288
2006-08-24,252992.06788654625,0.0018508830623700243,False,True,15597.448935620487,110898.58500764519,69095.93981352448,57400.09412975609
2006-08-25,600178.6903308928,0.004400558470250341,False,True,300089.34516545385,67937.87165989727,209241.98829458654,22909.485210955143
2006-08-28,461042.931802541,0.003381389415569721,False,True,99094.94357409328,230521.4659012705,59484.779128067195,71941.74319911003
2006-08-29,1066672.75371553,0.007857479471709207,False,True,312260.9808602184,221075.3959975466,257645.92629633844,275690.4505614266
2006-08-30,571177.540612936,0.00421245405457187,False,True,132913.01777287573,103304.09262806922,285588.77030647546,49371.65990551561
2006-08-31,313093.1238694936,0.002299461902967622,False,True,49060.72626340389,10479.900434784591,156546.5619347468,97005.93523655832
2006-09-01,918153.2987306118,0.006705166112676201,False,True,214927.9581758976,244148.69118940085,211473.670688577,247602.97867673635
2006-09-04,34233343.768415526,0.250509753577708,True,True,3243.9236407876015,279849.15165121853,33918664.49695136,31586.19617216289
2006-09-05,154806.02819293737,0.0011298548453135856,False,True,29615.75778297335,92706.15890195966,0.0,32484.111508004367
2006-09-06,732214.4023630321,0.0053152138336968425,False,True,91886.44793061912,181203.78586564958,0.0,459124.1685667634
2006-09-07,209918.47646012157,0.0015331631893585012,False,True,120212.68062160909,51430.704640477896,0.0,38275.091198034585
2006-09-08,882183.7327884026,0.0065028787377493695,False,True,234583.4846073985,49251.558865614235,0.0,598348.6893153898
2006-09-11,388823.4377600923,0.0028787436072060975,False,True,120232.74296953529,87034.99732717127,0.0,181555.69746338576
2006-09-12,32964931.672804475,0.24699605450089887,True,True,76506.64999927208,285363.8349804878,0.0,32603061.187824715
2006-09-13,101963.67100568861,0.0007634469469415548,False,True,74379.18179380149,27584.48921188712,0.0,0.0
2006-09-14,81145.9565885514,0.0006068381433298857,False,True,63504.224872443825,17641.731716107577,0.0,0.0
2006-09-15,116595.06428703293,0.0008704211911758508,False,True,93418.98298054188,23176.081306491047,0.0,0.0
2006-09-18,80641.9834189117,0.0006022489462024602,False,True,27557.347136698663,53084.63628221303,0.0,0.0
2006-09-19,162114.83216150478,0.0012081887798809138,False,True,150717.5325184837,11397.299643021077,0.0,0.0
2006-09-20,176087.41113260016,0.0013157752786421765,False,True,140167.03114696592,35920.37998563424,0.0,0.0
2006-09-21,314223.63359193504,0.0023503406237346675,False,True,190879.3151305206,123344.31846141443,0.0,0.0
2006-09-22,723001.2788935341,0.005425618117547263,False,True,470466.69372978806,252534.58516374603,0.0,0.0
2006-09-25,263758.5345364101,0.0019840157096928557,False,True,53083.035104807466,210675.49943160266,0.0,0.0
2006-09-26,256873.3482723087,0.0019333692097724035,False,True,148111.08158497512,108762.26668733358,0.0,0.0
2006-09-27,355793.42805669084,0.0026693025839072447,False,True,284827.27956650034,70966.1484901905,0.0,0.0
2006-09-28,33427161.137063175,0.25052194985005155,True,True,236616.67336431146,33190544.463698864,0.0,0.0
2006-09-29,84940.7701241225,0.0006360540368269436,False,True,84940.7701241225,0.0,0.0,0.0
2006-10-02,119697.2297177203,0.0008952476858494021,False,True,119697.2297177203,0.0,0.0,0.0
2006-10-03,33607979.575656876,0.2510209284787127,True,True,33607979.575656876,0.0,0.0,0.0
2006-10-04,0.0,0.0,False,False,0.0,0.0,0.0,0.0
2006-10-05,0.0,0.0,False,False,0.0,0.0,0.0,0.0
2006-10-06,0.0,0.0,False,False,0.0,0.0,0.0,0.0
2006-10-09,0.0,0.0,False,False,0.0,0.0,0.0,0.0
2006-10-10,0.0,0.0,False,False,0.0,0.0,0.0,0.0
2006-10-11,0.0,0.0,False,False,0.0,0.0,0.0,0.0
2006-10-12,0.0,0.0,False,False,0.0,0.0,0.0,0.0
2006-10-13,0.0,0.0,False,False,0.0,0.0,0.0,0.0
2006-10-16,0.0,0.0,False,False,0.0,0.0,0.0,0.0
2006-10-17,0.0,0.0,False,False,0.0,0.0,0.0,0.0
2006-10-18,0.0,0.0,False,False,0.0,0.0,0.0,0.0
2006-10-19,0.0,0.0,False,False,0.0,0.0,0.0,0.0
2006-10-20,0.0,0.0,False,False,0.0,0.0,0.0,0.0
2006-10-23,33471292.393162873,0.25,True,True,33471292.393162873,0.0,0.0,0.0
2006-10-24,60345.21979722753,0.000450452999457524,False,True,60345.21979722753,0.0,0.0,0.0
2006-10-25,82525.54778893292,0.0006165266927727679,False,True,82525.54778893292,0.0,0.0,0.0
2006-10-26,20184.566307596862,0.00015082391792288908,False,True,20184.566307596862,0.0,0.0,0.0
2006-10-27,186234.4860619381,0.0013890114787892792,False,True,186234.4860619381,0.0,0.0,0.0
2006-10-30,3821.45521415025,2.8503028614792232e-05,False,True,3821.45521415025,0.0,0.0,0.0
2006-10-31,124243.62686968222,0.0009278404410427654,False,True,124243.62686968222,0.0,0.0,0.0
2006-11-01,50541.312146861106,0.00037724820843251913,False,True,50541.312146861106,0.0,0.0,0.0
2006-11-02,12058.50374224782,8.999574565565808e-05,False,True,12058.50374224782,0.0,0.0,0.0
2006-11-03,66994854.33670439,0.5,True,True,0.0,33497427.168352194,33497427.168352194,0.0
2006-11-06,350078.1414059773,0.002612576805641816,False,True,4609.057259295136,174094.7764011547,171374.30774552748,0.0
2006-11-07,59769.82253988087,0.00044525812837105177,False,True,24395.771451711655,6032.311619885266,29341.73946828395,0.0
2006-11-08,158864.2744161114,0.0011811131852599095,False,True,45993.28401195258,98602.79517014325,14268.195234015584,0.0
2006-11-09,224598.06656858325,0.0016738794635606377,False,True,44639.628393571824,108371.04139531404,71587.39677969739,0.0
2006-11-10,34098363.82007451,0.25347378273288473,True,True,6299.857914023101,184096.1635156721,276911.9035978839,33631055.895046934
2006-11-13,981188.5082025267,0.0073648588562664555,False,True,172762.6671152413,250713.6805924885,490594.25410126895,67117.90639352798
2006-11-14,121830.90040929615,0.0009200541994129959,False,True,48161.61121407524,12753.83899058029,10309.05400653556,50606.39619810507
2006-11-15,668770.9590986669,0.005038408127799372,False,True,246934.81421937793,55737.36579666287,31713.29953329265,334385.47954933345
2006-11-16,306090.50109159574,0.0023010069924095013,False,True,72502.71186680719,80542.53867898881,106897.51649989933,46147.734045900404
2006-11-17,782502.5315976292,0.005915308552796952,False,True,112653.18195801601,278598.08384079114,317464.595631402,73786.67016742006
2006-11-20,349224.02742337063,0.0026346638333468366,False,True,174612.01371168718,20622.475501574576,35802.71999097988,118186.818219129
2006-11-21,174019.33197395876,0.0013101482285949647,False,True,62000.05334119126,20369.370706871152,87009.66598697752,4640.241938918829
2006-11-22,729668.811072655,0.005465319673640939,False,True,191113.90995943546,173720.4955768995,290799.85054041445,74034.55499590561
2006-11-23,614492.7023443058,0.00459594750276499,False,True,65264.694961268455,206877.32097158954,241981.65621088445,100369.03020056337
2006-11-24,136843.0282073319,0.0010237601643604596,False,True,32611.06997750327,35810.44412617013,9020.767841748893,59400.746261909604
2006-11-27,549997.5952566676,0.0040986226007499035,False,True,144058.7998368144,38023.47594431043,130939.99779151753,236975.32168402523
2006-11-28,1153604.7989853062,0.008562869587422438,False,True,447011.3163403906,123220.76084527373,576802.3994926661,6570.322306975722
2006-11-29,289666.2308270559,0.0021476205410546146,False,True,14674.435456223786,130158.67995730042,74287.44290234894,70545.67251118273
2006-11-30,613896.6076842174,0.004539448834929135,False,True,198263.05803453922,40902.376265369356,108685.2458075583,266045.9275767505
2006-12-01,687615.6522030905,0.005036090915874516,False,True,232475.26495465636,111332.5611468777,66482.2263975963,277325.5997039601
2006-12-04,34301925.191349804,0.2517112804146891,True,True,34114433.560986325,70889.36154703796,55852.23204474896,60750.036771692336
2006-12-05,794568.709177047,0.005853940965038304,False,True,0.0,162143.11199828982,465110.6421887055,167314.9549900517
2006-12-06,421959.5695416704,0.0031122063450949532,False,True,0.0,107121.9169544056,192212.1671826318,122625.48540463299
2006-12-07,942065.4615946151,0.007003031061431842,False,True,0.0,338582.6580525711,225413.967162963,378068.836379081
2006-12-08,244193.4184895754,0.0018119511662131706,False,True,0.0,60185.50729196519,91386.5866124332,92621.324585177
2006-12-11,366755.6353335008,0.002737312267841943,False,True,0.0,15592.719447832555,85332.55207890645,265830.3638067618
2006-12-12,346051.66897314414,0.0025770955308263713,False,True,0.0,56151.077957585454,79890.8324819617,210009.758533597
2006-12-13,151508.4659209177,0.0011304837675726895,False,True,0.0,6786.731627948582,101318.58826720715,43403.14602576196
2006-12-14,138137.12822931632,0.0010307145426456908,False,True,0.0,43451.59428855404,25595.72934700921,69089.80459375307
2006-12-15,518212.916852694,0.0038664360255416122,False,True,0.0,101631.81713069975,260085.72546918318,156495.37425281107
2006-12-18,547610.7914555222,0.004113005154458811,False,True,0.0,162893.95045128837,44384.24148356542,340332.5995206684
2006-12-19,399212.7529939525,0.0030072186483934235,False,True,0.0,4750.316663961858,248330.88953528926,146131.54679470137
2006-12-20,200274.19543323293,0.0014999098011359406,False,True,0.0,29063.00601042062,3553.2789861783385,167657.91043663397
2006-12-21,320999.81983458623,0.002408892402192365,False,True,0.0,127003.53259099275,127025.48197918385,66970.80526440963
2006-12-22,96076.44545639306,0.0007227281239921484,False,True,0.0,7990.381013680249,63479.68992078677,24606.374521926045
2006-12-25,228546.09873379022,0.0017161332217834663,False,True,0.0,84369.61423685029,69113.1557767056,75063.32872023433
2006-12-26,17423.989058148116,0.000130848947974489,False,True,0.0,3484.7978116311133,3484.7978116311133,10454.39343488589
2006-12-27,33707819.81771107,0.25311236824184635,True,True,33293335.339409,58112.51111994684,147598.80557156727,208773.16161055863
2006-12-28,233727.17755028605,0.001752818542734777,False,True,74493.66587656736,26197.075002357364,42369.92289857566,90666.51377278566
2006-12-29,374988.5833958648,0.0027936131129421586,False,True,59248.30971245095,10116.647001814097,118129.33498367295,187494.29169792682
2007-01-01,135869.5386051163,0.0010110779572449463,False,True,22737.60820531845,45197.16109724343,10344.338478788733,57590.430823765695
2007-01-02,33601813.83426014,0.25003926341827315,True,True,1319.1148994714022,1319.1148994714022,33595218.25976279,3957.3446984142065
2007-01-03,309746.5596460253,0.002294836047071383,False,True,81209.00045501441,180660.10617094487,0.0,47877.45302006602
2007-01-04,608998.9224276617,0.004546087922249076,False,True,146744.5225872174,30959.02281776443,0.0,431295.3770226799
2007-01-05,310261.7296229191,0.00232534375178861,False,True,88266.07927292585,62184.97033576667,0.0,159810.6800142266
2007-01-08,634538.6060555726,0.004800745559008895,False,True,160873.64663375914,3489.1497849971056,0.0,470175.8096368164
2007-01-09,156965.27590828016,0.0011851246533150662,False,True,44582.23758920655,38738.731431916356,0.0,73644.30688715726
2007-01-10,252490.01935928687,0.0019034999998423388,False,True,1730.1059004589915,99649.71582049131,0.0,151110.19763833657
2007-01-11,206663.9147851318,0.001560979618648081,False,True,71906.05962621048,67925.63155041635,0.0,66832.22360850498
2007-01-12,191933.17770524696,0.0014464458580123155,False,True,13890.99204819277,119478.89335567504,0.0,58563.292301379144
2007-01-15,938752.7719984278,0.007021459257962931,False,True,189897.34595267102,153889.36612015218,0.0,594966.0599256046
2007-01-16,42318.191881902516,0.00031657012131695384,False,True,2209.5716408230364,18593.69010073319,0.0,21514.93014034629
2007-01-17,189021.26943035424,0.001415265675712772,False,True,79724.19858220592,37550.89622758329,0.0,71746.17462056503
2007-01-18,298445.0324922167,0.0022241181835420164,False,True,70857.4880217351,10233.087487298995,0.0,217354.45698318258
2007-01-19,340292.80622188747,0.0025383812808392188,False,True,39089.44132288173,115207.04796739295,0.0,185996.3169316128
2007-01-22,34047331.83871397,0.2528799718013669,True,True,49791.22481262684,71669.93218827248,0.0,33925870.68171307
2007-01-23,88129.88197956234,0.000655425693247024,False,True,52317.83136917651,35812.050610385835,0.0,0.0
2007-01-24,33795757.60672296,0.25089206663207925,True,True,4635.01395341754,115528.4813356027,0.0,33675594.11143394
2007-01-25,699641.0448794402,0.0052030606582874435,False,True,152279.47188474983,379216.45551527664,0.0,168145.11747941375
2007-01-26,147421.03786560148,0.001099778072646755,False,True,21080.575518269092,91703.052532956,0.0,34637.409814376384
2007-01-29,165029.2701133564,0.0012332892509183055,False,True,15058.746196147054,96689.68133122846,0.0,53280.84258598089
2007-01-30,215093.90460202843,0.00160921797450268,False,True,88962.4353621006,44195.12853716314,0.0,81936.34070276469
2007-01-31,169396.57629366964,0.0012647565005334434,False,True,4916.010123766959,45720.358607932925,0.0,118760.20756196976
2007-02-01,230446.41007965803,0.0017139475380271232,False,True,4077.6756564080715,50538.4770192951,0.0,175830.25740395486
2007-02-02,423330.53342918307,0.003134940976689883,False,True,224305.385677889,138839.11757963896,0.0,60186.03017165512
2007-02-05,582137.9238488041,0.004327145923925573,False,True,57509.10063131899,170485.90705046058,0.0,354142.9161670245
2007-02-06,33884407.829598814,0.2512833503408731,True,True,129899.32204823941,33707206.800029606,0.0,47301.70752096921
2007-02-07,196263.82839057595,0.001451248248468024,False,True,42255.92223086208,0.0,0.0,154007.90615971386
2007-02-08,109631.36678243428,0.000811971841929661,False,True,68706.12136270106,0.0,0.0,40925.245419733226
2007-02-09,466913.95457259566,0.003446255424454623,False,True,117019.42759031802,0.0,0.0,349894.52698227763
2007-02-12,567386.7745464444,0.004185086419132092,False,True,261428.42273774743,0.0,0.0,305958.351808697
2007-02-13,213265.3279326856,0.00157737995039101,False,True,13824.0107049793,0.0,0.0,199441.3172277063
2007-02-14,128312.73412694037,0.000947244895969286,False,True,31416.648255497217,0.0,0.0,96896.08587144315
2007-02-15,258841.31882128865,0.0019035730196450872,False,True,139470.35543040186,0.0,0.0,119370.96339088678
2007-02-16,46714.588409371674,0.00034350769044181944,False,True,19286.85858516395,0.0,0.0,27427.729824207723
2007-02-19,64645.43150109053,0.0004753815102261115,False,True,30717.18446470797,0.0,0.0,33928.247036382556
2007-02-20,86382.5276158899,0.0006348257963329647,False,True,21595.631903976202,0.0,0.0,64786.895711913705
2007-02-21,684674.9478162937,0.005057126802772047,False,True,171168.73695407063,0.0,0.0,513506.21086222306
2007-02-22,35045235.45960455,0.25625952668484625,True,True,85846.73177302629,0.0,34189202.556656525,770186.1711749956
2007-02-23,696006.3265539706,0.0050770110885135465,False,True,152631.21035408974,0.0,389624.2217643261,153750.89443555474
2007-02-26,490657.20046743006,0.003568604383349548,False,True,194958.2330238223,0.0,138428.82602678984,157270.1414168179
2007-02-27,254572.43035184592,0.0018488745332371195,False,True,75930.70450815558,0.0,26637.64606010914,152004.0797835812
2007-02-28,962121.6391213275,0.007081119198852283,False,True,100789.27698674798,0.0,152887.0332081467,708445.3289264329
2007-03-01,616574.7998106182,0.0045380223227785305,False,True,118068.1365013048,0.0,190568.66870336235,307937.994605951
2007-03-02,433775.55140694976,0.0032031996639445763,False,True,160742.94442024827,0.0,136664.54010087252,136368.06688582897
2007-03-05,34499548.00045057,0.25780125852289504,True,True,257585.1862091422,33455565.925201543,64756.99133133516,721639.8977085538
2007-03-06,353015.4993274696,0.002665888844964873,False,True,130439.60332165286,99829.60204663873,76678.14761709422,46068.14634208381
2007-03-07,466773.0613248609,0.0034910223161663378,False,True,40375.66341429204,218290.55457497016,15095.976087447256,193010.86724815145
2007-03-08,340140.7757151462,0.002530735141179021,False,True,76250.29164975882,48769.207826364785,170070.38785757124,45050.88838145137
2007-03-09,197971.82905815542,0.0014694787660772088,False,True,20212.575862258673,98985.91452907771,13443.36284955591,65329.97581726313
2007-03-12,787218.7616428621,0.005847341610065013,False,True,209352.52640960366,184256.8544118181,338564.88541522995,55044.49540621042
2007-03-13,385341.394781366,0.0028587096638269718,False,True,57269.2440745309,135401.4533161521,162287.34714448452,30383.350246198475
2007-03-14,516655.4236828126,0.0038508704474984486,False,True,44209.40238733962,214118.30945407227,68658.97304147854,189668.73879992217
2007-03-15,191915.4300465472,0.001430994285332508,False,True,95957.71502327174,5395.895424235612,30538.65510199219,60023.16449704766
2007-03-16,236337.12311909348,0.0017552571792074376,False,True,118168.56155955046,24009.692838199437,59982.58282079548,34176.2859005481
2007-03-19,667630.3370663747,0.0049312896291946375,False,True,180934.4900606498,165130.028199628,152880.67847255617,168685.14033354074
2007-03-20,278987.761927478,0.0020562283675179312,False,True,97328.95034887642,42164.930614866316,107732.82463695854,31761.056326776743
2007-03-21,369516.1691403836,0.002714326194913489,False,True,83553.30240606517,60285.93677068502,101204.78216412663,124472.14779950678
2007-03-22,356712.0262558535,0.0026109919857173454,False,True,20350.72990706563,171106.1387951076,7249.874332822859,158005.28322085738
2007-03-23,594339.3795652986,0.004322550127409572,False,True,59441.2920107916,7932.639037325978,297169.6897826493,229795.7587345317
2007-03-26,365529.92252282053,0.0026707965310629645,False,True,76032.98220335692,96010.7967575714,10721.18230048567,182764.96126140654
2007-03-27,364490.6675765291,0.002648989203896038,False,True,96535.87393013388,17125.18484225124,85709.45985813439,165120.14894600958
2007-03-28,131564.6418980062,0.0009564143273207631,False,True,16444.8424115628,49337.47853744775,40767.033458955586,25015.287490040064
2007-03-29,478073.86736961454,0.0034718690969258947,False,True,133169.14984566718,105867.78383914381,214256.99386958033,24779.939815223217
2007-03-30,741476.4744924158,0.005367972186213749,False,True,179202.01397255063,53132.9088986963,191536.22327365726,317605.3283475116
2007-04-02,316531.9617950171,0.0022916514678716273,False,True,86484.83584479988,36758.020745530725,71781.14505270123,121507.96015198529
2007-04-03,649239.031795159,0.004684448117939467,False,True,64071.76179589331,260547.75410167873,217371.7121181488,107247.80377943814
2007-04-04,468130.58898067474,0.0033815666103507403,False,True,197036.54836122692,145124.10734886676,88941.18714146316,37028.746129117906
2007-04-05,584262.2251209468,0.004179993200083342,False,True,202675.97882339358,89455.1337370798,84988.91678151488,207142.1957789585
2007-04-06,161585.89824535698,0.0011548364934293787,False,True,27231.500987507403,22458.554329052567,80792.94912268221,31102.893806114793
2007-04-09,42801.27222625166,0.0003058336510971252,False,True,7125.036701627076,7150.562709875405,7125.036701627076,21400.636113122106
2007-04-10,535555.5092060566,0.0038388076364490645,False,True,267777.75460302085,13610.183358728886,143531.23916177452,110636.33208253235
2007-04-11,674713.5754681602,0.004800556713302652,False,True,337356.7877340764,154439.9479311034,70662.13899482042,112254.70080816
2007-04-12,72008.63032566756,0.0005127791579857503,False,True,35123.19619949162,5806.140119828284,30198.17504300177,881.1189633458853
2007-04-13,290882.9402248189,0.0020719701591808766,False,True,92893.95932266861,122642.72500541806,22798.745106980205,52547.51078975201
2007-04-16,483265.89056212455,0.0034147740911406876,False,True,35757.96874179691,45093.50748760998,196539.43779344112,205874.97653927654
2007-04-17,785008.2732810974,0.005562640307198349,False,True,124003.40074507147,50311.406675711274,268500.7358954698,342192.7299648449
2007-04-18,454546.63820075244,0.0032230320679798143,False,True,25654.464059874415,201618.85504049063,62883.501239061356,164389.81786132604
2007-04-19,343059.24852886796,0.0024319473122085384,False,True,86133.30034333467,28061.244593955576,57335.07932714373,171529.62426443398
2007-04-20,588348.3471723273,0.004178940456461899,False,True,223981.91644398123,55269.399686694145,14922.857455477118,294174.17358617485
2007-04-23,540941.4521109983,0.0038212245425176244,False,True,108949.18262454867,108013.23138920963,53508.31204173714,270470.7260555029
2007-04-24,614596.5374866351,0.004343483473705451,False,True,46607.97207565606,180038.56403695047,260690.29666765034,127259.70470637828
2007-04-25,219174.54820791632,0.0015608449936020375,False,True,63421.24970088154,46166.02440307289,96789.71121765673,12797.562886305153
2007-04-26,359694.5627327785,0.0025425776755470023,False,True,9873.940042346716,41476.899224855006,179847.28136638552,128496.44209919125
2007-04-27,781841.7396993339,0.005576760960791669,False,True,324617.02651545405,66303.8433342129,116267.4782166481,274653.39163301885
2007-04-30,726933.6412183493,0.0051581501791858045,False,True,316928.8719016835,46537.94870748371,193435.63513996452,170031.1854692176
2007-05-01,298997.19714256376,0.0021240655478015113,False,True,14399.301165297627,135099.29740597308,29913.702765651047,119584.89580564201
2007-05-02,362027.4528997764,0.002580065303511524,False,True,90895.49091383815,33985.11325827241,90118.23553605378,147028.61319161206
2007-05-03,403504.7525326833,0.0028783126860352126,False,True,185074.71196382493,92629.45411335677,109122.92215299606,16677.664302505553
2007-05-04,754517.1354141161,0.005353635475090822,False,True,129076.74603512883,248181.82167192549,85148.69458431005,292109.8731227517
2007-05-07,668986.6651144028,0.004740837214163451,False,True,180467.95645850152,154025.37609869987,42867.026007547975,291626.3065496534
2007-05-08,559989.1424094215,0.00396799215511138,False,True,129027.03777206689,150967.5334326476,271105.3226560801,8889.2485486269
2007-05-09,456910.3420057669,0.0032423441802811293,False,True,26631.395327851176,201823.775675036,121361.1783034727,107093.99269940704
2007-05-10,445223.3856160939,0.003163371635495777,False,True,147982.2960105762,74629.39679747075,4676.006154708564,217935.68665333837
2007-05-11,1083137.7209458202,0.007746206992013901,False,True,230196.08992280066,218454.73140880466,92918.03914129734,541568.8604729176
2007-05-14,627580.846053496,0.004460365301792983,False,True,197354.44246230274,116435.98056444526,259091.39166627824,54699.03136046976
2007-05-15,557789.1390516087,0.003965023024240764,False,True,195956.12764948606,82938.44187632948,227283.94549190998,51610.624033883214
2007-05-16,415051.64868429303,0.002934021745085813,False,True,207525.82434213161,127796.6061727032,4435.165991269052,75294.05217818916
2007-05-17,1291887.5718999133,0.009174191282477075,False,True,570993.5659238026,285995.14055363834,74950.22002615035,359948.645396322
2007-05-18,613082.579378441,0.004353374869754948,False,True,174820.13926553726,64373.91927327961,131721.15042368323,242167.37041594088
2007-05-21,387204.3417988941,0.002747438916339102,False,True,114488.62622018903,12325.69279564172,66787.85188361257,193602.17089945078
2007-05-22,657165.3070334569,0.004642753851214737,False,True,166659.30887072533,255042.38532039523,161923.34464601427,73540.26819632202
2007-05-23,869342.4856705517,0.006174387605337419,False,True,268325.03700979054,166346.20582547784,408326.41262584925,26344.830209434032
2007-05-24,504159.05550006777,0.0035768520967569047,False,True,153134.98989906907,151336.49151916057,98944.53785096109,100743.03623087704
2007-05-25,327263.7991772145,0.0023403747732315726,False,True,59436.28539787978,111632.20989645272,51999.68969215453,104195.61419072747
2007-05-28,625372.3146337792,0.0044545144146844835,False,True,63848.03471622616,245588.3015140742,248838.12260066718,67097.85580281168
2007-05-29,306984.28022082895,0.0021826188552410775,False,True,144496.2023436278,8995.93776679039,64707.997133009136,88784.14297740161
2007-05-30,696616.4550879151,0.00496948882224184,False,True,50926.97236589342,109947.1039595604,348308.2275439501,187434.15121851116
2007-05-31,35171356.4763264,0.250558763414017,True,True,39217.281711779535,38044.296356886625,230820.2253907621,34863274.67286697
2007-06-01,248992.79611735046,0.001762264858861511,False,True,205924.76866777986,9537.529810115695,33530.4976394549,0.0
2007-06-04,191425.49218167365,0.0013475253635302192,False,True,29561.759187847376,86164.33148689568,75699.40150693059,0.0
2007-06-05,401784.88115663826,0.00282239684335247,False,True,140491.86147085577,23043.950808808208,238249.06887697428,0.0
2007-06-06,512905.81847295165,0.0036162451189255696,False,True,300450.5054752007,191189.79982306063,21265.513174690306,0.0
2007-06-07,869978.9838221297,0.006156183168576621,False,True,409589.8524796665,370503.06314243376,89886.06820002943,0.0
2007-06-08,213243.27638166398,0.0015097769544611817,False,True,61881.660712219775,35197.310368813574,116164.30530063063,0.0
2007-06-11,899346.4797288328,0.006393240218053121,False,True,100706.55886258185,277703.0499236509,520936.8709426001,0.0
2007-06-12,849914.5889843106,0.006000612008624223,False,True,280711.37641091645,304142.6297855526,265060.58278784156,0.0
2007-06-13,262290.1219982356,0.0018542592937558992,False,True,52221.95974702388,55771.90345234424,154296.25879886746,0.0
2007-06-14,388428.63418215513,0.002746602538835649,False,True,81859.26422006637,116265.14543037862,190304.22453171015,0.0
2007-06-15,933789.9889897332,0.00657428342159657,False,True,157538.25997821987,389985.3537606746,386266.3752508387,0.0
2007-06-18,256102.54356805235,0.0017901609746669206,False,True,116018.90721295774,54771.75269424915,85311.88366084546,0.0
2007-06-19,229760.96425487846,0.0016055749447072788,False,True,119981.16003993154,21880.584803044796,87899.21941190213,0.0
2007-06-20,844289.2573474124,0.005910098564315947,False,True,137785.01772854477,253531.26878137141,452972.9708374962,0.0
2007-06-21,387492.8454623148,0.0027191050702720676,False,True,237229.8430915177,62802.32862211764,87460.67374867946,0.0
2007-06-22,295363.8810035512,0.0020762446063115544,False,True,22025.12596475333,94559.09981731325,178779.6552214846,0.0
2007-06-25,484879.6009333953,0.0034217658699747825,False,True,139196.0353161171,173162.69079335034,172520.87482392788,0.0
2007-06-26,195658.1976638958,0.0013816173778408126,False,True,46635.50682165474,40047.80894963443,108974.88189260662,0.0
2007-06-27,409635.07022792846,0.0029055665054778875,False,True,81788.66148605198,125758.83519091457,202087.5735509619,0.0
2007-06-28,522806.0633492395,0.0037176294715187703,False,True,40233.90331303328,305650.4737114087,176921.68632479757,0.0
2007-06-29,35585695.11820527,0.251514199296861,True,True,314029.5205145702,183264.13609451056,35088401.46159619,0.0
2007-07-02,309411.92623853683,0.0021882700245739344,False,True,177243.555957824,132168.37028071284,0.0,0.0
2007-07-03,355167.3897019401,0.002499312871692578,False,True,157831.11691578478,197336.27278615534,0.0,0.0
2007-07-04,230159.6554281637,0.0016201001074888496,False,True,104846.97596211731,125312.6794660464,0.0,0.0
2007-07-05,106192.49722999334,0.0007463760713505666,False,True,38371.71095086634,67820.786279127,0.0,0.0
2007-07-06,129308.3707716167,0.0009105014586892165,False,True,109788.25080924481,19520.119962371886,0.0,0.0
2007-07-09,218403.44060435146,0.0015334187295942526,False,True,211762.56893227994,6640.8716720715165,0.0,0.0
2007-07-10,55933.96061461419,0.0003925001549086029,False,True,8528.071817576885,47405.8887970373,0.0,0.0
2007-07-11,155463.81432107836,0.001088546658131134,False,True,145439.53893090785,10024.275390170515,0.0,0.0
2007-07-12,32402.05654208362,0.00022683502189547653,False,True,22794.891328550875,9607.165213532746,0.0,0.0
2007-07-13,210705.21941707283,0.0014707317973872375,False,True,201447.41652601957,9257.80289105326,0.0,0.0
2007-07-16,267595.87369403243,0.0018640806867538495,False,True,61737.74225245416,205858.13144157827,0.0,0.0
2007-07-17,57566.02525866777,0.00040068526161217443,False,True,31927.200766004622,25638.824492663145,0.0,0.0
2007-07-18,53367.226031564176,0.0003711839827672275,False,True,46159.6178034991,7207.6082280650735,0.0,0.0
2007-07-19,126381.92466624826,0.0008774789864616543,False,True,11906.606694757938,114475.31797149032,0.0,0.0
2007-07-20,122008.60498639941,0.0008456819274822434,False,True,106017.88520833105,15990.719778068364,0.0,0.0
2007-07-23,214765.7998667881,0.0014900475382477688,False,True,142115.27132226527,72650.52854452282,0.0,0.0
2007-07-24,288193.5881206766,0.0019917472511984027,False,True,284180.0251576975,4013.5629629790783,0.0,0.0
2007-07-25,110777.13255082071,0.0007662986097066859,False,True,88524.2880147174,22252.84453610331,0.0,0.0
2007-07-26,36444364.7010142,0.2528670906749911,True,True,315790.7311113551,97427.52481642365,0.0,36031146.44508642
2007-07-27,749791.3086134493,0.005255935894278032,False,True,284929.7611159012,191334.7435414046,0.0,273526.80395614356
2007-07-30,1155183.3624435142,0.008174809599830392,False,True,164311.45110245794,745838.428547211,0.0,245033.48279384524
2007-07-31,563538.8202565014,0.0039664766967802715,False,True,365721.314823471,186108.17919745296,0.0,11709.326235577464
2007-08-01,591317.6519286633,0.004141920156573477,False,True,269359.6139148623,112389.39839170128,0.0,209568.6396220997
2007-08-02,669748.2189398557,0.004708457855463278,False,True,237861.83442896605,162073.33310504258,0.0,269813.0514058471
2007-08-03,466267.3911130801,0.003267912850570649,False,True,123441.24674788117,164297.1752369851,0.0,178528.96912821382
2007-08-06,720569.6425230354,0.005046809809039797,False,True,183660.62865383178,164528.17869058996,0.0,372380.83517861366
2007-08-07,529170.1252418533,0.003714745289338572,False,True,305334.9603082612,190069.22096340358,0.0,33765.9439701885
2007-08-08,202191.6790471673,0.0014216419217640383,False,True,21435.307462848723,108060.40791453421,0.0,72695.96366978437
2007-08-09,377073.61618468165,0.0026356758441073713,False,True,165911.14316990972,127774.6748547852,0.0,83387.79815998673
2007-08-10,472164.03503959626,0.003339278466708207,False,True,188530.0141576752,27554.025027528405,0.0,256079.99585439265
2007-08-13,1237859.828308262,0.008762373253813684,False,True,358034.79719655216,276782.1727559343,0.0,603042.8583557755
2007-08-14,312869.4201550931,0.0022180853111568,False,True,129422.14302438498,64244.572913736105,0.0,119202.704216972
2007-08-15,757610.9660400897,0.00540484254653915,False,True,488955.67591490597,69423.43701366335,0.0,199231.8531115204
2007-08-16,630733.8169861883,0.004533214125956282,False,True,60996.86223771423,383933.3487666026,0.0,185803.6059818715
2007-08-17,1899919.3703177646,0.014129627716222535,False,True,1065312.1685773246,468723.26781802997,0.0,365883.93392241
2007-08-20,35877445.167013235,0.2616145801997357,True,True,35415421.98116927,76701.93348023295,0.0,385321.25236373395
2007-08-21,34338574.72031446,0.25046679707020664,True,True,0.0,34296515.370031275,0.0,42059.35028318316
2007-08-22,19569.072185575962,0.00014271035506335447,False,True,0.0,0.0,0.0,19569.072185575962
2007-08-23,136905.35405229777,0.0009970752459452635,False,True,0.0,0.0,0.0,136905.35405229777
2007-08-24,27272.300666883588,0.000198675496688776,False,True,0.0,0.0,0.0,27272.300666883588
2007-08-27,315830.47024749964,0.0022937511799131834,False,True,0.0,0.0,0.0,315830.47024749964
2007-08-28,23182.15328218043,0.00016840056881965208,False,True,0.0,0.0,0.0,23182.15328218043
2007-08-29,197181.12455272675,0.0014351104941282213,False,True,0.0,0.0,0.0,197181.12455272675
2007-08-30,194430.94756580144,0.0014124293785309967,False,True,0.0,0.0,0.0,194430.94756580144
2007-08-31,85069.00110351294,0.0006184871429642348,False,True,0.0,0.0,0.0,85069.00110351294
2007-09-03,310109.01595173776,0.0022478645286978013,False,True,0.0,0.0,0.0,310109.01595173776
2007-09-04,38418.19143483788,0.0002785825718743332,False,True,0.0,0.0,0.0,38418.19143483788
2007-09-05,365379.9726008326,0.002640160077074129,False,True,0.0,0.0,0.0,365379.9726008326
2007-09-06,0.0,0.0,False,False,0.0,0.0,0.0,0.0
2007-09-07,517604.04640916735,0.003721541155866953,False,True,0.0,0.0,0.0,517604.04640916735
2007-09-10,202504.73490051925,0.001453175457481134,False,True,0.0,0.0,0.0,202504.73490051925
2007-09-11,85753.55686000735,0.0006148636606665515,False,True,0.0,0.0,0.0,85753.55686000735
2007-09-12,353330.473713018,0.0025248945745774275,False,True,0.0,0.0,0.0,353330.473713018
2007-09-13,36820.80682197213,0.00026321330806487145,False,True,0.0,0.0,0.0,36820.80682197213
2007-09-14,121636.72813487798,0.0008705286483064184,False,True,0.0,0.0,0.0,121636.72813487798
2007-09-17,25891.888734035194,0.00018534863195056897,False,True,0.0,0.0,0.0,25891.888734035194
2007-09-18,381263.31505052745,0.0027194001478508694,False,True,0.0,0.0,0.0,381263.31505052745
2007-09-19,205058.2508975938,0.001459752537188921,False,True,0.0,0.0,0.0,205058.2508975938
2007-09-20,80090.94671621174,0.0005705788782073351,False,True,0.0,0.0,0.0,80090.94671621174
2007-09-21,456103.16858833283,0.0032353245677606535,False,True,0.0,0.0,0.0,456103.16858833283
2007-09-24,35299237.90067946,0.25058815506836235,True,True,0.0,0.0,35216387.11439649,82850.7862829715
2007-09-25,171846.68374200165,0.0012192800529545796,False,True,0.0,0.0,104813.66139542311,67033.02234657854
2007-09-26,35475248.69975434,0.25199874351911017,True,True,35193874.584799364,0.0,182089.9065990448,99284.20835593343
2007-09-27,484602.56736224145,0.0034356873231262334,False,True,208510.6786145419,0.0,68062.21591508389,208029.67283261567
2007-09-28,250965.87434734404,0.0017666992576851927,False,True,16060.385964900255,0.0,210081.32225634903,24824.16612609476
2007-10-01,36369076.96156404,0.25552594442770155,True,True,57041.92784665525,35582567.79269463,358662.5285092518,370804.7125135064
2007-10-02,371340.8700219318,0.002597874879532407,False,True,103552.4302527234,62344.96339993924,185670.43501095474,19773.041358314455
2007-10-03,740167.6076292098,0.005233223059599331,False,True,224709.95252257586,89322.37905868888,56051.472233340144,370083.8038146049
2007-10-04,447902.9786432609,0.003167115116376794,False,True,48441.95846345276,199138.54653312266,24812.942788511515,175509.53085817397
2007-10-05,647163.6395319104,0.004554571306189114,False,True,151220.93884975463,129530.74127171934,42830.13964446634,323581.8197659701
2007-10-08,991389.6700008735,0.006938738130764556,False,True,260764.47126880288,205327.87437617034,495694.8350004405,29602.48935545981
2007-10-09,803219.2748168185,0.0056840076174353065,False,True,128318.93745271862,273290.6999556869,340870.77502491325,60738.86238349974
2007-10-10,327936.37740997225,0.0023059948293248046,False,True,140297.4281770438,161023.70531959087,23670.760527946055,2944.4833853915334
2007-10-11,544244.3027029335,0.0038100538843276795,False,True,175584.9221765101,92244.78829588741,272122.1513514742,4292.440879061818
2007-10-12,147770.5751598552,0.001025286051712953,False,True,26726.868802644312,73885.28757992387,42383.94160037488,4774.477176912129
2007-10-15,414026.7156086266,0.002878879973824249,False,True,207013.3578043133,11520.404166325927,21385.817075543106,174107.13656244427
2007-10-16,1058500.747936651,0.007325392999922321,False,True,384783.2922445461,144467.08172377944,241912.88185973465,287337.4921085909
2007-10-17,1056412.1337884218,0.007361431276067594,False,True,18267.783497162163,528206.0668942109,209831.97378893942,300106.3096081093
2007-10-18,829360.6805488989,0.0057719008439216825,False,True,151295.51906677336,263384.82120767236,100032.85903856903,314647.48123588413
2007-10-19,645236.6603757516,0.004450724710749379,False,True,94623.38193655759,227994.94825131446,5898.0009256750345,316720.32926220447
2007-10-22,416786.32367450744,0.0028824346832809246,False,True,208393.1618372649,37244.30494057387,124149.2270117104,46999.62988495827
2007-10-23,449051.3057456389,0.0031425297236143497,False,True,144147.62619365007,129971.86167897284,80378.02667917311,94553.79119384289
2007-10-24,811097.7637139037,0.0056353361365131405,False,True,18345.31734547764,385646.74545738846,405548.8818569556,1556.819054082036
2007-10-25,527154.8372135535,0.0036554294147461714,False,True,166100.01384764165,144316.7575231418,97477.40475913137,119260.66108363867
2007-10-26,419387.5285081491,0.0028800861535335357,False,True,110188.29855209589,12659.393644407392,209693.76425407827,86846.07205756754
2007-10-29,608448.4571905658,0.004127619837741968,False,True,80151.53015034646,56810.735508695245,167261.9629362449,304224.22859527916
2007-10-30,330328.21031054854,0.002221065953583681,False,True,48288.200280569494,145914.73432403058,116875.90487469733,19249.370831251144
2007-10-31,926639.4521141201,0.006270460674804252,False,True,325439.3810072467,137880.34504982084,244465.74267753214,218853.98337952048
2007-11-01,635492.3351111263,0.004242247237984504,False,True,152260.00811693817,165486.15943862498,128937.30028080195,188808.8672747612
2007-11-02,350738.7045881897,0.0023604558170846096,False,True,75562.10065566003,31730.915120758116,99807.25163843483,143638.43717333674
2007-11-05,1359359.3333774284,0.009076698871783992,False,True,365773.00064879656,313906.6660399139,43727.63847872615,635952.0282099918
2007-11-06,636914.4108689353,0.004260850149128189,False,True,119991.85183938593,150904.96843902767,318457.20543445647,47560.385156065226
2007-11-07,867818.6900882199,0.005731492963411411,False,True,179470.3827585876,254438.96228553355,59622.988262824714,374286.3567812741
2007-11-08,1095744.745816864,0.007218771774723881,False,True,197914.7634108439,362662.60389105976,349957.6094975993,185209.7690173611
2007-11-09,476497.89972408116,0.0031448829655819264,False,True,8781.781104154885,238248.94986203313,46388.554825529456,183078.6139323637
2007-11-12,948632.5269186199,0.006282317158454946,False,True,89950.38471582532,474316.2634593174,328348.765433155,56017.113310322165
2007-11-13,2005471.8481939957,0.013675922969973867,False,True,428484.78270637244,345360.2741458118,574251.1413906291,657375.6499511823
2007-11-14,1115170.8206933737,0.007564191279862869,False,True,31872.214644767344,329280.8910709992,557585.4103466943,196432.30463091284
2007-11-15,459624.5556459576,0.0030733233439617738,False,True,171688.96191895008,158046.99589444697,58123.315904028714,71765.28192853183
2007-11-16,1026856.4697423205,0.006973954926354585,False,True,292192.75644326955,195472.64301923662,25762.835408642888,513428.2348711714
2007-11-19,519384.1846301779,0.0035255585657302264,False,True,1716.776505485177,145068.4181825742,259692.09231510013,112906.89762701839
2007-11-20,461506.95200648904,0.0031562793235230258,False,True,143613.43341638893,156908.1692186445,87140.04258686304,73845.30678459257
2007-11-21,1111429.5311919153,0.007508927947271273,False,True,283063.1354268417,272651.63016913086,32352.459085024893,523362.30651091784
2007-11-22,1010205.1429505497,0.006891243682252202,False,True,12764.997313506901,505102.57147527486,255799.0225807801,236538.55158098787
2007-11-23,364312.23856686056,0.0024815520355967033,False,True,128244.24438405037,35474.57300059497,53911.87489938736,146681.54628282785
2007-11-26,1834221.609185651,0.012419429061054007,False,True,694318.140053086,222792.6645397395,261664.39008496702,655446.4145078585
2007-11-27,747008.0364006609,0.005062956632219363,False,True,365798.94101346284,301184.85558243096,7705.077186867595,72319.16261789948
2007-11-28,780573.2371159568,0.005340967599268204,False,True,97946.58259114623,292340.0359668359,202391.5791291967,187895.039428778
2007-11-29,1930757.8101599142,0.01317145159138882,False,True,760089.5810362697,205289.3240436837,491607.0704100579,473771.8346699029
2007-11-30,689141.2237551957,0.004722010468823938,False,True,172603.90606937557,45987.76536300033,125978.94044522941,344570.6118775904
2007-12-03,1070350.6093373895,0.007365997258169174,False,True,201499.04315974563,333676.2615089491,240376.04546120018,294799.25920749456
2007-12-04,814117.706400618,0.005588588122523085,False,True,46036.38425497711,121112.2940453142,239910.17490002513,407058.8532003015
2007-12-05,1106786.6727283448,0.007619125137123757,False,True,277785.41407815367,275607.9222860113,111414.71734790504,441978.6190162748
2007-12-06,36710310.16620168,0.25315965915642824,True,True,358715.65908278525,36122505.74147894,7641.741818636656,221447.02382131666
2007-12-07,279950.6349019781,0.001915786138134252,False,True,141620.1819837317,0.0,108355.8905390203,29974.56237922609
2007-12-10,708917.5218834728,0.004849789582524007,False,True,324560.99000521004,0.0,35719.01328288764,348637.5185953751
2007-12-11,902219.7620192915,0.006153669964343472,False,True,263525.8138106838,0.0,132583.31577971578,506110.63242889196
2007-12-12,969929.6390134841,0.006617711396138666,False,True,193669.28581632674,0.0,285146.9708630219,491113.3823341355
2007-12-13,1519123.4321817607,0.010279353322084317,False,True,607283.0951925367,0.0,457918.5960070044,453921.7409822196
2007-12-14,652257.0326680616,0.004456140823989082,False,True,149713.0356848389,0.0,115183.71665428579,387360.2803289369
2007-12-17,213221.92796172202,0.0014612027384962388,False,True,162913.33905868232,0.0,49231.958754487336,1076.6301485523582
2007-12-18,290056.71936173737,0.0019949175807185905,False,True,210573.42956627905,0.0,20448.28622224182,59035.0035732165
2007-12-19,36852567.269075796,0.25285209685764665,True,True,36342849.347734325,0.0,164133.1842206344,345584.737120837
2007-12-20,354719.8206572011,0.0024285665904781005,False,True,0.0,0.0,255827.0990368724,98892.72162032872
2007-12-21,192065.3922398016,0.0013184308143006042,False,True,0.0,0.0,19569.413847737014,172495.97839206457
2007-12-24,37284019.55946172,0.253926094440257,True,True,0.0,0.0,36868013.26653097,416006.29293075204
2007-12-25,0.0,0.0,False,False,0.0,0.0,0.0,0.0
2007-12-26,162782.92825948447,0.0011102886750554764,False,True,0.0,0.0,0.0,162782.92825948447
2007-12-27,37448125.236840524,0.25404406100754895,True,True,0.0,0.0,36851998.31903151,596126.917809017
2007-12-28,43279.25342512876,0.000293429505713607,False,True,0.0,0.0,15753.084927350283,27526.168497778475
2007-12-31,824084.0108074173,0.00556808177321086,False,True,0.0,0.0,285324.87499535084,538759.1358120665
2008-01-01,338217.2171403989,0.0022892585897141093,False,True,0.0,0.0,103988.66269596666,234228.55444443226
2008-01-02,0.0,0.0,False,False,0.0,0.0,0.0,0.0
2008-01-03,988234.6544186845,0.006600666252115412,False,True,0.0,0.0,427945.6051129475,560289.049305737
2008-01-04,294068.099552013,0.001956468722020206,False,True,0.0,0.0,118096.65873278677,175971.4408192262
2008-01-07,222010.96962998062,0.0014814407565810943,False,True,0.0,0.0,102753.01533237845,119257.95429760218
2008-01-08,356980.6665549651,0.0023898480981590664,False,True,0.0,0.0,300424.0012736395,56556.66528132558
2008-01-09,741898.843022123,0.004917875575667154,False,True,0.0,0.0,246824.95448353887,495073.8885385841
2008-01-10,185554.91696363688,0.0012309538371884517,False,True,0.0,0.0,121984.23019381613,63570.68676982075
2008-01-11,809471.0435011089,0.005354533947387719,False,True,0.0,0.0,296204.75334632397,513266.2901547849
2008-01-14,156710.05864613503,0.0010344696938816018,False,True,0.0,0.0,146218.32470648736,10491.733939647675
2008-01-15,38483482.48926432,0.2526762643389191,True,True,38075878.03107393,0.0,247658.80712363124,159945.65106675774
2008-01-16,393707.1353173405,0.0026115076882284524,False,True,3734.399484306574,0.0,98089.79308851808,291882.94274451584
2008-01-17,345913.7130622789,0.0023157418279052735,False,True,100472.61369945109,0.0,128670.86978235841,116770.22958046943
2008-01-18,340915.6221393049,0.0022853550520381045,False,True,195567.10408551246,0.0,61064.95963289589,84283.55842089653
2008-01-21,238284.82443384826,0.0015939259811293422,False,True,78953.67552430928,0.0,14537.069324985147,144794.07958455384
2008-01-22,1278912.8908862025,0.008653563177107736,False,True,512898.4914646223,0.0,426304.29696207494,339710.1024595052
2008-01-23,2173043.2194292545,0.014565499452515281,False,True,445730.58100833,0.0,911421.5288721845,815891.1095487401
2008-01-24,1060767.8925541341,0.007184843628933642,False,True,275175.7861525789,0.0,449140.6438054368,336451.46259611845
2008-01-25,649049.6784344539,0.004320204715090937,False,True,186727.26707820594,0.0,207129.4812638685,255192.93009237945
2008-01-28,587545.2133327052,0.003898675744785575,False,True,159441.74762093276,0.0,352263.7180211395,75839.74769063294
2008-01-29,612681.613021478,0.004038550081008597,False,True,180775.72371100634,0.0,86091.39769829065,345814.49161218107
2008-01-30,579615.7990644202,0.0038146932835108264,False,True,35475.62563623488,0.0,283663.68749533594,260476.48593284935
2008-01-31,293806.99806284904,0.0019303374516614832,False,True,60411.81726054847,0.0,53737.903438441455,179657.27736385912
2008-02-01,38893609.55015643,0.25457741824347774,True,True,332672.119403407,38194284.68804585,88508.54718258977,278144.1955245808
2008-02-04,2015049.2285763472,0.01324758483320522,False,True,460615.501371488,546909.1129166856,317246.0105049163,690278.6037832573
2008-02-05,818042.6772705764,0.005354309333618399,False,True,168814.25484858453,187508.96165803075,221512.37697725743,240207.08378670365
2008-02-06,789379.1980819106,0.005218240876418226,False,True,377265.70062635094,120991.24115091562,17423.898414604366,273698.3578900397
2008-02-07,781540.6684942767,0.0051483046188608595,False,True,247109.55143740773,143660.78280974925,8669.17969582975,382101.15455129
2008-02-08,1124582.5095009133,0.007378279154442425,False,True,271181.5736678615,291109.68108258396,277025.88406600803,285265.3706844598
2008-02-11,1421060.3030818477,0.009246626144923062,False,True,570128.5207620263,140401.63077890873,514529.6477858126,196000.50375510007
2008-02-12,320679.11880095303,0.002077463879373859,False,True,99073.91620796919,61265.64319251478,11986.842502102256,148352.7168983668
2008-02-13,1419116.590110749,0.009235237048514295,False,True,355965.26342571527,353593.03162965924,171454.8803749904,538103.4146803841
2008-02-14,865500.3022771329,0.005645890250938206,False,True,236253.00127335638,432750.1511385739,96556.97840748727,99940.17145771533
2008-02-15,1174322.8876485378,0.007606607186332692,False,True,383659.1673854366,125329.0654752031,461832.37834905833,203502.27643883973
2008-02-18,388199.82019753754,0.00251846777392376,False,True,12040.128706373274,193093.26569815725,1006.6444006115198,182059.7813923955
2008-02-19,480243.8814898133,0.00310130717111988,False,True,171401.99550178647,68719.94524311274,177703.8274367079,62418.1133082062
2008-02-20,1616411.960168846,0.010271169066158126,False,True,520087.8511309102,288118.1289535165,472069.2041840255,336136.7759003937
2008-02-21,1115810.150278613,0.0070670124788356865,False,True,64481.3530819118,393540.5587121025,99883.16334529221,557905.0751393065
2008-02-22,710975.46306891,0.004469766940094988,False,True,355487.7315344587,102771.51936551929,47208.14840295911,205508.06376597285
2008-02-25,396109.80848351866,0.0024883660628400466,False,True,129853.11139674485,30375.75229988247,167679.15194187313,68201.79284501821
2008-02-26,643617.3412834704,0.0040349644697983775,False,True,4694.880262032151,156778.77312272787,165029.89751901478,317113.7903796956
2008-02-27,441737.92496424913,0.002742642714129758,False,True,85696.23665011674,193407.66467905045,135172.72583202273,27461.29780305922
2008-02-28,364628.0604470372,0.002243727563277451,False,True,100003.70974721014,27874.288780480623,182314.03022352606,54436.03169582039
2008-02-29,1115854.816747725,0.00680369963699002,False,True,557927.408373855,34459.385473161936,346376.34266234934,177091.68023835868
2008-03-03,764684.7346286848,0.004687311075564642,False,True,89360.39049333334,292981.9768210128,38713.41385830194,343628.95345603675
2008-03-04,448448.35044950247,0.0027263844799475527,False,True,25115.109395310283,224224.17522475868,125034.82355134189,74074.24227809161
2008-03-05,1015174.7932296395,0.006254705356681543,False,True,262104.11926281452,245483.2773520127,228792.1350794509,278795.2615353614
2008-03-06,1551315.0145874396,0.009406891344323608,False,True,194060.65360617638,581596.8536875471,341399.7775355205,434257.7297581956
2008-03-07,739825.870085068,0.004514720483183195,False,True,133914.20101170242,235998.73403084278,180789.34866318107,189123.58637934178
2008-03-10,318408.1288345903,0.001953888736250759,False,True,42923.49907106906,159204.06441729516,100686.78659190983,15593.77875431627
2008-03-11,1076991.8407727927,0.006650850474489608,False,True,255692.53911168873,282803.38127471507,293982.5275174752,244513.3928689137
2008-03-12,379122.2888455093,0.0023293651846610962,False,True,69955.82256483287,113168.16762817651,6437.154229767621,189561.1444227323
2008-03-13,124084.2805859372,0.0007560815594905818,False,True,5213.431348793209,6808.220382139087,50020.48856204748,62042.140292957425
2008-03-14,1085571.454524763,0.006584515799395893,False,True,542785.7272623852,216562.62126602232,17580.984314203262,308642.12168215215
2008-03-17,1142211.2984359488,0.006962482492180593,False,True,184355.2724223882,31751.063871487975,386750.3767955676,539354.585346505
2008-03-18,2321962.178835176,0.014418662993451048,False,True,415749.0382800177,68287.88477435708,1092693.2046432272,745232.051137574
2008-03-19,2285712.3737592623,0.014092876686642343,False,True,526747.816108875,105935.52463014424,510172.8461406082,1142856.1868796349
2008-03-20,2599951.731242545,0.01642343087333696,False,True,554287.8881223276,745687.9774989411,729330.5459079221,570645.3197133541
2008-03-21,1203454.5251997486,0.007788927924869039,False,True,448801.3849160746,138791.46135275066,152925.877683796,462935.80124712735
2008-03-24,579124.1800007597,0.003738829311303555,False,True,96509.22952519357,96513.75072629005,96539.10974889249,289562.09000038356
2008-03-25,1004350.4799271598,0.006452820290990074,False,True,137628.84683490545,261621.33231184632,240553.90765173733,364546.39312867075
2008-03-26,1529636.8249288201,0.009705374470309476,False,True,597502.0109234899,167316.4015409276,247781.46942608804,517036.9430383146
2008-03-27,881658.8647762686,0.005538196051526375,False,True,307973.9616075754,132855.47078057379,208618.85278328508,232210.57960483432
2008-03-28,632769.479315415,0.003975293690047463,False,True,42000.7280646041,24083.545730121434,292301.19392759353,274384.01159309596
2008-03-31,995696.9998595268,0.006311807507219697,False,True,184762.56658891588,313085.9333408624,185937.76760204136,311910.7323277071
2008-04-01,1003437.8490852788,0.006424636816167535,False,True,354500.98713861406,147217.93740402162,279141.1444303021,222577.78011234105
2008-04-02,1847048.230806172,0.01198958826998545,False,True,628651.8834349811,155545.40619949996,139326.82576860487,923524.115403086
2008-04-03,919606.5798859298,0.005879466435740789,False,True,233010.51514028758,226792.77480269223,97514.93883460015,362288.35110834986
2008-04-04,468975.1157589182,0.0029962600800750323,False,True,146737.70527098328,87749.85260848701,137744.64644292742,96742.91143652052
2008-04-07,338441.949963972,0.0021426181349180917,False,True,59865.27044977248,109355.70453220606,56092.79947529733,113128.1755066961
2008-04-08,407824.1990788281,0.0025622103080301887,False,True,129483.17643588036,39431.477679789066,203912.0995394215,34997.44542373717
2008-04-09,635700.0458787531,0.004003278570792134,False,True,161772.66419469565,156077.35874468833,190773.8522604257,127076.1706789434
2008-04-10,1601784.7414627522,0.009959780389101842,False,True,340529.2070979029,460363.16363349557,479730.9662785679,321161.40445278585
2008-04-11,663136.7609903514,0.004120652881442966,False,True,202795.0230332762,128773.35746191442,81542.78271961957,250025.59777554125
2008-04-14,40351525.363680065,0.25165255457744196,True,True,56563.49587584287,81574.11264731735,132490.4053894654,40080897.34976744
2008-04-15,636717.5136315823,0.0039697258169312955,False,True,83583.13879860193,312465.70691324025,240668.66791974008,0.0
2008-04-16,462000.84008909017,0.002871392628043231,False,True,96406.31426819414,71530.8058091253,294063.7200117707,0.0
2008-04-17,369787.94828969985,0.0022773421851998406,False,True,26863.65929198265,285380.2258863002,57544.063111416996,0.0
2008-04-18,457430.3347472921,0.002818200940085982,False,True,220703.62002838403,138293.8239878863,98432.89073102176,0.0
2008-04-21,382252.1665026769,0.002363079701988794,False,True,53028.84349568188,207187.4562439844,122035.86676301062,0.0
2008-04-22,1088341.6194942594,0.006717763754814391,False,True,62306.11927220225,575338.8213814646,450696.6788405925,0.0
2008-04-23,505025.0028266385,0.00309927323054971,False,True,40649.81257079542,135014.67466387153,329360.5155919716,0.0
2008-04-24,303497.152143918,0.001861141174416733,False,True,25425.127807199955,166869.71718256176,111202.30715415627,0.0
2008-04-25,330734.3036926836,0.002043581538640818,False,True,17591.375037141144,11624.630341149867,301518.29831439257,0.0
2008-04-28,554778.9438489899,0.003428871819166033,False,True,18848.83403018117,264062.22297795117,271867.88684085757,0.0
2008-04-29,397610.14426063746,0.002453311603832379,False,True,164500.31132233888,109520.11726416647,123589.71567413211,0.0
2008-04-30,994551.0547612607,0.006208410360383968,False,True,312062.5415242389,262696.4961884618,419792.0170485601,0.0
2008-05-01,734352.0439181998,0.004566451093170227,False,True,225820.88836561143,218911.73327967525,289619.42227291316,0.0
2008-05-02,1945409.4168204218,0.012132994365442544,False,True,913431.2149815783,273630.65158982575,758347.5502490178,0.0
2008-05-05,644462.3097996563,0.003985674018798971,False,True,20611.406768009067,152947.92422953248,470902.9788021147,0.0
2008-05-06,1008090.0518192872,0.006207017914529391,False,True,414464.2099030912,212415.5844315216,381210.25748467445,0.0
2008-05-07,312451.4925333634,0.001918318793383356,False,True,57214.90822580457,40705.83360145986,214530.75070609897,0.0
2008-05-08,636936.3928514197,0.003919658652602821,False,True,317572.2876819372,48377.036688387394,270987.06848109514,0.0
2008-05-09,234744.26140423864,0.0014451336698434027,False,True,107375.19085673988,17518.69080926478,109850.37973823398,0.0
2008-05-12,793382.184279196,0.004880096497820893,False,True,242269.364403598,137252.7369487509,413860.08292684704,0.0
2008-05-13,959195.8652204871,0.005879502961791349,False,True,496318.45930857956,54184.137268707156,408693.2686432004,0.0
2008-05-14,503537.0963425338,0.00308286229025766,False,True,106648.88440303504,227775.7654871717,169112.44645232707,0.0
2008-05-15,312427.86031374335,0.0019192938488906363,False,True,87267.93573264033,120279.55574908853,104880.3688320145,0.0
2008-05-16,305906.78351620585,0.0018760854698491906,False,True,84236.82570067048,102863.48977938294,118806.46803615242,0.0
2008-05-19,283041.2776683271,0.0017238847232947014,False,True,22045.28298766911,234417.1976974979,26578.79698316008,0.0
2008-05-20,466950.76257877797,0.002849169162100939,False,True,9540.77881743759,186696.68310084194,270713.30066049844,0.0
2008-05-21,821367.0742937922,0.0049943934231163134,False,True,339724.34776768833,125265.53492220491,356377.191603899,0.0
2008-05-22,450049.49993383884,0.0027188668932125438,False,True,38791.09587498754,52420.23140708357,358838.17265176773,0.0
2008-05-23,301245.98866390437,0.0018309640384757528,False,True,14908.240940406919,10750.98387157917,275586.7638519183,0.0
2008-05-26,499811.5493147895,0.0030290635664791976,False,True,190320.64004021883,61230.731965981424,248260.17730858922,0.0
2008-05-27,42306.479491226375,0.0002564823477484917,False,True,552.3267918154597,27651.992869004607,14102.159830406308,0.0
2008-05-28,500858.1681615189,0.003049958535438179,False,True,6528.666603729129,159070.55473789573,335258.946819894,0.0
2008-05-29,178037.03571468592,0.001082711621942652,False,True,61740.812366724014,28162.394774988294,88133.82857297361,0.0
2008-05-30,1822980.6443454698,0.011145411894453972,False,True,802375.2538267002,5017.381157629192,1015588.0093611404,0.0
2008-06-02,1018014.3407654092,0.006184617275833227,False,True,332289.9593537003,378890.66734234244,306833.71406936646,0.0
2008-06-03,554961.8468179926,0.003367077423151376,False,True,250507.817627199,25994.69096302241,278459.3382277712,0.0
2008-06-04,708242.9259634838,0.004301504761190275,False,True,332870.89922089875,21365.996577195823,354006.0301653892,0.0
2008-06-05,667621.2678590417,0.004053154944007457,False,True,184477.09246178716,342111.23377709836,141032.94162015617,0.0
2008-06-06,1349996.221837595,0.008167618366902388,False,True,221448.13653096557,382305.65162946284,746242.4336771667,0.0
2008-06-09,1126250.3417035118,0.00674747911612727,False,True,203911.71902915835,155733.35582384467,766605.2668505087,0.0
2008-06-10,711798.3587269709,0.004284835587482658,False,True,256662.21788222343,160635.27617502958,294500.86466971785,0.0
2008-06-11,230588.42489302903,0.0013958306966504626,False,True,126193.00872145593,29565.148429065943,74830.26774250716,0.0
2008-06-12,1405859.6688970253,0.008456227696527202,False,True,300611.06990765035,270642.82337284833,834605.7756165266,0.0
2008-06-13,844504.2029794827,0.005092746661225925,False,True,187507.8637963161,475564.3110575229,181432.02812564373,0.0
2008-06-16,237210.6235551387,0.0014264024471989127,False,True,28549.526557438076,149434.2925284803,59226.80446922034,0.0
2008-06-17,372776.022023648,0.0022337509964193464,False,True,43003.07389321178,113450.53566581756,216322.41246461868,0.0
2008-06-18,231769.4683951959,0.0013833849117317724,False,True,179124.83417902142,34069.73836302012,18574.89585315436,0.0
2008-06-19,496543.9581890479,0.0029519851296975204,False,True,68766.26902737468,95899.71687237173,331877.97228930146,0.0
2008-06-20,1261957.9226505384,0.007512801385313862,False,True,277432.1262215376,324491.0712964684,660034.7251325324,0.0
2008-06-23,513446.63504142314,0.003045472164700156,False,True,179336.69413159788,49698.795982167125,284411.14492765814,0.0
2008-06-24,303324.0545141697,0.0018030912012161218,False,True,132177.97537632287,65606.06055690348,105540.01858094335,0.0
2008-06-25,758305.5346529707,0.004496193596631203,False,True,229557.11872066557,203412.49626259506,325335.9196697101,0.0
2008-06-26,272460.25847889483,0.0016177504376749892,False,True,106756.88059125096,23628.236561723053,142075.14132592082,0.0
2008-06-27,1151620.246895142,0.00678429512935965,False,True,217428.50819449127,192288.67620678246,741903.0624938682,0.0
2008-06-30,431844.73821768165,0.002543430423063641,False,True,210879.1430650428,163914.1330569461,57051.462095692754,0.0
2008-07-01,522450.71739014983,0.0030775787693962256,False,True,257725.74445351213,75729.96271059662,188995.01022604108,0.0
2008-07-02,884625.1307004094,0.005215436467236348,False,True,237283.01207796484,222980.26255118847,424361.8560712561,0.0
2008-07-03,470741.77006855607,0.002757414298539377,False,True,97639.86137811095,146279.1124027595,226822.79628768563,0.0
2008-07-04,42758338.83607027,0.25085791225919213,True,True,99252.70518629253,7626.396724246442,39350.70100775361,42612109.03315198
2008-07-07,249607.24161232263,0.0014639525610840312,False,True,58199.374810263515,124803.62080615759,13459.623849593103,53144.62214630842
2008-07-08,1355429.3797681257,0.008027278310929017,False,True,590736.5432255939,16265.092907182872,677714.6898840591,70713.05375128984
2008-07-09,1535510.1384624243,0.009181327876227418,False,True,323636.4124001786,325169.8163288012,767755.0692312047,118948.84050223976
2008-07-10,545127.0976901203,0.003246839079593562,False,True,180160.34709035605,26367.991151057184,92403.20175471157,246195.55769399554
2008-07-11,1385421.0515859202,0.008160777129284013,False,True,499314.4693974927,193396.0563954711,322010.45752088726,370700.0682720691
2008-07-14,873679.3819373995,0.005107011680808669,False,True,232812.55757790804,85546.1105845049,118481.02280628681,436839.69096869975
2008-07-15,840316.9427854717,0.004894130980788536,False,True,203669.3316892162,108.21290371567011,420050.25848900527,216489.13970353454
2008-07-16,1905553.39371261,0.011113666271203046,False,True,135249.67963065207,541637.4510788694,952776.696856305,275889.56614678353
2008-07-17,737165.475632593,0.004339935689960859,False,True,342530.7430531159,9702.326190926135,16349.668572247028,368582.73781630397
2008-07-18,1860965.6696072146,0.01101551541217351,False,True,396079.5994428098,416016.27838231623,930482.8348035961,118386.95697849244
2008-07-21,613883.4684278965,0.003652887716655206,False,True,193487.91897726804,5728.231998801231,301213.5022151619,113453.81523666531
2008-07-22,553403.1537631527,0.003278376932050033,False,True,3023.324004508555,60485.948349781334,213192.30452729017,276701.5768815726
2008-07-23,1533269.9238250107,0.009165028681396946,False,True,430889.4590873197,335745.5028251931,304541.5047773272,462093.4571351707
2008-07-24,1406818.5322331414,0.008528456588184989,False,True,576956.5450045839,126452.72111198306,161408.56955640018,542000.6965601742
2008-07-25,968608.7602252066,0.005871247026421673,False,True,166648.87975911796,130189.59537230432,354114.784740299,317655.50035348535
2008-07-28,526326.0057203323,0.003192055466532753,False,True,160986.5467313975,157387.0785126239,105775.92434754968,102176.45612876117
2008-07-29,313419.0803747326,0.001897513023454113,False,True,103590.86469700187,14522.756230294704,156709.5401873663,38595.91926006973
2008-07-30,41594368.034901954,0.2533299850076257,True,True,347861.399945952,22340.854365587234,40950789.88718064,273375.8934097737
2008-07-31,1011451.8719364032,0.0061842055043787566,False,True,426174.3785190955,172599.68767620623,0.0,412677.8057411015
2008-08-01,600779.7458460629,0.00366965267277178,False,True,144627.7985933572,135556.48951198906,0.0,320595.45774071664
2008-08-04,627639.1392713115,0.0038419284800724628,False,True,270063.5338780135,304046.0933248475,0.0,53529.51206845045
2008-08-05,815268.8773154244,0.005016365390077263,False,True,38271.333520144224,263885.5942458883,0.0,513111.94954939187
2008-08-06,1068114.7107004002,0.006641916349854253,False,True,320608.38840161264,248095.2183392197,0.0,499411.10395956784
2008-08-07,673669.9340836555,0.0041952790140727505,False,True,100366.14950729162,265985.92453859,0.0,307317.86003777385
2008-08-08,40375231.46686236,0.2525767712191249,True,True,170667.00867346674,40078679.27570324,0.0,125885.18248565495
2008-08-11,586516.1732488796,0.003696213562383696,False,True,125887.42328103632,0.0,0.0,460628.7499678433
2008-08-12,1357838.5306112468,0.00864854529527187,False,True,259340.3568680659,0.0,0.0,1098498.173743181
2008-08-13,38757675.31750596,0.24789860387309007,True,True,26034.805994838476,0.0,0.0,38731640.511511125
2008-08-14,103433.96779414266,0.0006609926385672334,False,True,103433.96779414266,0.0,0.0,0.0
2008-08-15,67512.54368525743,0.00043168584572752687,False,True,67512.54368525743,0.0,0.0,0.0
2008-08-18,242922.4758605361,0.0015565082006606986,False,True,242922.4758605361,0.0,0.0,0.0
2008-08-19,147943.14653359354,0.0009467384197201469,False,True,147943.14653359354,0.0,0.0,0.0
2008-08-20,41766.61805024743,0.00026737405274880225,False,True,41766.61805024743,0.0,0.0,0.0
2008-08-21,182011.9605338946,0.0011633642021398722,False,True,182011.9605338946,0.0,0.0,0.0
2008-08-22,201547.84112998843,0.0012860225870438323,False,True,201547.84112998843,0.0,0.0,0.0
2008-08-25,108236.67985167354,0.0006912656984539151,False,True,108236.67985167354,0.0,0.0,0.0
2008-08-26,156785.57600765675,0.001002667336301513,False,True,156785.57600765675,0.0,0.0,0.0
2008-08-27,155468.9477629438,0.00099556708719814,False,True,155468.9477629438,0.0,0.0,0.0
2008-08-28,39400845.96403396,0.2517276199451826,True,True,39400845.96403396,0.0,0.0,0.0
2008-08-29,0.0,0.0,False,False,0.0,0.0,0.0,0.0
2008-09-01,0.0,0.0,False,False,0.0,0.0,0.0,0.0
2008-09-02,0.0,0.0,False,False,0.0,0.0,0.0,0.0
2008-09-03,0.0,0.0,False,False,0.0,0.0,0.0,0.0
2008-09-04,0.0,0.0,False,False,0.0,0.0,0.0,0.0
2008-09-05,0.0,0.0,False,False,0.0,0.0,0.0,0.0
2008-09-08,0.0,0.0,False,False,0.0,0.0,0.0,0.0
2008-09-09,0.0,0.0,False,False,0.0,0.0,0.0,0.0
2008-09-10,0.0,0.0,False,False,0.0,0.0,0.0,0.0
2008-09-11,0.0,0.0,False,False,0.0,0.0,0.0,0.0
2008-09-12,0.0,0.0,False,False,0.0,0.0,0.0,0.0
2008-09-15,0.0,0.0,False,False,0.0,0.0,0.0,0.0
2008-09-16,0.0,0.0,False,False,0.0,0.0,0.0,0.0
2008-09-17,0.0,0.0,False,False,0.0,0.0,0.0,0.0
2008-09-18,0.0,0.0,False,False,0.0,0.0,0.0,0.0
2008-09-19,0.0,0.0,False,False,0.0,0.0,0.0,0.0
2008-09-22,0.0,0.0,False,False,0.0,0.0,0.0,0.0
2008-09-23,0.0,0.0,False,False,0.0,0.0,0.0,0.0
2008-09-24,0.0,0.0,False,False,0.0,0.0,0.0,0.0
2008-09-25,0.0,0.0,False,False,0.0,0.0,0.0,0.0
2008-09-26,0.0,0.0,False,False,0.0,0.0,0.0,0.0
2008-09-29,0.0,0.0,False,False,0.0,0.0,0.0,0.0
2008-09-30,0.0,0.0,False,False,0.0,0.0,0.0,0.0
2008-10-01,0.0,0.0,False,False,0.0,0.0,0.0,0.0
2008-10-02,0.0,0.0,False,False,0.0,0.0,0.0,0.0
2008-10-03,0.0,0.0,False,False,0.0,0.0,0.0,0.0
2008-10-06,0.0,0.0,False,False,0.0,0.0,0.0,0.0
2008-10-07,0.0,0.0,False,False,0.0,0.0,0.0,0.0
2008-10-08,0.0,0.0,False,False,0.0,0.0,0.0,0.0
2008-10-09,0.0,0.0,False,False,0.0,0.0,0.0,0.0
2008-10-10,39130435.87808727,0.25,True,True,0.0,0.0,0.0,39130435.87808727
2008-10-13,2029362.462935567,0.013193448194214231,False,True,0.0,0.0,0.0,2029362.462935567
2008-10-14,577759.6536488906,0.0037750822404880374,False,True,0.0,0.0,0.0,577759.6536488906
2008-10-15,130206.41160310805,0.0008498048596247966,False,True,0.0,0.0,0.0,130206.41160310805
2008-10-16,358056.1354551017,0.002329629552419295,False,True,0.0,0.0,0.0,358056.1354551017
2008-10-17,1451653.5511881933,0.009565388890881087,False,True,0.0,0.0,0.0,1451653.5511881933
2008-10-20,751519.9737176448,0.004984908434074069,False,True,0.0,0.0,0.0,751519.9737176448
2008-10-21,490036.62100303173,0.0032364362023273364,False,True,0.0,0.0,0.0,490036.62100303173
2008-10-22,900574.5128636882,0.005995370663158794,False,True,0.0,0.0,0.0,900574.5128636882
2008-10-23,1501946.1585770547,0.0101339703492095,False,True,0.0,0.0,0.0,1501946.1585770547
2008-10-24,347317.41860648245,0.002350774322232009,False,True,0.0,0.0,0.0,347317.41860648245
2008-10-27,37619030.39360574,0.25344882900224575,True,True,0.0,0.0,0.0,37619030.39360574
2008-10-28,0.0,0.0,False,False,0.0,0.0,0.0,0.0
2008-10-29,0.0,0.0,False,False,0.0,0.0,0.0,0.0
2008-10-30,0.0,0.0,False,False,0.0,0.0,0.0,0.0
2008-10-31,0.0,0.0,False,False,0.0,0.0,0.0,0.0
2008-11-03,0.0,0.0,False,False,0.0,0.0,0.0,0.0
2008-11-04,0.0,0.0,False,False,0.0,0.0,0.0,0.0
2008-11-05,0.0,0.0,False,False,0.0,0.0,0.0,0.0
2008-11-06,0.0,0.0,False,False,0.0,0.0,0.0,0.0
2008-11-07,0.0,0.0,False,False,0.0,0.0,0.0,0.0
2008-11-10,0.0,0.0,False,False,0.0,0.0,0.0,0.0
2008-11-11,0.0,0.0,False,False,0.0,0.0,0.0,0.0
2008-11-12,0.0,0.0,False,False,0.0,0.0,0.0,0.0
2008-11-13,0.0,0.0,False,False,0.0,0.0,0.0,0.0
2008-11-14,0.0,0.0,False,False,0.0,0.0,0.0,0.0
2008-11-17,0.0,0.0,False,False,0.0,0.0,0.0,0.0
2008-11-18,0.0,0.0,False,False,0.0,0.0,0.0,0.0
2008-11-19,0.0,0.0,False,False,0.0,0.0,0.0,0.0
2008-11-20,0.0,0.0,False,False,0.0,0.0,0.0,0.0
2008-11-21,0.0,0.0,False,False,0.0,0.0,0.0,0.0
2008-11-24,0.0,0.0,False,False,0.0,0.0,0.0,0.0
2008-11-25,0.0,0.0,False,False,0.0,0.0,0.0,0.0
2008-11-26,0.0,0.0,False,False,0.0,0.0,0.0,0.0
2008-11-27,0.0,0.0,False,False,0.0,0.0,0.0,0.0
2008-11-28,0.0,0.0,False,False,0.0,0.0,0.0,0.0
2008-12-01,0.0,0.0,False,False,0.0,0.0,0.0,0.0
2008-12-02,0.0,0.0,False,False,0.0,0.0,0.0,0.0
2008-12-03,0.0,0.0,False,False,0.0,0.0,0.0,0.0
2008-12-04,0.0,0.0,False,False,0.0,0.0,0.0,0.0
2008-12-05,0.0,0.0,False,False,0.0,0.0,0.0,0.0
2008-12-08,0.0,0.0,False,False,0.0,0.0,0.0,0.0
2008-12-09,0.0,0.0,False,False,0.0,0.0,0.0,0.0
2008-12-10,0.0,0.0,False,False,0.0,0.0,0.0,0.0
2008-12-11,0.0,0.0,False,False,0.0,0.0,0.0,0.0
2008-12-12,0.0,0.0,False,False,0.0,0.0,0.0,0.0
2008-12-15,0.0,0.0,False,False,0.0,0.0,0.0,0.0
2008-12-16,0.0,0.0,False,False,0.0,0.0,0.0,0.0
2008-12-17,0.0,0.0,False,False,0.0,0.0,0.0,0.0
2008-12-18,37107125.866097815,0.25,True,True,0.0,0.0,0.0,37107125.866097815
2008-12-19,476184.5999926999,0.0032219570405727913,False,True,0.0,0.0,0.0,476184.5999926999
2008-12-22,480777.4621578008,0.0032672043327250187,False,True,0.0,0.0,0.0,480777.4621578008
2008-12-23,322568.2291244194,0.0021856786011656493,False,True,0.0,0.0,0.0,322568.2291244194
2008-12-24,256144.33776231855,0.001739625038781426,False,True,0.0,0.0,0.0,256144.33776231855
2008-12-25,256296.28288935125,0.001736626491717612,False,True,0.0,0.0,0.0,256296.28288935125
2008-12-26,195790.92401602864,0.001329001772002368,False,True,0.0,0.0,0.0,195790.92401602864
2008-12-29,895609.7721698657,0.006030394957735649,False,True,0.0,0.0,0.0,895609.7721698657
2008-12-30,37597955.580658324,0.25236083000303877,True,True,0.0,37246227.53480165,0.0,351728.045856677
2008-12-31,196183.53502707183,0.0013202784673775408,False,True,0.0,17133.04058650881,0.0,179050.49444056302
2009-01-01,341916.2054329738,0.002290491072907524,False,True,0.0,159135.17868860066,0.0,182781.02674437314
2009-01-02,25385.69958845526,0.00017008731148651906,False,True,0.0,6346.424897119403,0.0,19039.274691335857
2009-01-05,722846.6127613783,0.004836335669000069,False,True,0.0,414083.3843013644,0.0,308763.22846001387
2009-01-06,1213484.4000693336,0.008126951541830789,False,True,0.0,570350.1701875925,0.0,643134.2298817411
2009-01-07,254760.35836409777,0.0017047070627097321,False,True,0.0,95085.34272484481,0.0,159675.01563925296
2009-01-08,973262.4995060638,0.006549147416336097,False,True,0.0,277580.50578128546,0.0,695681.9937247783
2009-01-09,907256.6685189903,0.0060900813117296835,False,True,0.0,362679.57508891076,0.0,544577.0934300795
2009-01-12,212532.66355287284,0.0014307361621086574,False,True,0.0,179799.38405863196,0.0,32733.27949424088
2009-01-13,1251371.3568444252,0.008568394260219147,False,True,0.0,433663.83129377663,0.0,817707.5255506486
2009-01-14,1043993.9746961147,0.00719549353123423,False,True,0.0,760759.6367257163,0.0,283234.33797039837
2009-01-15,374258.4788493663,0.0025928689137331945,False,True,0.0,106878.36917649955,0.0,267380.10967286676
2009-01-16,470295.7003284097,0.003256590256323859,False,True,0.0,217129.3623353839,0.0,253166.33799302578
2009-01-19,989609.6579252481,0.0067599635284113216,False,True,0.0,365289.08047015965,0.0,624320.5774550885
2009-01-20,239898.03070136905,0.0016441174172593344,False,True,0.0,45149.94437495619,0.0,194748.08632641286
2009-01-21,1596377.1568171978,0.010920105961184324,False,True,0.0,729685.87254522,0.0,866691.2842719778
2009-01-22,332384.1860129982,0.0022830508669497073,False,True,0.0,316001.83245664835,0.0,16382.353556349874
2009-01-23,36711682.73733186,0.2514371464947003,True,True,36501848.721570715,196296.94946230948,0.0,13537.06629883498
2009-01-26,2380712.9502780437,0.016119175855256858,False,True,416590.8114097342,562882.7052710578,0.0,1401239.4335972518
2009-01-27,443857.725877285,0.002985339956881182,False,True,113915.95885572582,231095.9276542738,0.0,98845.83936728537
2009-01-28,480835.2588849291,0.003241568349824306,False,True,196150.7201814279,197294.9972709939,0.0,87389.54143250734
2009-01-29,1512809.1559904963,0.010148542506617425,False,True,668090.8603765294,179876.2980497852,0.0,664841.9975641817
2009-01-30,1683589.0718540996,0.011284595663184486,False,True,307436.00437401235,518493.0283695534,0.0,857660.0391105339
2009-02-02,2284787.817113273,0.015411842037382828,False,True,208555.01579889655,1051928.772069715,0.0,1024304.0292446613
2009-02-03,937844.4323805347,0.006377058075293239,False,True,282425.5633838922,38562.51761178672,0.0,616856.3513848558
2009-02-04,37910320.967017196,0.25671115134328293,True,True,77288.72722110152,37491227.28050505,0.0,341804.9592910409
2009-02-05,187042.53012868762,0.001263365194382175,False,True,55033.93217074871,0.0,0.0,132008.5979579389
2009-02-06,379555.1777954325,0.002550600066610759,False,True,213853.37096123397,0.0,0.0,165701.80683419853
2009-02-09,899200.5122503415,0.006016280107256161,False,True,612365.6462490559,0.0,0.0,286834.8660012856
2009-02-10,708780.25611417,0.004764069440967442,False,True,183142.9825660661,0.0,0.0,525637.2735481039
2009-02-11,1328560.835254848,0.00890541434401377,False,True,561900.9150858223,0.0,0.0,766659.9201690257
2009-02-12,1243635.9661697596,0.0082990413575533,False,True,455011.54698836803,0.0,0.0,788624.4191813916
2009-02-13,244592.08761469275,0.0016269029449683112,False,True,51651.82237326354,0.0,0.0,192940.2652414292
2009-02-16,695320.6921276674,0.004615884360587824,False,True,421249.18549563736,0.0,0.0,274071.50663203
2009-02-17,324202.6217285469,0.002156802798489507,False,True,242152.20186779648,0.0,0.0,82050.41986075044
2009-02-18,1812348.6383363903,0.012019944706608002,False,True,790637.2925154045,0.0,0.0,1021711.3458209857
2009-02-19,1063300.8686887324,0.007049838588554413,False,True,519695.2028435096,0.0,0.0,543605.6658452228
2009-02-20,441842.17911584675,0.0029355624259461994,False,True,142762.62389350682,0.0,0.0,299079.5552223399
2009-02-23,1271024.69350259,0.008437058905079738,False,True,601961.938072741,0.0,0.0,669062.755429849
2009-02-24,40509.17762930691,0.0002689968171810475,False,True,6674.8383235782385,0.0,0.0,33834.339305728674
2009-02-25,1127132.835067466,0.007539174864783227,False,True,291054.91664432734,0.0,0.0,836077.9184231386
2009-02-26,284140.1439436525,0.001905817760900556,False,True,38934.22066627443,0.0,0.0,245205.92327737808
2009-02-27,983162.6579028144,0.00657742927646885,False,True,587652.4751792252,0.0,0.0,395510.18272358924
2009-03-02,454576.9224411398,0.003056101092099859,False,True,410074.1846509725,0.0,0.0,44502.73779016733
2009-03-03,620632.4370350987,0.004207597448362006,False,True,286925.5892474428,0.0,0.0,333706.8477876559
2009-03-04,427430.2005854696,0.002904934451790982,False,True,122853.57918848097,0.0,0.0,304576.62139698863
2009-03-05,1234234.6423962712,0.00836173845351217,False,True,733534.048041068,0.0,0.0,500700.5943552032
2009-03-06,37654701.83682361,0.2533799728214045,True,True,36851528.445676796,0.0,0.0,803173.3911468163
2009-03-09,208294.93671756238,0.0013990103223009457,False,True,0.0,0.0,0.0,208294.93671756238
2009-03-10,505803.6229788661,0.0034126818626585968,False,True,0.0,0.0,0.0,505803.6229788661
2009-03-11,729133.4413714781,0.004951980792316975,False,True,0.0,0.0,0.0,729133.4413714781
2009-03-12,341195.61618848145,0.0023101257041374247,False,True,0.0,0.0,0.0,341195.61618848145
2009-03-13,545178.6293734312,0.0036731511122055607,False,True,0.0,0.0,0.0,545178.6293734312
2009-03-16,77441.00909107924,0.0005213975069923403,False,True,0.0,0.0,0.0,77441.00909107924
2009-03-17,199489.80672540516,0.0013455415299575193,False,True,0.0,0.0,0.0,199489.80672540516
2009-03-18,237009.07248966396,0.0016020204048951673,False,True,0.0,0.0,0.0,237009.07248966396
2009-03-19,812300.9889687598,0.005450699642043533,False,True,0.0,0.0,0.0,812300.9889687598
2009-03-20,529484.5845963657,0.0035361939854986284,False,True,0.0,0.0,0.0,529484.5845963657
2009-03-23,222879.49426048994,0.0014914739363950998,False,True,0.0,0.0,0.0,222879.49426048994
2009-03-24,374577.9953602478,0.0025150216401181027,False,True,0.0,0.0,0.0,374577.9953602478
2009-03-25,408702.9012699872,0.002754223142151329,False,True,0.0,0.0,0.0,408702.9012699872
2009-03-26,253964.4088434875,0.0017075536515378216,False,True,0.0,0.0,0.0,253964.4088434875
2009-03-27,7462.767602331936,5.017326500849398e-05,False,True,0.0,0.0,0.0,7462.767602331936
2009-03-30,74482378.2527915,0.5022742519790689,True,True,37072564.42039128,37072564.42039128,0.0,337249.4120089337
2009-03-31,733048.7220825776,0.004997387684360008,False,True,223233.64765480906,343775.0932288915,0.0,166039.9811988771
2009-04-01,808303.0732039362,0.005473153564791986,False,True,111597.77566792071,528987.5902409926,0.0,167717.7072950229
2009-04-02,916377.9925536886,0.006159056015541215,False,True,547545.9561668113,320640.17496936023,0.0,48191.861417517066
2009-04-03,2633268.0502960384,0.017578666326302155,False,True,473039.3757150769,970296.9938311875,0.0,1189931.680749774
2009-04-06,1084270.3855819106,0.007261756634438576,False,True,481301.42167416215,273110.0484416336,0.0,329858.9154661149
2009-04-07,38227034.67077361,0.25796945525374043,True,True,89903.78130148351,359562.2755041197,37046086.16664834,731482.4473196641
2009-04-08,944594.4570576623,0.0063565613839127256,False,True,444.2675716280937,58115.15728230029,472297.2285288125,413737.8036749214
2009-04-09,740178.4446538836,0.004973198295928927,False,True,203539.82900234312,288897.21455626935,166549.39332459122,81192.00777067989
2009-04-10,859284.4643520191,0.005714936089053395,False,True,166839.09766094387,58096.04148411751,204707.09303095192,429642.23217600584
2009-04-13,147476.53247976303,0.0009801971758957363,False,True,24579.422079965472,24579.422079965472,24579.422079965472,73738.26623986661
2009-04-14,38935142.49575442,0.2569829186431025,True,True,277417.8286636323,271668.7816197425,251568.56047268212,38134487.324998364
2009-04-15,790412.6957431957,0.005234228429550807,False,True,457735.5858648792,142713.40870855004,189963.7011697665,0.0
2009-04-16,855140.5154658929,0.005653664750418848,False,True,381840.1474285051,396851.39643904567,76448.97159834206,0.0
2009-04-17,385666.08170953393,0.002550343437459699,False,True,188712.80749365687,40395.94501785189,156557.32919802517,0.0
2009-04-20,520694.5165405646,0.0034493119161699355,False,True,293494.7330193743,58303.98583616316,168895.79768502712,0.0
2009-04-21,746584.2047727853,0.005045520245835433,False,True,108377.60105291009,73702.75429236889,564503.8494275063,0.0
2009-04-22,557809.5559335202,0.0037560566710889247,False,True,346359.5601832196,126885.27943727374,84564.71631302685,0.0
2009-04-23,178836.72787097096,0.0012006711719495945,False,True,35353.75724402815,108807.50938987732,34675.461237065494,0.0
2009-04-24,357968.96260585636,0.0023995607326403,False,True,53380.3482792303,154821.61858785152,149766.99573877454,0.0
2009-04-27,321341.5291450918,0.0021356363864712376,False,True,58555.14495436102,142110.8767842129,120675.50740651786,0.0
2009-04-28,794096.0255790129,0.0053395495945105865,False,True,229547.80963668972,178705.4991798699,385842.7167624533,0.0
2009-04-29,1219516.9070737287,0.008231397042086721,False,True,539088.4722520858,442378.00418424606,238050.43063739687,0.0
2009-04-30,851751.2333173007,0.00566507408962443,False,True,151251.68409279734,430928.2708724588,269571.2783520445,0.0
2009-05-01,843053.7226272598,0.00558298342862231,False,True,339918.91242761165,426737.3439877257,76397.46621192247,0.0
2009-05-04,1602074.2231110707,0.01053161096975434,False,True,4942.738229162991,661491.0845149308,935640.4003669769,0.0
2009-05-05,611646.4245581329,0.003962325235774294,False,True,533554.8238960803,52893.2871157825,25198.313546270132,0.0
2009-05-06,592456.3332195058,0.003847982560449278,False,True,286443.5791336596,246217.41619951278,59795.337886333466,0.0
2009-05-07,980143.1776562706,0.006298760090001355,False,True,30696.6150072217,284638.2911380306,664808.2715110183,0.0
2009-05-08,297486.03529800475,0.0019073982345437846,False,True,21912.12297667563,82406.54460134357,193167.36771998554,0.0
2009-05-11,702876.8964501098,0.00444282893659447,False,True,406774.31062490493,224727.25265336782,71375.33317183703,0.0
2009-05-12,459527.4394106269,0.0029019396937883138,False,True,14640.183014638722,248140.60579112172,196746.65060486645,0.0
2009-05-13,451582.3891706988,0.002848912841560261,False,True,205322.3741615489,643.3431699573994,245616.6718391925,0.0
2009-05-14,605487.8456120342,0.003858783441220628,False,True,410773.9878487736,102889.39058817178,91824.46717508882,0.0
2009-05-15,777210.0493672192,0.004937603957495298,False,True,412607.2732630074,326764.27319119126,37838.50291302055,0.0
2009-05-18,1087825.6506970003,0.006968088515866196,False,True,207774.43228174746,382543.37473953515,497507.8436757177,0.0
2009-05-19,1009944.5806385577,0.006399041463737215,False,True,433003.6646651849,290957.5099019706,285983.40607140213,0.0
2009-05-20,1041131.0837127119,0.006538523052401138,False,True,238493.7341531813,457426.3092046529,345211.0403548777,0.0
2009-05-21,337993.7305333987,0.002111390285185155,False,True,62645.68220677227,5244.477005518973,270103.57132110745,0.0
2009-05-22,40646188.90893976,0.25538338993384224,True,True,312953.9261544943,173822.79455881566,370030.3107781336,39789381.87744831
2009-05-25,875398.2604081482,0.005453562184604707,False,True,246358.4377084449,393458.43110075593,44240.699103318155,191340.6924956292
2009-05-26,281763.4704790041,0.0017566424912855338,False,True,20227.849894091487,140881.73523948342,29936.803895637393,90717.08144979179
2009-05-27,937825.6791394204,0.005833546016611853,False,True,331100.5712121129,93171.42326793075,137812.2683575824,375741.41630179435
2009-05-28,1118044.3895672485,0.006970696472957512,False,True,559022.1947836205,430530.03216196597,128322.74288219213,169.41973946988583
2009-05-29,1162961.5071076602,0.00718153712468548,False,True,397457.96785279363,581480.7535538301,163875.7406731546,20147.04502788186
2009-06-01,433853.5633913353,0.002630809790404406,False,True,70465.93312353641,127266.387832053,146460.84857212752,89660.39386361837
2009-06-02,1741081.5491092652,0.010425823817858306,False,True,94943.44396163523,80587.37001119554,870540.7745546252,695009.9605818093
2009-06-03,1180158.1719545573,0.0070108523331639805,False,True,338731.0606183484,251348.02535893023,547231.3667322472,42847.719245031476
2009-06-04,1023157.7773058489,0.006210038010269318,False,True,15347.684239938855,408433.0978291631,511578.8886529133,87798.1065838337
2009-06-05,2044243.1225118116,0.012252708458328257,False,True,64300.34241064638,1022121.5612559095,741244.5137007758,216576.70514447987
2009-06-08,1266252.6178165749,0.007675242544153453,False,True,36841.59388053417,474892.32651917636,158233.98238910735,596284.715027757
2009-06-09,1035944.709708266,0.006332564718464404,False,True,321022.7611426264,451326.2095000595,66646.14535406977,196949.5937115103
2009-06-10,898410.5862108096,0.005425406405725093,False,True,64423.883289299905,152635.61470534652,296569.6784000695,384781.40981609374
2009-06-11,546526.1640716344,0.0032938166748596133,False,True,123603.13902878016,273263.0820358023,64577.589947879314,85082.35305917263
2009-06-12,1053138.0316956937,0.006269772560514126,False,True,33805.4584845826,125983.5677395165,400585.44810834527,492763.55736324936
2009-06-15,1116423.2259425,0.006713809796236845,False,True,380819.05087290704,177392.5620983392,291664.7476100251,266546.8653612286
2009-06-16,762837.6795062795,0.004664506080220735,False,True,181597.8652875498,145024.68459193408,236394.1551612094,199820.97446558625
2009-06-17,1112530.5242039785,0.006804831417560715,False,True,457571.4231114164,257568.79199218005,98693.83899058402,298696.470109798
2009-06-18,1206091.2306492776,0.007382930939242777,False,True,121985.78821881115,603045.6153246388,282622.24125865847,198437.58584716916
2009-06-19,1239002.4952220172,0.007564952319337857,False,True,110779.909424752,619501.2476110011,168802.29315226525,339919.0450339988
2009-06-22,855272.0588509962,0.005230760314666517,False,True,6209.809408940375,316569.23036405444,427636.0294254944,104856.989652507
2009-06-23,1177935.6710495874,0.0073654062254747245,False,True,249963.705440633,188493.22956317663,339004.13008416444,400474.60596161336
2009-06-24,1787377.9478291422,0.011065102492786007,False,True,685087.9901004285,629857.2832450122,208600.98381414264,263831.69066955894
2009-06-25,974523.3320469633,0.005979415274968234,False,True,178830.33323251456,487261.6660234928,187918.5081358999,120512.824655056
2009-06-26,1352943.0377438366,0.00824870170586534,False,True,357471.987337023,676471.5188719109,236718.38077269495,82281.1507622078
2009-06-29,1004860.7570519447,0.006110483284572352,False,True,34989.20196058601,467441.17656538635,410273.30093333125,92157.07759264112
2009-06-30,784095.4493198469,0.004777556576919767,False,True,339601.4489372447,52446.275722682476,382229.5477667153,9818.17689320445
2009-07-01,1586764.4010713324,0.009722722181171766,False,True,341194.0268077105,452188.1737279594,522242.5506680235,271139.64986763895
2009-07-02,755067.6509343684,0.004587775992786212,False,True,84946.0699981898,377533.8254671842,8067.01209423691,284520.74337475747
2009-07-03,547014.2435819805,0.003373772501182075,False,True,143279.64885168523,26697.048491701484,246810.0732992962,130227.47293929756
2009-07-06,268646.71833498776,0.001652809055939324,False,True,33770.355760887265,117170.77709718049,100553.00340660661,17152.582070313394
2009-07-07,1105789.7811474577,0.006875017735054814,False,True,430050.26631720364,20873.699679158628,552894.89057374,101970.92457735538
2009-07-08,1901642.521270156,0.011905866609866594,False,True,597701.9547146186,689430.789961651,353119.3059204519,261390.47067343444
2009-07-09,1024750.5471439883,0.006517794697941192,False,True,512375.2735719979,71736.56902122498,410025.8769408837,30612.82760988176
2009-07-10,949703.4560021982,0.00602598429071387,False,True,218776.48489543796,256075.24310566485,449177.069480218,25674.65852087736
2009-07-13,839301.4492604211,0.0053325216792078824,False,True,334293.2835212499,192148.735490717,227501.98913948983,85357.44110896438
2009-07-14,649757.8156158999,0.004109849275918879,False,True,188624.64115443826,178550.94303225726,146327.96477568895,136254.2666535154
2009-07-15,40027818.093080245,0.25057430935511,True,True,45871.32347019762,110002.9922665134,116456.17768076062,39755487.59966277
2009-07-16,487600.01697310805,0.003015559640402121,False,True,76593.20085962862,245806.96178092808,165199.85433255136,0.0
2009-07-17,40826523.89549928,0.2518808976333536,True,True,64444.374639585614,38999.753271996975,40723079.7675877,0.0
2009-07-20,193597.87630359828,0.0011940572532041429,False,True,108768.50902342796,84829.36728017032,0.0,0.0
2009-07-21,577196.8279384151,0.0035348198722325434,False,True,331099.5525892377,246097.27534917742,0.0,0.0
2009-07-22,131939.4089070484,0.0008067933025187695,False,True,4298.786204695702,127640.6227023527,0.0,0.0
2009-07-23,137785.2619720325,0.0008431675499877855,False,True,99322.67794275284,38462.58402927965,0.0,0.0
2009-07-24,171823.26612923294,0.0010492543044553695,False,True,33007.25266045332,138816.01346877962,0.0,0.0
2009-07-27,308722.16643053293,0.001887131929095758,False,True,113313.56839575619,195408.59803477675,0.0,0.0
2009-07-28,390714.4319496751,0.002376973645082079,False,True,301926.43533279,88787.99661688507,0.0,0.0
2009-07-29,562518.9962902665,0.0034168718928318056,False,True,217490.85373562574,345028.14255464077,0.0,0.0
2009-07-30,385338.6226735115,0.0023516455778402694,False,True,74280.54853582382,311058.0741376877,0.0,0.0
2009-07-31,358408.8805513978,0.0021777718007869444,False,True,70153.51922765374,288255.36132374406,0.0,0.0
2009-08-03,297933.19997897744,0.0018037773751812783,False,True,254973.73555598408,42959.46442299336,0.0,0.0
2009-08-04,646831.5388497859,0.0038856795388411717,False,True,389098.7136859521,257732.8251638338,0.0,0.0
2009-08-05,265229.1191827357,0.0015918452861363012,False,True,170592.11039827764,94637.00878445804,0.0,0.0
2009-08-06,41850945.19769363,0.25131938554926064,True,True,86740.46371725202,132970.13360120356,0.0,41631234.600375175
2009-08-07,813661.2707370296,0.00490204899745661,False,True,474458.9018073678,222523.87926388532,0.0,116678.48966577649
2009-08-10,42458086.428184114,0.2557200443943983,True,True,481054.18034330755,102989.50824708492,41508367.60639381,365675.1331999153
2009-08-11,644539.6576379463,0.003904761460876711,False,True,193604.6322440952,224984.27395503968,97285.5548639372,128665.19657487422
2009-08-12,479131.4731771648,0.0029180163565180645,False,True,36671.60835250467,154324.8026214838,85240.9339670986,202894.12823607773
2009-08-13,607664.568816416,0.003683094669072919,False,True,41464.37342084199,149762.52717365324,262367.91098737717,154069.75723454356
2009-08-14,474143.0013621077,0.002847397152791222,False,True,26331.107222631574,237071.50068104267,166492.7719539702,44247.621504463255
2009-08-17,1036814.8854004964,0.006314250888975041,False,True,37706.43204861879,172081.4734491259,518407.4427002445,308619.53720250726
2009-08-18,171241.3400553465,0.0010607225490472242,False,True,4419.037419080734,18729.158362202346,62472.47424637526,85620.67002768815
2009-08-19,898117.7133846432,0.00551501606394987,False,True,449058.8566923067,211787.39840773493,55914.174709163606,181357.28357543796
2009-08-20,406261.94439534843,0.0024840246255108827,False,True,103655.16686043143,68383.52048310637,203130.97219768167,31092.284854128957
2009-08-21,701324.3848710954,0.004295156233798328,False,True,27110.224567309022,314033.0948913321,350662.1924355477,9518.872976906598
2009-08-24,560571.819064334,0.003399154900483665,False,True,81591.33141247183,198694.57811968774,118601.12550827861,161684.78402389586
2009-08-25,1436355.6305351034,0.008715249174683483,False,True,215910.6735658273,316068.6009435132,402109.21432403475,502267.1417017281
2009-08-26,1103325.58299084,0.006733935375014012,False,True,207741.83435080945,170658.19227607548,343920.95714460313,381004.599219352
2009-08-27,656232.062596269,0.004019143530753893,False,True,139541.4425696507,328116.03129813075,11641.026898302138,176933.56183018535
2009-08-28,260849.5960600078,0.0015959805743691864,False,True,130424.7980300039,36819.82432541996,25633.735026873648,67971.2386777103
2009-08-31,1139032.4808821976,0.0069241246198900016,False,True,569516.2404411063,436512.95462522656,95563.32283269614,37439.96298316866
2009-09-01,916209.2172765434,0.005600314169453637,False,True,249983.6626155302,150878.89432401955,458104.60863826424,57242.051698729396
2009-09-02,1357874.9635379687,0.008373507749845839,False,True,311448.770071052,92806.39663819969,367488.7116979435,586131.0851307735
2009-09-03,1728204.1236248463,0.01057061064354198,False,True,260272.2326629609,566655.2822257057,297446.7795867026,603829.8291494772
2009-09-04,903707.302442506,0.0054814159613329125,False,True,240347.17955622077,111009.96643503755,340843.6847862229,211506.47166502476
2009-09-07,879247.7140737921,0.005312293272104159,False,True,197255.56136053056,242368.2956763804,384490.3481962159,55133.50884066522
2009-09-08,760200.5592238158,0.004576784056464435,False,True,121773.49486380816,380100.279611893,146848.0651415363,111478.71960657835
2009-09-09,966931.9665901288,0.005763997803821369,False,True,80292.62027555704,45568.526194028556,437897.4571010396,403173.36301950365
2009-09-10,172763.14572763443,0.0010311930297604854,False,True,5708.752488315105,62331.75693870336,24049.815925091505,80672.82037552446
2009-09-11,860806.3413229138,0.005119717907014026,False,True,380221.3671140149,430403.170661442,18268.786123163998,31913.017424292862
2009-09-14,1834445.3295378983,0.010940343753776298,False,True,339747.4675989151,435684.73189271986,577475.1971700266,481537.93287623674
2009-09-15,985143.6704468206,0.005873778421030199,False,True,397298.0119812116,269464.91454961896,95273.8232421875,223106.9206738025
2009-09-16,1021296.1122917235,0.006042281762304494,False,True,90640.78518424928,401628.03796091676,510648.0561458543,18379.233000703156
2009-09-17,1095921.2223925889,0.00640921672832795,False,True,456010.5939327851,52405.443820126355,495555.1673761681,91950.01726350933
2009-09-18,519566.3762214482,0.0030416404499303425,False,True,5738.957217775285,259783.18811073154,152447.93974013627,101596.29115280509
2009-09-21,489350.76489730924,0.0028839795271633478,False,True,219493.9705652371,53900.29594416171,190775.08650450408,25181.41188340634
2009-09-22,719520.2591119409,0.0042816807079381035,False,True,36051.07276356965,74250.56965637952,359760.1295559779,249458.4871360138
2009-09-23,402932.9489200935,0.0023612550467570844,False,True,99982.38252715021,28004.39096096158,73479.70097193122,201466.47446005046
2009-09-24,500769.84891043603,0.002949001834762154,False,True,97292.87066105008,153092.05379418284,201407.53881985694,48977.385635346174
2009-09-25,1203946.2445776686,0.007159859988477558,False,True,377376.47720792145,224596.64508090913,412218.4385660589,189754.68372277915
2009-09-28,555161.0199788958,0.0033040918306157627,False,True,277580.50998945534,109430.61611929536,72479.67945860326,95670.21441154182
2009-09-29,192932.3301857859,0.0011458757515877343,False,True,12657.421653009951,37288.503129802644,59177.66196308285,83808.74343989044
2009-09-30,141343.60060744733,0.0008383770367903462,False,True,70671.80030371994,15852.064636975527,53965.09245347977,854.6432132720947
2009-10-01,918406.761848785,0.005352089636513333,False,True,238845.4516967386,123007.52666118741,459203.3809243962,97350.40256646276
2009-10-02,618564.0300675407,0.003643511241113892,False,True,14518.834782876074,216673.46723371,294763.180250898,92608.54780005664
2009-10-05,1204683.0771576688,0.007125442943014164,False,True,273519.54621110857,347439.95212879777,254901.58645004034,328821.9923677221
2009-10-06,299993.75242576003,0.0017533367421462733,False,True,44436.66056250036,109098.49139807373,40898.38481480628,105560.21565037966
2009-10-07,1235810.6194253638,0.007117455809478888,False,True,617905.3097126931,173839.81925753504,34339.38031218946,409726.11014294624
2009-10-08,627019.8014473468,0.0036083439952564918,False,True,266898.81345784664,162702.58219896257,150807.31852469593,46611.08726584166
2009-10-09,1119208.7698117122,0.006344630509814843,False,True,361528.6691208482,87843.23693209141,471761.14797376096,198075.71578501165
2009-10-12,616763.9792589098,0.0035112281041295114,False,True,82729.2848624438,225652.704767026,250385.37144087255,57996.61818856746
2009-10-13,1155423.724083677,0.00652965713335721,False,True,397506.880596295,180204.98144555092,575940.4538259134,1771.4082159176469
2009-10-14,1106320.37461669,0.006228094790592065,False,True,424015.0650450811,240653.33283298463,312506.8544753641,129145.12226326019
2009-10-15,743328.8098397404,0.004160319856660279,False,True,279774.68883393705,91889.71608593315,30983.18590387702,340681.2190159932
2009-10-16,1217019.59097635,0.006802875545933472,False,True,53529.14299079776,245936.62736210227,362573.1681260988,554980.6524973512
2009-10-19,882707.0322339311,0.004932505717771622,False,True,245071.23186845332,196282.28424853086,322057.4983754754,119296.01774147153
2009-10-20,1101425.313286841,0.006103778126295694,False,True,550712.656643413,96020.05808703601,375597.4051468596,79095.19340953231
2009-10-21,1066081.3234529272,0.005961036943823659,False,True,533040.6617264673,357529.53676636517,162192.86926177144,13318.25569832325
2009-10-22,1173856.2618226036,0.0064954367723370566,False,True,48564.079582199454,281293.92549066246,538364.0513291135,305634.2054206282
2009-10-23,1007347.079080984,0.00557522691422769,False,True,447380.37760012597,198086.5824727565,305586.95706774294,56293.16194035858
2009-10-26,527857.58078897,0.002925761355104242,False,True,105410.88390173018,158517.90649276972,136419.76473943144,127509.02565503865
2009-10-27,817655.6347875893,0.004584093472670595,False,True,126352.2853199169,282475.53207386285,203175.1069103852,205652.71048342437
2009-10-28,446756.78412558883,0.002511844550198295,False,True,175233.31776173413,48145.074301056564,38427.75602964312,184950.63603315502
2009-10-29,676444.2874715477,0.003871409460416229,False,True,70156.80624618381,64035.60841089487,268065.3374895826,274186.53532488644
2009-10-30,786937.3812164888,0.004411046159778717,False,True,287523.12998238206,276029.82676771283,105945.56062585115,117438.86384054273
2009-11-02,1095299.7043014243,0.006217908604211198,False,True,147204.62418731302,49275.21124538034,400445.22796340287,498374.6409053281
2009-11-03,1110516.5043390393,0.0062709217718948836,False,True,505022.58009988815,50235.67206963152,197773.3943958655,357484.85777365416
2009-11-04,1514922.6327751428,0.008460924271503276,False,True,213957.1195589751,748168.0098201632,9293.306567408144,543504.1968285963
2009-11-05,615461.3206700683,0.003409868182929548,False,True,278202.44486263394,29528.21547240019,269363.48563254625,38367.174702487886
2009-11-06,633238.1969390586,0.0035139857491961047,False,True,191789.2849272713,122809.97175893933,316619.0984695181,2019.8417833298445
2009-11-09,1415731.2000198588,0.00786821752001471,False,True,2986.5375976786017,438783.9754535258,704879.0624122545,269081.6245563999
2009-11-10,387925.2820094675,0.0021295395105597184,False,True,27330.61989584565,1115.4515377432108,166632.02110888064,192847.18946699798
2009-11-11,626952.167440325,0.0034532541001483837,False,True,169081.4997233376,88816.82476828247,144394.58399682492,224659.25895188004
2009-11-12,847605.2198148519,0.004653249021014104,False,True,326913.00050409883,96889.60940332711,103698.39376708865,320104.2161403373
2009-11-13,800058.7795447707,0.004433307033449907,False,True,24205.66916498542,400029.38977238536,239436.54827665538,136387.17233074456
2009-11-16,763300.8302515,0.004202248006283879,False,True,60293.72300726175,158096.17833659053,223554.23678915948,321356.69211848825
2009-11-17,1777676.8827664107,0.009630912232562709,False,True,461067.5901004672,427770.85128273815,785388.9112009555,103449.53018224984
2009-11-18,1006842.2874937877,0.0054652488391024445,False,True,129185.49260866642,503421.1437468901,201470.8194372803,172764.83170095086
2009-11-19,864530.2185316384,0.0046944912857145174,False,True,347153.96922938526,245030.61109283566,85111.14003643394,187234.49817298353
2009-11-20,1189836.2955858782,0.006506016359741003,False,True,316110.65784305334,440611.07331543416,154307.07447750866,278807.48994988203
2009-11-23,443021.4830086157,0.002420262649463368,False,True,149722.14229626954,71788.59920804203,22942.7555905208,198567.9859137833
2009-11-24,980158.44597698,0.0053106967967950095,False,True,235862.15156871825,256638.98074302822,254217.0714197755,233440.24224545807
2009-11-25,875391.0875822157,0.004764144390013954,False,True,98418.02394828945,195502.73962387443,242192.80416722596,339277.51984282583
2009-11-26,1326014.2515477836,0.007113117809115663,False,True,400485.63588311523,262521.4898907766,457098.9444828406,205908.1812910512
2009-11-27,1437596.1371579468,0.007767008981113153,False,True,329260.3798902482,389537.6886887327,332022.7894080207,386775.2791709453
2009-11-30,1304414.9818112776,0.007092965380556762,False,True,467482.585119091,184724.90578655154,350616.0867309496,301591.4041746855
2009-12-01,1039199.5756416023,0.005637563293010924,False,True,489617.73898378015,230194.31808815897,289405.4697326347,29982.048837028444
2009-12-02,894792.6383529156,0.004794038739856827,False,True,365970.8297967762,234492.26025482267,212904.0589216277,81425.4893796891
2009-12-03,1332619.9452449754,0.007109562266601134,False,True,150993.64231717587,110477.38618116081,515316.3303053081,555832.5864413306
2009-12-04,689324.3856865987,0.00368368204979172,False,True,343921.76628983766,740.4265534579754,98749.87928073853,245912.31356256455
2009-12-07,1884972.5275957957,0.010257405157222685,False,True,261844.211421825,299309.2760238275,381332.7763522491,942486.2637978941
2009-12-08,227871.0338118747,0.0012420858657386602,False,True,51636.891570307314,59372.69757692516,62298.625335633755,54562.81932900846
2009-12-09,1299845.7845692784,0.007184509806191947,False,True,107449.7188731581,362002.78992610425,287920.1023585424,542473.1734114736
2009-12-10,1114502.6079619378,0.006182917194879969,False,True,175800.10583453625,206374.98446226865,557251.3039809614,175076.21368417144
2009-12-11,491962.7932128534,0.0027149140892692917,False,True,104918.97129793465,201815.0137404129,44166.38286601007,141062.42530849576
2009-12-14,1103887.4736213088,0.006113951683023652,False,True,134536.1582428515,88927.1294522658,417407.5785678029,463016.6073583886
2009-12-15,449598.76252552867,0.002471649172616034,False,True,24854.935106292367,199944.44615648687,100987.9786586538,123811.40260409564
2009-12-16,386310.8653187454,0.0021277030730626847,False,True,33086.30169905722,160069.13096031547,175972.62328873575,17182.80937063694
2009-12-17,1763793.8419550285,0.009681326879237147,False,True,251699.8447754532,630197.0762020648,521183.66873677075,360713.25224073976
2009-12-18,1444973.176104121,0.008080107737891612,False,True,199138.70314917713,237447.69664085656,285900.1882620305,722486.5880520567
2009-12-21,45418180.771320894,0.25293320363696564,True,True,44756791.831132084,220052.6178529486,43299.07165874541,398037.2506771162
2009-12-22,763848.4419434294,0.00428020987777082,False,True,0.0,149827.78996613622,93921.6089573875,520099.0430199057
2009-12-23,44582589.41898453,0.2509593463929177,True,True,0.0,44221395.97079514,174497.6907453388,186695.7574440539
2009-12-24,652560.2130474895,0.0036535783093671653,False,True,0.0,0.0,566247.1782366112,86313.03481087834
2009-12-25,496510.8671024665,0.0027648815280722633,False,True,0.0,0.0,5978.27804402262,490532.5890584439
2009-12-28,2030.502354286611,1.1307228711292007e-05,False,True,0.0,0.0,507.6255885735154,1522.8767657130957
2009-12-29,589185.872334078,0.003267830224799592,False,True,0.0,0.0,475393.8296229467,113792.04271113127
2009-12-30,286978.2549556196,0.0015965454116763347,False,True,0.0,0.0,6166.230147659779,280812.0248079598
2009-12-31,107592.09698658437,0.0005992817643933323,False,True,0.0,0.0,187.57069497555494,107404.52629160881
2010-01-01,259275.7341034785,0.0014435410468084566,False,True,0.0,0.0,110677.05069193244,148598.68341154605
2010-01-04,15145.225995101035,8.431530277165887e-05,False,True,0.0,0.0,3786.3064987808466,11358.919496320188
2010-01-05,991996.8401041925,0.005462235138673479,False,True,0.0,0.0,508715.2405359596,483281.5995682329
2010-01-06,95624.88997406512,0.0005270946873448221,False,True,0.0,0.0,12649.198367625475,82975.69160643965
2010-01-07,46667467.08697431,0.2547779696528038,True,True,0.0,0.0,493333.9072249979,46174133.17974931
2010-01-08,516979.12321935594,0.002833075027325855,False,True,0.0,0.0,516979.12321935594,0.0
2010-01-11,104168.98627913743,0.0005712868021758166,False,True,0.0,0.0,104168.98627913743,0.0
2010-01-12,96485.17721274495,0.0005295206092740874,False,True,0.0,0.0,96485.17721274495,0.0
2010-01-13,682651.9103875309,0.0037652727424243217,False,True,0.0,0.0,682651.9103875309,0.0
2010-01-14,201124.51425766945,0.0011076951224106286,False,True,0.0,0.0,201124.51425766945,0.0
2010-01-15,130784.09466405213,0.0007209870417169425,False,True,0.0,0.0,130784.09466405213,0.0
2010-01-18,334271.3476563692,0.001847311222745892,False,True,0.0,0.0,334271.3476563692,0.0
2010-01-19,0.0,0.0,False,False,0.0,0.0,0.0,0.0
2010-01-20,97814.13661185652,0.0005401689788594848,False,True,0.0,0.0,97814.13661185652,0.0
2010-01-21,529989.8025418594,0.0029382831411932987,False,True,0.0,0.0,529989.8025418594,0.0
2010-01-22,174009.27841839194,0.0009659563950701946,False,True,0.0,0.0,174009.27841839194,0.0
2010-01-25,45155964.20654364,0.2510045038393384,True,True,0.0,44975252.94949172,180711.25705192238,0.0
2010-01-26,130976.82830730826,0.000728003341460526,False,True,0.0,62641.38523679227,68335.44307051599,0.0
2010-01-27,372150.0825233087,0.0020771001257786246,False,True,0.0,57840.7529271096,314309.3295961991,0.0
2010-01-28,807475.7625134662,0.004531790598951567,False,True,0.0,156785.40952096134,650690.3529925048,0.0
2010-01-29,337019.8191151619,0.001894211553770329,False,True,0.0,103661.74173630774,233358.07737885416,0.0
2010-02-01,379643.2913303748,0.0021429207491855855,False,True,0.0,226899.46977190673,152743.82155846804,0.0
2010-02-02,692820.4701227993,0.0039015955676901027,False,True,0.0,243406.516257599,449413.9538652003,0.0
2010-02-03,44925715.01591252,0.2519904965305492,True,True,0.0,44307597.87182502,618117.1440875009,0.0
2010-02-04,43959693.66345497,0.24742018370634594,True,True,0.0,0.0,43959693.66345497,0.0
2010-02-05,0.0,0.0,False,False,0.0,0.0,0.0,0.0
2010-02-08,0.0,0.0,False,False,0.0,0.0,0.0,0.0
2010-02-09,0.0,0.0,False,False,0.0,0.0,0.0,0.0
2010-02-10,0.0,0.0,False,False,0.0,0.0,0.0,0.0
2010-02-11,0.0,0.0,False,False,0.0,0.0,0.0,0.0
2010-02-12,0.0,0.0,False,False,0.0,0.0,0.0,0.0
2010-02-15,0.0,0.0,False,False,0.0,0.0,0.0,0.0
2010-02-16,0.0,0.0,False,False,0.0,0.0,0.0,0.0
2010-02-17,0.0,0.0,False,False,0.0,0.0,0.0,0.0
2010-02-18,0.0,0.0,False,False,0.0,0.0,0.0,0.0
2010-02-19,0.0,0.0,False,False,0.0,0.0,0.0,0.0
2010-02-22,0.0,0.0,False,False,0.0,0.0,0.0,0.0
2010-02-23,0.0,0.0,False,False,0.0,0.0,0.0,0.0
2010-02-24,0.0,0.0,False,False,0.0,0.0,0.0,0.0
2010-02-25,0.0,0.0,False,False,0.0,0.0,0.0,0.0
2010-02-26,0.0,0.0,False,False,0.0,0.0,0.0,0.0
2010-03-01,0.0,0.0,False,False,0.0,0.0,0.0,0.0
2010-03-02,0.0,0.0,False,False,0.0,0.0,0.0,0.0
2010-03-03,0.0,0.0,False,False,0.0,0.0,0.0,0.0
2010-03-04,0.0,0.0,False,False,0.0,0.0,0.0,0.0
2010-03-05,0.0,0.0,False,False,0.0,0.0,0.0,0.0
2010-03-08,0.0,0.0,False,False,0.0,0.0,0.0,0.0
2010-03-09,44418055.355206124,0.25,True,True,0.0,0.0,0.0,44418055.355206124
2010-03-10,52773.692317932844,0.00029714606231385994,False,True,0.0,0.0,0.0,52773.692317932844
2010-03-11,44664646.58913962,0.25223790525362927,True,True,0.0,44268372.8920804,0.0,396273.69705922157
2010-03-12,216499.91509414464,0.0012235722152501268,False,True,0.0,141408.85984940082,0.0,75091.05524474382
2010-03-15,389593.22165577114,0.002204622949323547,False,True,0.0,138704.24537467957,0.0,250888.97628109157
2010-03-16,481487.232369937,0.002723894729431465,False,True,0.0,228800.58890034258,0.0,252686.64346959442
2010-03-17,45037511.9116482,0.2534601582498943,True,True,44422673.98417339,75809.63117351383,0.0,539028.2963012978
2010-03-18,687501.1869221479,0.0038667913952279867,False,True,14637.904852882028,356950.5834635049,0.0,315912.69860576093
2010-03-19,871339.7332404405,0.00491250239454957,False,True,488044.5185704082,678.6529199555516,0.0,382616.5617500767
2010-03-22,698552.2689136341,0.0039652427710507206,False,True,67073.81912542135,131825.2023054883,0.0,499653.2474827245
2010-03-23,569263.3852594569,0.0032300857566831863,False,True,293257.00481277704,65806.26538673043,0.0,210200.11505994946
2010-03-24,227651.1074044481,0.001287189467792948,False,True,188394.56066072732,3080.45994823426,0.0,36176.08679548651
2010-03-25,451022.9190800041,0.0025764646798711855,False,True,156133.70680724084,6585.67371892184,0.0,288303.5385538414
2010-03-26,752634.0838256627,0.0043021549405057825,False,True,390248.2346453294,181489.31342873722,0.0,180896.5357515961
2010-03-29,1104260.0476877093,0.006300603781366509,False,True,72660.14499367774,439586.5974358022,0.0,592013.3052582294
2010-03-30,742646.7783011124,0.004207159751172722,False,True,295778.74744050205,232691.14635893703,0.0,214176.88450167328
2010-03-31,522292.0621329844,0.0029582313651466663,False,True,115528.43674651533,150088.49099398404,0.0,256675.13439248502
2010-04-01,530563.0845326483,0.002993525259719797,False,True,132821.7705680877,180110.61124277115,0.0,217630.70272178948
2010-04-02,477196.9919883087,0.0026767725888115165,False,True,88725.63087976724,109050.53948289901,0.0,279420.8216256425
2010-04-05,147337.52733147144,0.0008270169222093506,False,True,29467.50546629727,29467.50546629727,0.0,88402.5163988769
2010-04-06,350405.4521983266,0.0019626273464378226,False,True,2311.31718095392,124945.47814837843,0.0,223148.65686899424
2010-04-07,206704.3522470519,0.0011543208012745004,False,True,95203.45192936808,74541.96855237335,0.0,36958.931765310466
2010-04-08,1377573.6091478094,0.007692240907100036,False,True,686784.984659642,98039.2458429411,0.0,592749.3786452264
2010-04-09,43230.94339256734,0.00024130581963163452,False,True,5808.684446141124,7301.268616952002,0.0,30120.99032947421
2010-04-12,347476.1275296658,0.001927473512097868,False,True,160578.805405356,33579.60169856995,0.0,153317.72042573988
2010-04-13,603490.5116355717,0.003348099377581016,False,True,298401.45541368425,100349.68790697306,0.0,204739.3683149144
2010-04-14,45450406.79839212,0.25259991779580604,True,True,194117.71530909836,134238.36471556872,44982602.52318532,139448.19518212974
2010-04-15,610716.3351682201,0.0033715957114001747,False,True,188551.8810056895,194464.19607514143,110893.97150897235,116806.28657841682
2010-04-16,311742.5558943376,0.0017199361726788313,False,True,93286.75793536007,62584.5200118199,33760.76510681957,122110.51284033805
2010-04-19,876751.7254199684,0.004888634102848994,False,True,252597.13325980306,185778.72945019603,61171.928798124194,377203.9339118451
2010-04-20,1038440.602477558,0.005820725406729465,False,True,349421.11615327746,127223.62617430836,391996.67506447434,169799.1850854978
2010-04-21,627115.3881539404,0.0034914953844981545,False,True,208230.99912546575,197335.41734801233,116222.27672894299,105326.69495151937
2010-04-22,463173.84108376503,0.002573765283501076,False,True,86841.00225055218,144745.9182913229,81466.19885514677,150120.7216867432
2010-04-23,520525.4738728553,0.002900595827267383,False,True,182497.6264660284,5780.512480318546,254482.2244561091,77765.11047039926
2010-04-26,865346.8066080883,0.00479934232892135,False,True,16962.959047429264,415710.4442566037,10638.636176459491,422034.76712759584
2010-04-27,785942.0632916614,0.004352527519802585,False,True,200165.1797445789,192805.85190124065,162911.61608564854,230059.41556019336
2010-04-28,1887531.7238320112,0.010508590350206943,False,True,384655.2617269233,141085.47280065715,559110.6001890823,802680.3891153485
2010-04-29,959405.168815501,0.005323910815601229,False,True,447151.70867468417,249054.7281532809,32550.875733084977,230647.85625445098
2010-04-30,928886.6744459942,0.005132883274116595,False,True,385612.67130433023,78830.66591866314,322506.95221169293,141936.3850113079
2010-05-03,1005017.134249635,0.005531003640082282,False,True,479056.5135342106,23452.053590603173,221880.2272913903,280628.33983343095
2010-05-04,788801.7278631926,0.00433518611344807,False,True,276507.58163046837,394400.8639315739,56417.612527132034,61475.66977401823
2010-05-05,859614.8210304156,0.004804982844139181,False,True,192464.21567310393,98349.91018138081,237343.19484211504,331457.5003338158
2010-05-06,1396097.1518588364,0.007865554182907544,False,True,405144.3551046178,191193.38167721033,292904.22082480043,506855.1942522079
2010-05-07,3139116.9099821746,0.01780603371158956,False,True,1170943.9790318832,61361.38768362254,337253.0882755816,1569558.4549910873
2010-05-10,1471398.985489972,0.008357214658606745,False,True,510757.31189443916,735699.4927449897,177931.27387714386,47010.90697339922
2010-05-11,2184033.8343286067,0.012205321014386877,False,True,988186.0588992015,103830.85826510936,180972.37133713067,911044.5458271652
2010-05-12,1961766.3152544945,0.010934298875843879,False,True,604705.2197546512,281831.057549499,94346.88032308221,980883.1576272622
2010-05-13,45712457.34249513,0.2534781132273136,True,True,205622.13282787055,311146.1062331125,45193212.268988825,2476.83444532007
2010-05-14,503528.34573611617,0.0027918482414993596,False,True,14778.128219902515,253737.43532187492,0.0,235012.78219433874
2010-05-17,45276667.748626724,0.25243035707965256,True,True,342161.27110496163,44674029.003348,0.0,260477.4741737619
2010-05-18,368194.62592485547,0.0020574775279909663,False,True,81941.99734038115,0.0,0.0,286252.6285844743
2010-05-19,616513.5500840694,0.0034529153876723794,False,True,409678.3159263134,0.0,0.0,206835.23415775597
2010-05-20,981446.1210454106,0.00553743189900072,False,True,163173.20406359434,0.0,0.0,818272.9169818163
2010-05-21,43048606.96837739,0.2452113676558609,True,True,43046965.83526517,0.0,0.0,1641.1331122219563
2010-05-24,149489.70160820335,0.0008524837916955276,False,True,0.0,0.0,0.0,149489.70160820335
2010-05-25,409221.1398201138,0.0023263963141836336,False,True,0.0,0.0,0.0,409221.1398201138
2010-05-26,349266.64654426277,0.0019803160973650047,False,True,0.0,0.0,0.0,349266.64654426277
2010-05-27,201817.3460631296,0.001142546245919454,False,True,0.0,0.0,0.0,201817.3460631296
2010-05-28,25419.898719601333,0.00014388177559398005,False,True,0.0,0.0,0.0,25419.898719601333
2010-05-31,57366.75517992675,0.00032456693497532967,False,True,0.0,0.0,0.0,57366.75517992675
2010-06-01,42832.87033884227,0.0002422595252741908,False,True,0.0,0.0,0.0,42832.87033884227
2010-06-02,258383.76330281794,0.0014585572796573126,False,True,0.0,0.0,0.0,258383.76330281794
2010-06-03,60427.59839873016,0.0003412645458273795,False,True,0.0,0.0,0.0,60427.59839873016
2010-06-04,461288.5075258091,0.0026142048716476765,False,True,0.0,0.0,0.0,461288.5075258091
2010-06-07,369639.90966023505,0.0020889810896588365,False,True,0.0,0.0,0.0,369639.90966023505
2010-06-08,552584.644824788,0.0031099248230771056,False,True,0.0,0.0,0.0,552584.644824788
2010-06-09,101262.18472807854,0.0005703330018577302,False,True,0.0,0.0,0.0,101262.18472807854
2010-06-10,85610.09216152877,0.0004824868403484747,False,True,0.0,0.0,0.0,85610.09216152877
2010-06-11,455042.4390126318,0.00257335668218508,False,True,0.0,0.0,0.0,455042.4390126318
2010-06-14,273902.7716781646,0.0015457828582678323,False,True,0.0,0.0,0.0,273902.7716781646
2010-06-15,147079.84471655637,0.0008309715174181885,False,True,0.0,0.0,0.0,147079.84471655637
2010-06-16,356016.870711796,0.002006043653143296,False,True,0.0,0.0,0.0,356016.870711796
2010-06-17,138846.70068170875,0.0007831746707625489,False,True,0.0,0.0,0.0,138846.70068170875
2010-06-18,434346.69926445186,0.002441986351637996,False,True,0.0,0.0,0.0,434346.69926445186
2010-06-21,311761.4299673587,0.0017486999927888694,False,True,0.0,0.0,0.0,311761.4299673587
2010-06-22,615734.0517666414,0.0034696895514632633,False,True,0.0,0.0,0.0,615734.0517666414
2010-06-23,168574.49990929663,0.0009487233977959375,False,True,0.0,0.0,0.0,168574.49990929663
2010-06-24,69055.77504455298,0.00038884170561809224,False,True,0.0,0.0,0.0,69055.77504455298
2010-06-25,162009.09086767584,0.0009111382871811053,False,True,0.0,0.0,0.0,162009.09086767584
2010-06-28,330617.65277104825,0.0018547935808798381,False,True,0.0,0.0,0.0,330617.65277104825
2010-06-29,445562.0595644489,0.0025080004314839,False,True,0.0,0.0,0.0,445562.0595644489
2010-06-30,44093.58815229684,0.0002481139306894012,False,True,0.0,0.0,0.0,44093.58815229684
2010-07-01,48347.418957963586,0.0002719515241372368,False,True,0.0,0.0,0.0,48347.418957963586
2010-07-02,1172224.1442478225,0.006652178414602248,False,True,0.0,0.0,0.0,1172224.1442478225
2010-07-05,357228.5534110442,0.0020217483547294818,False,True,0.0,0.0,0.0,357228.5534110442
2010-07-06,74372.44445689768,0.0004211499872003151,False,True,0.0,0.0,0.0,74372.44445689768
2010-07-07,44446605.28146881,0.2525412967201244,True,True,43999343.729835786,0.0,0.0,447261.5516330227
2010-07-08,355517.5412437096,0.002011888065995426,False,True,157699.15341365337,0.0,0.0,197818.38783005625
2010-07-09,336921.0865992904,0.0019066051519399515,False,True,169499.26107966155,0.0,0.0,167421.82551962882
2010-07-12,431639.3924802914,0.002434879148066771,False,True,75601.94961893559,0.0,0.0,356037.44286135584
2010-07-13,515578.6184942946,0.0029177859176114777,False,True,114931.3109183535,0.0,0.0,400647.3075759411
2010-07-14,469136.03872798383,0.002644906673982619,False,True,66723.7799199894,0.0,0.0,402412.2588079944
2010-07-15,136406.6014463827,0.0007702211420253255,False,True,64516.680905126035,0.0,0.0,71889.92054125667
2010-07-16,8646.513766795397,4.882367069865805e-05,False,True,3370.710325345397,0.0,0.0,5275.80344145
2010-07-19,518700.61353956163,0.002946168977964826,False,True,217432.61592467874,0.0,0.0,301267.9976148829
2010-07-20,310485.0337780267,0.0017697668144873292,False,True,94202.46327988803,0.0,0.0,216282.57049813867
2010-07-21,407666.9699190259,0.002312955265477797,False,True,267795.8739821464,0.0,0.0,139871.09593687952
2010-07-22,43843003.84465767,0.24933748844809267,True,True,45684.121714919806,0.0,0.0,43797319.72294275
2010-07-23,44543076.17563077,0.2524808940137646,True,True,437683.22141935676,44105392.954211414,0.0,0.0
2010-07-26,473102.80434915423,0.002686143924630189,False,True,310163.33274929225,162939.47159986198,0.0,0.0
2010-07-27,270365.1266822666,0.0015303583534208639,False,True,163847.58709196,106517.53959030658,0.0,0.0
2010-07-28,44472221.94591236,0.2516337493801226,True,True,127850.06878507882,160888.88302799314,44183482.99409929,0.0
2010-07-29,848099.2331599519,0.0048011319718202295,False,True,12390.908404119313,422689.9128979072,413018.41185792536,0.0
2010-07-30,443373.36475563794,0.0024902005404460175,False,True,46490.39437503368,105707.74045022577,291175.2299303785,0.0
2010-08-02,829565.8821672127,0.004631096126096767,False,True,181993.56964872032,97509.83784203231,550062.47467646,0.0
2010-08-03,523887.63071431965,0.002909468331574,False,True,145253.4459290132,162250.10406643152,216384.08071887493,0.0
2010-08-04,157996.29104103893,0.0008782819834343746,False,True,52230.66620974243,57676.951510988176,48088.67332030833,0.0
2010-08-05,559048.342610158,0.0030948355235273827,False,True,58010.501396119595,128179.8843632564,372857.95685078204,0.0
2010-08-06,136667.73052170128,0.000757184723337878,False,True,50265.953251585364,71677.65233350545,14724.12493661046,0.0
2010-08-09,753167.9089157656,0.0041856472176324076,False,True,77400.06794848293,307338.9021205306,368428.93884675205,0.0
2010-08-10,492868.01894433796,0.002735488643546462,False,True,275794.70659757406,49009.88975087553,168063.42259588838,0.0
2010-08-11,440762.6687920019,0.0024582860002375384,False,True,110537.17733117938,99595.53249502182,230629.9589658007,0.0
2010-08-12,347721.69014120847,0.0019545264051452522,False,True,176789.71737583727,71205.41001926363,99726.56274610758,0.0
2010-08-13,514817.3642917648,0.002892616264472357,False,True,121550.86813744158,248593.29830161482,144673.1978527084,0.0
2010-08-16,131461.49712964892,0.0007386569506253588,False,True,58364.553280971944,65393.79090677202,7703.152941904962,0.0
2010-08-17,798118.8928910121,0.004479737416234448,False,True,422596.85242059827,86676.68909489363,288845.35137552023,0.0
2010-08-18,517567.6067531258,0.0028927584775755777,False,True,164236.26523284614,218456.29032661766,134875.051193662,0.0
2010-08-19,318995.1226337254,0.0017851167958265234,False,True,103010.98203901201,187160.27476198226,28823.865832731128,0.0
2010-08-20,243580.86656479537,0.0013665842139398974,False,True,64739.95194873214,24265.634617693722,154575.27999836951,0.0
2010-08-23,473922.97826962173,0.002668315103891041,False,True,158294.999567464,225339.28636411577,90288.69233804196,0.0
2010-08-24,677851.0777424946,0.00382099374538918,False,True,282898.60633960366,312732.087474525,82220.383928366,0.0
2010-08-25,705383.4447909221,0.0039971946426653054,False,True,236172.9682830125,144061.346415177,325149.1300927326,0.0
2010-08-26,622555.9773249552,0.0035345565116621097,False,True,269338.87347882986,244683.01160626858,108534.09223985672,0.0
2010-08-27,674796.9466109425,0.0038081263094665286,False,True,204262.28058635443,265683.5863059312,204851.07971865684,0.0
2010-08-30,44847365.96093959,0.2515355654426573,True,True,35083.174123480916,25487.789311349392,213211.65351889282,44573583.34398587
2010-08-31,505662.583220467,0.002836184424687589,False,True,224091.82776272297,56227.22713083029,196604.0644794032,28739.463847510517
2010-09-01,1206352.2764388025,0.006776119201963368,False,True,163492.91900083423,213463.1369996816,389713.00121971965,439683.219218567
2010-09-02,1307604.9483860582,0.007277665544007378,False,True,132265.58330520242,504463.7245046273,149338.74968838692,521536.8908878416
2010-09-03,493490.2816631198,0.0027268555645414386,False,True,200191.53876691312,165667.09332980216,46553.60206464678,81078.04750175774
2010-09-06,953804.233896926,0.005260368349513196,False,True,227604.87772986293,77824.97504983097,399077.1418986246,249297.23921860754
2010-09-07,195357.68074688315,0.0010751091734362756,False,True,54913.675453327596,16805.90811625123,97678.84037344903,25959.2568038553
2010-09-08,483922.58364178985,0.0026599860932506815,False,True,54278.292185634375,187682.99963527173,87265.16054995358,154696.13127093017
2010-09-09,376127.4828710705,0.002064440833624049,False,True,33144.3250702098,188063.74143553525,61089.310606874526,93830.10575845093
2010-09-10,1092659.3447466716,0.0059966334822523695,False,True,173152.21395641565,373177.45841693133,129698.68307220191,416630.9893011227
2010-09-13,290702.58610539883,0.0015930993665461408,False,True,104423.11850206554,40928.17455063015,124169.28606558591,21182.00698711723
2010-09-14,639962.2282328829,0.003483867076871272,False,True,26382.985009633005,183416.90151969343,110181.22758710384,319981.11411645263
2010-09-15,989083.720425263,0.005342701628904849,False,True,317968.8804188594,176572.9797937721,13381.971177637577,481159.88903499395
2010-09-16,547615.6443441659,0.0029644741336147893,False,True,257514.37031190097,179890.11060141772,16293.451860181987,93917.71157066524
2010-09-17,787284.0680223927,0.004253198610314625,False,True,229568.3312553689,244926.79183265567,148715.2421785295,164073.70275583863
2010-09-20,654602.1089344248,0.0035365600504454185,False,True,253720.644112356,36823.444249883294,327301.0544671938,36756.966104991734
2010-09-21,1093966.9838383868,0.005899502028681701,False,True,391123.84514635056,483692.15575250983,155859.64677283168,63291.33616669476
2010-09-22,1309086.684483014,0.007036636536407363,False,True,474652.54801779985,185485.69796425104,469057.64427725226,179890.7942237109
2010-09-23,759644.4889824465,0.004068801549295464,False,True,360136.2881395072,282012.4612900317,97809.7832011804,19685.956351727247
2010-09-24,527306.534795247,0.00282590657043453,False,True,76662.55880099535,186990.70859661698,202243.66253088415,61409.60486675054
2010-09-27,425565.0955599621,0.002263646130793591,False,True,12944.68763127923,1886.7154796272516,212782.54777996242,197951.1446690932
2010-09-28,392544.7812875882,0.002088433186894781,False,True,29138.543971262872,167133.84667254984,128678.28699330986,67594.10365046561
2010-09-29,692386.5214662254,0.003669736082856736,False,True,91868.20366928726,31081.442806333303,223243.61425749213,346193.2607331127
2010-09-30,242224.61052050442,0.0012797042224934978,False,True,54878.11796492338,44707.64813249558,21526.539162822068,121112.30526026338
2010-10-01,624192.5901320875,0.0032910971943051594,False,True,312096.29506604373,110918.5967348069,60850.10928371549,140327.58904752135
2010-10-04,945010.9687121361,0.004981826808402731,False,True,73321.78781873733,100076.39799595624,399183.6965373233,372429.0863601193
2010-10-05,283446.3932817057,0.0014979230935816324,False,True,141723.19664084166,16577.258926145732,109186.53089217097,15959.406822547317
2010-10-06,1145722.4861987233,0.0059729288188921726,False,True,107664.3563580215,572861.2430993766,207474.49382205307,257722.39291927218
2010-10-07,1068137.8128513992,0.005558005302593913,False,True,534068.9064256847,256933.48059836775,64353.69760044664,212781.7282269001
2010-10-08,1413428.989977412,0.007382925379594052,False,True,146994.038363263,559720.4566254392,339708.31038591266,367006.18460279703
2010-10-11,1818824.80688864,0.009376886614028631,False,True,163865.35128190368,592064.6734668016,909412.4034443125,153482.3786956221
2010-10-12,539157.0609951988,0.0027729632563756423,False,True,233016.29993271828,36562.23056486994,122896.54075358063,146681.98974402994
2010-10-13,562184.7146308944,0.002889637826531815,False,True,29606.13099515438,92654.98318824172,281092.357315436,158831.24313206226
2010-10-14,626809.1271893159,0.0031896258349318352,False,True,21575.667939156294,89308.64426344633,224095.91933121532,291828.8956554979
2010-10-15,699287.6941231787,0.003551497979986845,False,True,283181.95669250935,124616.81646928191,66461.8903690651,225027.03059232235
2010-10-18,407302.08446861804,0.0020828086761654077,False,True,198443.42637185752,5207.615862444043,81983.13935254514,121667.90288177133
2010-10-19,533833.6787361205,0.0027285289061109506,False,True,250399.2426866591,110428.98106766492,156487.8583003953,16517.596681401134
2010-10-20,1219929.9131376669,0.006346356304480376,False,True,609964.9565688372,95393.42011078447,62441.715719006956,452129.8207390383
2010-10-21,928817.6256051362,0.004775345669900035,False,True,401585.2950901091,83907.83359783888,380500.97920472175,62823.51771246642
2010-10-22,1050082.3555373773,0.005449612450883942,False,True,88290.60952113569,525041.1777686924,156024.91461732239,280725.65363022685
2010-10-25,769467.3558156267,0.003999927798919465,False,True,162496.6149924323,222237.06291539222,202137.60714552552,182596.07076227665
2010-10-26,440962.8700299859,0.002270279246349886,False,True,166063.99072969705,212320.9285471812,8160.506467804313,54417.444285303354
2010-10-27,878505.3345702142,0.0045297668183373035,False,True,151836.25684459507,287416.41044050455,343332.35656835884,95920.31071675569
2010-10-28,612571.6929359362,0.0031959671699293155,False,True,71379.16874601692,306285.8464679718,218534.3744775504,16372.303244397044
2010-10-29,418258.4949721694,0.0021603415839199346,False,True,20607.677452787757,1954.1183187440038,207175.12916734815,188521.5700332895
2010-11-01,622814.8150151,0.003200594471532314,False,True,81932.01705231518,116970.94052647054,112504.44992876053,311407.4075075537
2010-11-02,677820.3009198904,0.003480446586031,False,True,64011.420933157206,338910.1504599601,36197.927897349,238700.8016294241
2010-11-03,785976.0479155257,0.004014159515988937,False,True,262486.0502662733,283865.1905650571,109122.8333927095,130501.97369148582
2010-11-04,850287.7209426388,0.004345087348284354,False,True,425143.86047132313,79378.41359799355,50540.41919974983,295225.0276735723
2010-11-05,1465654.8224253356,0.007326353898047117,False,True,529360.2405550107,203467.17065766454,227701.5342482105,505125.8769644499
2010-11-08,674059.7270634547,0.0033677574093757207,False,True,293862.0114141181,43167.85211760551,322146.97025930136,14882.893272429705
2010-11-09,1511280.7737457976,0.007550489693970194,False,True,582803.0387866572,172837.34808624536,189783.11908771098,565857.2677851841
2010-11-10,1493357.0942566767,0.0074472627942513666,False,True,76424.04650770128,163180.28328458965,583498.2638437524,670254.5006206334
2010-11-11,1524963.6847541109,0.007647265751663379,False,True,94572.9143941328,497214.1692973152,265267.6730797291,667908.9279829338
2010-11-12,481948.24835894257,0.0024202251800711995,False,True,153728.8919192627,11697.729233063757,75547.50302714854,240974.12417946756
2010-11-15,2730970.887282528,0.013991521130717869,False,True,812100.4476288259,553384.9960124344,936739.8316766918,428745.61196457595
2010-11-16,696189.5137313977,0.003566441644141097,False,True,4518.998169861734,47790.573278695345,348094.7568656951,295785.1854171455
2010-11-17,1907503.4098761603,0.009959702838342957,False,True,391104.4482786581,393204.68461316824,953751.7049380839,169442.5720462501
2010-11-18,803794.4393830374,0.004185291264998408,False,True,283445.56499281526,118451.65469870716,141419.81071954966,260477.4089719653
2010-11-19,1029546.9242469668,0.005290412549416279,False,True,178999.34902972728,321861.81020531803,514773.46212347597,13912.302888445556
2010-11-22,49046948.09520002,0.2530221597388535,True,True,48547199.61947645,9221.229170709848,292914.4862251133,197612.7603277415
2010-11-23,518306.3096119985,0.002666037599375395,False,True,0.0,12375.4791084975,175996.2819866091,329934.5485168919
2010-11-24,861412.5864747316,0.004432433471974899,False,True,0.0,439167.50401294976,62173.78731303662,360071.2951487452
2010-11-25,869388.3321714029,0.004453681679553142,False,True,0.0,102409.86148833483,440237.2512147203,326741.2194683477
2010-11-26,140308.6438647285,0.000718746790048089,False,True,0.0,67815.61797910929,1559.1359688341618,70933.88991678506
2010-11-29,666328.3983937055,0.003440709325716476,False,True,0.0,505589.509507671,139074.8416474089,21664.047238625586
2010-11-30,522546.1122396216,0.0026993483938202887,False,True,0.0,271006.5281933695,142967.3715571016,108572.21248915046
2010-12-01,828494.0095057338,0.00426269507127365,False,True,0.0,127631.79435559362,189504.47520565987,511357.73994448036
2010-12-02,1448079.189260304,0.007389873566811842,False,True,0.0,184328.39948402345,923455.4723697156,340295.31740656495
2010-12-03,791691.9649018943,0.0040238213020074905,False,True,0.0,337195.94211568683,158243.16683607548,296252.855950132
2010-12-06,607286.6875638738,0.0030489276368576308,False,True,0.0,150811.7024995312,36433.52441161126,420041.46065273136
2010-12-07,274874.7560857609,0.0013762870500463901,False,True,0.0,64211.72879283875,5532.3508867025375,205130.6764062196
2010-12-08,859689.6523257568,0.004323488653250215,False,True,0.0,306884.3637890741,12921.906402230263,539883.3821344525
2010-12-09,1342249.8322304636,0.006792707787654543,False,True,0.0,425283.91831225157,516115.91407977045,400849.9998384416
2010-12-10,531876.9623976648,0.0026860541168108494,False,True,0.0,239099.80082316697,214356.8337166384,78420.32785785943
2010-12-13,284823.9510530606,0.0014388011381587414,False,True,0.0,135534.5758839622,128069.66731014848,21219.7078589499
2010-12-14,615892.0710240975,0.003086527177736665,False,True,0.0,71849.81501548737,433954.44885308295,110087.80715552717
2010-12-15,458403.08966460824,0.0022954102360722545,False,True,0.0,215928.53778523952,208935.92347615212,33538.6284032166
2010-12-16,49863095.06692726,0.25114538176609313,True,True,0.0,49587648.209820345,16560.793053776026,258886.06405314058
2010-12-17,368385.12253296375,0.0018623558327552794,False,True,0.0,0.0,169393.22205202281,198991.90048094094
2010-12-20,363578.2169259265,0.0018313225769899166,False,True,0.0,0.0,357692.87725470215,5885.339671224356
2010-12-21,463849.3044003099,0.0023255156928227096,False,True,0.0,0.0,337791.30386390537,126058.00053640455
2010-12-22,270284.0940629989,0.0013530934502834439,False,True,0.0,0.0,208112.46515699476,62171.62890600413
2010-12-23,272727.65915285796,0.001363612244578284,False,True,0.0,0.0,199139.61928121,73588.03987164795
2010-12-24,257533.2795876786,0.0012884474659396478,False,True,0.0,0.0,97500.9801544398,160032.2994332388
2010-12-27,50180159.72727226,0.2508416822785154,True,True,0.0,50011783.59938207,42094.031972549856,126282.09591763467
2010-12-28,50140267.89211358,0.2506957580949328,True,True,50001113.175124615,54159.70976784825,64242.146365754306,20752.86085536331
2010-12-29,1072306.783206664,0.005320522322193521,False,True,536153.3916033208,24555.200860843062,94810.00821688026,416788.18252561986
2010-12-30,472070.62553730607,0.0023337605654466945,False,True,211430.86017022282,73577.77619413286,162457.53657452017,24604.452598430216
2010-12-31,1193231.297650002,0.005898639992976731,False,True,596615.6488249898,32607.550149299204,306043.3166914955,257964.78198421746
2011-01-03,1087760.4601674974,0.005322837196637117,False,True,543880.2300837561,118796.66371184587,339036.1127839312,86047.45358796418
2011-01-04,1034187.5181004107,0.005062370078180228,False,True,484000.1291560605,296887.66342329234,33093.62989414483,220206.095626913
2011-01-05,1041190.6314617619,0.0051716913865880445,False,True,375069.93011095375,145525.38561993837,23469.20206462592,497126.11366624385
2011-01-06,969586.9264044911,0.004832419427611934,False,True,221778.48627082258,263014.97693143785,396114.63983370364,88678.823368527
2011-01-07,545858.0013457388,0.0027385349620713748,False,True,34329.187772504985,187081.01228357106,238599.8129003495,85847.98838931322
2011-01-10,647980.5945800841,0.003253450554085993,False,True,83236.71366291493,240753.5836271271,290009.5748269409,33980.72246310115
2011-01-11,996727.9297020882,0.005004799177518791,False,True,123411.01876026392,374952.94609077275,270854.72502236813,227509.23982868344
2011-01-12,899872.0695718825,0.004504546890759597,False,True,22616.869592308998,449936.0347859338,368699.0742811486,58620.09091249108
2011-01-13,558174.5301994085,0.002770955829463407,False,True,89776.329172723,815.7312164306641,279087.26509970427,188495.2047105506
2011-01-14,1074544.3684534207,0.005345398542310163,False,True,154003.3877203837,383268.7965063229,122210.15737096965,415062.0268557444
2011-01-17,530440.2117449865,0.0026561205353338386,False,True,30901.3628301695,133784.0184866041,265220.10587248206,100534.72455573082
2011-01-18,474895.58325101435,0.002372554123804092,False,True,17338.934139735997,220108.85748577118,114324.62558293343,123123.16604257375
2011-01-19,224440.91117323935,0.0011175041190989925,False,True,34653.10712914169,67561.44105176628,44659.0145348385,77567.34845749289
2011-01-20,445523.11056241393,0.0022138280191066947,False,True,20480.834462746978,202280.72081846,177450.74847874045,45310.80680246651
2011-01-21,1485858.4449502602,0.007462605340250209,False,True,476197.65242271125,410391.3905584663,266731.57005243003,332537.8319166526
2011-01-24,886438.7756737545,0.004442960023057308,False,True,209180.0346921757,253342.3510163203,189877.03682055324,234039.3531447053
2011-01-25,50496815.66967774,0.25313229348000305,True,True,226039.1565668434,387100.25308767706,312427.2377667725,49571249.02225645
2011-01-26,922122.1952082664,0.004646902714290785,False,True,240742.77713619918,89090.80044086277,592288.6176312044,0.0
2011-01-27,773419.0007575825,0.003879003183817978,False,True,106122.22757586092,162088.03131250292,505208.74186921865,0.0
2011-01-28,326969.9926282242,0.0016448355913495033,False,True,70813.36055087298,88460.24135858566,167696.39071876556,0.0
2011-01-31,883678.9949659184,0.004437742725988351,False,True,269704.1658348292,129358.34828494489,484616.48084614426,0.0
2011-02-01,760966.9321208745,0.0037926934414559796,False,True,111152.66752715409,191457.69064949453,458356.5739442259,0.0
2011-02-02,732907.4802167639,0.003634528541807672,False,True,165796.00164369494,492838.4928525165,74272.9857205525,0.0
2011-02-03,493642.77975043654,0.002448513503901516,False,True,54443.3967038095,197646.58879055083,241552.79425607622,0.0
2011-02-04,572323.4307628497,0.0028404269815130155,False,True,52671.03827998787,218849.36426768452,300803.02821517736,0.0
2011-02-07,395068.0437310189,0.0019610135868426653,False,True,123925.374117665,193672.05448913574,77470.61512421817,0.0
2011-02-08,487849.13709388673,0.002427446700851784,False,True,53966.17738559842,182797.78211534023,251085.17759294808,0.0
2011-02-09,494456.4916744381,0.0024530437002483925,False,True,321782.1080815643,59066.11828225851,113608.2653106153,0.0
2011-02-10,694230.6062019095,0.003441585614437798,False,True,116133.42991367728,328405.0970018357,249692.0792863965,0.0
2011-02-11,204254.06612630188,0.0010161838073562757,False,True,20725.2302146554,171044.40940432996,12484.42650731653,0.0
2011-02-14,354811.2324579507,0.0017673192441773388,False,True,147566.2867679894,19339.2080886662,187905.7376012951,0.0
2011-02-15,252862.1739436984,0.0012589529547362766,False,True,79274.02775985003,36059.35338701308,137528.7927968353,0.0
2011-02-16,378879.74606550485,0.001891918267324278,False,True,72623.4135324359,43197.2983847484,263059.03414832056,0.0
2011-02-17,58696.76079065353,0.00029303888998234403,False,True,21503.37343376875,24168.565389066935,13024.821967817843,0.0
2011-02-18,313576.7612927258,0.0015563063906503924,False,True,8769.441007375717,190159.98416598886,114647.33611936122,0.0
2011-02-21,240532.85011345148,0.0011930801359404004,False,True,55384.02887174487,135117.7156597376,50031.10558196902,0.0
2011-02-22,207443.39732703567,0.0010303649265212174,False,True,109089.6323800832,29205.965837940574,69147.79910901189,0.0
2011-02-23,356157.57943371683,0.0017759048113083515,False,True,80566.37050908804,127756.48455870897,147834.72436591983,0.0
2011-02-24,693983.6944060102,0.0034535701163316886,False,True,134460.51446606964,162928.26763682812,396594.91230311245,0.0
2011-02-25,963925.7885925248,0.004788116634576502,False,True,230618.9687531814,297533.9871300459,435772.83270929754,0.0
2011-02-28,920397.4067982733,0.004541714243701473,False,True,292959.2947123274,35983.45083169639,591454.6612542495,0.0
2011-03-01,307139.1980996728,0.001513089378996571,False,True,111825.50006932765,32439.458236940205,162874.23979340494,0.0
2011-03-02,51143196.731096305,0.2516609888433166,True,True,16889.904384993017,122579.62740459293,198080.91483440995,50805646.28447231
2011-03-03,410862.1992672235,0.002016417691370072,False,True,67279.1176853925,107611.48952082545,138151.9819482118,97819.61011279374
2011-03-04,1161264.8099752963,0.005711764895413272,False,True,354528.7860099673,34796.25763323903,226103.61897768825,545836.1473544016
2011-03-07,1116069.9714455456,0.005473728905607641,False,True,297596.2841658294,260438.7015569657,163222.50136885047,394812.48435389996
2011-03-08,496224.9521924928,0.0024337399116225564,False,True,434.80351692438126,208058.18282204866,248112.47609625012,39619.48975726962
2011-03-09,523616.755300276,0.002577555493999583,False,True,187321.9084066227,133098.69776374102,128709.67988639325,74486.46924351901
2011-03-10,409999.8024177477,0.0020184727058218917,False,True,41779.359108924866,91523.64964789897,204999.90120886266,71696.89245206118
2011-03-11,596932.4411419928,0.002970422031105077,False,True,298466.2205710113,3091.5701454356313,165810.79583847523,129563.85458707064
2011-03-14,921151.6342384741,0.004581100208276982,False,True,111456.5462552458,283614.4210193157,349119.2708639875,176961.39609992504
2011-03-15,463866.21496011317,0.00230099080822407,False,True,50001.58347891271,37443.27939864248,194489.8280814141,181931.52400114387
2011-03-16,1783198.1814108342,0.009016567906899142,False,True,792554.6457150131,99044.4449903965,762112.9323622808,129486.15834314376
2011-03-17,768110.7341342494,0.003891781022539491,False,True,195113.56999667734,188941.79707044363,165677.55470207334,218377.81236505508
2011-03-18,2360687.5583427846,0.011861305777507098,False,True,442131.2930672914,492584.53268223256,1180343.7791713923,245627.95342186838
2011-03-21,341481.94483900815,0.0016974124977253231,False,True,155113.62437281013,120912.48946183175,49828.48295766115,15627.348046705127
2011-03-22,579291.2996002436,0.002864991348481342,False,True,254415.75859766454,217047.01862570643,35229.8912024498,72598.6311744228
2011-03-23,567299.4014854357,0.0027921319409962933,False,True,40439.79877705872,138978.9646158442,144670.73612687737,243209.9019656554
2011-03-24,642368.9913008958,0.0031536315355909835,False,True,133530.69338458776,187653.8022658378,108877.41383820027,212307.08181227
2011-03-25,1020926.2735900655,0.004996692467613205,False,True,105333.39913416654,436335.5791792795,74127.55761575699,405129.7376608625
2011-03-28,525238.1032863483,0.0025662072696893898,False,True,154368.27272361517,232620.3776147142,29998.67402846366,108250.77891955525
2011-03-29,921704.2776193842,0.0045263719974845745,False,True,243110.11101219058,217742.02779750526,379289.829089053,81562.30972063541
2011-03-30,893437.2559351325,0.004381084548597638,False,True,446718.6279675886,207705.81547017395,97503.50622625649,141509.30627111346
2011-03-31,721704.063796334,0.0035206065338558236,False,True,291926.4800963551,68925.55180180073,257764.54013358802,103087.49176459014
2011-04-01,1156003.6291622296,0.00560212649233424,False,True,404852.9779886976,166051.50512308627,578001.814581126,7097.331469319761
2011-04-04,1218763.8497340605,0.005877619866100859,False,True,609381.924867019,120759.41538712382,112174.25760768354,376448.25187223405
2011-04-05,523361.1824330613,0.002519459481670925,False,True,84757.83811157942,176922.75310494006,162095.17497823387,99585.41623830795
2011-04-06,1143332.303825274,0.005480935955192927,False,True,235945.18263202906,237870.6120941639,97850.3571864292,571666.151912652
2011-04-07,719818.2493969575,0.0034417531539082643,False,True,282457.39605052024,355518.7067995444,77451.72864795476,4390.41789893806
2011-04-08,1363001.3930220604,0.006484249368870318,False,True,681500.6965110376,85302.63515107334,275936.29844322056,320261.76291672885
2011-04-11,496453.35145580024,0.0023359796024953325,False,True,47276.371428094804,248226.67572790384,179461.1535897255,21489.150710076094
2011-04-12,735534.4562609568,0.0034793216394632532,False,True,194210.6113903895,367767.22813046724,30674.677760593593,142881.9389795065
2011-04-13,1076236.5320936218,0.005146334091469418,False,True,187474.04274403304,149280.84965237975,538118.2660468146,201363.37365039438
2011-04-14,362316.3786735162,0.0017261249107686438,False,True,68527.07179588825,112631.11754088849,145068.7503520772,36089.438984662294
2011-04-15,684179.4706021398,0.0032426463317688807,False,True,10672.176084883511,223276.31794788688,118813.41735319048,331417.55921617895
2011-04-18,525325.312794067,0.0024796200071157707,False,True,133494.10931984335,129168.54707720876,22907.046806946397,239755.60959006846
2011-04-19,1005583.3083124533,0.004764764862981452,False,True,251618.16506825387,192047.42377707362,59126.06531089544,502791.6541562304
2011-04-20,569498.0428346694,0.0026851889254761014,False,True,240222.663499102,62838.686231680214,44526.35791824013,221910.335185647
2011-04-21,918603.8265618756,0.004289492073262017,False,True,156028.18744325638,383005.1762760505,76296.73700489104,303273.7258376777
2011-04-22,716520.5208345428,0.0033319501348393118,False,True,223317.53541805595,114523.98963684589,243736.2707804069,134942.72499923408
2011-04-25,115747.94470319152,0.0005380558249524948,False,True,19291.324117198586,19291.324117198586,19291.324117198586,57873.97235159576
2011-04-26,374360.7781608477,0.0017416284565968903,False,True,40449.82426354289,146730.5648168698,136936.62023519725,50243.76884523779
2011-04-27,824967.5936404616,0.003833514726202318,False,True,173771.10498131067,238712.69183892012,315031.1398698315,97452.65695039928
2011-04-28,1215033.3293464333,0.005631923172462701,False,True,265512.36118657887,18807.694363690913,323196.6091229543,607516.6646732092
2011-04-29,1393996.2713457942,0.006444019676283993,False,True,527378.5125099197,519729.41296574473,169619.62316298485,177268.72270714492
2011-05-02,1486050.2585865855,0.006808126668628873,False,True,400604.82606965303,342420.3032236472,262883.22183618695,480141.90745709836
2011-05-03,1179492.0244440362,0.0054324183777477685,False,True,148286.69218412042,589746.0122220367,93322.03686991334,348137.2831679657
2011-05-04,704386.0253388882,0.0032672769511731454,False,True,304392.59225236624,111633.55316907167,240559.45950037986,47800.42041707039
2011-05-05,902468.1571572497,0.004252115489287044,False,True,260830.89391551912,304760.9788712263,190403.18466310203,146473.0997074023
2011-05-06,3177687.850252919,0.015312153182250732,False,True,1080546.8146698996,508297.11045656353,1300016.0664170906,288827.85870936513
2011-05-09,1544964.4327145293,0.007404583303191468,False,True,3596.8355800285935,304265.7358881831,768885.3807772473,468216.4804690704
2011-05-10,1814002.625197187,0.00863374304978806,False,True,341068.18310657144,565933.129492037,638074.5214362293,268926.7911623493
2011-05-11,676697.8049193174,0.0031974137580235017,False,True,42903.13120756298,64587.2941012308,273761.60835842043,295445.77125210315
2011-05-12,1703220.3354804292,0.008161599460753882,False,True,136565.45046262443,495225.87822852284,851610.1677402258,219818.83904905617
2011-05-13,1204542.485132873,0.005783070827725046,False,True,176147.61273267865,602271.2425664365,170951.9240269959,255171.70580676198
2011-05-16,859024.6578317955,0.004143056928677203,False,True,295207.2156063467,204183.7423799932,225328.58653589338,134305.1133095622
2011-05-17,553273.8513572067,0.002671646345563795,False,True,139484.09876096994,137152.82691762596,137314.93037894368,139321.99529966712
2011-05-18,1202343.301434636,0.0058027599052989706,False,True,601171.6507173255,352896.6649602279,129100.709536843,119174.2762202397
2011-05-19,53855240.69680855,0.2572746062964732,True,True,312701.4549750313,274920.8056599498,53093844.772992395,173773.66318117082
2011-05-20,304538.0285436511,0.0014566400977271768,False,True,120787.10922946781,119647.27393870801,0.0,64103.64537547529
2011-05-23,858368.3800970763,0.0040934511848714945,False,True,260825.8366779834,90326.24186265469,0.0,507216.3015564382
2011-05-24,954831.6422313973,0.004571412240352785,False,True,205570.48007097095,374709.1479733661,0.0,374552.0141870603
2011-05-25,221439.42167376727,0.0010557004339358923,False,True,80702.71609458327,33815.86723909527,0.0,106920.83834008873
2011-05-26,224197.37693190575,0.0010709784342664373,False,True,46624.39331190288,117610.71407944709,0.0,59962.269540555775
2011-05-27,929402.5263329968,0.004425402752521131,False,True,323149.3184833899,226116.93285366148,0.0,380136.2749959454
2011-05-30,447816.80417827517,0.0021142719773624614,False,True,238115.2730517909,63083.09119554609,0.0,146618.43993093818
2011-05-31,80205.83974512666,0.0003785276122190327,False,True,15962.98604156822,13841.772780835629,0.0,50401.08092272282
2011-06-01,799889.0105150491,0.0037707923653248947,False,True,429764.56134589016,216484.98241511732,0.0,153639.4667540416
2011-06-02,769457.8047023565,0.0036270256409296937,False,True,382465.35122003406,249938.18643964082,0.0,137054.26704268157
2011-06-03,1120373.6676040143,0.005278758161464505,False,True,572215.0312608182,311244.28394363075,0.0,236914.35239956528
2011-06-06,466842.8357750699,0.0021943440824348914,False,True,170129.38030918688,124720.99646548182,0.0,171992.4590004012
2011-06-07,509626.1540409401,0.002395623278303623,False,True,256820.69022350013,169472.45043244213,0.0,83333.01338499784
2011-06-08,248053.92560718954,0.0011650999914194738,False,True,145448.79428022355,44267.049272701144,0.0,58338.08205426484
2011-06-09,505212.5884572789,0.002380965554368119,False,True,163176.54543289542,295807.5964419693,0.0,46228.44658241421
2011-06-10,352701.7290673554,0.001661298874460164,False,True,104514.2747405842,57250.448801107705,0.0,190937.0055256635
2011-06-13,291785.4517528787,0.0013819678171181449,False,True,135029.79249291867,11619.31847718358,0.0,145136.34078277647
2011-06-14,1064544.2625807375,0.005042336623770415,False,True,451073.85142204165,79143.2933409661,0.0,534327.1178177297
2011-06-15,663822.0014778748,0.003130182190544329,False,True,213143.28234502673,398134.0306570083,0.0,52544.688475839794
2011-06-16,799064.5283291489,0.0037753100520254595,False,True,438349.6069413796,13185.591616623104,0.0,347529.3297711462
2011-06-17,685582.4470215961,0.0032504545059811375,False,True,115031.79149933904,434839.9992010519,0.0,135710.6563212052
2011-06-20,321157.0436677262,0.001516164001510557,False,True,47684.52639631927,160732.27234011889,0.0,112740.24493128806
2011-06-21,300752.9123892784,0.0014205079474905508,False,True,71592.5826991722,162877.70444639027,0.0,66282.62524371594
2011-06-22,235053.72237627208,0.0011063720951462134,False,True,197029.4622374028,25976.58297161013,0.0,12047.677167259157
2011-06-23,333955.97039885074,0.0015711076734902902,False,True,153684.3055596426,115146.41451606154,0.0,65125.25032314658
2011-06-24,1293490.9499818906,0.006135051881648981,False,True,431163.6499939561,348326.28924800456,0.0,514001.01073993
2011-06-27,53520433.075196594,0.25495102950739795,True,True,208544.19098107517,52886784.42468716,0.0,425104.4595283568
2011-06-28,510981.2181977555,0.0024319397773210167,False,True,302552.19529387355,0.0,0.0,208429.02290388197
2011-06-29,510479.22382704914,0.0024209857749587747,False,True,441070.90563705564,0.0,0.0,69408.3181899935
2011-06-30,342246.2499299422,0.0016178763127367944,False,True,124312.95841307193,0.0,0.0,217933.29151687026
2011-07-01,621029.7134999111,0.002938927176033796,False,True,253333.84432979673,0.0,0.0,367695.8691701144
2011-07-04,748374.6012598202,0.003544076116361898,False,True,336789.2030084133,0.0,0.0,411585.39825140685
2011-07-05,210249.6508180946,0.000993738720022529,False,True,2058.7605757415295,0.0,0.0,208190.89024235308
2011-07-06,1066139.3397179618,0.005031641961406627,False,True,454922.94851385057,0.0,0.0,611216.3912041113
2011-07-07,638897.2204150707,0.003011161979228426,False,True,247113.56291206926,0.0,0.0,391783.6575030014
2011-07-08,414073.6152764186,0.0019456070099531822,False,True,369185.46729367226,0.0,0.0,44888.14798274636
2011-07-11,706073.2455822229,0.0033158698270702816,False,True,324870.2029110491,0.0,0.0,381203.0426711738
2011-07-12,733556.4468642399,0.0034463975541392305,False,True,389342.00422745943,0.0,0.0,344214.44263678044
2011-07-13,582598.2257562056,0.00273208623385051,False,True,192380.0572612211,0.0,0.0,390218.1684949845
2011-07-14,347883.5939911008,0.001626464933415344,False,True,12340.492855846882,0.0,0.0,335543.1011352539
2011-07-15,268908.7181224972,0.0012568866322125421,False,True,119735.07613880932,0.0,0.0,149173.64198368788
2011-07-18,188904.8723065555,0.0008813900493702461,False,True,68698.67870746553,0.0,0.0,120206.19359908998
2011-07-19,324995.6420769766,0.0015133422543782676,False,True,55626.37428896129,0.0,0.0,269369.2677880153
2011-07-20,909143.6080100313,0.004236994905100884,False,True,409366.01308555156,0.0,0.0,499777.5949244797
2011-07-21,432490.47041959316,0.002012107956673864,False,True,123438.0754135102,0.0,0.0,309052.39500608295
2011-07-22,54560171.129501514,0.25368075342755786,True,True,428361.4120930657,53768536.233358696,0.0,363273.48404975235
2011-07-25,359678.8809022829,0.0016685297782309395,False,True,81989.32568520308,36323.976305224,0.0,241365.57891185582
2011-07-26,734577.7148584947,0.0033950820491571465,False,True,239795.394310005,267429.12606036663,0.0,227353.19448812306
2011-07-27,467430.37858813256,0.002153156389632233,False,True,139259.4463511482,324407.4546690807,0.0,3763.4775679036975
2011-07-28,1138539.1135427505,0.005252679789891783,False,True,499508.54062470794,527167.5545975342,0.0,111863.0183205083
2011-07-29,54618103.84123603,0.25233730189702835,True,True,291098.4981780201,55225.89216148108,54112197.672150075,159581.7787464559
2011-08-01,1582693.5463567004,0.007297387306890259,False,True,528690.8268719986,273954.5815348625,517392.19164349884,262655.9463063404
2011-08-02,582575.6716604009,0.002698470916762504,False,True,284167.7111757174,152704.22310199589,138583.61272820085,7120.124654486775
2011-08-03,2261454.6855963543,0.010424418445867856,False,True,259701.11616529524,871026.2266328782,58684.46502687782,1072042.877771303
2011-08-04,1580860.955947332,0.007317745526198307,False,True,487839.32890506834,470270.00219608843,320160.47577758133,302591.149068594
2011-08-05,1261276.7572299242,0.005935689492575473,False,True,10805.454685129225,239457.32621015608,619832.9239298254,391181.05240481347
2011-08-08,1995114.0017380342,0.009392732870490939,False,True,415211.0775288865,631622.9592487961,365934.04162023216,582345.9233401194
2011-08-09,4317820.808740072,0.020477235505989844,False,True,1228800.3632055074,266984.09448455274,663125.9466799721,2158910.4043700397
2011-08-10,2628750.989239596,0.012404418649842024,False,True,920472.1331566721,971295.798416011,343079.69620378315,393903.3614631295
2011-08-11,3169567.809433624,0.014860836918510622,False,True,1516589.5856507048,68194.31906609982,333278.7177949622,1251505.1869218573
2011-08-12,55412925.04068529,0.2594916460038793,True,True,75530.97094382346,213042.6670347154,54186439.5969266,937911.80578015
2011-08-15,1294269.2231227234,0.006051424424393274,False,True,452992.90569892526,235927.11624865234,0.0,605349.2011751458
2011-08-16,532037.9222051129,0.002463063349182312,False,True,247348.85720473528,224688.2260375023,0.0,60000.83896287531
2011-08-17,665803.0907721743,0.003072303508520789,False,True,173181.35974241793,71623.52332700789,0.0,420998.2077027485
2011-08-18,416346.26557742804,0.0019143898350068042,False,True,91953.80037971586,304563.4375212416,0.0,19829.027676470578
2011-08-19,54762992.06781659,0.2521642950298243,True,True,273839.0519902706,53420458.684651285,0.0,1068694.3311750367
2011-08-22,54904534.76747315,0.25187034357430205,True,True,54269839.47702112,0.0,0.0,634695.2904520258
2011-08-23,1001694.3843850866,0.004567213198330514,False,True,0.0,0.0,0.0,1001694.3843850866
2011-08-24,1491730.4892096445,0.0068637722859030935,False,True,0.0,0.0,0.0,1491730.4892096445
2011-08-25,1548772.8816054165,0.007194597116364065,False,True,0.0,0.0,0.0,1548772.8816054165
2011-08-26,351514.5925043747,0.0016293619821210136,False,True,0.0,0.0,0.0,351514.5925043747
2011-08-29,1201362.0279015303,0.005527585483532657,False,True,0.0,0.0,0.0,1201362.0279015303
2011-08-30,864245.6651098654,0.0039976753303025666,False,True,0.0,0.0,0.0,864245.6651098654
2011-08-31,1068000.8107490987,0.004907842549078461,False,True,0.0,0.0,0.0,1068000.8107490987
2011-09-01,221624.75591959804,0.0010198292169648574,False,True,0.0,0.0,0.0,221624.75591959804
2011-09-02,12276.117869354784,5.648557050424798e-05,False,True,0.0,0.0,0.0,12276.117869354784
2011-09-05,1268840.700785078,0.005793165843890888,False,True,0.0,0.0,0.0,1268840.700785078
2011-09-06,376000.6354519725,0.0017127914924732184,False,True,0.0,0.0,0.0,376000.6354519725
2011-09-07,540451.3301253691,0.002470019865757618,False,True,0.0,0.0,0.0,540451.3301253691
2011-09-08,1258832.9420599192,0.005797706980355926,False,True,0.0,0.0,0.0,1258832.9420599192
2011-09-09,55848987.247642614,0.2553756283002404,True,True,0.0,0.0,54673372.33722044,1175614.9104221761
2011-09-12,574243.885828428,0.0026396556191367188,False,True,0.0,0.0,433672.83478823304,140571.05104019493
2011-09-13,887692.1826056615,0.004108370641322805,False,True,0.0,0.0,74885.03775603324,812807.1448496282
2011-09-14,392539.9091415629,0.0018108349291872435,False,True,0.0,0.0,20338.420450910926,372201.48869065195
2011-09-15,291717.40353224427,0.0013493600418364366,False,True,0.0,0.0,27655.03251285851,264062.37101938576
2011-09-16,698648.9757653922,0.003252674612900955,False,True,0.0,0.0,124909.38169381768,573739.5940715745
2011-09-19,951433.4852718338,0.004421133833771768,False,True,0.0,0.0,373444.31261344254,577989.1726583913
2011-09-20,956116.5404157862,0.004482727694969957,False,True,0.0,0.0,467992.0725735873,488124.4678421989
2011-09-21,557377.8331836537,0.0026018844888437836,False,True,0.0,0.0,45735.33519048244,511642.4979931712
2011-09-22,53489231.068252586,0.2509442350732563,True,True,0.0,0.0,53121358.51342504,367872.55482754856
2011-09-23,939782.2918938398,0.004435052043870082,False,True,0.0,0.0,0.0,939782.2918938398
2011-09-26,1909629.763955824,0.009121593623644427,False,True,0.0,0.0,0.0,1909629.763955824
2011-09-27,707481.6378555894,0.0033946734171075477,False,True,0.0,0.0,0.0,707481.6378555894
2011-09-28,572623.511618562,0.002737561549202635,False,True,0.0,0.0,0.0,572623.511618562
2011-09-29,987435.3740667775,0.004750568483171087,False,True,0.0,0.0,0.0,987435.3740667775
2011-09-30,133933.8253563866,0.000643804804902635,False,True,0.0,0.0,0.0,133933.8253563866
2011-10-03,219831.32028970867,0.0010552176454036166,False,True,0.0,0.0,0.0,219831.32028970867
2011-10-04,830163.9921723157,0.003963829718806626,False,True,0.0,0.0,0.0,830163.9921723157
2011-10-05,816496.5071392432,0.003918941855390158,False,True,0.0,0.0,0.0,816496.5071392432
2011-10-06,409697.7181551531,0.0019612856267591295,False,True,0.0,0.0,0.0,409697.7181551531
2011-10-07,52557607.525421664,0.2511990580948021,True,True,0.0,0.0,0.0,52557607.525421664
2011-10-10,0.0,0.0,False,False,0.0,0.0,0.0,0.0
2011-10-11,0.0,0.0,False,False,0.0,0.0,0.0,0.0
2011-10-12,0.0,0.0,False,False,0.0,0.0,0.0,0.0
2011-10-13,0.0,0.0,False,False,0.0,0.0,0.0,0.0
2011-10-14,0.0,0.0,False,False,0.0,0.0,0.0,0.0
2011-10-17,0.0,0.0,False,False,0.0,0.0,0.0,0.0
2011-10-18,0.0,0.0,False,False,0.0,0.0,0.0,0.0
2011-10-19,0.0,0.0,False,False,0.0,0.0,0.0,0.0
2011-10-20,0.0,0.0,False,False,0.0,0.0,0.0,0.0
2011-10-21,0.0,0.0,False,False,0.0,0.0,0.0,0.0
2011-10-24,0.0,0.0,False,False,0.0,0.0,0.0,0.0
2011-10-25,0.0,0.0,False,False,0.0,0.0,0.0,0.0
2011-10-26,0.0,0.0,False,False,0.0,0.0,0.0,0.0
2011-10-27,0.0,0.0,False,False,0.0,0.0,0.0,0.0
2011-10-28,0.0,0.0,False,False,0.0,0.0,0.0,0.0
2011-10-31,0.0,0.0,False,False,0.0,0.0,0.0,0.0
2011-11-01,0.0,0.0,False,False,0.0,0.0,0.0,0.0
2011-11-02,0.0,0.0,False,False,0.0,0.0,0.0,0.0
2011-11-03,0.0,0.0,False,False,0.0,0.0,0.0,0.0
2011-11-04,52306732.282398246,0.25,True,True,0.0,52306732.282398246,0.0,0.0
2011-11-07,31214.298767499626,0.000149159054414956,False,True,0.0,31214.298767499626,0.0,0.0
2011-11-08,63632.22026590258,0.00030419300678626845,False,True,0.0,63632.22026590258,0.0,0.0
2011-11-09,20285.39878679812,9.696154978138151e-05,False,True,0.0,20285.39878679812,0.0,0.0
2011-11-10,595053.4588125497,0.0028551052253285346,False,True,0.0,595053.4588125497,0.0,0.0
2011-11-11,311013.6578367874,0.001495238827403147,False,True,0.0,311013.6578367874,0.0,0.0
2011-11-14,606813.2741833106,0.0029060303455260682,False,True,0.0,606813.2741833106,0.0,0.0
2011-11-15,182763.034162201,0.0008762752614288494,False,True,0.0,182763.034162201,0.0,0.0
2011-11-16,190712.35163434595,0.0009155052129383468,False,True,0.0,190712.35163434595,0.0,0.0
2011-11-17,75692.4042737186,0.0003635337672824767,False,True,0.0,75692.4042737186,0.0,0.0
2011-11-18,52228840.06787602,0.25126737574034447,True,True,0.0,263438.75584055483,0.0,51965401.312035464
2011-11-21,118198.7417730093,0.0005685685187850347,False,True,0.0,52426.136134557426,0.0,65772.60563845187
2011-11-22,1318622.791478388,0.006424438631363448,False,True,0.0,580592.2831596211,0.0,738030.508318767
2011-11-23,592003.2030830458,0.0028734519874503528,False,True,0.0,102492.36065591872,0.0,489510.84242712706
2011-11-24,522558.2648119256,0.002548459994753486,False,True,0.0,505390.66172900796,0.0,17167.60308291763
2011-11-25,51512815.166430466,0.25081361647222766,True,True,0.0,51444616.477886215,0.0,68198.68854425102
2011-11-28,315348.6177248359,0.0015385682533966573,False,True,0.0,0.0,0.0,315348.6177248359
2011-11-29,658115.0143653303,0.0031972183571864505,False,True,0.0,0.0,0.0,658115.0143653303
2011-11-30,74830.09882869571,0.00036335936679167787,False,True,0.0,0.0,0.0,74830.09882869571
2011-12-01,690498.6419761479,0.0033379948240045442,False,True,0.0,0.0,0.0,690498.6419761479
2011-12-02,34425.38861698657,0.00016645546510878472,False,True,0.0,0.0,0.0,34425.38861698657
2011-12-05,39782.25926845521,0.00019230796778103436,False,True,0.0,0.0,0.0,39782.25926845521
2011-12-06,531206.8210744932,0.002576682887033859,False,True,0.0,0.0,0.0,531206.8210744932
2011-12-07,131940.81957405806,0.0006394492326608964,False,True,0.0,0.0,0.0,131940.81957405806
2011-12-08,298571.439568229,0.0014442356161061608,False,True,0.0,0.0,0.0,298571.439568229
2011-12-09,748149.6316698268,0.003636460655846476,False,True,0.0,0.0,0.0,748149.6316698268
2011-12-12,72261.05695522577,0.00035106812476957185,False,True,0.0,0.0,0.0,72261.05695522577
2011-12-13,1014295.1350628808,0.004960372891823102,False,True,0.0,0.0,0.0,1014295.1350628808
2011-12-14,804993.7705709487,0.003957565786001166,False,True,0.0,0.0,0.0,804993.7705709487
2011-12-15,1346483.5566947833,0.006678622224970615,False,True,0.0,0.0,0.0,1346483.5566947833
2011-12-16,50294502.94672061,0.24959712152467647,True,True,0.0,0.0,0.0,50294502.94672061
2011-12-19,0.0,0.0,False,False,0.0,0.0,0.0,0.0
2011-12-20,0.0,0.0,False,False,0.0,0.0,0.0,0.0
2011-12-21,0.0,0.0,False,False,0.0,0.0,0.0,0.0
2011-12-22,0.0,0.0,False,False,0.0,0.0,0.0,0.0
2011-12-23,0.0,0.0,False,False,0.0,0.0,0.0,0.0
2011-12-26,0.0,0.0,False,False,0.0,0.0,0.0,0.0
2011-12-27,50375684.06187352,0.25,True,True,0.0,50375684.06187352,0.0,0.0
2011-12-28,14881.388611070812,7.384477090086645e-05,False,True,0.0,14881.388611070812,0.0,0.0
2011-12-29,50153363.42162473,0.24915318027850963,True,True,0.0,50153363.42162473,0.0,0.0
2011-12-30,0.0,0.0,False,False,0.0,0.0,0.0,0.0
2012-01-02,0.0,0.0,False,False,0.0,0.0,0.0,0.0
2012-01-03,0.0,0.0,False,False,0.0,0.0,0.0,0.0
2012-01-04,0.0,0.0,False,False,0.0,0.0,0.0,0.0
2012-01-05,0.0,0.0,False,False,0.0,0.0,0.0,0.0
2012-01-06,0.0,0.0,False,False,0.0,0.0,0.0,0.0
2012-01-09,0.0,0.0,False,False,0.0,0.0,0.0,0.0
2012-01-10,0.0,0.0,False,False,0.0,0.0,0.0,0.0
2012-01-11,0.0,0.0,False,False,0.0,0.0,0.0,0.0
2012-01-12,0.0,0.0,False,False,0.0,0.0,0.0,0.0
2012-01-13,0.0,0.0,False,False,0.0,0.0,0.0,0.0
2012-01-16,50323824.24896408,0.25,True,True,0.0,50323824.24896408,0.0,0.0
2012-01-17,162396.3683425337,0.0008058900163803373,False,True,0.0,162396.3683425337,0.0,0.0
2012-01-18,249199.17594837397,0.001234612193232748,False,True,0.0,249199.17594837397,0.0,0.0
2012-01-19,31983.009774900973,0.00015848751455317312,False,True,0.0,31983.009774900973,0.0,0.0
2012-01-20,122448.20590815693,0.0006062851530350521,False,True,0.0,122448.20590815693,0.0,0.0
2012-01-23,142642.81104643643,0.0007056114386785425,False,True,0.0,142642.81104643643,0.0,0.0
2012-01-24,352697.4691649005,0.0017406400094688202,False,True,0.0,352697.4691649005,0.0,0.0
2012-01-25,300743.6476263404,0.0014871795118818992,False,True,0.0,300743.6476263404,0.0,0.0
2012-01-26,50631155.56754643,0.250278469325747,True,True,50574821.42186195,56334.14568448067,0.0,0.0
2012-01-27,813680.8274020031,0.0039900662223725765,False,True,394937.2209408209,418743.60646118224,0.0,0.0
2012-01-30,149558.71452466398,0.0007344719772832994,False,True,143974.09100693464,5584.623517729342,0.0,0.0
2012-01-31,255996.86876440048,0.0012603509981776583,False,True,107096.32834002376,148900.54042437673,0.0,0.0
2012-02-01,200717.38094440103,0.0009862439482060672,False,True,21512.46297260374,179204.9179717973,0.0,0.0
2012-02-02,559972.6310109645,0.0027364203947679586,False,True,321756.3876875937,238216.2433233708,0.0,0.0
2012-02-03,51475515.80413915,0.2512198880319573,True,True,191307.86391668767,58649.91673604399,0.0,51225558.02348642
2012-02-06,52409073.35549153,0.256716587543144,True,True,202108.21719932556,389649.4488032162,51037872.01390289,779443.675586097
2012-02-07,743460.6206012219,0.003642232194772015,False,True,259044.00624592602,199289.09591713548,112686.30405468494,172441.21438347548
2012-02-08,1163613.9495588765,0.005670211870682968,False,True,378045.6173612997,107509.37996144593,203761.35741812736,474297.5948180035
2012-02-09,593430.3383240178,0.0028954370749594673,False,True,223479.7313116938,62280.48100043833,10954.956849873066,296715.16916201264
2012-02-10,409785.68731027097,0.001998388791272358,False,True,60044.94216795266,12610.445756547153,204892.84365513176,132237.4557306394
2012-02-13,705739.3044287488,0.0034690665922325345,False,True,175747.70308557898,177543.43654995412,175326.21566443145,177121.94912878424
2012-02-14,302578.20194434375,0.0014829229859367444,False,True,33761.471535786986,117527.62943637371,12118.620390996337,139170.4805811867
2012-02-15,332257.38776756823,0.0016318463649081275,False,True,117583.69189865887,146803.58207002282,19325.111813761294,48545.001985125244
2012-02-16,467169.35235922784,0.002290091317151134,False,True,60791.61553622782,95266.11358678341,172793.06064339727,138318.56259281933
2012-02-17,449909.8929709792,0.0022059970695802724,False,True,224954.94648548216,20394.556625157595,190643.62461176515,13916.765248574317
2012-02-20,830434.94027666,0.004061229921679693,False,True,355931.10303914547,142252.98763364553,59286.36709918082,272964.4825046882
2012-02-21,626533.8304570094,0.0030546947769162372,False,True,156633.45761424303,130583.62048046291,156633.45761424303,182683.2947480604
2012-02-22,1770121.1397731006,0.008586398405548581,False,True,262218.3407671079,622842.229119435,428495.03456516564,456565.5353213921
2012-02-23,893427.3390079066,0.004320482882037307,False,True,64889.81055972725,446713.6695039496,41001.74718397856,340822.1117602512
2012-02-24,303363.3355417475,0.0014632468515195605,False,True,118652.79971334338,151681.66777085513,30094.295692294836,2934.5723652541637
2012-02-27,568398.556923151,0.002739568425667107,False,True,7123.055241502821,49522.329715788364,227553.89350429922,284199.2784615606
2012-02-28,329847.4930217266,0.0015910122699189409,False,True,27393.635046690702,137530.1114641726,66910.24300103635,98013.50350982696
2012-02-29,632955.1313849539,0.003042663425442601,False,True,6594.529889971018,25879.39197742194,290598.173715055,309883.0358025059
2012-03-01,3596216.920167044,0.01754093049242292,False,True,289531.7840274349,994913.5556498319,513663.1204062626,1798108.4600835145
2012-03-02,824799.5800545588,0.0040045497753431036,False,True,85398.474515751,271565.1355300173,55436.17998152226,412399.79002726823
2012-03-05,364769.86613888294,0.0017802974460350075,False,True,149775.98961966485,87953.56196617335,32608.943449765444,94431.37110327929
2012-03-06,464665.35230486095,0.0022817707999338377,False,True,103139.07836316526,91520.72165212035,140811.95450031757,129193.59778925776
2012-03-07,615393.4777907804,0.003066794198016153,False,True,111302.42540482432,196394.31349056214,99466.45933073759,208230.27956465632
2012-03-08,738096.3427981511,0.003682211466842563,False,True,329674.6190449521,3131.591113090515,36241.9612410292,369048.17139907926
2012-03-09,669135.0956418961,0.0033241846121817944,False,True,304572.50755912066,101174.85329817235,29995.04026184231,233392.6945227608
2012-03-12,896826.8777663708,0.004438678512707208,False,True,345965.91895314306,102447.51993004233,222742.811558567,225670.6273246184
2012-03-13,1124258.3037148565,0.005626251806525743,False,True,505722.8629954308,56406.288862004876,374709.9617386237,187419.19011879712
2012-03-14,1835152.0766594112,0.009162639603164782,False,True,527617.335078001,123684.81363973022,266273.88961195946,917576.0383297205
2012-03-15,578221.9303483963,0.0029211319876395405,False,True,22619.772357448936,144566.33567254245,121924.85714419931,289110.9651742056
2012-03-16,147262.7698713988,0.0007383340156565984,False,True,20366.915826052427,33406.5787345916,53264.46910966933,40224.80620108545
2012-03-19,353011.73123208433,0.0017643102030063488,False,True,58171.50281138718,112948.35158846527,63557.51402758062,118334.36280465126
2012-03-20,328291.3695353195,0.001638869855099499,False,True,164145.68476766348,57201.57179553807,28455.323914065957,78488.789058052
2012-03-21,513549.2189655304,0.002590796531272954,False,True,143375.60992130637,46485.420139975846,210289.1893427968,113398.99956145138
2012-03-22,326396.0691093728,0.001649342365279813,False,True,32848.52006466687,130349.51449000835,91024.26749101281,72173.76706368476
2012-03-23,779070.1054015458,0.0039532444242586446,False,True,322713.52737186104,108884.53448525071,280650.51821552217,66821.52532891184
2012-03-26,49636817.87860079,0.2499999999999998,True,True,49470855.13965385,45203.19284646958,17160.930289521813,103598.61581095308
2012-03-27,50680141.63316076,0.2535737209171613,True,True,0.0,5072.11717748642,187522.52070521563,50487546.99527806
2012-03-28,168408.84560663998,0.0008440415562364125,False,True,0.0,90579.39714833349,77829.44845830649,0.0
2012-03-29,49713488.96173539,0.2505605709020239,True,True,0.0,49378463.70425201,335025.25748337805,0.0
2012-03-30,48805750.20687806,0.24697697689748008,True,True,0.0,0.0,48805750.20687806,0.0
2012-04-02,0.0,0.0,False,False,0.0,0.0,0.0,0.0
2012-04-03,0.0,0.0,False,False,0.0,0.0,0.0,0.0
2012-04-04,0.0,0.0,False,False,0.0,0.0,0.0,0.0
2012-04-05,0.0,0.0,False,False,0.0,0.0,0.0,0.0
2012-04-06,0.0,0.0,False,False,0.0,0.0,0.0,0.0
2012-04-09,0.0,0.0,False,False,0.0,0.0,0.0,0.0
2012-04-10,0.0,0.0,False,False,0.0,0.0,0.0,0.0
2012-04-11,0.0,0.0,False,False,0.0,0.0,0.0,0.0
2012-04-12,0.0,0.0,False,False,0.0,0.0,0.0,0.0
2012-04-13,0.0,0.0,False,False,0.0,0.0,0.0,0.0
2012-04-16,0.0,0.0,False,False,0.0,0.0,0.0,0.0
2012-04-17,0.0,0.0,False,False,0.0,0.0,0.0,0.0
2012-04-18,0.0,0.0,False,False,0.0,0.0,0.0,0.0
2012-04-19,0.0,0.0,False,False,0.0,0.0,0.0,0.0
2012-04-20,0.0,0.0,False,False,0.0,0.0,0.0,0.0
2012-04-23,0.0,0.0,False,False,0.0,0.0,0.0,0.0
2012-04-24,0.0,0.0,False,False,0.0,0.0,0.0,0.0
2012-04-25,0.0,0.0,False,False,0.0,0.0,0.0,0.0
2012-04-26,0.0,0.0,False,False,0.0,0.0,0.0,0.0
2012-04-27,0.0,0.0,False,False,0.0,0.0,0.0,0.0
2012-04-30,0.0,0.0,False,False,0.0,0.0,0.0,0.0
2012-05-01,0.0,0.0,False,False,0.0,0.0,0.0,0.0
2012-05-02,0.0,0.0,False,False,0.0,0.0,0.0,0.0
2012-05-03,0.0,0.0,False,False,0.0,0.0,0.0,0.0
2012-05-04,0.0,0.0,False,False,0.0,0.0,0.0,0.0
2012-05-07,0.0,0.0,False,False,0.0,0.0,0.0,0.0
2012-05-08,0.0,0.0,False,False,0.0,0.0,0.0,0.0
2012-05-09,0.0,0.0,False,False,0.0,0.0,0.0,0.0
2012-05-10,0.0,0.0,False,False,0.0,0.0,0.0,0.0
2012-05-11,0.0,0.0,False,False,0.0,0.0,0.0,0.0
2012-05-14,0.0,0.0,False,False,0.0,0.0,0.0,0.0
2012-05-15,0.0,0.0,False,False,0.0,0.0,0.0,0.0
2012-05-16,0.0,0.0,False,False,0.0,0.0,0.0,0.0
2012-05-17,0.0,0.0,False,False,0.0,0.0,0.0,0.0
2012-05-18,0.0,0.0,False,False,0.0,0.0,0.0,0.0
2012-05-21,0.0,0.0,False,False,0.0,0.0,0.0,0.0
2012-05-22,0.0,0.0,False,False,0.0,0.0,0.0,0.0
2012-05-23,0.0,0.0,False,False,0.0,0.0,0.0,0.0
2012-05-24,0.0,0.0,False,False,0.0,0.0,0.0,0.0
2012-05-25,0.0,0.0,False,False,0.0,0.0,0.0,0.0
2012-05-28,0.0,0.0,False,False,0.0,0.0,0.0,0.0
2012-05-29,0.0,0.0,False,False,0.0,0.0,0.0,0.0
2012-05-30,0.0,0.0,False,False,0.0,0.0,0.0,0.0
2012-05-31,0.0,0.0,False,False,0.0,0.0,0.0,0.0
2012-06-01,0.0,0.0,False,False,0.0,0.0,0.0,0.0
2012-06-04,0.0,0.0,False,False,0.0,0.0,0.0,0.0
2012-06-05,0.0,0.0,False,False,0.0,0.0,0.0,0.0
2012-06-06,0.0,0.0,False,False,0.0,0.0,0.0,0.0
2012-06-07,0.0,0.0,False,False,0.0,0.0,0.0,0.0
2012-06-08,0.0,0.0,False,False,0.0,0.0,0.0,0.0
2012-06-11,0.0,0.0,False,False,0.0,0.0,0.0,0.0
2012-06-12,0.0,0.0,False,False,0.0,0.0,0.0,0.0
2012-06-13,0.0,0.0,False,False,0.0,0.0,0.0,0.0
2012-06-14,0.0,0.0,False,False,0.0,0.0,0.0,0.0
2012-06-15,0.0,0.0,False,False,0.0,0.0,0.0,0.0
2012-06-18,0.0,0.0,False,False,0.0,0.0,0.0,0.0
2012-06-19,0.0,0.0,False,False,0.0,0.0,0.0,0.0
2012-06-20,0.0,0.0,False,False,0.0,0.0,0.0,0.0
2012-06-21,0.0,0.0,False,False,0.0,0.0,0.0,0.0
2012-06-22,0.0,0.0,False,False,0.0,0.0,0.0,0.0
2012-06-25,0.0,0.0,False,False,0.0,0.0,0.0,0.0
2012-06-26,0.0,0.0,False,False,0.0,0.0,0.0,0.0
2012-06-27,0.0,0.0,False,False,0.0,0.0,0.0,0.0
2012-06-28,0.0,0.0,False,False,0.0,0.0,0.0,0.0
2012-06-29,0.0,0.0,False,False,0.0,0.0,0.0,0.0
2012-07-02,0.0,0.0,False,False,0.0,0.0,0.0,0.0
2012-07-03,0.0,0.0,False,False,0.0,0.0,0.0,0.0
2012-07-04,0.0,0.0,False,False,0.0,0.0,0.0,0.0
2012-07-05,0.0,0.0,False,False,0.0,0.0,0.0,0.0
2012-07-06,49403137.51100905,0.25,True,True,0.0,49403137.51100905,0.0,0.0
2012-07-09,251651.70101894438,0.0012756260618089713,False,True,0.0,251651.70101894438,0.0,0.0
2012-07-10,112052.10415776074,0.0005684241960178699,False,True,0.0,112052.10415776074,0.0,0.0
2012-07-11,83150.53974021226,0.00042157362068445366,False,True,0.0,83150.53974021226,0.0,0.0
2012-07-12,126825.69828432053,0.000642456071410998,False,True,0.0,126825.69828432053,0.0,0.0
2012-07-13,473603.32297154516,0.0024068131325598427,False,True,0.0,473603.32297154516,0.0,0.0
2012-07-16,49734124.55003719,0.25205291298478516,True,True,0.0,405073.0018020347,49329051.548235156,0.0
2012-07-17,390347.7073318586,0.0019725475783453645,False,True,0.0,51691.555683963,338656.1516478956,0.0
2012-07-18,174710.39241603017,0.000882912542092773,False,True,0.0,84724.67753709108,89985.71487893909,0.0
2012-07-19,554395.2990670055,0.0027860683747301966,False,True,0.0,166534.62258902192,387860.6764779836,0.0
2012-07-20,627359.7700888664,0.003132990333374552,False,True,0.0,75857.89510154724,551501.8749873191,0.0
2012-07-23,292885.4242889285,0.0014630380069848182,False,True,0.0,159749.94565494359,133135.47863398492,0.0
2012-07-24,702561.6932273358,0.0035342832815646033,False,True,0.0,193340.80779580772,509220.8854315281,0.0
2012-07-25,540924.0149395242,0.002728587699659081,False,True,0.0,135074.52843929082,405849.4865002334,0.0
2012-07-26,304941.1020022109,0.0015361584489224428,False,True,0.0,86054.42116273195,218886.68083947897,0.0
2012-07-27,796654.1597365141,0.004004308712728843,False,True,0.0,508414.68645343184,288239.47328308225,0.0
2012-07-30,318520.32939150184,0.0015959029572187537,False,True,0.0,108748.32111437619,209772.00827712566,0.0
2012-07-31,50649679.77191833,0.2525276722047905,True,True,0.0,7355.3246204108,499621.93701289594,50142702.51028502
2012-08-01,743061.1242108718,0.0037152978958663483,False,True,0.0,300231.28925495595,357276.5492146984,85553.28574121743
2012-08-02,507261.4690321088,0.0025461793236837924,False,True,0.0,156649.41940540075,80056.62594623119,270555.42368047684
2012-08-03,738805.4189230502,0.0037358241620207193,False,True,0.0,180087.06975553185,552177.8380465508,6540.511120967567
2012-08-06,454853.6378142461,0.0022811153033246087,False,True,0.0,22763.656856022775,358856.46015850455,73233.5207997188
2012-08-07,229141.10796458274,0.001146908635044144,False,True,0.0,39368.32837679982,65753.99443182349,124018.78515595943
2012-08-08,326289.14078290015,0.0016316914185107812,False,True,0.0,140684.5527895242,178737.54608133435,6867.0419120416045
2012-08-09,50149521.74659688,0.2505890389985811,True,True,50031639.39951983,6389.101016633213,78525.59549856931,32967.65056184679
2012-08-10,279675.0455631763,0.0013923690707258161,False,True,64641.566120028496,99447.99006223679,75195.95666155964,40389.53271935135
2012-08-13,795281.7548456416,0.003970102679359604,False,True,132337.82384306192,36819.0151636824,397640.87742281705,228484.03841608018
2012-08-14,427200.1929859221,0.002146703667772945,False,True,86033.24541434646,120332.53956823051,213600.0964929685,7234.311510376632
2012-08-15,544239.6627498865,0.0027390567385341467,False,True,128638.83061613142,18140.695384077728,143481.00075881928,253979.13599085808
2012-08-16,117461.213678509,0.0005898460514889257,False,True,2090.7813276425004,58730.60683926195,41514.706435248256,15125.119076356292
2012-08-17,466290.1908229515,0.0023345841846347795,False,True,65931.16996710002,167213.9254443869,7754.59448133409,225390.50093013048
2012-08-20,599565.0144477636,0.003004143898959427,False,True,46475.24206613749,299782.5072238818,175980.48094991595,77326.78420782834
2012-08-21,385219.53101380914,0.0019245266232362996,False,True,151332.30442295223,21851.176216498017,192609.76550690085,19426.284867458045
2012-08-22,851968.9909134358,0.004226265155508289,False,True,313125.1525701359,112859.34288658202,248221.93710520864,177762.55835150927
2012-08-23,937544.5478807539,0.004644056437574457,False,True,126862.33637364954,341909.93756671995,27747.088626936078,441025.1853134483
2012-08-24,822473.942620188,0.004062187627333216,False,True,214888.95329739153,69787.73712646961,196348.01801270992,341449.23418361694
2012-08-27,606550.0860477835,0.003005159357473222,False,True,145572.61402017623,246935.3805541396,56339.66246975213,157702.42900371552
2012-08-28,248820.28862082958,0.0012365098251949198,False,True,50206.179753787816,74203.96455662698,79249.26652094722,45160.87778946757
2012-08-29,470803.2242282927,0.002343519518107914,False,True,220138.72815053165,68325.47577892244,15262.883963614702,167076.1363352239
2012-08-30,708150.9160825685,0.003529829705621295,False,True,91484.77214466035,22927.659081816673,354075.4580412954,239663.02681479603
2012-08-31,323648.24073102325,0.0016151306715491568,False,True,130616.68735223264,155354.7576384768,6469.362727038562,31207.433013275266
2012-09-03,1167868.2662375942,0.005769046990018854,False,True,16078.256572194397,396339.0512409285,171516.82530566305,583934.1331188083
2012-09-04,703094.505289033,0.003483008817068598,False,True,50774.03889094293,351547.2526445314,143207.3552366346,157565.85851692408
2012-09-05,480276.6547236219,0.0023779809178289943,False,True,193430.57338295877,46707.75397886336,160309.65456567705,79828.67279612273
2012-09-06,568004.1655976102,0.0028195537196051934,False,True,242719.3830722794,98313.15160094947,185688.9311978519,41282.69972652942
2012-09-07,598593.6309506968,0.0029586296796044165,False,True,199982.942654036,296515.3564307019,99313.87282130867,2781.459044650197
2012-09-10,1119754.38349016,0.005480424595570972,False,True,499417.2102974355,2668.554339669645,60459.98144763708,557208.6374054179
2012-09-11,891520.0226168483,0.004360846947163531,False,True,276201.8634028286,128064.56709261984,169558.14790557325,317695.4442158267
2012-09-12,236859.41679102182,0.0011527744418354138,False,True,32850.354201585054,87356.26193128526,31073.4464642182,85579.35419393331
2012-09-13,508713.52325656265,0.0024729105115359287,False,True,159469.89392911643,32065.449764184654,222291.31186409295,94886.86769916862
2012-09-14,1548197.8712003455,0.0074783211221259764,False,True,456246.2765587792,317852.6590413973,20952.810638315976,753146.124961853
2012-09-17,661443.0263299495,0.0031686856248400843,False,True,43004.96792295575,199064.62122356147,88651.92401843518,330721.5131649971
2012-09-18,1123455.52931232,0.005442056516686013,False,True,27900.79339104891,230438.34643626213,561727.7646561563,303388.6248288527
2012-09-19,1161808.836609766,0.00563528189205749,False,True,217972.24243120104,206247.90604640543,374656.5122584626,362932.1758736968
2012-09-20,342967.9116520509,0.001663437284803573,False,True,66189.73744938523,105294.21837662905,138768.49715537578,32715.458670660853
2012-09-21,51863332.02039223,0.25228512159056443,True,True,51528495.07128029,129726.82091628015,105154.2910002917,99955.83719536662
2012-09-24,430353.9501472041,0.002084015998257302,False,True,0.0,88683.45265947282,242487.32323500514,99183.17425272614
2012-09-25,242549.18756016344,0.001180010429302814,False,True,0.0,2038.6737325936556,225673.26285924017,14837.250968329608
2012-09-26,51842123.677742116,0.2519245021639969,True,True,0.0,51534655.355693325,138954.92632173747,168513.39572705328
2012-09-27,350578.56049354374,0.001709445470008817,False,True,0.0,0.0,295321.1873965487,55257.373096995056
2012-09-28,103745518.5082053,0.5029180556942778,True,True,51571780.59802641,51571780.59802641,182468.2165070325,419489.09564545006
2012-10-01,913071.8115595132,0.004417603347373448,False,True,26959.81296379119,180155.08054047823,456535.9057797566,249421.01227548718
2012-10-02,385608.99186524004,0.0018625603025058607,False,True,27225.552756264806,165578.9431763515,185656.24672535807,7148.249207265675
2012-10-03,589829.2810836658,0.0028559785593729853,False,True,172648.1801252067,294914.6405418217,20519.00277260691,101747.45764403045
2012-10-04,1130017.70984447,0.005495999470781828,False,True,239431.8920931816,201895.60032111406,363113.2546011284,325576.96282904595
2012-10-05,665271.0356359556,0.00321799793932791,False,True,190581.18808217347,142054.32973579317,259670.0832508132,72965.4345671758
2012-10-08,52128864.43437816,0.2529538065348669,True,True,120610.76956564188,51703892.59879268,194999.42054279894,109361.6454770416
2012-10-09,152448.33513290435,0.0007419465590095942,False,True,9135.342896349728,0.0,117826.31576760858,25486.67646894604
2012-10-10,680946.7520884573,0.0033167644831500454,False,True,103217.72386649996,0.0,319691.84176068753,258037.18646126986
2012-10-11,218547.81646236032,0.001066416143424516,False,True,26911.911287382245,0.0,155250.54448268563,36385.36069229245
2012-10-12,549089.516915828,0.0026686022587673612,False,True,108268.55570058525,0.0,377358.3358579576,63462.62535728514
2012-10-15,51951698.599328496,0.25375040471506355,True,True,51439804.78093565,0.0,385065.10039263964,126828.71800020337
2012-10-16,509622.55368531495,0.0025016301489942994,False,True,0.0,0.0,279158.46100349724,230464.0926818177
2012-10-17,203230.51548956335,0.0009957236776568918,False,True,0.0,0.0,4830.075747303665,198400.43974225968
2012-10-18,319203.2829744294,0.001560293178827179,False,True,0.0,0.0,278530.2381474525,40673.044826976955
2012-10-19,555430.617099233,0.002714408603092543,False,True,0.0,0.0,288722.0205427334,266708.5965564996
2012-10-22,508778.153254509,0.0024988427286062307,False,True,0.0,0.0,185924.30853628367,322853.8447182253
2012-10-23,635188.9459880888,0.0031232347344073625,False,True,0.0,0.0,375135.8827563152,260053.06323177367
2012-10-24,476281.55959022045,0.0023529049046687803,False,True,0.0,0.0,97625.36293943971,378656.19665078074
2012-10-25,149523.27464791387,0.0007397610843154654,False,True,0.0,0.0,58624.99756989628,90898.27707801759
2012-10-26,393304.63516189903,0.0019438984934487817,False,True,0.0,0.0,145645.55885147303,247659.076310426
2012-10-29,156573.643326208,0.0007746644761425068,False,True,0.0,0.0,130724.9427471757,25848.700579032302
2012-10-30,115385.90368328243,0.0005715357541428397,False,True,0.0,0.0,115329.90535081923,55.99833246320486
2012-10-31,50402852.216488525,0.24977200129700364,True,True,0.0,0.0,50369512.63482285,33339.58166567236
2012-11-01,244557.17019108683,0.0012099511639621142,False,True,0.0,0.0,0.0,244557.17019108683
2012-11-02,142063.00819715858,0.0007035186841473948,False,True,0.0,0.0,0.0,142063.00819715858
2012-11-05,799564.9031052589,0.003980588218045334,False,True,0.0,0.0,0.0,799564.9031052589
2012-11-06,156440.27220767736,0.0007780210359624102,False,True,0.0,0.0,0.0,156440.27220767736
2012-11-07,694301.4914927706,0.0034371303118782507,False,True,0.0,0.0,0.0,694301.4914927706
2012-11-08,34211.158975198865,0.00016932365214735275,False,True,0.0,0.0,0.0,34211.158975198865
2012-11-09,305486.3549687341,0.0015089227998054313,False,True,0.0,0.0,0.0,305486.3549687341
2012-11-12,50603670.738295056,0.24996426132121924,True,True,0.0,0.0,0.0,50603670.738295056
2012-11-13,50610905.80591666,0.25,True,True,0.0,50610905.80591666,0.0,0.0
2012-11-14,29221.449877381325,0.00014431586723740873,False,True,0.0,29221.449877381325,0.0,0.0
2012-11-15,178936.35070751607,0.0008847547899486438,False,True,0.0,178936.35070751607,0.0,0.0
2012-11-16,203144.37393563986,0.0010057989380206345,False,True,0.0,203144.37393563986,0.0,0.0
2012-11-19,66706.54499600828,0.0003304198361833117,False,True,0.0,66706.54499600828,0.0,0.0
2012-11-20,377937.60061030835,0.0018673902529737455,False,True,0.0,377937.60061030835,0.0,0.0
2012-11-21,121653.92982723564,0.0006015743858262597,False,True,0.0,121653.92982723564,0.0,0.0
2012-11-22,102630.04449978471,0.0005078455883591612,False,True,0.0,102630.04449978471,0.0,0.0
2012-11-23,173795.30182658136,0.0008590085706660796,False,True,0.0,173795.30182658136,0.0,0.0
2012-11-26,189185.67838620394,0.000933913371000749,False,True,0.0,189185.67838620394,0.0,0.0
2012-11-27,39797.11632002145,0.0001964066531458996,False,True,0.0,39797.11632002145,0.0,0.0
2012-11-28,4005.19606231153,1.9766956989877538e-05,False,True,0.0,4005.19606231153,0.0,0.0
2012-11-29,28628.687249973416,0.00014126535404102012,False,True,0.0,28628.687249973416,0.0,0.0
2012-11-30,45411.874980799854,0.00022414726125152023,False,True,0.0,45411.874980799854,0.0,0.0
2012-12-03,29765.120756156743,0.00014694564989072204,False,True,0.0,29765.120756156743,0.0,0.0
2012-12-04,25845.019601285458,0.00012761444647377715,False,True,0.0,25845.019601285458,0.0,0.0
2012-12-05,207098.54864621162,0.001021194096871211,False,True,0.0,207098.54864621162,0.0,0.0
2012-12-06,109521.68911123276,0.0005404359181989798,False,True,0.0,109521.68911123276,0.0,0.0
2012-12-07,197712.68748427182,0.0009743478686720188,False,True,0.0,197712.68748427182,0.0,0.0
2012-12-10,44829.84995954484,0.00022099107446481558,False,True,0.0,44829.84995954484,0.0,0.0
2012-12-11,32484.957192994654,0.00016010209999858086,False,True,0.0,32484.957192994654,0.0,0.0
2012-12-12,69433.78311447799,0.0003420483082046344,False,True,0.0,69433.78311447799,0.0,0.0
2012-12-13,107911.90834731609,0.0005312247140070654,False,True,0.0,107911.90834731609,0.0,0.0
2012-12-14,22981.14782524854,0.00011311367443873065,False,True,0.0,22981.14782524854,0.0,0.0
2012-12-17,11316.865972533822,5.570598045901254e-05,False,True,0.0,11316.865972533822,0.0,0.0
2012-12-18,3796.785384722054,1.868970822403152e-05,False,True,0.0,3796.785384722054,0.0,0.0
2012-12-19,8215.154497042298,4.044134816605633e-05,False,True,0.0,8215.154497042298,0.0,0.0
2012-12-20,156024.4582303241,0.0007688605193271587,False,True,0.0,156024.4582303241,0.0,0.0
2012-12-21,71239.32465475053,0.0003512189984729875,False,True,0.0,71239.32465475053,0.0,0.0
2012-12-24,155139.4515588358,0.0007656381796127885,False,True,0.0,155139.4515588358,0.0,0.0
2012-12-25,190268.89766426384,0.0009401847748910471,False,True,0.0,190268.89766426384,0.0,0.0
2012-12-26,0.0,0.0,False,False,0.0,0.0,0.0,0.0
2012-12-27,65834.11973178387,0.0003254504371280797,False,True,0.0,65834.11973178387,0.0,0.0
2012-12-28,23183.401144705713,0.0001145894452638868,False,True,0.0,23183.401144705713,0.0,0.0
2012-12-31,82595.69081883878,0.00040802664188567295,False,True,0.0,82595.69081883878,0.0,0.0
2013-01-01,6510.087276875973,3.215876187176531e-05,False,True,0.0,6510.087276875973,0.0,0.0
2013-01-02,0.0,0.0,False,False,0.0,0.0,0.0,0.0
2013-01-03,423208.8382557258,0.0020847709693455887,False,True,0.0,423208.8382557258,0.0,0.0
2013-01-04,99320.95811704546,0.0004889464541912873,False,True,0.0,99320.95811704546,0.0,0.0
2013-01-07,247365.1223397106,0.0012197324832692994,False,True,0.0,247365.1223397106,0.0,0.0
2013-01-08,100415.70426432788,0.0004948130467992035,False,True,0.0,100415.70426432788,0.0,0.0
2013-01-09,16145.139505080879,7.95490943330718e-05,False,True,0.0,16145.139505080879,0.0,0.0
2013-01-10,50855734.35604931,0.25042911266709283,True,True,50768592.57139786,87141.78465144336,0.0,0.0
2013-01-11,219496.88678747416,0.0010785379515600804,False,True,23365.346311092377,196131.54047638178,0.0,0.0
2013-01-14,68085.71766432375,0.0003347755802208053,False,True,14237.333778522909,53848.38388580084,0.0,0.0
2013-01-15,111824.87331325561,0.0005493340999761512,False,True,102717.39905010164,9107.47426315397,0.0,0.0
2013-01-16,101032.11704399437,0.000496704588041669,False,True,90409.28452804685,10622.83251594752,0.0,0.0
2013-01-17,84323.25645301491,0.0004146357927429276,False,True,51609.95001897961,32713.3064340353,0.0,0.0
2013-01-18,76525.1223577857,0.00037657407388250674,False,True,14493.921775870025,62031.20058191568,0.0,0.0
2013-01-21,182339.39515084773,0.0008979241847643419,False,True,54594.62362726033,127744.7715235874,0.0,0.0
2013-01-22,53331.653522372246,0.00026256384583077006,False,True,13889.539536736906,39442.11398563534,0.0,0.0
2013-01-23,363630.8056768179,0.0017891193153258596,False,True,150090.89798557758,213539.9076912403,0.0,0.0
2013-01-24,241160.4064134434,0.0011854813895282132,False,True,166218.3835850954,74942.02282834798,0.0,0.0
2013-01-25,603288.5857587755,0.002966896361117087,False,True,279571.24723307043,323717.33852570504,0.0,0.0
2013-01-28,207802.24749684334,0.0010226201927070993,False,True,70335.13784492761,137467.10965191573,0.0,0.0
2013-01-29,717802.2297015339,0.003525009321401015,False,True,465302.1727395877,252500.0569619462,0.0,0.0
2013-01-30,335339.9574107826,0.001641393578184922,False,True,269360.1729799807,65979.78443080187,0.0,0.0
2013-01-31,105656.64939039946,0.0005176946661915943,False,True,25501.779084667563,80154.87030573189,0.0,0.0
2013-02-01,108859.23309131712,0.0005329645034742685,False,True,94841.51744819432,14017.715643122792,0.0,0.0
2013-02-04,390461.238083899,0.0019106953557623634,False,True,221044.5724318698,169416.66565202922,0.0,0.0
2013-02-05,300599.64768924564,0.0014718009347407836,False,True,179357.9175434634,121241.73014578223,0.0,0.0
2013-02-06,51336759.4932518,0.2514346752609543,True,True,130462.49215638638,162462.81238281727,51043834.1887126,0.0
2013-02-07,238305.13105783612,0.001170264969604872,False,True,51420.76759071648,165707.006263569,21177.357203550637,0.0
2013-02-08,1009722.7576526403,0.00495690033732219,False,True,513230.5252041966,35443.416118592024,461048.81632985175,0.0
2013-02-11,150117.80920909345,0.0007369594104067981,False,True,75252.88879854977,63691.54753869772,11173.37287184596,0.0
2013-02-12,50923669.394388124,0.2506144690857695,True,True,125908.72156794369,50672377.71266015,125382.96016003191,0.0
2013-02-13,91286.09204544872,0.00044945500243417545,False,True,22821.523011364043,0.0,68464.56903408468,0.0
2013-02-14,110759.91148921102,0.0005447419089826555,False,True,81500.2438294664,0.0,29259.66765974462,0.0
2013-02-15,516758.68011205643,0.002543047213602264,False,True,228137.89914493263,0.0,288620.7809671238,0.0
2013-02-18,156467.9117713943,0.0007705501939971938,False,True,42101.32229388505,0.0,114366.58947750926,0.0
2013-02-19,128610.06026825309,0.0006337613369846523,False,True,96457.54520118982,0.0,32152.515067063272,0.0
2013-02-20,210146.72246100008,0.00103431842951253,False,True,165755.87692791224,0.0,44390.84553308785,0.0
2013-02-21,247075.44382680953,0.001218251773672843,False,True,32880.879215851426,0.0,214194.5646109581,0.0
2013-02-22,507117.73926220834,0.002513006276977396,False,True,184287.83493094146,0.0,322829.9043312669,0.0
2013-02-25,183708.92564518005,0.0009100103072473932,False,True,111457.04452124238,0.0,72251.88112393767,0.0
2013-02-26,118464.09252170473,0.0005861292326261075,False,True,19152.57513126731,0.0,99311.51739043742,0.0
2013-02-27,407045.7199209556,0.0020183182421906,False,True,312746.35186161846,0.0,94299.36805933714,0.0
2013-02-28,50470789.35436,0.2501713959573842,True,True,233417.88156042248,0.0,50237371.47279958,0.0
2013-03-01,1889.2965588867664,9.364665422786937e-06,False,True,1889.2965588867664,0.0,0.0,0.0
2013-03-04,56744.2460802719,0.0002813693979832198,False,True,56744.2460802719,0.0,0.0,0.0
2013-03-05,20883.705585189164,0.00010353868238666142,False,True,20883.705585189164,0.0,0.0,0.0
2013-03-06,245954.34669299424,0.001217430105460062,False,True,245954.34669299424,0.0,0.0,0.0
2013-03-07,2978.8984391465783,1.4744725564090863e-05,False,True,2978.8984391465783,0.0,0.0,0.0
2013-03-08,153773.76279643923,0.0007603660506561797,False,True,153773.76279643923,0.0,0.0,0.0
2013-03-11,234013.8481777683,0.0011553471685680566,False,True,234013.8481777683,0.0,0.0,0.0
2013-03-12,196620.4191870317,0.0009719905430203876,False,True,196620.4191870317,0.0,0.0,0.0
2013-03-13,34506.33796925098,0.00017062044943176266,False,True,34506.33796925098,0.0,0.0,0.0
2013-03-14,5235.8632318452,2.588841801120717e-05,False,True,5235.8632318452,0.0,0.0,0.0
2013-03-15,104014.33254659176,0.0005146456585291552,False,True,104014.33254659176,0.0,0.0,0.0
2013-03-18,155985.40024655312,0.0007725849089928972,False,True,155985.40024655312,0.0,0.0,0.0
2013-03-19,231589.7433898747,0.0011488049756613857,False,True,231589.7433898747,0.0,0.0,0.0
2013-03-20,19422.05519697815,9.633107026439905e-05,False,True,19422.05519697815,0.0,0.0,0.0
2013-03-21,22986.495387017727,0.00011399293869624765,False,True,22986.495387017727,0.0,0.0,0.0
2013-03-22,125613.49979766458,0.0006234510616537942,False,True,125613.49979766458,0.0,0.0,0.0
2013-03-25,434880.7558578998,0.002164651061575967,False,True,434880.7558578998,0.0,0.0,0.0
2013-03-26,39441.93943516165,0.00019627378683753993,False,True,39441.93943516165,0.0,0.0,0.0
2013-03-27,155629.6270167306,0.0007736563460941269,False,True,155629.6270167306,0.0,0.0,0.0
2013-03-28,111855.1294549331,0.0005564598370216367,False,True,111855.1294549331,0.0,0.0,0.0
2013-03-29,48257.64903187007,0.00024015029198292174,False,True,48257.64903187007,0.0,0.0,0.0
2013-04-01,0.0,0.0,False,False,0.0,0.0,0.0,0.0
2013-04-02,23753.664529636502,0.00011822682646570351,False,True,23753.664529636502,0.0,0.0,0.0
2013-04-03,6262.911700643599,3.1173082779777426e-05,False,True,6262.911700643599,0.0,0.0,0.0
2013-04-04,50294248.68914919,0.25050302328261914,True,True,100993.5039543882,50193255.185194805,0.0,0.0
2013-04-05,50661092.98283912,0.2526059959553363,True,True,50344967.183893636,316125.79894548655,0.0,0.0
2013-04-08,101926.30530412495,0.0005085688703402281,False,True,0.0,101926.30530412495,0.0,0.0
2013-04-09,49956.117413401604,0.0002491769450080168,False,True,0.0,49956.117413401604,0.0,0.0
2013-04-10,335339.83797662705,0.0016689250986134678,False,True,0.0,335339.83797662705,0.0,0.0
2013-04-11,204111.4554257095,0.0010144514100039698,False,True,0.0,204111.4554257095,0.0,0.0
2013-04-12,90628.43810319155,0.0004501607420126421,False,True,0.0,90628.43810319155,0.0,0.0
2013-04-15,211619.77931080014,0.0010526123894197491,False,True,0.0,211619.77931080014,0.0,0.0
2013-04-16,384968.6250376329,0.0019197637771402316,False,True,0.0,384968.6250376329,0.0,0.0
2013-04-17,152731.8479496464,0.0007624183223668237,False,True,0.0,152731.8479496464,0.0,0.0
2013-04-18,153269.69434942305,0.000765884492017121,False,True,0.0,153269.69434942305,0.0,0.0
2013-04-19,23276.329046405852,0.00011629314794406338,False,True,0.0,23276.329046405852,0.0,0.0
2013-04-22,22610.389566518366,0.00011298300011360422,False,True,0.0,22610.389566518366,0.0,0.0
2013-04-23,197385.6582546085,0.0009876252147107847,False,True,0.0,197385.6582546085,0.0,0.0
2013-04-24,31353.41527044773,0.000156844970741847,False,True,0.0,31353.41527044773,0.0,0.0
2013-04-25,12192.2616969347,6.098663936238003e-05,False,True,0.0,12192.2616969347,0.0,0.0
2013-04-26,200963.33689900488,0.0010038886854614219,False,True,0.0,200963.33689900488,0.0,0.0
2013-04-29,91779.62939637154,0.00045875476771170526,False,True,0.0,91779.62939637154,0.0,0.0
2013-04-30,221644.11938964576,0.001106240241529275,False,True,0.0,221644.11938964576,0.0,0.0
2013-05-01,137173.70539470017,0.0006840184902406073,False,True,0.0,137173.70539470017,0.0,0.0
2013-05-02,344806.34210749716,0.0017233321238540255,False,True,0.0,344806.34210749716,0.0,0.0
2013-05-03,139450.6595780477,0.0006976186554714961,False,True,0.0,139450.6595780477,0.0,0.0
2013-05-06,222462.01072330028,0.0011112439716975554,False,True,0.0,222462.01072330028,0.0,0.0
2013-05-07,259225.1800557226,0.001297123140034551,False,True,0.0,259225.1800557226,0.0,0.0
2013-05-08,49637107.04642968,0.24878038690239498,True,True,0.0,49637107.04642968,0.0,0.0
2013-05-09,0.0,0.0,False,False,0.0,0.0,0.0,0.0
2013-05-10,0.0,0.0,False,False,0.0,0.0,0.0,0.0
2013-05-13,0.0,0.0,False,False,0.0,0.0,0.0,0.0
2013-05-14,0.0,0.0,False,False,0.0,0.0,0.0,0.0
2013-05-15,0.0,0.0,False,False,0.0,0.0,0.0,0.0
2013-05-16,0.0,0.0,False,False,0.0,0.0,0.0,0.0
2013-05-17,0.0,0.0,False,False,0.0,0.0,0.0,0.0
2013-05-20,0.0,0.0,False,False,0.0,0.0,0.0,0.0
2013-05-21,0.0,0.0,False,False,0.0,0.0,0.0,0.0
2013-05-22,0.0,0.0,False,False,0.0,0.0,0.0,0.0
2013-05-23,0.0,0.0,False,False,0.0,0.0,0.0,0.0
2013-05-24,0.0,0.0,False,False,0.0,0.0,0.0,0.0
2013-05-27,0.0,0.0,False,False,0.0,0.0,0.0,0.0
2013-05-28,0.0,0.0,False,False,0.0,0.0,0.0,0.0
2013-05-29,0.0,0.0,False,False,0.0,0.0,0.0,0.0
2013-05-30,0.0,0.0,False,False,0.0,0.0,0.0,0.0
2013-05-31,0.0,0.0,False,False,0.0,0.0,0.0,0.0
2013-06-03,0.0,0.0,False,False,0.0,0.0,0.0,0.0
2013-06-04,0.0,0.0,False,False,0.0,0.0,0.0,0.0
2013-06-05,0.0,0.0,False,False,0.0,0.0,0.0,0.0
2013-06-06,0.0,0.0,False,False,0.0,0.0,0.0,0.0
2013-06-07,0.0,0.0,False,False,0.0,0.0,0.0,0.0
2013-06-10,0.0,0.0,False,False,0.0,0.0,0.0,0.0
2013-06-11,0.0,0.0,False,False,0.0,0.0,0.0,0.0
2013-06-12,0.0,0.0,False,False,0.0,0.0,0.0,0.0
2013-06-13,0.0,0.0,False,False,0.0,0.0,0.0,0.0
2013-06-14,0.0,0.0,False,False,0.0,0.0,0.0,0.0
2013-06-17,0.0,0.0,False,False,0.0,0.0,0.0,0.0
2013-06-18,0.0,0.0,False,False,0.0,0.0,0.0,0.0
2013-06-19,0.0,0.0,False,False,0.0,0.0,0.0,0.0
2013-06-20,0.0,0.0,False,False,0.0,0.0,0.0,0.0
2013-06-21,0.0,0.0,False,False,0.0,0.0,0.0,0.0
2013-06-24,0.0,0.0,False,False,0.0,0.0,0.0,0.0
2013-06-25,0.0,0.0,False,False,0.0,0.0,0.0,0.0
2013-06-26,0.0,0.0,False,False,0.0,0.0,0.0,0.0
2013-06-27,0.0,0.0,False,False,0.0,0.0,0.0,0.0
2013-06-28,0.0,0.0,False,False,0.0,0.0,0.0,0.0
2013-07-01,0.0,0.0,False,False,0.0,0.0,0.0,0.0
2013-07-02,0.0,0.0,False,False,0.0,0.0,0.0,0.0
2013-07-03,0.0,0.0,False,False,0.0,0.0,0.0,0.0
2013-07-04,0.0,0.0,False,False,0.0,0.0,0.0,0.0
2013-07-05,0.0,0.0,False,False,0.0,0.0,0.0,0.0
2013-07-08,0.0,0.0,False,False,0.0,0.0,0.0,0.0
2013-07-09,0.0,0.0,False,False,0.0,0.0,0.0,0.0
2013-07-10,0.0,0.0,False,False,0.0,0.0,0.0,0.0
2013-07-11,0.0,0.0,False,False,0.0,0.0,0.0,0.0
2013-07-12,0.0,0.0,False,False,0.0,0.0,0.0,0.0
2013-07-15,0.0,0.0,False,False,0.0,0.0,0.0,0.0
2013-07-16,0.0,0.0,False,False,0.0,0.0,0.0,0.0
2013-07-17,0.0,0.0,False,False,0.0,0.0,0.0,0.0
2013-07-18,0.0,0.0,False,False,0.0,0.0,0.0,0.0
2013-07-19,0.0,0.0,False,False,0.0,0.0,0.0,0.0
2013-07-22,0.0,0.0,False,False,0.0,0.0,0.0,0.0
2013-07-23,0.0,0.0,False,False,0.0,0.0,0.0,0.0
2013-07-24,0.0,0.0,False,False,0.0,0.0,0.0,0.0
2013-07-25,0.0,0.0,False,False,0.0,0.0,0.0,0.0
2013-07-26,0.0,0.0,False,False,0.0,0.0,0.0,0.0
2013-07-29,0.0,0.0,False,False,0.0,0.0,0.0,0.0
2013-07-30,0.0,0.0,False,False,0.0,0.0,0.0,0.0
2013-07-31,0.0,0.0,False,False,0.0,0.0,0.0,0.0
2013-08-01,0.0,0.0,False,False,0.0,0.0,0.0,0.0
2013-08-02,0.0,0.0,False,False,0.0,0.0,0.0,0.0
2013-08-05,0.0,0.0,False,False,0.0,0.0,0.0,0.0
2013-08-06,0.0,0.0,False,False,0.0,0.0,0.0,0.0
2013-08-07,0.0,0.0,False,False,0.0,0.0,0.0,0.0
2013-08-08,0.0,0.0,False,False,0.0,0.0,0.0,0.0
2013-08-09,0.0,0.0,False,False,0.0,0.0,0.0,0.0
2013-08-12,0.0,0.0,False,False,0.0,0.0,0.0,0.0
2013-08-13,0.0,0.0,False,False,0.0,0.0,0.0,0.0
2013-08-14,0.0,0.0,False,False,0.0,0.0,0.0,0.0
2013-08-15,0.0,0.0,False,False,0.0,0.0,0.0,0.0
2013-08-16,0.0,0.0,False,False,0.0,0.0,0.0,0.0
2013-08-19,49880446.429549135,0.25,True,True,0.0,0.0,0.0,49880446.429549135
2013-08-20,287255.45309737325,0.0014424887776101735,False,True,0.0,0.0,0.0,287255.45309737325
2013-08-21,142957.880391635,0.0007171941936981685,False,True,0.0,0.0,0.0,142957.880391635
2013-08-22,124559.97182125598,0.000625416259910398,False,True,0.0,0.0,0.0,124559.97182125598
2013-08-23,259035.00631726533,0.0012983645354739792,False,True,0.0,0.0,0.0,259035.00631726533
2013-08-26,586885.1364399642,0.002930159333351447,False,True,0.0,0.0,0.0,586885.1364399642
2013-08-27,185928.49496275932,0.000927143326711729,False,True,0.0,0.0,0.0,185928.49496275932
2013-08-28,281074.5504234731,0.0013989802988044287,False,True,0.0,0.0,0.0,281074.5504234731
2013-08-29,62823.29711339623,0.0003125573904812573,False,True,0.0,0.0,0.0,62823.29711339623
2013-08-30,50421691.883800805,0.2512879130508523,True,True,0.0,0.0,50163268.172788255,258423.7110125497
2013-09-02,447971.2029679641,0.002242579287799851,False,True,0.0,0.0,225836.20583759248,222134.99713037163
2013-09-03,196855.12778327614,0.000986444459589848,False,True,0.0,0.0,49213.78194581717,147641.34583745897
2013-09-04,637488.0250563174,0.0031741839205186497,False,True,0.0,0.0,143499.601720199,493988.42333611846
2013-09-05,629975.3873746246,0.0031565799275184146,False,True,0.0,0.0,204135.9424893409,425839.4448852837
2013-09-06,665330.4739367366,0.0033515684530082833,False,True,0.0,0.0,67132.31981421262,598198.154122524
2013-09-09,631811.3975450918,0.0031625865678078188,False,True,0.0,0.0,65100.84885061532,566710.5486944765
2013-09-10,168717.63189782202,0.0008459595690223856,False,True,0.0,0.0,79753.78955689073,88963.8423409313
2013-09-11,615037.0516939461,0.0031029679583719286,False,True,0.0,0.0,92498.9186256975,522538.13306824863
2013-09-12,51559.29507930577,0.000259990272297292,False,True,0.0,0.0,25384.358356654644,26174.936722651124
2013-09-13,1765339.795246236,0.008965087420834484,False,True,0.0,0.0,532750.9896100163,1232588.8056362197
2013-09-16,387094.82839496434,0.0019663820470947613,False,True,0.0,0.0,207636.63773425668,179458.19066070765
2013-09-17,334526.89604298025,0.0017050488823445087,False,True,0.0,0.0,2629.6586303040385,331897.2374126762
2013-09-18,250386.0883082673,0.0012788907494556542,False,True,0.0,0.0,228701.78891015798,21684.299398109317
2013-09-19,51169085.11610465,0.25827995605639237,True,True,0.0,49528703.17289787,237437.32856986672,1402944.614636913
2013-09-20,654388.6916071847,0.0032846301677522407,False,True,0.0,330861.7814946845,135419.8045437932,188107.105568707
2013-09-23,1092728.5242746025,0.005555346601165423,False,True,0.0,230242.00462501496,21942.118153706193,840544.4014958814
2013-09-24,674255.8810499236,0.0034292598341318717,False,True,0.0,327122.28036384284,251055.92019902915,96077.6804870516
2013-09-25,49454364.86585882,0.2521904579880296,True,True,49024817.65210781,127196.80290516466,152478.88692682981,149871.52391901612
2013-09-26,1408412.4352479875,0.007186841514133426,False,True,603763.8863062486,100442.33131776005,260897.1602550596,443309.05736891925
2013-09-27,631956.911266841,0.0032287980405588763,False,True,85156.81920001656,29312.783460848033,201508.85297256708,315978.4556334093
2013-09-30,1248171.8963324502,0.0063820728991014096,False,True,434880.3778475672,189205.57031866908,113451.97228266299,510633.97588355094
2013-10-01,1466143.3400948048,0.007488713188401888,False,True,597544.1217145845,135527.54833283275,394542.53241603076,338529.1376313567
2013-10-02,2401185.0833237097,0.01234727463706956,False,True,690066.2759692743,502352.82863815874,8173.437054432929,1200592.5416618437
2013-10-03,1432933.5057926849,0.007314014669031633,False,True,269443.44343312085,447023.30946321785,1999.9801324680448,714466.7727638781
2013-10-04,98038062.9728834,0.5005271602537279,True,True,51627.33839015663,118514.0029124096,48857996.85259931,49009924.77898153
2013-10-07,228206.55385442078,0.0011623856205070478,False,True,9540.51999374479,218666.033860676,0.0,0.0
2013-10-08,83792.69004497677,0.00042716840631320266,False,True,1057.6121894344687,82735.0778555423,0.0,0.0
2013-10-09,163832.75235883147,0.000833813405462249,False,True,76633.30710437894,87199.44525445253,0.0,0.0
2013-10-10,95994.76553249359,0.000489035358720743,False,True,81369.6241081208,14625.141424372792,0.0,0.0
2013-10-11,483589.27265398204,0.0024554023142364166,False,True,405539.2297333926,78050.04292058945,0.0,0.0
2013-10-14,67767.9080061242,0.0003438612781637183,False,True,66411.0282207951,1356.8797853291035,0.0,0.0
2013-10-15,174823.30705727637,0.0008870749204548771,False,True,87613.09750621021,87210.20955106616,0.0,0.0
2013-10-16,172892.850180611,0.000875743002443372,False,True,1571.1363341212273,171321.7138464898,0.0,0.0
2013-10-17,430772.89840207994,0.0021770156735508323,False,True,327621.42525372654,103151.4731483534,0.0,0.0
2013-10-18,453881.4862039909,0.0022863483905563907,False,True,65703.15204004198,388178.3341639489,0.0,0.0
2013-10-21,219389.04837229848,0.0011045448786993711,False,True,83230.47513061762,136158.57324168086,0.0,0.0
2013-10-22,264100.00637922436,0.0013308939156739315,False,True,178518.4002450779,85581.60613414645,0.0,0.0
2013-10-23,152290.61254956573,0.0007662704480073868,False,True,24929.43663214147,127361.17591742426,0.0,0.0
2013-10-24,336608.5759068206,0.0016994474431441917,False,True,83534.13775744289,253074.4381493777,0.0,0.0
2013-10-25,277471.639679797,0.001404816694425499,False,True,240655.16174889356,36816.477930903435,0.0,0.0
2013-10-28,413045.6774241254,0.002087328043940512,False,True,298525.9945657924,114519.68285833299,0.0,0.0
2013-10-29,77990.25904347003,0.00039432580563095637,False,True,13689.595174826682,64300.66386864334,0.0,0.0
2013-10-30,455431.9849443063,0.0023058756287373055,False,True,159734.4661858976,295697.5187584087,0.0,0.0
2013-10-31,104009.90772838145,0.0005270900850725469,False,True,97210.55590602756,6799.3518223538995,0.0,0.0
2013-11-01,701048.9173836485,0.0035686012240512158,False,True,570350.7621619925,130698.15522165596,0.0,0.0
2013-11-04,596256.1069513857,0.003049642758187898,False,True,531255.8506097272,65000.25634165853,0.0,0.0
2013-11-05,385427.60958012193,0.0019635865203718483,False,True,259108.4103031829,126319.19927693903,0.0,0.0
2013-11-06,971091.3035391867,0.004972233493477825,False,True,731726.9381159917,239364.36542319506,0.0,0.0
2013-11-07,118142.18282158673,0.0006043735795412692,False,True,15096.38160917908,103045.80121240765,0.0,0.0
2013-11-08,296820.0292238742,0.0015230514639859418,False,True,83104.56566693634,213715.46355693787,0.0,0.0
2013-11-11,595728.9339306876,0.0030756246968226004,False,True,496247.2531661242,99481.68076456338,0.0,0.0
2013-11-12,243070.89157392085,0.0012540430805649556,False,True,155570.60017348826,87500.29140043259,0.0,0.0
2013-11-13,217777.34697397798,0.0011250713744596053,False,True,43340.060671932995,174437.286302045,0.0,0.0
2013-11-14,178374.9544385597,0.0009215231138659408,False,True,88631.96998250484,89742.98445605487,0.0,0.0
2013-11-15,149710.37892184407,0.0007729190921067657,False,True,42505.21913842857,107205.1597834155,0.0,0.0
2013-11-18,205782.54326693714,0.0010612788358603735,False,True,51445.63581673801,154336.90745019913,0.0,0.0
2013-11-19,917912.8306882083,0.004702719587879035,False,True,780735.4264938235,137177.4041943848,0.0,0.0
2013-11-20,49145950.0977828,0.25119702036360425,True,True,49143695.05281269,2255.044970110059,0.0,0.0
2013-11-21,75463.6653098017,0.0003859117944268424,False,True,0.0,75463.6653098017,0.0,0.0
2013-11-22,566553.330151625,0.002908518971657047,False,True,0.0,566553.330151625,0.0,0.0
2013-11-25,352950.06871296465,0.0018163304620634779,False,True,0.0,352950.06871296465,0.0,0.0
2013-11-26,25498.677622906864,0.000131242726720398,False,True,0.0,25498.677622906864,0.0,0.0
2013-11-27,48429486.303169005,0.24945099439091087,True,True,0.0,48429486.303169005,0.0,0.0
2013-11-28,0.0,0.0,False,False,0.0,0.0,0.0,0.0
2013-11-29,0.0,0.0,False,False,0.0,0.0,0.0,0.0
2013-12-02,0.0,0.0,False,False,0.0,0.0,0.0,0.0
2013-12-03,0.0,0.0,False,False,0.0,0.0,0.0,0.0
2013-12-04,0.0,0.0,False,False,0.0,0.0,0.0,0.0
2013-12-05,0.0,0.0,False,False,0.0,0.0,0.0,0.0
2013-12-06,0.0,0.0,False,False,0.0,0.0,0.0,0.0
2013-12-09,0.0,0.0,False,False,0.0,0.0,0.0,0.0
2013-12-10,0.0,0.0,False,False,0.0,0.0,0.0,0.0
2013-12-11,0.0,0.0,False,False,0.0,0.0,0.0,0.0
2013-12-12,0.0,0.0,False,False,0.0,0.0,0.0,0.0
2013-12-13,0.0,0.0,False,False,0.0,0.0,0.0,0.0
2013-12-16,0.0,0.0,False,False,0.0,0.0,0.0,0.0
2013-12-17,0.0,0.0,False,False,0.0,0.0,0.0,0.0
2013-12-18,0.0,0.0,False,False,0.0,0.0,0.0,0.0
2013-12-19,0.0,0.0,False,False,0.0,0.0,0.0,0.0
2013-12-20,0.0,0.0,False,False,0.0,0.0,0.0,0.0
2013-12-23,0.0,0.0,False,False,0.0,0.0,0.0,0.0
2013-12-24,0.0,0.0,False,False,0.0,0.0,0.0,0.0
2013-12-25,48536072.6075879,0.25,True,True,0.0,0.0,48536072.6075879,0.0
2013-12-26,0.0,0.0,False,False,0.0,0.0,0.0,0.0
2013-12-27,571.0807006880641,2.9415386835746326e-06,False,True,0.0,0.0,571.0807006880641,0.0
2013-12-30,36492.4861503616,0.00018791943677105657,False,True,0.0,0.0,36492.4861503616,0.0
2013-12-31,135160.45836396515,0.0006966604028835272,False,True,0.0,0.0,135160.45836396515,0.0
2014-01-01,396399.745447129,0.0020487528447506445,False,True,0.0,0.0,396399.745447129,0.0
2014-01-02,0.0,0.0,False,False,0.0,0.0,0.0,0.0
2014-01-03,100712.12140096724,0.00052088213650301,False,True,0.0,0.0,100712.12140096724,0.0
2014-01-06,143101.07724610716,0.0007408485005226688,False,True,0.0,0.0,143101.07724610716,0.0
2014-01-07,42796.963662452996,0.00022149869982068628,False,True,0.0,0.0,42796.963662452996,0.0
2014-01-08,53796.48396705091,0.0002785308927807899,False,True,0.0,0.0,53796.48396705091,0.0
2014-01-09,344774.3211980909,0.0017893252180865894,False,True,0.0,0.0,344774.3211980909,0.0
2014-01-10,395428.619000338,0.0020578440082186338,False,True,0.0,0.0,395428.619000338,0.0
2014-01-13,385427.07611857355,0.002000445154844146,False,True,0.0,0.0,385427.07611857355,0.0
2014-01-14,257336.86242313683,0.0013332564965283442,False,True,0.0,0.0,257336.86242313683,0.0
2014-01-15,82456.21420862526,0.00042696059240523076,False,True,0.0,0.0,82456.21420862526,0.0
2014-01-16,31394.259399153292,0.00016252512980983262,False,True,0.0,0.0,31394.259399153292,0.0
2014-01-17,68778.93123097718,0.0003558931016353455,False,True,0.0,0.0,68778.93123097718,0.0
2014-01-20,5067.117521092296,2.621862679119539e-05,False,True,0.0,0.0,5067.117521092296,0.0
2014-01-21,0.0,0.0,False,False,0.0,0.0,0.0,0.0
2014-01-22,61291.21664042026,0.0003172713722808937,False,True,0.0,0.0,61291.21664042026,0.0
2014-01-23,238548.09538213164,0.001232804309956202,False,True,0.0,0.0,238548.09538213164,0.0
2014-01-24,57577.53800410777,0.0002974397530515129,False,True,0.0,0.0,57577.53800410777,0.0
2014-01-27,296189.23478687555,0.0015269685218706757,False,True,0.0,0.0,296189.23478687555,0.0
2014-01-28,426008.0216135308,0.002202684048595243,False,True,0.0,0.0,426008.0216135308,0.0
2014-01-29,251330.01010812074,0.001297259733300468,False,True,0.0,0.0,251330.01010812074,0.0
2014-01-30,48897010.45480271,0.2517850824473948,True,True,0.0,0.0,346665.47455679625,48550344.98024591
2014-01-31,690833.8762053028,0.003582796947655121,False,True,0.0,0.0,133694.17778214812,557139.6984231547
2014-02-03,110050.21913047135,0.0005708906556246671,False,True,0.0,0.0,67616.29779088497,42433.92133958638
2014-02-04,399740.7420309335,0.0020670812977944763,False,True,0.0,0.0,46171.86852901429,353568.8735019192
2014-02-05,856376.6075093076,0.004414087868429344,False,True,0.0,0.0,584620.1067792699,271756.5007300377
2014-02-06,227204.302833274,0.0011709419978428138,False,True,0.0,0.0,107197.12677372992,120007.17605954409
2014-02-07,7805.368802309036,4.022364247899522e-05,False,True,0.0,0.0,455.2396313622594,7350.129170946777
2014-02-10,250419.0004337579,0.0012871696245571928,False,True,0.0,0.0,25917.215454638004,224501.7849791199
2014-02-11,504277.3806518465,0.00259105648331164,False,True,0.0,0.0,234092.00506157428,270185.37559027225
2014-02-12,495062.40199450403,0.0025308330707873835,False,True,0.0,0.0,109771.11832658947,385291.28366791457
2014-02-13,190245.73539239913,0.0009716986328051328,False,True,0.0,0.0,138708.0081508234,51537.72724157572
2014-02-14,366441.30872320384,0.0018646547885161453,False,True,0.0,0.0,103468.5954098925,262972.71331331134
2014-02-17,404489.384050563,0.002049826140448252,False,True,0.0,0.0,13217.338569693267,391272.0454808697
2014-02-18,480354.9833374396,0.002428377979680286,False,True,0.0,0.0,120088.74583435804,360266.23750308156
2014-02-19,1176744.1015189216,0.005934713048591354,False,True,0.0,0.0,706513.2791316807,470230.8223872408
2014-02-20,717456.7118623629,0.003619541069472345,False,True,0.0,0.0,342738.6672745794,374718.0445877835
2014-02-21,561921.4370086789,0.0028306270794274556,False,True,0.0,0.0,206652.45971508324,355268.9772935957
2014-02-24,86251.7911690101,0.0004341081645104986,False,True,0.0,0.0,81360.91861855239,4890.872550457716
2014-02-25,401174.97668239474,0.002013522320716119,False,True,0.0,0.0,62321.405325338244,338853.5713570565
2014-02-26,49954568.54884185,0.25052634144451946,True,True,0.0,49849616.87143045,12956.992376215756,91994.68503518403
2014-02-27,317134.40263653547,0.00159768226618885,False,True,0.0,130122.7444910258,45826.32652641833,141185.33161909133
2014-02-28,97779.14282162488,0.0004927618987129544,False,True,0.0,17847.53957374394,39258.31159039587,40673.29165748507
2014-03-03,460122.5846347362,0.0023184773962163898,False,True,0.0,36921.57409879565,233578.49065174907,189622.51988419145
2014-03-04,1157918.8770427927,0.005795631922913167,False,True,0.0,412371.4012020901,172754.01727476716,572793.4585659355
2014-03-05,982135.8183247298,0.004922752824614091,False,True,0.0,151757.0943417251,304038.3360717073,526340.3879112974
2014-03-06,50278604.785876036,0.251807384693247,True,True,49917722.67434262,151643.92377711833,160263.7566702217,48974.431086078286
2014-03-07,351825.28231117874,0.001742942771973468,False,True,175912.64115558565,14143.307122468948,136489.90028906614,25279.433744058013
2014-03-10,904765.2941032276,0.004511768155364936,False,True,378049.4113911614,351298.896680519,101083.75037108362,74333.23566046357
2014-03-11,537285.0033704638,0.0026879782899136354,False,True,115845.29373122007,148319.21161413193,120323.2900711,152797.20795401186
2014-03-12,602684.812215507,0.003012443298754063,False,True,129623.9791822061,53237.20780210197,118481.21912344545,301342.4061077535
2014-03-13,1300844.4723876119,0.0065007215367909035,False,True,317968.4502570182,268709.56152801216,63744.22440877557,650422.2361938059
2014-03-14,753245.1750114262,0.0037516085822296387,False,True,54595.6891945228,322026.89831118286,334640.81722343713,41981.770282283425
2014-03-17,747015.5764992833,0.0037129257867004376,False,True,168102.98189572245,205404.8063539043,13987.98574308306,359519.8025065735
2014-03-18,1331946.9569871575,0.006633329143499405,False,True,268245.81991034746,397727.6585832238,188764.5580251068,477208.9204684794
2014-03-19,977030.6929905266,0.004858627081629761,False,True,172840.6414734125,155699.75752621144,159974.94749563932,488515.3464952633
2014-03-20,1467283.953875728,0.007331216610890638,False,True,374217.8287329897,69845.62525100261,289578.5229538679,733641.9769378677
2014-03-21,854507.6562920213,0.004290914688993938,False,True,246126.6430940926,75359.65077795088,351894.17736804485,181127.18505193293
2014-03-24,581575.9753922224,0.002910456840200041,False,True,97644.38874813169,103533.11714687943,290787.98769611865,89610.48180109262
2014-03-25,1554855.2174488455,0.0078113596883569135,False,True,155070.81185264885,377928.34530507773,244428.45156668127,777427.6087244377
2014-03-26,330069.5174913332,0.0016518264610740111,False,True,139751.51043141633,64064.64832571894,25283.248314253986,100970.11041994393
2014-03-27,830944.7245621607,0.004155195404553997,False,True,19605.294846571982,395867.0674344897,121497.31674280018,293975.0455382988
2014-03-28,1679483.1527194232,0.008355007822955887,False,True,664724.7310810164,75535.47601040453,175016.84527869523,764206.1003493071
2014-03-31,302558.93514840305,0.0015035058682775003,False,True,53842.57399492711,149439.08252836764,1840.3850458338857,97436.89357927442
2014-04-01,864450.8673137575,0.004299406443266428,False,True,227667.51111076027,204557.92254612595,39616.8941821903,392608.539474681
2014-04-02,320660.03171687573,0.0016003869246112603,False,True,107405.35603386164,52924.6598245576,136937.2523541972,23392.76350425929
2014-04-03,764624.5752859116,0.003812632870029659,False,True,160531.6762625426,65371.32983190566,156409.28154848516,382312.28764297813
2014-04-04,680069.3287569582,0.0033915225462588993,False,True,191324.88262655586,31806.431710213423,340034.6643784717,116903.35004171729
2014-04-07,994154.3571549729,0.0049081350492518536,False,True,350546.30467998236,162671.54240888357,334405.6361685991,146530.8738975078
2014-04-08,627923.3992461488,0.0031022797263368248,False,True,313961.6996230632,95135.87490903586,13512.101003967226,205313.72371008247
2014-04-09,433258.54849859327,0.0021191751598394638,False,True,191003.03823004663,150593.36387648433,25626.23601925373,66035.91037280858
2014-04-10,549734.4053714201,0.0026868944832682145,False,True,274867.2026856914,64355.05145423114,125787.08963938802,84725.0615921095
2014-04-11,195302.753159903,0.0009492981608930496,False,True,21016.212185636163,76635.16439432651,92593.04664506763,5058.329934872687
2014-04-14,238523.30298767984,0.0011617840512891454,False,True,7027.234995663166,33414.832553610206,112234.41649816185,85846.81894024462
2014-04-15,812724.516857788,0.0039458629301104015,False,True,298956.093065992,107406.16536290944,199042.65948744863,207319.5989414379
2014-04-16,971881.3857817948,0.004764832735166233,False,True,2778.8676984906197,191657.68440307677,294283.0084878057,483161.8251924217
2014-04-17,51256751.8490027,0.2512120058290989,True,True,123647.51799308509,71725.91375681013,73265.59450788796,50988112.82274491
2014-04-18,533816.4415085688,0.0026175478820017477,False,True,149922.4853233695,129513.73277526349,254380.22340993583,0.0
2014-04-21,0.0,0.0,False,False,0.0,0.0,0.0,0.0
2014-04-22,367683.0084240213,0.001805291131079359,False,True,66988.9264037013,83358.11460646242,217335.96741385758,0.0
2014-04-23,145746.82605302334,0.0007143128092152971,False,True,26852.26800787449,31198.27736903727,87696.28067611158,0.0
2014-04-24,619998.0728211626,0.003042443219872658,False,True,132192.1138888821,341856.62684261054,145949.33208967,0.0
2014-04-25,625871.9345578626,0.0030631984545853494,False,True,316175.89585282654,245837.03952573985,63858.999179296196,0.0
2014-04-28,279385.38890407234,0.0013684833565980792,False,True,160042.3092487082,117872.99783692509,1470.0818184390664,0.0
2014-04-29,82580.13757566363,0.0004051489130384279,False,True,66855.86226532608,12934.485165841877,2789.790144495666,0.0
2014-04-30,480150.5243144259,0.002347356350867394,False,True,195824.252598539,149718.82742781937,134607.44428806752,0.0
2014-05-01,345791.69860009104,0.0016946126098491357,False,True,37559.78611443192,110902.92139950395,197328.99108615518,0.0
2014-05-02,739787.9566685557,0.0036346066108182474,False,True,128375.76056369394,177330.33748874068,434081.8586161211,0.0
2014-05-05,459518.84632524103,0.002252201554252914,False,True,265283.144288674,168393.7335128337,25841.968523733318,0.0
2014-05-06,277478.4192967266,0.0013604401473714506,False,True,147329.3208297193,59078.13036738336,71070.96809962392,0.0
2014-05-07,644182.8363715634,0.0031513149179980245,False,True,265226.7420173511,351959.53049759567,26996.563856616616,0.0
2014-05-08,594304.0960562453,0.002908278268502328,False,True,288647.0427216664,94368.93146333098,211288.1218712479,0.0
2014-05-09,500347.3567071408,0.002444122403412462,False,True,163382.94289835542,132466.73222486675,204497.68158391863,0.0
2014-05-12,118905.83644703776,0.0005821899526463148,False,True,39607.39435710013,3000.725630261004,76297.71645967662,0.0
2014-05-13,80183.7084556818,0.00039206465889580393,False,True,34649.86401999742,5386.746648922563,40147.09778676182,0.0
2014-05-14,191715.9208944887,0.000936064419076993,False,True,111880.43592641503,59100.02140121907,20735.463566854596,0.0
2014-05-15,213967.86801039428,0.0010441769219656412,False,True,93892.29641170055,31572.69693698734,88502.87466170639,0.0
2014-05-16,262825.5091198087,0.0012855411789528023,False,True,71286.31571745872,1629.9220074266195,189909.27139492333,0.0
2014-05-19,457832.6330888644,0.0022387933082247944,False,True,168384.49753323197,67077.53922456503,222370.59633106738,0.0
2014-05-20,257270.80631148815,0.0012570507944123781,False,True,6102.592122234404,108324.48250630498,142843.73168294877,0.0
2014-05-21,471377.37838178873,0.0023095084389610624,False,True,70920.32239671797,305603.24110423774,94853.81488083303,0.0
2014-05-22,413213.0837734565,0.00202639704378568,False,True,121264.99396779388,230074.1046454087,61873.98516025394,0.0
2014-05-23,132003.19347921014,0.0006469422296199565,False,True,3779.195727586746,81818.9254052192,46405.072346404195,0.0
2014-05-26,219531.74686069787,0.001076163093075445,False,True,115620.24089700729,50145.875040486455,53765.630923204124,0.0
2014-05-27,63090.826064132154,0.0003092333087122057,False,True,20851.50490744412,35110.04907359928,7129.272083088756,0.0
2014-05-28,542906.1561475098,0.0026707406192267706,False,True,205033.885507375,178436.62486251444,159435.64577762038,0.0
2014-05-29,191433.83895432204,0.000942907190315772,False,True,35202.892779275775,92281.42625246942,63949.519922576845,0.0
2014-05-30,725144.1793869138,0.0035557133528533527,False,True,303250.6022037342,173401.04971402138,248492.52746915817,0.0
2014-06-02,758555.3638532832,0.0037327926713913977,False,True,306954.39905487746,288796.72390093654,162804.24089746922,0.0
2014-06-03,51296430.53888184,0.25337334681652557,True,True,335724.56023293734,100745.24154055864,50859960.73710834,0.0
2014-06-04,67658.09349486232,0.0003340861054819346,False,True,49579.12865904719,18078.96483581513,0.0,0.0
2014-06-05,465142.51242369413,0.002299906805300097,False,True,300787.10162647814,164355.410797216,0.0,0.0
2014-06-06,212762.00210805237,0.001049797348152091,False,True,98072.76982565969,114689.23228239268,0.0,0.0
2014-06-09,601339.7124556601,0.0029545632032903276,False,True,515556.8000624776,85782.91239318252,0.0,0.0
2014-06-10,236593.6736619249,0.001160488276365899,False,True,204573.2320425436,32020.44161938131,0.0,0.0
2014-06-11,78350.29569134861,0.0003840118205670341,False,True,4920.013393290341,73430.28229805827,0.0,0.0
2014-06-12,272787.6446420327,0.0013367408322777438,False,True,126828.43828374892,145959.20635828376,0.0,0.0
2014-06-13,174316.4843994826,0.0008532068457246426,False,True,27607.018015399575,146709.46638408303,0.0,0.0
2014-06-16,183129.99102269113,0.0008970343548501755,False,True,52330.59081902355,130799.40020366758,0.0,0.0
2014-06-17,83872.42719290406,0.00041056566202333887,False,True,75579.81902864575,8292.608164258301,0.0,0.0
2014-06-18,50716743.854095705,0.24924036878510847,True,True,50594085.61055997,122658.24353573471,0.0,0.0
2014-06-19,6585.859693273902,3.2363892904925164e-05,False,True,0.0,6585.859693273902,0.0,0.0
2014-06-20,289778.9397489354,0.0014213181173764356,False,True,0.0,289778.9397489354,0.0,0.0
2014-06-23,99061.59460634738,0.00048619583316005335,False,True,0.0,99061.59460634738,0.0,0.0
2014-06-24,165648.8286465481,0.0008121266512612408,False,True,0.0,165648.8286465481,0.0,0.0
2014-06-25,167432.8555060923,0.0008217726294151527,False,True,0.0,167432.8555060923,0.0,0.0
2014-06-26,43617.23514840007,0.00021401547406458467,False,True,0.0,43617.23514840007,0.0,0.0
2014-06-27,48827.97406384349,0.0002395063528903222,False,True,0.0,48827.97406384349,0.0,0.0
2014-06-30,75937.41123050451,0.000372296098366961,False,True,0.0,75937.41123050451,0.0,0.0
2014-07-01,83955.39637231827,0.0004113798684336251,False,True,0.0,83955.39637231827,0.0,0.0
2014-07-02,181036.55219760537,0.0008860277472106749,False,True,0.0,181036.55219760537,0.0,0.0
2014-07-03,102218685.2056917,0.500834714449764,True,True,51024161.393241785,170362.41920811683,0.0,51024161.393241785
2014-07-04,232862.8661487773,0.0011461749989743022,False,True,11630.666485965252,172221.2411334142,0.0,49010.958529397845
2014-07-07,422802.35210808367,0.0020771865058923597,False,True,258962.6514517218,107978.55103082955,0.0,55861.14962553233
2014-07-08,280241.7501651272,0.001377765773140563,False,True,157951.29644861072,110135.51163300872,0.0,12154.942083507776
2014-07-09,292338.61289490014,0.0014349955891428698,False,True,109471.0392139405,76432.18996424973,0.0,106435.38371670991
2014-07-10,390759.8404796496,0.0019146988548446931,False,True,84731.5412735641,65233.93411637843,0.0,240794.36508970708
2014-07-11,569278.1004482284,0.0027887100079049543,False,True,172098.04383341223,105980.30100073665,0.0,291199.75561407954
2014-07-14,141182.75697154552,0.0006911410612106906,False,True,9694.170111320913,53320.83601448685,0.0,78167.75084573776
2014-07-15,1715005.1472349316,0.00843367584967316,False,True,436854.78460945934,305292.2409708798,0.0,972858.1216545925
2014-07-16,360069.0863925293,0.001778351745443435,False,True,3958.2386876046658,66258.31326879561,0.0,289852.53443612903
2014-07-17,285699.37240896374,0.001408516445783019,False,True,77358.20339946449,97400.24446223676,0.0,110940.92454726249
2014-07-18,1236729.357652031,0.006084208948596222,False,True,521385.9296426475,43024.73961212486,0.0,672318.6883972585
2014-07-21,503600.23310625553,0.0024797445530607785,False,True,135755.08527059108,93146.24887277931,0.0,274698.89896288514
2014-07-22,297635.693417117,0.0014635907630517345,False,True,183116.18025381118,108279.37391802669,0.0,6240.139245279133
2014-07-23,565781.652252607,0.0027804274519530998,False,True,234831.68628060073,63981.21902668476,0.0,266968.74694532156
2014-07-24,500254.0349833667,0.002457780611579347,False,True,159502.8674160093,256581.7477576062,0.0,84169.41980975121
2014-07-25,491272.2332041636,0.0024193796007285586,False,True,140839.36967170238,44569.471465200186,0.0,305863.39206726104
2014-07-28,811403.754293099,0.003989316327760058,False,True,223513.49583747983,140053.83864281327,0.0,447836.41981280595
2014-07-29,139130.30674660206,0.0006849262022548338,False,True,44645.283684797585,36769.311366699636,0.0,57715.71169510484
2014-07-30,403756.88866102695,0.0019892343668280106,False,True,181775.81296797097,69810.43335877359,0.0,152170.6423342824
2014-07-31,418481.25241315365,0.002070455928094354,False,True,201788.03298027068,113785.31778599322,0.0,102907.90164688975
2014-08-01,537332.9899560437,0.002672623600077667,False,True,135341.48494365066,134968.4701713845,0.0,267023.0348410085
2014-08-04,50870993.05211949,0.2519306621453187,True,True,50566410.716365896,85695.86616505682,0.0,218886.4695885405
2014-08-05,252463.4331484139,0.0012513811493715932,False,True,0.0,82044.65814439952,0.0,170418.77500401437
2014-08-06,102989.9762654081,0.000510644276741518,False,True,0.0,66867.32688707858,0.0,36122.649378329515
2014-08-07,600885.4917862415,0.002968434519062769,False,True,0.0,115766.95098348707,0.0,485118.54080275446
2014-08-08,511686.003992483,0.0025276562924457604,False,True,0.0,253363.95984366536,0.0,258322.04414881766
2014-08-11,104414.46071412414,0.000516126043783142,False,True,0.0,19514.132803469896,0.0,84900.32791065425
2014-08-12,50550834.81396603,0.24998428844796974,True,True,0.0,50530388.06754224,0.0,20446.74642378837
2014-08-13,29846.061250559986,0.00014756587933026328,False,True,0.0,0.0,0.0,29846.061250559986
2014-08-14,98752.45649799705,0.00048793749821141345,False,True,0.0,0.0,0.0,98752.45649799705
2014-08-15,17341.951643288136,8.567707738345624e-05,False,True,0.0,0.0,0.0,17341.951643288136
2014-08-18,254839.3535925001,0.0012611386280184332,False,True,0.0,0.0,0.0,254839.3535925001
2014-08-19,182951.01608258486,0.0009064748201438225,False,True,0.0,0.0,0.0,182951.01608258486
2014-08-20,77818.54521354288,0.00038576902404773136,False,True,0.0,0.0,0.0,77818.54521354288
2014-08-21,110632.2444435209,0.0005488373529917133,False,True,0.0,0.0,0.0,110632.2444435209
2014-08-22,443502.620992288,0.0022066529519077687,False,True,0.0,0.0,0.0,443502.620992288
2014-08-25,127506.141321145,0.0006338722551765915,False,True,0.0,0.0,0.0,127506.141321145
2014-08-26,125417.22868534923,0.0006240063748256755,False,True,0.0,0.0,0.0,125417.22868534923
2014-08-27,50418350.462306194,0.250639706400194,True,True,0.0,0.0,0.0,50418350.462306194
2014-08-28,0.0,0.0,False,False,0.0,0.0,0.0,0.0
2014-08-29,0.0,0.0,False,False,0.0,0.0,0.0,0.0
2014-09-01,0.0,0.0,False,False,0.0,0.0,0.0,0.0
2014-09-02,0.0,0.0,False,False,0.0,0.0,0.0,0.0
2014-09-03,0.0,0.0,False,False,0.0,0.0,0.0,0.0
2014-09-04,0.0,0.0,False,False,0.0,0.0,0.0,0.0
2014-09-05,0.0,0.0,False,False,0.0,0.0,0.0,0.0
2014-09-08,0.0,0.0,False,False,0.0,0.0,0.0,0.0
2014-09-09,0.0,0.0,False,False,0.0,0.0,0.0,0.0
2014-09-10,0.0,0.0,False,False,0.0,0.0,0.0,0.0
2014-09-11,0.0,0.0,False,False,0.0,0.0,0.0,0.0
2014-09-12,0.0,0.0,False,False,0.0,0.0,0.0,0.0
2014-09-15,0.0,0.0,False,False,0.0,0.0,0.0,0.0
2014-09-16,0.0,0.0,False,False,0.0,0.0,0.0,0.0
2014-09-17,0.0,0.0,False,False,0.0,0.0,0.0,0.0
2014-09-18,0.0,0.0,False,False,0.0,0.0,0.0,0.0
2014-09-19,0.0,0.0,False,False,0.0,0.0,0.0,0.0
2014-09-22,0.0,0.0,False,False,0.0,0.0,0.0,0.0
2014-09-23,0.0,0.0,False,False,0.0,0.0,0.0,0.0
2014-09-24,0.0,0.0,False,False,0.0,0.0,0.0,0.0
2014-09-25,0.0,0.0,False,False,0.0,0.0,0.0,0.0
2014-09-26,0.0,0.0,False,False,0.0,0.0,0.0,0.0
2014-09-29,0.0,0.0,False,False,0.0,0.0,0.0,0.0
2014-09-30,0.0,0.0,False,False,0.0,0.0,0.0,0.0
2014-10-01,0.0,0.0,False,False,0.0,0.0,0.0,0.0
2014-10-02,0.0,0.0,False,False,0.0,0.0,0.0,0.0
2014-10-03,0.0,0.0,False,False,0.0,0.0,0.0,0.0
2014-10-06,0.0,0.0,False,False,0.0,0.0,0.0,0.0
2014-10-07,0.0,0.0,False,False,0.0,0.0,0.0,0.0
2014-10-08,0.0,0.0,False,False,0.0,0.0,0.0,0.0
2014-10-09,0.0,0.0,False,False,0.0,0.0,0.0,0.0
2014-10-10,0.0,0.0,False,False,0.0,0.0,0.0,0.0
2014-10-13,0.0,0.0,False,False,0.0,0.0,0.0,0.0
2014-10-14,0.0,0.0,False,False,0.0,0.0,0.0,0.0
2014-10-15,0.0,0.0,False,False,0.0,0.0,0.0,0.0
2014-10-16,0.0,0.0,False,False,0.0,0.0,0.0,0.0
2014-10-17,0.0,0.0,False,False,0.0,0.0,0.0,0.0
2014-10-20,0.0,0.0,False,False,0.0,0.0,0.0,0.0
2014-10-21,0.0,0.0,False,False,0.0,0.0,0.0,0.0
2014-10-22,0.0,0.0,False,False,0.0,0.0,0.0,0.0
2014-10-23,0.0,0.0,False,False,0.0,0.0,0.0,0.0
2014-10-24,0.0,0.0,False,False,0.0,0.0,0.0,0.0
2014-10-27,0.0,0.0,False,False,0.0,0.0,0.0,0.0
2014-10-28,0.0,0.0,False,False,0.0,0.0,0.0,0.0
2014-10-29,0.0,0.0,False,False,0.0,0.0,0.0,0.0
2014-10-30,0.0,0.0,False,False,0.0,0.0,0.0,0.0
2014-10-31,0.0,0.0,False,False,0.0,0.0,0.0,0.0
2014-11-03,0.0,0.0,False,False,0.0,0.0,0.0,0.0
2014-11-04,0.0,0.0,False,False,0.0,0.0,0.0,0.0
2014-11-05,0.0,0.0,False,False,0.0,0.0,0.0,0.0
2014-11-06,0.0,0.0,False,False,0.0,0.0,0.0,0.0
2014-11-07,0.0,0.0,False,False,0.0,0.0,0.0,0.0
2014-11-10,0.0,0.0,False,False,0.0,0.0,0.0,0.0
2014-11-11,0.0,0.0,False,False,0.0,0.0,0.0,0.0
2014-11-12,0.0,0.0,False,False,0.0,0.0,0.0,0.0
2014-11-13,0.0,0.0,False,False,0.0,0.0,0.0,0.0
2014-11-14,0.0,0.0,False,False,0.0,0.0,0.0,0.0
2014-11-17,0.0,0.0,False,False,0.0,0.0,0.0,0.0
2014-11-18,0.0,0.0,False,False,0.0,0.0,0.0,0.0
2014-11-19,0.0,0.0,False,False,0.0,0.0,0.0,0.0
2014-11-20,0.0,0.0,False,False,0.0,0.0,0.0,0.0
2014-11-21,0.0,0.0,False,False,0.0,0.0,0.0,0.0
2014-11-24,0.0,0.0,False,False,0.0,0.0,0.0,0.0
2014-11-25,0.0,0.0,False,False,0.0,0.0,0.0,0.0
2014-11-26,0.0,0.0,False,False,0.0,0.0,0.0,0.0
2014-11-27,0.0,0.0,False,False,0.0,0.0,0.0,0.0
2014-11-28,0.0,0.0,False,False,0.0,0.0,0.0,0.0
2014-12-01,0.0,0.0,False,False,0.0,0.0,0.0,0.0
2014-12-02,0.0,0.0,False,False,0.0,0.0,0.0,0.0
2014-12-03,0.0,0.0,False,False,0.0,0.0,0.0,0.0
2014-12-04,0.0,0.0,False,False,0.0,0.0,0.0,0.0
2014-12-05,0.0,0.0,False,False,0.0,0.0,0.0,0.0
2014-12-08,0.0,0.0,False,False,0.0,0.0,0.0,0.0
2014-12-09,0.0,0.0,False,False,0.0,0.0,0.0,0.0
2014-12-10,0.0,0.0,False,False,0.0,0.0,0.0,0.0
2014-12-11,0.0,0.0,False,False,0.0,0.0,0.0,0.0
2014-12-12,0.0,0.0,False,False,0.0,0.0,0.0,0.0
2014-12-15,0.0,0.0,False,False,0.0,0.0,0.0,0.0
2014-12-16,0.0,0.0,False,False,0.0,0.0,0.0,0.0
2014-12-17,0.0,0.0,False,False,0.0,0.0,0.0,0.0
2014-12-18,0.0,0.0,False,False,0.0,0.0,0.0,0.0
2014-12-19,0.0,0.0,False,False,0.0,0.0,0.0,0.0
2014-12-22,0.0,0.0,False,False,0.0,0.0,0.0,0.0
2014-12-23,0.0,0.0,False,False,0.0,0.0,0.0,0.0
2014-12-24,0.0,0.0,False,False,0.0,0.0,0.0,0.0
2014-12-25,0.0,0.0,False,False,0.0,0.0,0.0,0.0
2014-12-26,0.0,0.0,False,False,0.0,0.0,0.0,0.0
2014-12-29,0.0,0.0,False,False,0.0,0.0,0.0,0.0
2014-12-30,0.0,0.0,False,False,0.0,0.0,0.0,0.0
2014-12-31,0.0,0.0,False,False,0.0,0.0,0.0,0.0
2015-01-01,0.0,0.0,False,False,0.0,0.0,0.0,0.0
2015-01-02,0.0,0.0,False,False,0.0,0.0,0.0,0.0
2015-01-05,0.0,0.0,False,False,0.0,0.0,0.0,0.0
2015-01-06,0.0,0.0,False,False,0.0,0.0,0.0,0.0
2015-01-07,0.0,0.0,False,False,0.0,0.0,0.0,0.0
2015-01-08,0.0,0.0,False,False,0.0,0.0,0.0,0.0
2015-01-09,0.0,0.0,False,False,0.0,0.0,0.0,0.0
2015-01-12,0.0,0.0,False,False,0.0,0.0,0.0,0.0
2015-01-13,0.0,0.0,False,False,0.0,0.0,0.0,0.0
2015-01-14,0.0,0.0,False,False,0.0,0.0,0.0,0.0
2015-01-15,50289667.972443774,0.25,True,True,0.0,0.0,0.0,50289667.972443774
2015-01-16,1044597.6714196056,0.005157196231089277,False,True,0.0,0.0,0.0,1044597.6714196056
2015-01-19,532344.2383925766,0.002619014737506671,False,True,0.0,0.0,0.0,532344.2383925766
2015-01-20,142867.8472353965,0.0007035372288449927,False,True,0.0,0.0,0.0,142867.8472353965
2015-01-21,587112.7550395504,0.002880070749882394,False,True,0.0,0.0,0.0,587112.7550395504
2015-01-22,65803.26200070232,0.0003229356735309221,False,True,0.0,0.0,0.0,65803.26200070232
2015-01-23,270644.6166261062,0.0013258657691179543,False,True,0.0,0.0,0.0,270644.6166261062
2015-01-26,240120.25574424863,0.00117817732938779,False,True,0.0,0.0,0.0,240120.25574424863
2015-01-27,374435.94716959447,0.0018417240551238728,False,True,0.0,0.0,0.0,374435.94716959447
2015-01-28,325451.92878882587,0.0015973787802683864,False,True,0.0,0.0,0.0,325451.92878882587
2015-01-29,232045.4627557844,0.0011406545758895898,False,True,0.0,0.0,0.0,232045.4627557844
2015-01-30,808309.344105497,0.003994529167987412,False,True,0.0,0.0,0.0,808309.344105497
2015-02-02,800309.9962990731,0.003934251127462638,False,True,0.0,0.0,0.0,800309.9962990731
2015-02-03,278680.31036730856,0.0013724740429748841,False,True,0.0,0.0,0.0,278680.31036730856
2015-02-04,414950.6919725388,0.0020491762970248645,False,True,0.0,0.0,0.0,414950.6919725388
2015-02-05,265968.01026212424,0.0013111498720032343,False,True,0.0,0.0,0.0,265968.01026212424
2015-02-06,135736.03353252262,0.0006697392205989998,False,True,0.0,0.0,0.0,135736.03353252262
2015-02-09,924763.2977186665,0.004590832256139996,False,True,0.0,0.0,0.0,924763.2977186665
2015-02-10,152725.56525740027,0.0007574147718648493,False,True,0.0,0.0,0.0,152725.56525740027
2015-02-11,167216.05720454454,0.0008301956918701869,False,True,0.0,0.0,0.0,167216.05720454454
2015-02-12,450660.84641705453,0.0022441396245131344,False,True,0.0,0.0,0.0,450660.84641705453
2015-02-13,97312.50326769799,0.0004842706832265201,False,True,0.0,0.0,0.0,97312.50326769799
2015-02-16,239881.76581561565,0.0011918622464611823,False,True,0.0,0.0,0.0,239881.76581561565
2015-02-17,85616.26668581367,0.00042514674419873817,False,True,0.0,0.0,0.0,85616.26668581367
2015-02-18,694183.138221018,0.0034630385080916173,False,True,0.0,0.0,0.0,694183.138221018
2015-02-19,78594.58871345967,0.00039187623526208356,False,True,0.0,0.0,0.0,78594.58871345967
2015-02-20,173071.71516849846,0.0008639375735430819,False,True,0.0,0.0,0.0,173071.71516849846
2015-02-23,152507.56647732854,0.0007620591980026752,False,True,0.0,0.0,0.0,152507.56647732854
2015-02-24,3434.107219427824,1.7160151009346946e-05,False,True,0.0,0.0,0.0,3434.107219427824
2015-02-25,40587.68946579844,0.00020287056649780525,False,True,0.0,0.0,0.0,40587.68946579844
2015-02-26,139672.55096135288,0.0006974799181956553,False,True,0.0,0.0,0.0,139672.55096135288
2015-02-27,139907.15435299277,0.0006980012395093215,False,True,0.0,0.0,0.0,139907.15435299277
2015-03-02,114659.24710813165,0.0005716026561193001,False,True,0.0,0.0,0.0,114659.24710813165
2015-03-03,49885658.763391815,0.2490173057360457,True,True,0.0,0.0,0.0,49885658.763391815
2015-03-04,0.0,0.0,False,False,0.0,0.0,0.0,0.0
2015-03-05,0.0,0.0,False,False,0.0,0.0,0.0,0.0
2015-03-06,0.0,0.0,False,False,0.0,0.0,0.0,0.0
2015-03-09,0.0,0.0,False,False,0.0,0.0,0.0,0.0
2015-03-10,0.0,0.0,False,False,0.0,0.0,0.0,0.0
2015-03-11,0.0,0.0,False,False,0.0,0.0,0.0,0.0
2015-03-12,0.0,0.0,False,False,0.0,0.0,0.0,0.0
2015-03-13,0.0,0.0,False,False,0.0,0.0,0.0,0.0
2015-03-16,0.0,0.0,False,False,0.0,0.0,0.0,0.0
2015-03-17,0.0,0.0,False,False,0.0,0.0,0.0,0.0
2015-03-18,0.0,0.0,False,False,0.0,0.0,0.0,0.0
2015-03-19,0.0,0.0,False,False,0.0,0.0,0.0,0.0
2015-03-20,0.0,0.0,False,False,0.0,0.0,0.0,0.0
2015-03-23,0.0,0.0,False,False,0.0,0.0,0.0,0.0
2015-03-24,0.0,0.0,False,False,0.0,0.0,0.0,0.0
2015-03-25,0.0,0.0,False,False,0.0,0.0,0.0,0.0
2015-03-26,0.0,0.0,False,False,0.0,0.0,0.0,0.0
2015-03-27,0.0,0.0,False,False,0.0,0.0,0.0,0.0
2015-03-30,0.0,0.0,False,False,0.0,0.0,0.0,0.0
2015-03-31,0.0,0.0,False,False,0.0,0.0,0.0,0.0
2015-04-01,0.0,0.0,False,False,0.0,0.0,0.0,0.0
2015-04-02,0.0,0.0,False,False,0.0,0.0,0.0,0.0
2015-04-03,0.0,0.0,False,False,0.0,0.0,0.0,0.0
2015-04-06,0.0,0.0,False,False,0.0,0.0,0.0,0.0
2015-04-07,0.0,0.0,False,False,0.0,0.0,0.0,0.0
2015-04-08,0.0,0.0,False,False,0.0,0.0,0.0,0.0
2015-04-09,0.0,0.0,False,False,0.0,0.0,0.0,0.0
2015-04-10,0.0,0.0,False,False,0.0,0.0,0.0,0.0
2015-04-13,0.0,0.0,False,False,0.0,0.0,0.0,0.0
2015-04-14,0.0,0.0,False,False,0.0,0.0,0.0,0.0
2015-04-15,0.0,0.0,False,False,0.0,0.0,0.0,0.0
2015-04-16,0.0,0.0,False,False,0.0,0.0,0.0,0.0
2015-04-17,0.0,0.0,False,False,0.0,0.0,0.0,0.0
2015-04-20,0.0,0.0,False,False,0.0,0.0,0.0,0.0
2015-04-21,0.0,0.0,False,False,0.0,0.0,0.0,0.0
2015-04-22,0.0,0.0,False,False,0.0,0.0,0.0,0.0
2015-04-23,0.0,0.0,False,False,0.0,0.0,0.0,0.0
2015-04-24,0.0,0.0,False,False,0.0,0.0,0.0,0.0
2015-04-27,0.0,0.0,False,False,0.0,0.0,0.0,0.0
2015-04-28,0.0,0.0,False,False,0.0,0.0,0.0,0.0
2015-04-29,0.0,0.0,False,False,0.0,0.0,0.0,0.0
2015-04-30,0.0,0.0,False,False,0.0,0.0,0.0,0.0
2015-05-01,0.0,0.0,False,False,0.0,0.0,0.0,0.0
2015-05-04,100165043.98346877,0.5,True,True,0.0,50082521.991734385,50082521.991734385,0.0
2015-05-05,98830.59937056899,0.0004928524844155801,False,True,0.0,4487.744724556804,94342.85464601219,0.0
2015-05-06,50970535.40892938,0.25277251095684966,True,True,50411469.99725622,339483.76258546114,219581.64908769727,0.0
2015-05-07,721842.2416826785,0.003566509123836497,False,True,143117.9696983397,311395.050990358,267329.22099398077,0.0
2015-05-08,50854606.82119185,0.25329045799351957,True,True,127976.5121204704,231963.06710354984,300704.91898430884,50193962.32298352
2015-05-11,51612151.214137845,0.25493500321555546,True,True,688915.3598166034,499551.1188947037,65306.262462705374,50358378.47296383
2015-05-12,807063.9232831895,0.004003186464116789,False,True,378706.56453591585,297679.81653199345,130677.54221528023,0.0
2015-05-13,51560490.794252165,0.2546297160290577,True,True,357907.5920269713,188935.52436567098,390637.52969577163,50623010.14816375
2015-05-14,1175056.947185345,0.00574088132541803,False,True,200797.43408439308,210356.84629868716,386731.0395082757,377171.62729398906
2015-05-15,446568.1697174087,0.002175971668902976,False,True,20134.3094779253,223284.08485871553,112458.16014725715,90691.61523351073
2015-05-18,943930.4907894656,0.004589681429718451,False,True,427339.63342329115,290591.5337138921,181373.71168086678,44625.61197141558
2015-05-19,858435.0357161537,0.004195395116494126,False,True,406852.4744358361,22365.04342225939,136915.9716687426,292301.5461893156
2015-05-20,1006164.8451547772,0.004982901521211419,False,True,460030.19963249564,43052.22294490039,438899.1959908232,64183.226586557925
2015-05-21,424608.0634519085,0.0021041381967274323,False,True,49344.15031518042,162959.88141077757,99518.25865813345,112785.77306781709
2015-05-22,790895.5779346898,0.0039125054648709075,False,True,86939.05200716853,102225.03629601747,308508.73696017265,293222.75267133117
2015-05-25,861764.5430825576,0.004292336904373805,False,True,168067.07945614308,29907.806984253228,262815.19208513945,400974.46455702186
2015-05-26,1401838.413635686,0.007013241971295892,False,True,700919.206817843,242868.83648082614,220910.97010350972,237139.40023350716
2015-05-27,785719.8115981817,0.00398068448637407,False,True,313443.8368756473,79416.0689234361,218907.57900022715,173952.32679887116
2015-05-28,796840.0624759197,0.004059294310198779,False,True,291811.2754050419,94849.91266886145,106608.75583291054,303570.11856910586
2015-05-29,769685.5692810193,0.003927718580029848,False,True,127299.53353513777,384842.7846405208,160328.23200134933,97215.01910401136
2015-06-01,600489.9896295518,0.0030581306956044153,False,True,291111.71102348715,12628.246265284717,287616.7485494986,9133.283791281283
2015-06-02,603668.3960139006,0.0030754277599224114,False,True,230813.7395998612,262657.15298644453,71020.45840708911,39177.045020505786
2015-06-03,925807.7401953116,0.004663778851969653,False,True,152732.4538521245,310171.41624552757,64473.55642416328,398430.31367349625
2015-06-04,1594372.7164662778,0.00803591885792441,False,True,403338.55042301863,393847.8078101203,497162.9157952666,300023.4424378723
2015-06-05,918097.8279312477,0.004665258939937031,False,True,402790.72098440677,400212.2369387597,58836.67702686787,56258.19298121333
2015-06-08,895919.5407699868,0.004578588575558141,False,True,416557.3265180141,31402.443866983056,375216.5559317097,72743.21445327997
2015-06-09,663107.5117087066,0.003374528661432989,False,True,331553.7558543682,181400.54001208395,32108.24494858831,118044.97089366615
2015-06-10,759830.0028523281,0.003836284374075953,False,True,2954.1821369081736,104069.11060015857,376960.81928925216,275845.8908260092
2015-06-11,50044827.377695695,0.25089749717138254,True,True,49746480.67259122,169004.73796093464,89508.84628221393,39833.12086132914
2015-06-12,99683437.35638982,0.5022373989961877,True,True,0.0,49642800.23408377,345102.5743725449,49695534.54793351
2015-06-15,334878.65060435236,0.001691031159312067,False,True,0.0,0.0,334878.65060435236,0.0
2015-06-16,49354678.27847462,0.2494186740694308,True,True,0.0,0.0,49354678.27847462,0.0
2015-06-17,0.0,0.0,False,False,0.0,0.0,0.0,0.0
2015-06-18,0.0,0.0,False,False,0.0,0.0,0.0,0.0
2015-06-19,0.0,0.0,False,False,0.0,0.0,0.0,0.0
2015-06-22,0.0,0.0,False,False,0.0,0.0,0.0,0.0
2015-06-23,0.0,0.0,False,False,0.0,0.0,0.0,0.0
2015-06-24,0.0,0.0,False,False,0.0,0.0,0.0,0.0
2015-06-25,0.0,0.0,False,False,0.0,0.0,0.0,0.0
2015-06-26,0.0,0.0,False,False,0.0,0.0,0.0,0.0
2015-06-29,0.0,0.0,False,False,0.0,0.0,0.0,0.0
2015-06-30,0.0,0.0,False,False,0.0,0.0,0.0,0.0
2015-07-01,0.0,0.0,False,False,0.0,0.0,0.0,0.0
2015-07-02,0.0,0.0,False,False,0.0,0.0,0.0,0.0
2015-07-03,0.0,0.0,False,False,0.0,0.0,0.0,0.0
2015-07-06,0.0,0.0,False,False,0.0,0.0,0.0,0.0
2015-07-07,0.0,0.0,False,False,0.0,0.0,0.0,0.0
2015-07-08,0.0,0.0,False,False,0.0,0.0,0.0,0.0
2015-07-09,0.0,0.0,False,False,0.0,0.0,0.0,0.0
2015-07-10,0.0,0.0,False,False,0.0,0.0,0.0,0.0
2015-07-13,0.0,0.0,False,False,0.0,0.0,0.0,0.0
2015-07-14,0.0,0.0,False,False,0.0,0.0,0.0,0.0
2015-07-15,0.0,0.0,False,False,0.0,0.0,0.0,0.0
2015-07-16,0.0,0.0,False,False,0.0,0.0,0.0,0.0
2015-07-17,0.0,0.0,False,False,0.0,0.0,0.0,0.0
2015-07-20,0.0,0.0,False,False,0.0,0.0,0.0,0.0
2015-07-21,0.0,0.0,False,False,0.0,0.0,0.0,0.0
2015-07-22,0.0,0.0,False,False,0.0,0.0,0.0,0.0
2015-07-23,0.0,0.0,False,False,0.0,0.0,0.0,0.0
2015-07-24,0.0,0.0,False,False,0.0,0.0,0.0,0.0
2015-07-27,0.0,0.0,False,False,0.0,0.0,0.0,0.0
2015-07-28,0.0,0.0,False,False,0.0,0.0,0.0,0.0
2015-07-29,0.0,0.0,False,False,0.0,0.0,0.0,0.0
2015-07-30,0.0,0.0,False,False,0.0,0.0,0.0,0.0
2015-07-31,0.0,0.0,False,False,0.0,0.0,0.0,0.0
2015-08-03,0.0,0.0,False,False,0.0,0.0,0.0,0.0
2015-08-04,0.0,0.0,False,False,0.0,0.0,0.0,0.0
2015-08-05,0.0,0.0,False,False,0.0,0.0,0.0,0.0
2015-08-06,0.0,0.0,False,False,0.0,0.0,0.0,0.0
2015-08-07,0.0,0.0,False,False,0.0,0.0,0.0,0.0
2015-08-10,0.0,0.0,False,False,0.0,0.0,0.0,0.0
2015-08-11,0.0,0.0,False,False,0.0,0.0,0.0,0.0
2015-08-12,0.0,0.0,False,False,0.0,0.0,0.0,0.0
2015-08-13,0.0,0.0,False,False,0.0,0.0,0.0,0.0
2015-08-14,0.0,0.0,False,False,0.0,0.0,0.0,0.0
2015-08-17,0.0,0.0,False,False,0.0,0.0,0.0,0.0
2015-08-18,0.0,0.0,False,False,0.0,0.0,0.0,0.0
2015-08-19,0.0,0.0,False,False,0.0,0.0,0.0,0.0
2015-08-20,0.0,0.0,False,False,0.0,0.0,0.0,0.0
2015-08-21,0.0,0.0,False,False,0.0,0.0,0.0,0.0
2015-08-24,0.0,0.0,False,False,0.0,0.0,0.0,0.0
2015-08-25,0.0,0.0,False,False,0.0,0.0,0.0,0.0
2015-08-26,0.0,0.0,False,False,0.0,0.0,0.0,0.0
2015-08-27,0.0,0.0,False,False,0.0,0.0,0.0,0.0
2015-08-28,0.0,0.0,False,False,0.0,0.0,0.0,0.0
2015-08-31,0.0,0.0,False,False,0.0,0.0,0.0,0.0
2015-09-01,0.0,0.0,False,False,0.0,0.0,0.0,0.0
2015-09-02,0.0,0.0,False,False,0.0,0.0,0.0,0.0
2015-09-03,0.0,0.0,False,False,0.0,0.0,0.0,0.0
2015-09-04,0.0,0.0,False,False,0.0,0.0,0.0,0.0
2015-09-07,0.0,0.0,False,False,0.0,0.0,0.0,0.0
2015-09-08,0.0,0.0,False,False,0.0,0.0,0.0,0.0
2015-09-09,0.0,0.0,False,False,0.0,0.0,0.0,0.0
2015-09-10,0.0,0.0,False,False,0.0,0.0,0.0,0.0
2015-09-11,0.0,0.0,False,False,0.0,0.0,0.0,0.0
2015-09-14,0.0,0.0,False,False,0.0,0.0,0.0,0.0
2015-09-15,0.0,0.0,False,False,0.0,0.0,0.0,0.0
2015-09-16,0.0,0.0,False,False,0.0,0.0,0.0,0.0
2015-09-17,0.0,0.0,False,False,0.0,0.0,0.0,0.0
2015-09-18,0.0,0.0,False,False,0.0,0.0,0.0,0.0
2015-09-21,0.0,0.0,False,False,0.0,0.0,0.0,0.0
2015-09-22,0.0,0.0,False,False,0.0,0.0,0.0,0.0
2015-09-23,0.0,0.0,False,False,0.0,0.0,0.0,0.0
2015-09-24,0.0,0.0,False,False,0.0,0.0,0.0,0.0
2015-09-25,0.0,0.0,False,False,0.0,0.0,0.0,0.0
2015-09-28,49469710.38016157,0.25,True,True,0.0,0.0,0.0,49469710.38016157
2015-09-29,461269.87409525365,0.0023383400247235144,False,True,0.0,0.0,0.0,461269.87409525365
2015-09-30,147692.99282743782,0.0007494561468668671,False,True,0.0,0.0,0.0,147692.99282743782
2015-10-01,404427.34282744676,0.002057864801284346,False,True,0.0,0.0,0.0,404427.34282744676
2015-10-02,48907.64345870912,0.00024894143820869885,False,True,0.0,0.0,0.0,48907.64345870912
2015-10-05,826635.3040671721,0.0041841261053303085,False,True,0.0,0.0,0.0,826635.3040671721
2015-10-06,92722.28734527528,0.0004696202392591468,False,True,0.0,0.0,0.0,92722.28734527528
2015-10-07,374520.75171316415,0.0018920889056732691,False,True,0.0,0.0,0.0,374520.75171316415
2015-10-08,54995.89318598062,0.0002779436962370012,False,True,0.0,0.0,0.0,54995.89318598062
2015-10-09,211484.05352306366,0.001070344411589172,False,True,0.0,0.0,0.0,211484.05352306366
2015-10-12,569851.7901839539,0.002873035447222719,False,True,0.0,0.0,0.0,569851.7901839539
2015-10-13,235383.69881067425,0.001184864808867705,False,True,0.0,0.0,0.0,235383.69881067425
2015-10-14,159702.74794088304,0.0008030443804059144,False,True,0.0,0.0,0.0,159702.74794088304
2015-10-15,487782.85747822374,0.002444757123213205,False,True,0.0,0.0,0.0,487782.85747822374
2015-10-16,32540.927400186658,0.000163129897856414,False,True,0.0,0.0,0.0,32540.927400186658
2015-10-19,183359.8195843175,0.0009203232767739329,False,True,0.0,0.0,0.0,183359.8195843175
2015-10-20,206566.02067047358,0.0010382355630501132,False,True,0.0,0.0,0.0,206566.02067047358
2015-10-21,167280.20557439327,0.0008398369596516008,False,True,0.0,0.0,0.0,167280.20557439327
2015-10-22,281360.0748576224,0.0014152450322663134,False,True,0.0,0.0,0.0,281360.0748576224
2015-10-23,36088.82232606411,0.00018157121769480896,False,True,0.0,0.0,0.0,36088.82232606411
2015-10-26,51136.357015267015,0.000257367134216924,False,True,0.0,0.0,0.0,51136.357015267015
2015-10-27,49702652.36525215,0.25022710726549974,True,True,0.0,49657542.01094198,0.0,45110.354310169816
2015-10-28,352851.76976589113,0.0017766489847268752,False,True,0.0,182661.86981564015,0.0,170189.89995025098
2015-10-29,540285.9959268495,0.0027352838754526494,False,True,0.0,351734.8017193675,0.0,188551.19420748204
2015-10-30,49594688.54987508,0.25217140310841885,True,True,0.0,207888.05975795537,49167637.506216645,219162.98390047997
2015-11-02,723399.9874623343,0.0036684787881759735,False,True,0.0,239859.99126093835,187202.46426885575,296337.53193254024
2015-11-03,610937.4074440002,0.0031074298644641436,False,True,0.0,231959.10857310146,169028.8457853496,209949.45308554918
2015-11-04,50478216.51917277,0.25683336387471867,True,True,0.0,180705.50837007165,49617913.3344563,679597.6763463989
2015-11-05,328092.27418846637,0.0016739457855198844,False,True,0.0,28699.685432881117,0.0,299392.58875558525
2015-11-06,118557.61870869249,0.000605620502282183,False,True,0.0,1810.3008942231536,0.0,116747.31781446934
2015-11-09,674804.2617616877,0.0034709900230980232,False,True,0.0,386218.40074023604,0.0,288585.86102145165
2015-11-10,110419.26634301245,0.0005673190396148254,False,True,0.0,53687.33356125653,0.0,56731.932781755924
2015-11-11,148511.2883476913,0.0007641968331597153,False,True,0.0,105164.7114186585,0.0,43346.5769290328
2015-11-12,375668.5560766086,0.001932371633057948,False,True,0.0,205732.15847074986,0.0,169936.39760585874
2015-11-13,48820376.634474576,0.2507477173982705,True,True,0.0,265797.0221231207,0.0,48554579.612351455
2015-11-16,37605.47558628023,0.00019309681891403453,False,True,0.0,37605.47558628023,0.0,0.0
2015-11-17,141939.81873536855,0.00072954237562192,False,True,0.0,141939.81873536855,0.0,0.0
2015-11-18,48896697.92454673,0.2509881569566185,True,True,48704188.39423385,192509.53031288087,0.0,0.0
2015-11-19,565931.629585661,0.002904579255061138,False,True,289070.7099866271,276860.9195990339,0.0,0.0
2015-11-20,800046.0354297832,0.004072698444997726,False,True,352338.67871864885,447707.3567111343,0.0,0.0
2015-11-23,224542.73311268538,0.001141552440280571,False,True,47726.057727627456,176816.67538505793,0.0,0.0
2015-11-24,49084379.174077146,0.2496931427654204,True,True,225922.02435266972,48858457.149724476,0.0,0.0
2015-11-25,87257.86535304785,0.00044361981813616425,False,True,87257.86535304785,0.0,0.0,0.0
2015-11-26,49562554.68541595,0.2529765159392736,True,True,583151.8924376145,48979402.79297834,0.0,0.0
2015-11-27,208473.92966084182,0.0010630215425519,False,True,153457.1385083571,55016.791152484715,0.0,0.0
2015-11-30,278995.92332500964,0.0014242988177475546,False,True,81624.64538952708,197371.27793548256,0.0,0.0
2015-12-01,2187671.813266486,0.011250574012180475,False,True,1452136.7411162555,735535.0721502304,0.0,0.0
2015-12-02,527623.257148616,0.0026987705910317002,False,True,372984.3972035572,154638.85994505882,0.0,0.0
2015-12-03,203497.80110725015,0.0010410007220318929,False,True,107293.69603955,96204.10506770015,0.0,0.0
2015-12-04,1155622.145566158,0.00588680045281077,False,True,783930.7450249419,371691.40054121614,0.0,0.0
2015-12-07,469693.2542627454,0.0023812473824893947,False,True,265851.0908868164,203842.163375929,0.0,0.0
2015-12-08,443726.4363563806,0.002259768154753583,False,True,105673.61334390193,338052.82301247865,0.0,0.0
2015-12-09,295186.0976437181,0.0015078293515170616,False,True,101451.4306994155,193734.66694430262,0.0,0.0
2015-12-10,769463.1409439892,0.003914418369820232,False,True,585384.105480127,184079.03546386212,0.0,0.0
2015-12-11,991937.1596274674,0.0050454142002133604,False,True,488414.33092051,503522.8287069574,0.0,0.0
2015-12-14,956238.3836680427,0.004911613602049941,False,True,810607.8423348889,145630.54133315384,0.0,0.0
2015-12-15,398054.01329924166,0.0020433015921873235,False,True,169032.35583218932,229021.65746705234,0.0,0.0
2015-12-16,511234.2961656302,0.002630209425440229,False,True,145855.81164857745,365378.48451705277,0.0,0.0
2015-12-17,870377.8367371187,0.004491689199167445,False,True,583943.0851443782,286434.7515927404,0.0,0.0
2015-12-18,1243682.2060705423,0.006412168551098847,False,True,667190.700006552,576491.5060639903,0.0,0.0
2015-12-21,378382.7276553586,0.0019458356700111066,False,True,63908.550524003804,314474.1771313548,0.0,0.0
2015-12-22,1783358.835996598,0.009249715641656426,False,True,1305735.0410614833,477623.7949351147,0.0,0.0
2015-12-23,317688.0305064991,0.0016423345694141134,False,True,152034.11487524956,165653.91563124955,0.0,0.0
2015-12-24,49125317.262970544,0.2532448549116113,True,True,48947248.94959436,178068.31337618083,0.0,0.0
2015-12-25,228286.3555731699,0.001174990336601774,False,True,0.0,228286.3555731699,0.0,0.0
2015-12-28,0.0,0.0,False,False,0.0,0.0,0.0,0.0
2015-12-29,45100.45727132261,0.00023220401469073036,False,True,0.0,45100.45727132261,0.0,0.0
2015-12-30,152123.6577557996,0.0007824061261857765,False,True,0.0,152123.6577557996,0.0,0.0
2015-12-31,2054.8652190044522,1.056848424760914e-05,False,True,0.0,2054.8652190044522,0.0,0.0
2016-01-01,23196.164545834064,0.00011932038117377053,False,True,0.0,23196.164545834064,0.0,0.0
2016-01-04,0.0,0.0,False,False,0.0,0.0,0.0,0.0
2016-01-05,592721.1564715058,0.0030613853237548417,False,True,0.0,592721.1564715058,0.0,0.0
2016-01-06,160163.40441659093,0.0008281521676398874,False,True,0.0,160163.40441659093,0.0,0.0
2016-01-07,365150.0639963597,0.0018928356886804562,False,True,0.0,365150.0639963597,0.0,0.0
2016-01-08,209918.40374706686,0.0010897393056511083,False,True,0.0,209918.40374706686,0.0,0.0
2016-01-11,234788.2296069935,0.0012208288368423677,False,True,0.0,234788.2296069935,0.0,0.0
2016-01-12,48219809.17981999,0.2505460822826092,True,True,0.0,48219809.17981999,0.0,0.0
2016-01-13,0.0,0.0,False,False,0.0,0.0,0.0,0.0
2016-01-14,0.0,0.0,False,False,0.0,0.0,0.0,0.0
2016-01-15,0.0,0.0,False,False,0.0,0.0,0.0,0.0
2016-01-18,0.0,0.0,False,False,0.0,0.0,0.0,0.0
2016-01-19,0.0,0.0,False,False,0.0,0.0,0.0,0.0
2016-01-20,0.0,0.0,False,False,0.0,0.0,0.0,0.0
2016-01-21,0.0,0.0,False,False,0.0,0.0,0.0,0.0
2016-01-22,0.0,0.0,False,False,0.0,0.0,0.0,0.0
2016-01-25,48114710.815383404,0.25,True,True,0.0,0.0,0.0,48114710.815383404
2016-01-26,327024.0261030048,0.00169534844096096,False,True,0.0,0.0,0.0,327024.0261030048
2016-01-27,392070.71694913507,0.002027068082032432,False,True,0.0,0.0,0.0,392070.71694913507
2016-01-28,163856.901353091,0.0008462104488594518,False,True,0.0,0.0,0.0,163856.901353091
2016-01-29,311116.9832602143,0.0016101589224629636,False,True,0.0,0.0,0.0,311116.9832602143
2016-02-01,93550.33605952561,0.0004838492899064504,False,True,0.0,0.0,0.0,93550.33605952561
2016-02-02,330684.10180606693,0.001706431350155287,False,True,0.0,0.0,0.0,330684.10180606693
2016-02-03,19320.132072359324,9.968455376761879e-05,False,True,0.0,0.0,0.0,19320.132072359324
2016-02-04,438392.1943215504,0.002255136147083864,False,True,0.0,0.0,0.0,438392.1943215504
2016-02-05,413419.2529023737,0.0021206594116261104,False,True,0.0,0.0,0.0,413419.2529023737
2016-02-08,563353.750669919,0.002878666083354734,False,True,0.0,0.0,0.0,563353.750669919
2016-02-09,495023.71169959754,0.002521005726807672,False,True,0.0,0.0,0.0,495023.71169959754
2016-02-10,3095.9047153890133,1.5766835827345257e-05,False,True,0.0,0.0,0.0,3095.9047153890133
2016-02-11,247378.3882565573,0.001257736892146319,False,True,0.0,0.0,0.0,247378.3882565573
2016-02-12,1527362.289584346,0.007685931964465114,False,True,0.0,0.0,0.0,1527362.289584346
2016-02-15,260915.0221168697,0.001315268768820069,False,True,0.0,0.0,0.0,260915.0221168697
2016-02-16,861397.1308847889,0.004367577251427455,False,True,0.0,0.0,0.0,861397.1308847889
2016-02-17,270934.1608396545,0.0013762493942017294,False,True,0.0,0.0,0.0,270934.1608396545
2016-02-18,247834.91030615568,0.0012568037889152126,False,True,0.0,0.0,0.0,247834.91030615568
2016-02-19,684408.8262939528,0.0034547408867115965,False,True,0.0,0.0,0.0,684408.8262939528
2016-02-22,122824.10730329156,0.0006205012389696897,False,True,0.0,0.0,0.0,122824.10730329156
2016-02-23,549697.0361982659,0.0027873627283939487,False,True,0.0,0.0,0.0,549697.0361982659
2016-02-24,557424.6652131751,0.0028159349151201233,False,True,0.0,0.0,0.0,557424.6652131751
2016-02-25,57481.3520353809,0.0002902654146212553,False,True,0.0,0.0,0.0,57481.3520353809
2016-02-26,125707.95292999595,0.0006342546288391371,False,True,0.0,0.0,0.0,125707.95292999595
2016-02-29,49739375.13194388,0.25143990784589787,True,True,0.0,49454535.238722004,0.0,284839.8932218775
2016-03-01,743779.508470431,0.0037507036104851583,False,True,0.0,250426.34625115246,0.0,493353.1622192785
2016-03-02,49851559.484696664,0.2516396709010841,True,True,49526729.337017566,113145.76415105909,0.0,211684.38352803886
2016-03-03,910028.9358545616,0.004546517270948661,False,True,474431.1220552623,237164.7597597912,0.0,198433.0540395081
2016-03-04,611815.6178591996,0.0030197186069446814,False,True,91343.28381454945,152862.3298458308,0.0,367610.0041988194
2016-03-07,1772500.9291295558,0.008682733724404146,False,True,1078006.9450111464,98638.48713858426,0.0,595855.4969798252
2016-03-08,1026038.5741228387,0.0050176912565780265,False,True,470104.8662379682,302054.73760049045,0.0,253878.97028438002
2016-03-09,165523.4125789404,0.0008120974554272384,False,True,69825.79145681858,23632.574454657733,0.0,72065.04666746408
2016-03-10,53048883.29193546,0.25845709992644716,True,True,971047.8641366661,75630.69552452862,51313045.092427656,689159.639846608
2016-03-11,1498174.5919466615,0.0072723112705015145,False,True,159972.8114740774,517516.03880224377,231571.25717108697,589114.4844992533
2016-03-14,2275272.6368522495,0.010998593667124771,False,True,505571.31425299495,478518.4931460768,153546.5110270679,1137636.3184261099
2016-03-15,589306.0682783276,0.002866063100776355,False,True,252125.14187092334,42527.89226825535,21272.90330595523,273380.13083319366
2016-03-16,1824871.3587319031,0.008977270343237226,False,True,912435.6793659478,257534.84721782804,190585.52440137416,464315.3077467531
2016-03-17,2845851.1619088203,0.013955336906299503,False,True,1072084.992167607,350840.58878681064,340188.1148838252,1082737.4660705775
2016-03-18,2958732.636134751,0.014178576789053142,False,True,1315935.0354008302,163431.28266654164,105965.70065014064,1373400.6174172387
2016-03-21,742702.0759274289,0.0035633059899817503,False,True,371351.0379637182,45470.33245459944,280715.28859734535,45165.41691176593
2016-03-22,696305.9166850448,0.0033495981821125742,False,True,188695.40847525746,2891.9030523970723,159457.54986727238,345261.05529011786
2016-03-23,127156.10866120458,0.0006089385166879299,False,True,14146.823648065329,19893.043579384685,49431.23068254441,43685.01075121015
2016-03-24,725732.9189847559,0.003543399266762321,False,True,121599.0720564574,362866.4594923705,62386.093811288476,178881.2936246395
2016-03-25,362626.514855057,0.001777868226953199,False,True,181313.2574275285,105064.14036426693,2919.404486402869,73329.7125768587
2016-03-28,14457.48505282402,7.087812865310363e-05,False,True,2409.5808421373367,2409.5808421373367,2409.5808421373367,7228.74252641201
2016-03-29,876178.8284339532,0.004267035914042239,False,True,438089.4142169729,102509.75422678888,190841.0356490314,144738.62434116006
2016-03-30,1429270.587348096,0.006940837508392034,False,True,426153.806654647,28299.309706881642,260182.17731251568,714635.2936740518
2016-03-31,2768487.4806711376,0.013388835955201114,False,True,724377.5315757617,659866.2087597996,458779.23141106963,925464.5089245066
2016-04-01,1256892.4503614902,0.006047220500166295,False,True,569874.961173065,293954.043427147,334492.18175358325,58571.26400769502
2016-04-04,310510.28507244587,0.001506362579146014,False,True,68164.03411771357,86471.4917305857,155255.14253621548,619.6166879311204
2016-04-05,387187.967527993,0.001889672126685196,False,True,50926.004678338766,135987.39024749398,193593.9837639928,6680.588838167489
2016-04-06,2021872.5193080753,0.009914092607127355,False,True,734641.6548022106,276294.604851827,100573.09679044783,910363.1628635898
2016-04-07,1213916.070492588,0.0059504660340605675,False,True,223204.05959814787,175528.23421311378,431429.80103316903,383753.9756481573
2016-04-08,1473178.2880909592,0.00721942230006263,False,True,277699.4968643412,316493.2893142924,142396.35786683857,736589.144045487
2016-04-11,1744345.7854978368,0.008445866916178664,False,True,452241.11512069404,263335.07339606434,419931.77762821317,608837.8193528652
2016-04-12,1723197.794802986,0.00824169623593089,False,True,783820.0250850841,389744.701967068,471854.19543442875,77778.87231640518
2016-04-13,1422828.1372066215,0.006759939116537465,False,True,114536.68357136846,154248.16008953005,711414.0686033219,442629.22494240105
2016-04-14,1207966.1756440327,0.005756800123479121,False,True,214113.04114665836,212402.60783864558,391580.4799833596,389870.04667536914
2016-04-15,2043002.2093798593,0.00973451507265203,False,True,584878.1357964948,436622.968893446,396148.27917771786,625352.8255122006
2016-04-18,714452.0568196476,0.0034079465937659806,False,True,249558.50102825463,39313.462772369385,107667.5273815915,317912.56563743204
2016-04-19,1256320.5639088154,0.006000160657270291,False,True,628160.2819544077,374832.41942114383,251581.96311093867,1745.8994223251939
2016-04-20,1265891.6428972483,0.005966037303449775,False,True,353517.12515841424,279428.6962902248,581665.5059783086,51280.315470300615
2016-04-21,1505866.5398861915,0.007067109373219399,False,True,53913.41676466167,222489.47101501375,752933.2699431181,476530.38216339797
2016-04-22,778598.1129917055,0.0036617896610054755,False,True,113304.57179734856,129674.65204084665,259624.40445499867,275994.48469851166
2016-04-25,694432.56107492,0.0032969417806500575,False,True,207096.50050489604,187386.9564469084,159829.32409054786,140119.78003256768
2016-04-26,928068.5035485402,0.00439139560000251,False,True,430226.99289689213,177127.61416289955,286906.63761135936,33807.25887738913
2016-04-27,652695.0675120428,0.0030693310091504523,False,True,43744.43097701669,229927.12048493326,282603.1027790159,96420.41327107698
2016-04-28,1812763.2230281755,0.008556225937279014,False,True,111374.16287076473,906381.611514084,494665.4415602833,300342.00708304346
2016-04-29,960942.1208111793,0.004486441142807964,False,True,192704.95450552553,231809.93053171784,248661.1298738569,287766.105900079
2016-05-02,1275120.9591089785,0.0058943460436677985,False,True,19740.730957187712,533162.0388793871,104398.44067511708,617819.7485972866
2016-05-03,1128323.5927459076,0.0052483983786197575,False,True,394217.85106530786,310660.5450418815,169943.94530764967,253501.25133106858
2016-05-04,951473.6712874696,0.004482990884187839,False,True,289840.16043841094,146984.10349146277,38912.5717138648,475736.83564373106
2016-05-05,937923.3418178409,0.004424933813296002,False,True,468961.67090892047,184383.74076734483,72688.54998409003,211889.3801574856
2016-05-06,594591.5629056096,0.002811215966304974,False,True,142497.41929008067,121044.71596631408,297295.7814527899,33753.64619642496
2016-05-09,1747136.618188426,0.008251881991089612,False,True,78644.4076704979,873568.3090942353,384100.23027552664,410823.67114816606
2016-05-10,1664544.4129259214,0.007954732928095513,False,True,449144.1603372395,383128.04612573236,419586.97887761146,412685.22758533806
2016-05-11,1675496.804210186,0.007910445585590118,False,True,451076.7700183466,279858.24769515544,386671.6320867613,557890.1544099227
2016-05-12,974752.205503881,0.00456550301195514,False,True,173874.31908462197,313501.7836673036,435663.29409490526,51712.80865705013
2016-05-13,642857.0566374213,0.003027890475110064,False,True,53978.78029644489,384.6568997949362,321043.8714189008,267449.74802228063
2016-05-16,1182155.5407890975,0.005586889492903116,False,True,237197.07506740093,353880.6953271553,1391.8373796790838,589685.9330148622
2016-05-17,399626.8686317429,0.0018804925425419086,False,True,1045.6369586065412,5968.905355527997,192798.89200171083,199813.43431589752
2016-05-18,328340.0452369824,0.0015377609321917272,False,True,112281.73917005211,56107.97396175563,108062.0486567393,51888.283448435366
2016-05-19,53530094.038436525,0.2531718077081392,True,True,1910.0628151595592,52872258.53833148,322515.45316628367,333409.9841236025
2016-05-20,873815.9155657366,0.0041639487155633315,False,True,588018.6972577199,0.0,47027.68382322043,238769.53448479623
2016-05-23,1076024.5925127864,0.005106660971739978,False,True,645175.1953213289,0.0,100705.30811808258,330144.08907337487
2016-05-24,364385.9044179097,0.0017359613234262008,False,True,179966.80949249864,0.0,102928.713992998,81490.38093241304
2016-05-25,1345795.1840021908,0.006431728653391974,False,True,551185.0728701204,0.0,39057.79313200712,755552.3180000633
2016-05-26,1275838.2003528625,0.006097920472656782,False,True,525325.8084696904,0.0,635666.132407032,114846.25947614014
2016-05-27,322200.56923769414,0.001540674416424287,False,True,23891.323013864458,0.0,125263.30009804666,173045.94612578303
2016-05-30,612781.0160326809,0.0029390270405704813,False,True,225226.2644156143,0.0,227434.6143739894,160120.13724307716
2016-05-31,616942.0551943332,0.0029593995115408324,False,True,297500.22930650413,0.0,7313.865527115762,312127.9603607133
2016-06-01,659123.9191080332,0.0031569368290554076,False,True,131810.1551436782,0.0,158096.1279835105,369217.6359808445
2016-06-02,530676.0005751997,0.002539018049400943,False,True,81417.7320100218,0.0,293144.73016516864,156113.53840000927
2016-06-03,635041.318317093,0.0030293778896241072,False,True,64563.229576930404,0.0,330366.5296339914,240111.55910617113
2016-06-06,54237111.60575311,0.25585527199086133,True,True,67329.17941796035,0.0,326119.80463676155,53843662.62169839
2016-06-07,556574.7163695022,0.002611840960683598,False,True,243363.8858899474,0.0,313210.83047955483,0.0
2016-06-08,620137.8461205438,0.0028988111021565535,False,True,517976.2843487412,0.0,102161.5617718026,0.0
2016-06-09,1058446.08559677,0.00489918743655631,False,True,589248.3542096317,0.0,469197.73138713837,0.0
2016-06-10,200144.72274672985,0.000925851008671889,False,True,132212.23068065196,0.0,67932.49206607789,0.0
2016-06-13,569449.4463720992,0.002648172303252359,False,True,292256.3305698782,0.0,277193.115802221,0.0
2016-06-14,386299.78979457915,0.0017982567633630232,False,True,247113.25107290596,0.0,139186.5387216732,0.0
2016-06-15,315266.44946958125,0.0014719111459212853,False,True,285652.1937007755,0.0,29614.255768805742,0.0
2016-06-16,320054.5259919241,0.0014945905701354407,False,True,148386.0364817381,0.0,171668.48951018602,0.0
2016-06-17,535183.8662319779,0.0025117562963271364,False,True,55257.05845402181,0.0,479926.8077779561,0.0
2016-06-20,972012.6452194154,0.004520661062836258,False,True,549824.5869114026,0.0,422188.0583080128,0.0
2016-06-21,614546.5214678198,0.0028419033842744493,False,True,477956.2308408171,0.0,136590.29062700272,0.0
2016-06-22,54255322.38153484,0.25180211767762656,True,True,56363.8656572178,0.0,331934.99565048516,53867023.520227134
2016-06-23,434699.0486310795,0.002020611062269711,False,True,172198.40815906227,0.0,259302.54088305682,3198.099588960409
2016-06-24,1036607.1278569773,0.0048113099119520605,False,True,438683.7532857433,0.0,119581.45414034277,478341.9204308912
2016-06-27,3839159.019800432,0.017686625051417906,False,True,467234.4718374461,0.0,1250657.3608250096,2121267.1871379763
2016-06-28,964858.2345261723,0.004451427610332548,False,True,412692.87152671814,0.0,108876.99646184593,443288.3665376082
2016-06-29,2357435.5624632686,0.0107892611099027,False,True,804228.8466803059,0.0,592713.1955725402,960493.5202104226
2016-06-30,1197182.5819795653,0.005419277211242121,False,True,887028.0483630598,0.0,13253.554232813418,296900.97938369215
2016-07-01,976269.9603808224,0.0044090172582011335,False,True,552372.0487209111,0.0,410556.1707433611,13341.74091655016
2016-07-04,1706804.417501554,0.007681476474557861,False,True,756941.0099365935,0.0,328289.4610384479,621573.9465265125
2016-07-05,692819.6961940974,0.0031163709229338585,False,True,301880.7456602156,0.0,29686.06829121709,361252.8822426647
2016-07-06,1853882.9877518788,0.008408953410881206,False,True,226174.30929969996,0.0,932119.6765817031,695589.0018704757
2016-07-07,1077264.7817434818,0.004892656054956617,False,True,574308.9227580428,0.0,133764.4802004993,369191.37878493965
2016-07-08,1398529.1551630944,0.006394709253133092,False,True,279053.8059685007,0.0,884136.7361509353,235338.61304365844
2016-07-11,55640975.13409693,0.2527534490242118,True,True,287030.0685741231,55034832.708422266,195835.49326191097,123276.86383862793
2016-07-12,654653.830374673,0.002982412297622284,False,True,247121.28859899938,80205.62658832222,45705.444138132036,281621.47104921937
2016-07-13,2315756.5598241985,0.010501112916507323,False,True,157728.18355101347,357961.12052915245,642188.9758319408,1157878.2799120918
2016-07-14,958949.4647517204,0.004350888716188009,False,True,187147.89687993377,54505.32338961959,292326.8354959339,424969.4089862332
2016-07-15,1710760.8033109903,0.007728617706838936,False,True,855380.4016555101,166347.98282448947,147201.79259627312,541830.6262347177
2016-07-18,885162.7429958582,0.004021313684312573,False,True,391420.89373836666,51160.47775956243,41513.35276859254,401068.01872933656
2016-07-19,587512.2443581522,0.0026731890776678243,False,True,236250.81143396348,57505.3107450977,24477.02116572112,269279.10101336986
2016-07-20,1049386.1731676906,0.004803058903409743,False,True,69873.00227529556,354693.0334124863,170000.05317133665,454820.0843085721
2016-07-21,1686907.8401304707,0.007734299903215465,False,True,754529.2926422581,88924.62742295861,283282.56252628565,560171.3575389683
2016-07-22,1081230.6068424955,0.0049483875799963325,False,True,311242.2701571211,2363.9768542945385,229373.0332641378,538251.326566942
2016-07-25,268007.4282347411,0.0012341998320792422,False,True,68699.78091745079,46074.493297465146,134003.714117378,19229.439902447164
2016-07-26,803854.9242050871,0.0037137025292468817,False,True,124382.84021215886,277544.6218903959,282869.80252925307,119057.65957327932
2016-07-27,599756.3829018325,0.0027636924689871567,False,True,30503.45956659317,247260.2555179298,269374.73188432306,52617.93593298644
2016-07-28,1604142.3326699436,0.007390240665213472,False,True,76171.02950938791,328264.38084469736,397635.7559808865,802071.1663349718
2016-07-29,55028613.05284399,0.25287480521486033,True,True,83368.39178723842,189712.99263066053,54442735.49318744,312796.17523864657
2016-08-01,499705.18786363304,0.0022754115563529452,False,True,263782.6470697075,103114.97439388931,0.0,132807.56640003622
2016-08-02,706115.0881100595,0.003226155034462509,False,True,333624.6904445067,111792.5670466572,0.0,260697.8306188956
2016-08-03,365519.7185579911,0.0016622120296878322,False,True,54316.2407932356,146731.939029105,0.0,164471.53873565048
2016-08-04,185448.49833855778,0.0008461871518084761,False,True,125394.9577114582,28194.033476538956,0.0,31859.507150560617
2016-08-05,912155.6682709679,0.004135406368879396,False,True,632879.858123228,45482.57682860643,0.0,233793.23331913352
2016-08-08,1564558.9497238696,0.007113530776939197,False,True,667517.9488082007,35894.885975286365,0.0,861146.1149403825
2016-08-09,466284.88437594473,0.0021147929731005345,False,True,38008.676057614386,263381.87859141827,0.0,164894.32972691208
2016-08-10,599059.8395301104,0.0027037157507189564,False,True,434760.11977119744,117577.79403009266,0.0,46721.925728820264
2016-08-11,192074.34067120403,0.0008641588273156049,False,True,8747.753615021706,114973.16504166275,0.0,68353.42201451957
2016-08-12,450340.24169962853,0.002028502430438321,False,True,151979.83135349303,40547.30445855111,0.0,257813.1058875844
2016-08-15,286358.02356284857,0.0012938751254436014,False,True,229195.457394585,1623.347492583096,0.0,55539.21867568046
2016-08-16,271638.14326056093,0.001227272870481748,False,True,59489.96166688949,74250.69713014364,0.0,137897.4844635278
2016-08-17,637706.15793176,0.0028820544518871932,False,True,327209.3350682184,11208.205354213715,0.0,299288.6175093278
2016-08-18,805777.2263177261,0.003654875828506773,False,True,359757.9086683914,143322.224117212,0.0,302697.0935321227
2016-08-19,423854.3674391955,0.0019190297886284824,False,True,161587.57144480944,214604.07245713472,0.0,47662.72353725135
2016-08-22,647117.469479017,0.0029409943881037967,False,True,219117.3857221827,192240.74588029087,0.0,235759.3378765434
2016-08-23,333513.1950882077,0.0015144684095181186,False,True,125968.71502851695,63841.94605101645,0.0,143702.53400867432
2016-08-24,284969.0606557727,0.0012927858681942865,False,True,111949.50592724234,57062.05071949214,0.0,115957.50400903821
2016-08-25,356297.0154347196,0.0016255082493736627,False,True,89480.90327184647,23265.439616158605,0.0,243550.67254671454
2016-08-26,141823.24743749946,0.0006474424116715016,False,True,33880.05026483536,53459.00670721382,0.0,54484.19046545029
2016-08-29,703873.6371534616,0.0032008404852988627,False,True,324432.9824792594,133907.471057415,0.0,245533.1836167872
2016-08-30,1176900.0627055913,0.005384356291441692,False,True,405029.9716784209,349055.2993437648,0.0,422814.79168340564
2016-08-31,499806.35953451693,0.0022973624988281293,False,True,122268.3972967416,126160.14814683795,0.0,251377.81409093738
2016-09-01,627614.4121139571,0.0028800373407085944,False,True,359088.68480721116,89188.54218097031,0.0,179337.18512577564
2016-09-02,699186.7487060577,0.003206140766833979,False,True,329777.70991832763,204268.53950803727,0.0,165140.49927969277
2016-09-05,482641.16338383406,0.002207000941606553,False,True,42050.95980159193,123136.85071431845,0.0,317453.3528679237
2016-09-06,764694.7992680594,0.0034984275442890953,False,True,395347.5703288242,266199.93922235817,0.0,103147.28971687704
2016-09-07,569721.6129534766,0.002579544567067924,False,True,101527.82260953635,94131.05507408082,0.0,374062.73526985943
2016-09-08,252227.91670112312,0.0011429996151666926,False,True,47350.145398162305,55088.74025332183,0.0,149789.031049639
2016-09-09,1271347.7721247151,0.005744557989090092,False,True,715861.6456924304,112950.82336597145,0.0,442535.30306631327
2016-09-12,1019910.8427728936,0.0046613998237476145,False,True,633535.6629768908,190689.40796554834,0.0,195685.77183045447
2016-09-13,530294.8481306806,0.002431529019046436,False,True,184903.79700535536,168763.4180604592,0.0,176627.63306486607
2016-09-14,54251224.443066515,0.24949469576941782,True,True,62660.87104203552,25900.201075598598,0.0,54162663.37094888
2016-09-15,436602.43163466454,0.002014859925168154,False,True,406599.17221904546,30003.259415619075,0.0,0.0
2016-09-16,178545.0501096025,0.000822958358914185,False,True,23288.33018425107,155256.71992535144,0.0,0.0
2016-09-19,662175.7170395106,0.003046440229713691,False,True,432422.1283610612,229753.5886784494,0.0,0.0
2016-09-20,55258014.651364625,0.25279951168435055,True,True,55003076.89512711,254937.75623751432,0.0,0.0
2016-09-21,36344.710939504206,0.00016631003897002577,False,True,0.0,36344.710939504206,0.0,0.0
2016-09-22,54765754.51259578,0.25045200160612063,True,True,0.0,54765754.51259578,0.0,0.0
2016-09-23,0.0,0.0,False,False,0.0,0.0,0.0,0.0
2016-09-26,0.0,0.0,False,False,0.0,0.0,0.0,0.0
2016-09-27,0.0,0.0,False,False,0.0,0.0,0.0,0.0
2016-09-28,0.0,0.0,False,False,0.0,0.0,0.0,0.0
2016-09-29,54666916.37658027,0.25,True,True,0.0,54666916.37658027,0.0,0.0
2016-09-30,73785.43482212722,0.00033728010421275715,False,True,0.0,73785.43482212722,0.0,0.0
2016-10-03,73951.86353571713,0.000338193296257358,False,True,0.0,73951.86353571713,0.0,0.0
2016-10-04,52538.22777501494,0.0002401884865595582,False,True,0.0,52538.22777501494,0.0,0.0
2016-10-05,70136.85285621136,0.0003207810855411466,False,True,0.0,70136.85285621136,0.0,0.0
2016-10-06,261275.28759126365,0.0011968874936845622,False,True,0.0,261275.28759126365,0.0,0.0
2016-10-07,54349340.98877927,0.2492276762290255,True,True,0.0,54349340.98877927,0.0,0.0
2016-10-10,109035524.88856703,0.5,True,True,0.0,54517762.444283515,54517762.444283515,0.0
2016-10-11,481046.6799524054,0.002196227808553324,False,True,0.0,11335.629095591605,469711.0508568138,0.0
2016-10-12,445401.5188092366,0.0020417930723867763,False,True,0.0,301583.1511923373,143818.3676168993,0.0
2016-10-13,509077.8552497104,0.002335391975901826,False,True,0.0,214929.36456850916,294148.4906812012,0.0
2016-10-14,55098054.898791686,0.2524492711475488,True,True,54563491.754536085,199765.2793904543,334797.8648651466,0.0
2016-10-17,648176.9754777551,0.00295676845815183,False,True,150140.38418667763,294456.775956735,203579.81533434242,0.0
2016-10-18,145463.58381881565,0.0006639020647741026,False,True,51778.14559934288,35210.866077013314,58474.57214245945,0.0
2016-10-19,325129.1453954205,0.0014790799609108501,False,True,112946.61682401597,138933.71822295338,73248.81034845114,0.0
2016-10-20,163814.10496552289,0.0007430095268715479,False,True,101507.37012384832,9740.79680877924,52565.93803289533,0.0
2016-10-21,772701.9051989019,0.0035187865111670023,False,True,276292.00117029995,162645.67068330944,333764.2333452925,0.0
2016-10-24,381146.9478612542,0.0017358981366331514,False,True,127450.7101437673,193787.53634174168,59908.70137574524,0.0
2016-10-25,665974.418077156,0.003025269231771888,False,True,404195.04252337664,147923.5865815729,113855.78897220641,0.0
2016-10-26,362919.4742424637,0.0016467621547846967,False,True,69754.61108031124,142507.92137487233,150656.94178728014,0.0
2016-10-27,652367.0574733615,0.0029592478337464308,False,True,104395.82257058471,230116.80226644874,317854.43263632804,0.0
2016-10-28,1353148.950131014,0.006156077204963456,False,True,440426.66325701773,316557.881998986,596164.4048750103,0.0
2016-10-31,225943.227962479,0.0010309401789604907,False,True,160784.69491937757,32383.19880902022,32775.33423408121,0.0
2016-11-01,1077280.9716216028,0.00492179617133234,False,True,243267.13145254552,260039.92008128762,573973.9200877696,0.0
2016-11-02,1461949.3160171434,0.0067077958098247965,False,True,830473.4279400706,614494.2823544964,16981.60572257638,0.0
2016-11-03,541011.0144521669,0.00248631353493137,False,True,88036.14695225656,138451.2867977023,314523.580702208,0.0
2016-11-04,305575.03461835533,0.001405055394813935,False,True,11360.056426756084,138650.1773077473,155564.80088385195,0.0
2016-11-07,187924.30276297778,0.0008653987251630382,False,True,52821.93867281079,15066.843727812171,120035.52036235482,0.0
2016-11-08,499361.235311687,0.002287163623106617,False,True,347483.6545365378,102347.13751255721,49530.44326259196,0.0
2016-11-09,300170.1434068531,0.0013727640661658602,False,True,109094.30795620382,82119.73363421857,108956.10181643069,0.0
2016-11-10,926051.5844634473,0.0042548153711701965,False,True,424319.694312416,165361.33250527084,336370.5576457605,0.0
2016-11-11,2316427.480280012,0.010785182511205943,False,True,1516862.3753120974,126817.47604329884,672747.6289246157,0.0
2016-11-14,1677017.7514719665,0.007912600121596277,False,True,964021.1576489806,484007.5606780201,228989.03314496577,0.0
2016-11-15,522814.6771241203,0.0024639796320126616,False,True,291450.54574299604,150373.0008907616,80991.13049036264,0.0
2016-11-16,53890169.90723473,0.2531167491173429,True,True,180835.3324771598,60534.88193132728,53648799.69282624,0.0
2016-11-17,54489991.42254072,0.2557449567283837,True,True,53917325.26201329,572666.1605274305,0.0,0.0
2016-11-18,9024.800509363413,4.235487679034819e-05,False,True,0.0,9024.800509363413,0.0,0.0
2016-11-21,672499.1387839168,0.0031694871724119752,False,True,0.0,672499.1387839168,0.0,0.0
2016-11-22,53212325.578157075,0.2505917253277466,True,True,0.0,53212325.578157075,0.0,0.0
2016-11-23,0.0,0.0,False,False,0.0,0.0,0.0,0.0
2016-11-24,0.0,0.0,False,False,0.0,0.0,0.0,0.0
2016-11-25,0.0,0.0,False,False,0.0,0.0,0.0,0.0
2016-11-28,0.0,0.0,False,False,0.0,0.0,0.0,0.0
2016-11-29,0.0,0.0,False,False,0.0,0.0,0.0,0.0
2016-11-30,0.0,0.0,False,False,0.0,0.0,0.0,0.0
2016-12-01,0.0,0.0,False,False,0.0,0.0,0.0,0.0
2016-12-02,0.0,0.0,False,False,0.0,0.0,0.0,0.0
2016-12-05,0.0,0.0,False,False,0.0,0.0,0.0,0.0
2016-12-06,0.0,0.0,False,False,0.0,0.0,0.0,0.0
2016-12-07,0.0,0.0,False,False,0.0,0.0,0.0,0.0
2016-12-08,0.0,0.0,False,False,0.0,0.0,0.0,0.0
2016-12-09,53086674.6583124,0.25,True,True,0.0,0.0,53086674.6583124,0.0
2016-12-12,262353.3360328302,0.0012334633255938288,False,True,0.0,0.0,262353.3360328302,0.0
2016-12-13,14930.943123340607,7.01917781179446e-05,False,True,0.0,0.0,14930.943123340607,0.0
2016-12-14,114755.06147375703,0.0005398627382496478,False,True,0.0,0.0,114755.06147375703,0.0
2016-12-15,134042.2036337182,0.0006311293394678034,False,True,0.0,0.0,134042.2036337182,0.0
2016-12-16,359516.96527253836,0.0016965924034866272,False,True,0.0,0.0,359516.96527253836,0.0
2016-12-19,136214.75961720943,0.0006422590489417767,False,True,0.0,0.0,136214.75961720943,0.0
2016-12-20,257674.78357604146,0.001216920147392565,False,True,0.0,0.0,257674.78357604146,0.0
2016-12-21,188858.50919876993,0.000892983638030132,False,True,0.0,0.0,188858.50919876993,0.0
2016-12-22,113362.30694618076,0.0005356305594595824,False,True,0.0,0.0,113362.30694618076,0.0
2016-12-23,33389.443758673966,0.0001577964467799753,False,True,0.0,0.0,33389.443758673966,0.0
2016-12-26,18152.90253725648,8.579930926122454e-05,False,True,0.0,0.0,18152.90253725648,0.0
2016-12-27,0.0,0.0,False,False,0.0,0.0,0.0,0.0
2016-12-28,601182.2898724675,0.002830750678915454,False,True,0.0,0.0,601182.2898724675,0.0
2016-12-29,69868.59927374125,0.00032884180077790944,False,True,0.0,0.0,69868.59927374125,0.0
2016-12-30,38679.1465196386,0.00018209050154394536,False,True,0.0,0.0,38679.1465196386,0.0
2017-01-02,69418.79661724716,0.00032694655878756884,False,True,0.0,0.0,69418.79661724716,0.0
2017-01-03,0.0,0.0,False,False,0.0,0.0,0.0,0.0
2017-01-04,658295.0753693208,0.0031132883260830296,False,True,0.0,0.0,658295.0753693208,0.0
2017-01-05,508780.05306305736,0.0023984889411092607,False,True,0.0,0.0,508780.05306305736,0.0
2017-01-06,163160.53636286408,0.0007683827405536178,False,True,0.0,0.0,163160.53636286408,0.0
2017-01-09,53134853.97766844,0.2503474013124526,True,True,53061119.96680176,0.0,73734.01086667925,0.0
2017-01-10,844700.7721166462,0.003987343807111284,False,True,322601.0069992468,0.0,522099.7651173994,0.0
2017-01-11,264720.60746490955,0.0012464777056541987,False,True,83766.07652302831,0.0,180954.53094188124,0.0
2017-01-12,830795.8729623929,0.003919229818532982,False,True,514285.99979512393,0.0,316509.87316726893,0.0
2017-01-13,786199.370635964,0.003681539939647735,False,True,404218.5948688984,0.0,381980.7757670656,0.0
2017-01-16,589635.310633935,0.002767831306415537,False,True,424880.1394729093,0.0,164755.17116102576,0.0
2017-01-17,209937.80953714252,0.0009864498104969295,False,True,157453.35715286434,0.0,52484.45238427818,0.0
2017-01-18,236386.26843442768,0.0011082631258882787,False,True,110915.42951256782,0.0,125470.83892185986,0.0
2017-01-19,310548.2244534716,0.0014584677876487988,False,True,63616.04146324843,0.0,246932.18299022317,0.0
2017-01-20,297859.67700999975,0.0013987085678676884,False,True,155337.02142357826,0.0,142522.6555864215,0.0
2017-01-23,233114.2810202837,0.0010922816040512887,False,True,217961.3708229661,0.0,15152.9101973176,0.0
2017-01-24,309348.537398383,0.0014455922390228385,False,True,298360.89789494127,0.0,10987.639503441751,0.0
2017-01-25,84620.98182660341,0.0003952475195053988,False,True,16848.50960545987,0.0,67772.47222114354,0.0
2017-01-26,243433.67944198102,0.0011381894026698143,False,True,67174.66625382751,0.0,176259.0131881535,0.0
2017-01-27,323682.4713987559,0.001516536271397229,False,True,272501.5881104395,0.0,51180.88328831643,0.0
2017-01-30,107868291.4513116,0.5041353576095492,True,True,575304.67720896,53491730.85319239,309525.0677178651,53491730.85319239
2017-01-31,1253452.060251288,0.005854929949661848,False,True,454142.9074826762,21013.199651144445,605712.8304745033,172583.12264296412
2017-02-01,1042599.5968109444,0.004847496120354563,False,True,521299.79840545356,377.7799577564001,97388.72663811594,423533.2918096185
2017-02-02,1108170.3032775074,0.005149576807750519,False,True,242330.56603349745,243583.38731348515,554085.1516387537,68171.19829177111
2017-02-03,1175493.517995514,0.005423438010053698,False,True,155412.05812448263,432334.70087327063,473176.71116547287,114570.04783228785
2017-02-06,688235.9158899859,0.003171609137087967,False,True,199892.16839870065,14758.867369256914,344117.95794499665,129466.92217703164
2017-02-07,1284535.4922547713,0.0059157518687598465,False,True,158126.63799755275,379759.3691907972,104381.73893902451,642267.7461273968
2017-02-08,281973.75311984867,0.0013002853732515369,False,True,137893.84089514613,50241.76555874944,90745.11100118607,3093.035664767027
2017-02-09,405670.2331968695,0.0018624966727517932,False,True,43041.90714547783,159793.209452942,104042.27352176607,98792.84307668358
2017-02-10,832068.4147126898,0.0038315289571250392,False,True,149557.968195498,37449.11388455331,229027.12527628988,416034.20735634863
2017-02-13,426903.0266691372,0.0019550897614812155,False,True,148145.2488295883,2165.459595426917,211286.05373913795,65306.26450498402
2017-02-14,607830.1082482561,0.002796637398735359,False,True,277197.22936810553,26717.824756018817,186853.04556723684,117062.00855689496
2017-02-15,289457.6501753107,0.001332101800064981,False,True,80765.13013336807,63963.694954276085,5141.299286521971,139587.52580114454
2017-02-16,1163459.5549876094,0.005307036757985951,False,True,581729.7774937972,98039.88220902532,246150.79304965585,237539.10223513097
2017-02-17,712230.8572504744,0.0032471417179698835,False,True,104915.17148381472,41784.13594061136,356115.4286252484,209416.12120079994
2017-02-20,848606.8271464258,0.0038931498853779435,False,True,424303.4135732129,166976.19686754793,112198.00283239037,145129.21387327462
2017-02-21,366320.97031889856,0.0016760396800434068,False,True,159611.5055397749,35892.85497419536,147267.63018525392,23548.979619674385
2017-02-22,137078.16858658195,0.0006287909538005145,False,True,56272.26888760179,48821.91461570561,12266.81540568918,19717.169677585363
2017-02-23,555438.4275713265,0.0025441454174568827,False,True,270304.21748622507,7414.996299423277,273328.5877230689,4390.626062609255
2017-02-24,734191.3738858402,0.003347263648599041,False,True,40221.266292229295,47427.339479222894,367095.68694291264,279447.08117147535
2017-02-27,1272922.5430143103,0.005815692416692006,False,True,462609.8009782359,173851.47052893043,185740.85469134897,450720.416815795
2017-02-28,478447.80101664364,0.002189823522536079,False,True,97572.55956026167,141651.3409480825,142674.57588910311,96549.32461919636
2017-03-01,694262.6752536595,0.0031744678600880544,False,True,53785.6859844774,52506.7109471634,347131.3376268223,240838.9406951964
2017-03-02,917724.4227159321,0.0041977453385650875,False,True,225871.73684574664,232990.47451221943,384396.48896668106,74465.722391285
2017-03-03,800043.3503439426,0.0036967615811176625,False,True,349693.19134489447,50328.4838270694,276202.25563310087,123819.4195388779
2017-03-06,558152.9802168906,0.0025821131399552145,False,True,229856.96825422347,49219.52185422927,190520.14153513312,88556.34857330471
2017-03-07,1155137.4201276451,0.005338336932999972,False,True,453593.46896597,123975.24109786749,104949.42472229898,472619.2853415087
2017-03-08,917415.0431203991,0.004256616493329641,False,True,193271.46370463073,265436.0578555837,256983.07288862765,201724.448671557
2017-03-09,420221.50986964256,0.001966247280411617,False,True,391.1123065203428,92370.07499723881,209719.6426283121,117740.67993757129
2017-03-10,53315824.07075811,0.25140767532164043,True,True,149262.28823623806,83745.34002159536,52983356.91987171,99459.52262856811
2017-03-13,381954.90988186,0.0017933954443485924,False,True,227127.75524540246,77529.05776269734,0.0,77298.09687376022
2017-03-14,307713.84834160656,0.0014424720120005017,False,True,9329.657651528716,197023.38677877933,0.0,101360.80391129851
2017-03-15,210230.36832246184,0.0009873989903035013,False,True,29727.720721177757,53780.96182963997,0.0,126721.68577164412
2017-03-16,1025062.7311078832,0.004789924517808536,False,True,230642.5626285076,145557.3354043737,0.0,648862.8330750018
2017-03-17,571611.1711712629,0.002651833527351894,False,True,307928.5145144388,171532.77245363593,0.0,92149.88420318812
2017-03-20,194728.93042601645,0.0009010557373233159,False,True,167212.19434072822,4242.949857853353,0.0,23273.786227434874
2017-03-21,286218.22656929493,0.0013185084919327703,False,True,215622.72730805725,48149.14546379447,0.0,22446.35379744321
2017-03-22,730184.3007715419,0.003359593423108829,False,True,154768.36528272182,177100.81506172568,0.0,398315.1204270944
2017-03-23,485450.6620549932,0.00223500252513088,False,True,14531.875438809395,260153.52401775122,0.0,210765.2625984326
2017-03-24,738862.734512642,0.00342089307092727,False,True,521718.3238617256,70841.61585302651,0.0,146302.7947978899
2017-03-27,627690.8350651339,0.002904342511461312,False,True,330865.01700302213,192103.97870643437,0.0,104721.83935567737
2017-03-28,776045.0275870189,0.003586245646923014,False,True,265327.99891121686,88526.82241855562,0.0,422190.20625724643
2017-03-29,328356.6190426275,0.001517660883336141,False,True,47291.51022358239,159454.40830130875,0.0,121610.70051773638
2017-03-30,224572.3683148548,0.0010356388634515322,False,True,123965.33197476715,49226.196814231575,0.0,51380.83952585608
2017-03-31,647568.6161068901,0.0029916183688266174,False,True,92325.12426800281,183544.96360604465,0.0,371698.5282328427
2017-04-03,1238113.920583725,0.005743390311042681,False,True,643039.2419559285,87143.74817949533,0.0,507930.93044830114
2017-04-04,1277490.2037028894,0.005898298489408686,False,True,765527.9172020257,443907.27031733096,0.0,68055.01618353277
2017-04-05,461697.69782113284,0.0021346149582147605,False,True,29505.85068562627,238264.04748413712,0.0,193927.79965136945
2017-04-06,554879.6196462065,0.0025574880913819533,False,True,361425.0307838544,3102.344032391906,0.0,190352.24482996017
2017-04-07,239797.51423262805,0.0011092203998664294,False,True,217036.93346464634,3849.8866701573133,0.0,18910.694097824395
2017-04-10,503559.66597097367,0.0023330221249581243,False,True,92399.20722867548,202575.60901470482,0.0,208584.84972759336
2017-04-11,295132.30848017335,0.0013697537685568072,False,True,185428.71041361243,9175.554975114763,0.0,100528.04309144616
2017-04-12,1247906.163924545,0.005774397120097922,False,True,234273.43892645836,308874.64157585055,0.0,704758.0834222361
2017-04-13,54530617.86768749,0.2514979557120362,True,True,73258.80037484318,54130473.06218188,0.0,326886.0051307678
2017-04-14,361400.6011395082,0.0016632886258631267,False,True,295061.797713615,0.0,0.0,66338.80342589319
2017-04-17,94053.99285314977,0.00043305595743234397,False,True,23513.49821329117,0.0,0.0,70540.4946398586
2017-04-18,54753497.35463632,0.25175649666694305,True,True,54637300.56746135,0.0,0.0,116196.78717496991
2017-04-19,160294.5378909707,0.0007363104576497522,False,True,0.0,0.0,0.0,160294.5378909707
2017-04-20,302241.0817466229,0.0013909144400707112,False,True,0.0,0.0,0.0,302241.0817466229
2017-04-21,53784.83498543501,0.00024743632540957165,False,True,0.0,0.0,0.0,53784.83498543501
2017-04-24,80756.45089101046,0.00037133489534397216,False,True,0.0,0.0,0.0,80756.45089101046
2017-04-25,258100.86317978054,0.001188682224643874,False,True,0.0,0.0,0.0,258100.86317978054
2017-04-26,388522.412658304,0.0017936171967343558,False,True,0.0,0.0,0.0,388522.412658304
2017-04-27,163536.09912399203,0.0007542066654681141,False,True,0.0,0.0,0.0,163536.09912399203
2017-04-28,157598.73811163753,0.0007275293969195535,False,True,0.0,0.0,0.0,157598.73811163753
2017-05-01,127860.49918588996,0.0005897834101929018,False,True,0.0,0.0,0.0,127860.49918588996
2017-05-02,374986.673027046,0.0017337031900138682,False,True,0.0,0.0,0.0,374986.673027046
2017-05-03,5809.312231473625,2.6857654431541002e-05,False,True,0.0,0.0,0.0,5809.312231473625
2017-05-04,599908.4091522545,0.00278379538579798,False,True,0.0,0.0,0.0,599908.4091522545
2017-05-05,326665.07989661396,0.0015189158895900596,False,True,0.0,0.0,0.0,326665.07989661396
2017-05-08,4925.0037833452225,2.2900809976213594e-05,False,True,0.0,0.0,0.0,4925.0037833452225
2017-05-09,58448.73232225329,0.0002718796967981328,False,True,0.0,0.0,0.0,58448.73232225329
2017-05-10,164360.57758187503,0.0007653186174468194,False,True,0.0,0.0,0.0,164360.57758187503
2017-05-11,70232.60733766854,0.0003271695075970945,False,True,0.0,0.0,0.0,70232.60733766854
2017-05-12,196116.60071009398,0.0009124722981193211,False,True,0.0,0.0,0.0,196116.60071009398
2017-05-15,111518.1019930616,0.0005185019016834874,False,True,0.0,0.0,0.0,111518.1019930616
2017-05-16,78459.18177504092,0.0003646175533093798,False,True,0.0,0.0,0.0,78459.18177504092
2017-05-17,210449.52880901098,0.0009767328640688025,False,True,0.0,0.0,0.0,210449.52880901098
2017-05-18,787583.8105894402,0.003637584756328074,False,True,0.0,0.0,0.0,787583.8105894402
2017-05-19,459915.5624167472,0.0021302286753525413,False,True,0.0,0.0,0.0,459915.5624167472
2017-05-22,54358378.09310776,0.2513297606230764,True,True,0.0,0.0,0.0,54358378.09310776
2017-05-23,0.0,0.0,False,False,0.0,0.0,0.0,0.0
2017-05-24,0.0,0.0,False,False,0.0,0.0,0.0,0.0
2017-05-25,0.0,0.0,False,False,0.0,0.0,0.0,0.0
2017-05-26,0.0,0.0,False,False,0.0,0.0,0.0,0.0
2017-05-29,0.0,0.0,False,False,0.0,0.0,0.0,0.0
2017-05-30,0.0,0.0,False,False,0.0,0.0,0.0,0.0
2017-05-31,0.0,0.0,False,False,0.0,0.0,0.0,0.0
2017-06-01,0.0,0.0,False,False,0.0,0.0,0.0,0.0
2017-06-02,0.0,0.0,False,False,0.0,0.0,0.0,0.0
2017-06-05,0.0,0.0,False,False,0.0,0.0,0.0,0.0
2017-06-06,54070773.35205635,0.25,True,True,0.0,0.0,0.0,54070773.35205635
2017-06-07,462313.9845326394,0.002131466226705789,False,True,0.0,0.0,0.0,462313.9845326394
2017-06-08,227474.78550798446,0.001050225131133118,False,True,0.0,0.0,0.0,227474.78550798446
2017-06-09,288382.67404586077,0.001333797714156783,False,True,0.0,0.0,0.0,288382.67404586077
2017-06-12,356860.7124627158,0.001654155532770403,False,True,0.0,0.0,0.0,356860.7124627158
2017-06-13,18520.696738883853,8.585876529170249e-05,False,True,0.0,0.0,0.0,18520.696738883853
2017-06-14,11818.986284255981,5.4786785624715965e-05,False,True,0.0,0.0,0.0,11818.986284255981
2017-06-15,181717.02036247402,0.0008432944505593621,False,True,0.0,0.0,0.0,181717.02036247402
2017-06-16,220464.7741042897,0.001024508791714986,False,True,0.0,0.0,0.0,220464.7741042897
2017-06-19,8044.039396747947,3.738284217262635e-05,False,True,0.0,0.0,0.0,8044.039396747947
2017-06-20,318269.7898526788,0.0014820090988465658,False,True,0.0,0.0,0.0,318269.7898526788
2017-06-21,53706819.17024756,0.2501251374501712,True,True,0.0,53679949.68213341,0.0,26869.48811415583
2017-06-22,375338.6372396201,0.001748655191761194,False,True,0.0,206577.2173256129,0.0,168761.4199140072
2017-06-23,256345.57328478992,0.0011937774745417586,False,True,0.0,105513.30422262847,0.0,150832.26906216145
2017-06-26,240296.9075877145,0.0011165414224067753,False,True,0.0,94282.79742908478,0.0,146014.11015862972
2017-06-27,638388.5176842734,0.0029716383175728608,False,True,0.0,222125.90532025695,0.0,416262.6123640165
2017-06-28,87407.03253961354,0.0004066367440458948,False,True,0.0,12699.365305885673,0.0,74707.66723372787
2017-06-29,128777.49381650984,0.000598384245516902,False,True,0.0,102681.9045189023,0.0,26095.58929760754
2017-06-30,612632.5427782759,0.002842875846728834,False,True,0.0,378508.6529902667,0.0,234123.88978800923
2017-07-03,113970.20623004436,0.000529419160565146,False,True,0.0,1130.668330475688,0.0,112839.53789956868
2017-07-04,53006615.818284765,0.24747298930940897,True,True,0.0,116136.038299039,0.0,52890479.779985726
2017-07-05,189110.62452289462,0.0008839449327616711,False,True,0.0,189110.62452289462,0.0,0.0
2017-07-06,166073.73218026012,0.0007770696800894913,False,True,0.0,166073.73218026012,0.0,0.0
2017-07-07,3560.1555449813604,1.6658566901231503e-05,False,True,0.0,3560.1555449813604,0.0,0.0
2017-07-10,134748.99909339845,0.0006299836250865299,False,True,0.0,134748.99909339845,0.0,0.0
2017-07-11,60090.422064721584,0.00028104229114351865,False,True,0.0,60090.422064721584,0.0,0.0
2017-07-12,87961.5930416137,0.0004111699356147305,False,True,0.0,87961.5930416137,0.0,0.0
2017-07-13,340383.20055610687,0.0015877276949867946,False,True,0.0,340383.20055610687,0.0,0.0
2017-07-14,247515.47959925234,0.0011527688501690623,False,True,0.0,247515.47959925234,0.0,0.0
2017-07-17,456618.7957545221,0.0021206253315515316,False,True,0.0,456618.7957545221,0.0,0.0
2017-07-18,52964.91876845807,0.0002458986009857293,False,True,0.0,52964.91876845807,0.0,0.0
2017-07-19,552849.1033607572,0.002557941602446029,False,True,0.0,552849.1033607572,0.0,0.0
2017-07-20,59308.5354039073,0.00027431044468868414,False,True,0.0,59308.5354039073,0.0,0.0
2017-07-21,106289.86430957913,0.0004912837752297201,False,True,0.0,106289.86430957913,0.0,0.0
2017-07-24,203284.54655702412,0.0009407827854964903,False,True,0.0,203284.54655702412,0.0,0.0
2017-07-25,54129843.324149564,0.2503808787600755,True,True,54047501.143267065,82342.18088249862,0.0,0.0
2017-07-26,54292712.82490153,0.2513217974152489,True,True,183107.5183923766,102438.61495885253,54007166.6915503,0.0
2017-07-27,605744.1345179081,0.0028016009211081915,False,True,125583.61138493568,154175.6565080732,325984.8666248992,0.0
2017-07-28,222560.22696899623,0.0010251327551472132,False,True,338.8545268699527,93340.1169848293,128881.25545729697,0.0
2017-07-31,149612.34925793856,0.0006872337918076563,False,True,82361.19567058235,55381.05314163864,11870.100445717573,0.0
2017-08-01,552373.2525744364,0.0025358492754533326,False,True,291622.0686637163,172929.2382047549,87821.94570596516,0.0
2017-08-02,879747.3994763717,0.0040444323790554595,False,True,296818.1518307701,104913.96185164154,478015.2857939601,0.0
2017-08-03,597477.2161411643,0.002748195557797003,False,True,235652.84895405173,77275.01774346083,284549.34944365174,0.0
2017-08-04,587533.4677218273,0.0027065854311863935,False,True,252320.98786258698,34909.91146431118,300302.56839492917,0.0
2017-08-07,290879.15968937427,0.0013421850933545815,False,True,49720.96215223521,189805.77664432675,51352.42089281231,0.0
2017-08-08,380796.7362179756,0.001755028419162341,False,True,67580.38483694941,91057.60281743854,222158.74856358767,0.0
2017-08-09,366820.2215966359,0.0016913762018209916,False,True,121213.20811328292,74435.07991681993,171171.93356653303,0.0
2017-08-10,54796495.153832674,0.2525845198640106,True,True,129539.3864365071,142504.3494888693,288650.28554311395,54235801.13236418
2017-08-11,1307739.6991171986,0.006037336735393821,False,True,174544.6143944636,178327.5923737511,479325.2351641208,475542.2571848631
2017-08-14,484225.0164145902,0.00223596427327998,False,True,154916.31636514515,87196.19184214622,113434.74010911584,128677.76809818298
2017-08-15,443272.70784574,0.0020555264768098206,False,True,46967.083625778556,174669.27029711008,149180.06581611186,72456.28810673952
2017-08-16,214859.28409896046,0.0010030652316333768,False,True,77018.182993263,30411.459056206048,22508.445849366486,84921.19620012492
2017-08-17,664451.130097732,0.0030805030461407423,False,True,122017.76697599888,95752.95531957597,332225.5650488809,114454.84275327623
2017-08-18,254401.41257232428,0.0011760794194645558,False,True,35845.18666126579,69756.38793783635,91355.519624874,57444.31834834814
2017-08-21,672598.7727294788,0.0031079873343159985,False,True,79043.17296601832,64333.65610027313,336299.38636473566,192922.55729845166
2017-08-22,671256.0272733122,0.0030902284329222904,False,True,211395.34344290942,6260.488077767193,329367.52555888146,124232.67019375414
2017-08-23,304976.24798002094,0.0014074604008621203,False,True,36243.05748549104,17423.184482313693,98821.88202222437,152488.12398999184
2017-08-24,682761.3304475322,0.003148156323306419,False,True,116583.35555556417,224797.30966821313,141283.2244609818,200097.44076277316
2017-08-25,588917.9247896746,0.0027120539301071778,False,True,206910.63304945827,35007.207065925,87548.3293453902,259451.7553289011
2017-08-28,655027.6063803136,0.0030126265143951662,False,True,115698.66451790184,188397.38284463435,211815.13867225498,139116.42034552246
2017-08-29,1212303.506249629,0.005556823452315342,False,True,377303.8136855811,129004.15444038808,99843.78499885648,606151.7531248033
2017-08-30,487721.40580975264,0.002235112017633759,False,True,195370.72074620426,202317.97560210526,41542.727302759886,48489.98215868324
2017-08-31,781219.675637573,0.0035927153455318304,False,True,225994.77526456118,300621.44750048965,89988.3903182894,164615.06255423278
2017-09-01,1074490.2810801417,0.004894951470250914,False,True,174815.3775920123,362429.7629480511,520372.34705753624,16872.793482542038
2017-09-04,280605.93543222547,0.0012724606572872077,False,True,76055.86287850887,64247.104837588966,45014.2717987597,95288.69591736794
2017-09-05,683159.8280635029,0.003096914633796126,False,True,148166.00558950007,175563.27690410614,17850.631538137794,341579.9140317589
2017-09-06,316261.3442569971,0.0014252370206412099,False,True,2157.409226976335,155973.26290152222,72787.03728032857,85343.63484816998
2017-09-07,742258.9572736695,0.0033467959929699403,False,True,110709.56995652616,173527.95870085806,260419.90868030488,197601.51993598044
2017-09-08,754178.5847798288,0.0033811542312548815,False,True,71650.53965911269,19144.430466219783,357944.86192371696,305438.75273077935
2017-09-11,964943.3444809988,0.00433429844158242,False,True,187776.63968010247,294695.0325603932,479758.1842602119,2713.4879802912474
2017-09-12,1222649.4775538966,0.0055109625514334045,False,True,336980.8512425497,16935.369111724198,274343.88753439486,594389.3696652278
2017-09-13,701811.2380393371,0.0031675223222328115,False,True,350905.6190196723,84239.89906311035,15023.985568583012,251641.73438797146
2017-09-14,739283.3219396174,0.003352226810003644,False,True,234458.11488966644,2727.2193181067705,366914.4416517019,135183.54608014226
2017-09-15,443298.0913165286,0.0020069856070528197,False,True,13515.748816646636,208133.29684159905,12.897302448749542,221636.1483558342
2017-09-18,756995.5591146871,0.0034283662809862624,False,True,97697.60529194772,198517.91556410491,82282.25870129466,378497.77955733985
2017-09-19,656734.4377450794,0.002985581891881121,False,True,192269.2672695145,4399.224730834365,136097.9516030103,323967.99414172024
2017-09-20,565399.3956578076,0.002568943002351953,False,True,96654.80898439139,157060.51798848063,186044.8888445124,125639.17984042317
2017-09-21,1283616.5690453202,0.005815318578336352,False,True,60074.010606236756,315849.64179024845,325958.642732434,581734.273916401
2017-09-22,895948.5466329977,0.004097724885940236,False,True,346640.3614346534,447738.4960588366,235.7772576585412,101333.91188184917
2017-09-25,354890.830433324,0.001616462787503569,False,True,11169.888189740479,133645.96157057583,177445.41521668434,32629.565456323326
2017-09-26,1454226.2309789062,0.006614848058807039,False,True,406292.6826807037,320820.4328087494,230527.58326509595,496585.5322243571
2017-09-27,442592.44366160035,0.00203108588041792,False,True,87686.19777467102,240.17000138014555,133610.0240561217,221056.05182942748
2017-09-28,794532.7071678638,0.003660195503167633,False,True,134596.57629439235,154419.3005123213,242847.05307160318,262669.777289547
2017-09-29,631276.5300406143,0.0029084285231149713,False,True,118639.2539960146,192010.74806542695,123627.51695486903,196999.01102430373
2017-10-02,868001.5081880912,0.00399894828375676,False,True,379651.8376362175,54348.91645782441,114070.94651143998,319929.80758260936
2017-10-03,775488.7133677602,0.003588000464295196,False,True,281132.9404995367,106611.41618433595,253110.81634070724,134633.5403431803
2017-10-04,315435.7197946161,0.001457671654187861,False,True,157717.85989733785,69655.0534549579,44838.81463367492,43223.99180864543
2017-10-05,287868.08482121676,0.001325203339439011,False,True,143934.042410627,5713.431384280324,66772.25689779222,71448.35412851721
2017-10-06,1051063.5347392932,0.004842868345850876,False,True,70974.3394280523,291187.64613916725,454557.42794160545,234344.12123046815
2017-10-09,55074589.39684964,0.2548200016003348,True,True,323566.2039679289,53966287.53347995,197310.50775692612,587425.1516448334
2017-10-10,54085469.68813686,0.25012170398531236,True,True,53735211.89818325,0.0,64654.6664936766,285603.1234599352
2017-10-11,326113.09519379586,0.0015035955696592986,False,True,0.0,0.0,321609.63479533046,4503.460398465395
2017-10-12,187620.4665228948,0.000864563061304182,False,True,0.0,0.0,63046.36989708245,124574.09662581235
2017-10-13,157200.7996103987,0.0007233399894118993,False,True,0.0,0.0,151800.06412044168,5400.735489957035
2017-10-16,55015682.508463725,0.2520897903161947,True,True,0.0,0.0,259945.29692952335,54755737.2115342
2017-10-17,47591.74633643031,0.00021800885536404864,False,True,0.0,0.0,47591.74633643031,0.0
2017-10-18,242225.60463280976,0.0011112340397037308,False,True,0.0,0.0,242225.60463280976,0.0
2017-10-19,84528.77452310175,0.0003879847615035083,False,True,0.0,0.0,84528.77452310175,0.0
2017-10-20,40318.92327402532,0.00018501710126400648,False,True,0.0,0.0,40318.92327402532,0.0
2017-10-23,59476.67396426946,0.0002730283167486034,False,True,0.0,0.0,59476.67396426946,0.0
2017-10-24,164158.81475444883,0.00075281641647972,False,True,0.0,0.0,164158.81475444883,0.0
2017-10-25,204880.95252265036,0.0009383886255924128,False,True,0.0,0.0,204880.95252265036,0.0
2017-10-26,71130.91393502802,0.0003259329239489796,False,True,0.0,0.0,71130.91393502802,0.0
2017-10-27,11576.840308494866,5.3043133308043796e-05,False,True,0.0,0.0,11576.840308494866,0.0
2017-10-30,23863.237265624106,0.00010935327758613758,False,True,0.0,0.0,23863.237265624106,0.0
2017-10-31,134664.70952400565,0.0006165936567800377,False,True,0.0,0.0,134664.70952400565,0.0
2017-11-01,19204.066097982228,8.791997019420823e-05,False,True,0.0,0.0,19204.066097982228,0.0
2017-11-02,166265.85258755833,0.0007604258094764417,False,True,0.0,0.0,166265.85258755833,0.0
2017-11-03,73050.72070325166,0.000333952630414763,False,True,0.0,0.0,73050.72070325166,0.0
2017-11-06,87761.55247661471,0.0004009889475485177,False,True,0.0,0.0,87761.55247661471,0.0
2017-11-07,603049.8454734609,0.0027452930563245208,False,True,0.0,0.0,603049.8454734609,0.0
2017-11-08,287807.426803343,0.0013124925426559809,False,True,0.0,0.0,287807.426803343,0.0
2017-11-09,49410.93401362002,0.00022526174901328977,False,True,0.0,0.0,49410.93401362002,0.0
2017-11-10,87564.44905140996,0.00039941413552168096,False,True,0.0,0.0,87564.44905140996,0.0
2017-11-13,82722.42479403317,0.00037751778623566507,False,True,0.0,0.0,82722.42479403317,0.0
2017-11-14,36528.22933883965,0.00016673981827080092,False,True,0.0,0.0,36528.22933883965,0.0
2017-11-15,491293.43560452014,0.0022493249868447886,False,True,0.0,0.0,491293.43560452014,0.0
2017-11-16,75860.32556483895,0.0003474778392161453,False,True,0.0,0.0,75860.32556483895,0.0
2017-11-17,160689.79764918983,0.0007367618559880704,False,True,0.0,0.0,160689.79764918983,0.0
2017-11-20,526267.8585182354,0.002405197180787722,False,True,0.0,0.0,526267.8585182354,0.0
2017-11-21,270745.1597721502,0.001239428993951376,False,True,0.0,0.0,270745.1597721502,0.0
2017-11-22,133148.40005373955,0.0006090375786183665,False,True,0.0,0.0,133148.40005373955,0.0
2017-11-23,268636.06292196363,0.001226765348601708,False,True,0.0,0.0,268636.06292196363,0.0
2017-11-24,0.0,0.0,False,False,0.0,0.0,0.0,0.0
2017-11-27,19057.528081841767,8.703905209587205e-05,False,True,0.0,0.0,19057.528081841767,0.0
2017-11-28,45489.74117664993,0.00020781714390835282,False,True,0.0,0.0,45489.74117664993,0.0
2017-11-29,84254.3723057732,0.00038510867087428424,False,True,0.0,0.0,84254.3723057732,0.0
2017-11-30,135279.86108735204,0.0006188454450089595,False,True,0.0,0.0,135279.86108735204,0.0
2017-12-01,348759.5992756933,0.0015988217484393026,False,True,0.0,0.0,348759.5992756933,0.0
2017-12-04,370332.28202597797,0.0016938832768899578,False,True,0.0,0.0,370332.28202597797,0.0
2017-12-05,348025.90988337994,0.0015952407853225639,False,True,0.0,0.0,348025.90988337994,0.0
2017-12-06,341244.38878718764,0.0015674253670619797,False,True,0.0,0.0,341244.38878718764,0.0
2017-12-07,442820.8452309072,0.0020395239577732176,False,True,0.0,0.0,442820.8452309072,0.0
2017-12-08,148014.33917858452,0.0006823378766990105,False,True,0.0,0.0,148014.33917858452,0.0
2017-12-11,101583.3429486379,0.0004680013487741131,False,True,0.0,0.0,101583.3429486379,0.0
2017-12-12,100473.09551231563,0.000462600854718625,False,True,0.0,0.0,100473.09551231563,0.0
2017-12-13,382098.3644289896,0.0017634036830188012,False,True,0.0,0.0,382098.3644289896,0.0
2017-12-14,19576.65139338374,9.033637490766231e-05,False,True,0.0,0.0,19576.65139338374,0.0
2017-12-15,54416673.54698309,0.2508282165363271,True,True,0.0,0.0,54416673.54698309,0.0
2017-12-18,0.0,0.0,False,False,0.0,0.0,0.0,0.0
2017-12-19,0.0,0.0,False,False,0.0,0.0,0.0,0.0
2017-12-20,0.0,0.0,False,False,0.0,0.0,0.0,0.0
2017-12-21,0.0,0.0,False,False,0.0,0.0,0.0,0.0
2017-12-22,0.0,0.0,False,False,0.0,0.0,0.0,0.0
2017-12-25,0.0,0.0,False,False,0.0,0.0,0.0,0.0
2017-12-26,0.0,0.0,False,False,0.0,0.0,0.0,0.0
2017-12-27,0.0,0.0,False,False,0.0,0.0,0.0,0.0
2017-12-28,0.0,0.0,False,False,0.0,0.0,0.0,0.0
2017-12-29,0.0,0.0,False,False,0.0,0.0,0.0,0.0
2018-01-01,0.0,0.0,False,False,0.0,0.0,0.0,0.0
2018-01-02,0.0,0.0,False,False,0.0,0.0,0.0,0.0
2018-01-03,0.0,0.0,False,False,0.0,0.0,0.0,0.0
2018-01-04,54236993.64690695,0.25,True,True,0.0,54236993.64690695,0.0,0.0
2018-01-05,142608.87816368043,0.0006567657411894373,False,True,0.0,142608.87816368043,0.0,0.0
2018-01-08,54296245.52196755,0.25008094050947394,True,True,0.0,17573.373509056866,0.0,54278672.148458496
2018-01-09,54422844.48688617,0.25078345214914194,True,True,0.0,110854.62274306267,54252826.512772344,59163.35137076676
2018-01-10,629749.6565099359,0.002904156317755998,False,True,0.0,67297.6479857713,293995.3141319826,268456.69439218193
2018-01-11,154973.99227776378,0.0007132407837821505,False,True,0.0,74607.48075797409,22839.38702648878,57527.124493300915
2018-01-12,250440.01438884437,0.0011502599944418499,False,True,0.0,62507.35148231685,69813.62199405581,118119.04091247171
2018-01-15,521629.64122502506,0.0023845621666815442,False,True,0.0,132303.05574064702,20723.344114139676,368603.24137023836
2018-01-16,638398.1889346167,0.0029095170122348233,False,True,0.0,402254.43736674637,166110.6857988909,70033.06576897949
2018-01-17,145516.46873490512,0.0006643048541155209,False,True,0.0,21201.891709707677,97368.90239778161,26945.674627415836
2018-01-18,55570639.75802139,0.25384934205663245,True,True,54727973.005366184,155355.8238676414,248621.77053584158,438689.15825172514
2018-01-19,464826.7742643133,0.0021199142234643994,False,True,231409.18046415597,1004.2066680043936,151527.27910162508,80886.10803052783
2018-01-22,329709.3462558463,0.0015017442590100584,False,True,18756.795939289033,18443.416663736105,164854.67312790453,127654.46052491665
2018-01-23,152335.72917561233,0.0006923566662676375,False,True,43387.554628275335,29341.002091303468,46826.862496487796,32780.30995954573
2018-01-24,1177540.2141280249,0.005355407911860027,False,True,444154.50713776797,144615.59992624074,251601.4669302702,337168.64013374597
2018-01-25,366524.42993795127,0.0016456215228378924,False,True,89079.34370785207,178171.89961171895,94182.87126113474,5090.315357245505
2018-01-26,1556074.7156078294,0.006965097482500896,False,True,778037.3578039184,15173.255417406559,173958.2857079953,588905.8166785091
2018-01-29,581226.4759145454,0.002602301827279155,False,True,290613.2379572913,14793.256442390382,225338.80121836066,50481.18029650301
2018-01-30,560291.4538525492,0.0025174209715861334,False,True,112655.54168651253,189728.1349817589,90417.5919445157,167490.18523976207
2018-01-31,398402.06581139565,0.0017950822626917004,False,True,143344.96017843485,115229.72841051966,55856.072727262974,83971.30449517816
2018-02-01,796041.9948910996,0.003580561321925899,False,True,222120.27098820359,6073.139884546399,391947.85756100714,175900.7264573425
2018-02-02,918569.0928435922,0.0041370144726418845,False,True,124477.47147776932,459284.54642180353,112358.14851383865,222448.92643018067
2018-02-05,588348.210513711,0.0026814111907478067,False,True,294174.1052568406,78221.55258317292,194902.5946322009,21049.958041496575
2018-02-06,918194.2772964463,0.004192592536495998,False,True,188354.68646164984,97384.45346203446,270742.452186577,361712.68518618494
2018-02-07,511047.587505877,0.0023512596367451953,False,True,56323.777566351,34991.25003220886,199200.0161865875,220532.54372072965
2018-02-08,762068.5528234392,0.0035221937185530997,False,True,269048.7316611558,101598.85218342394,381034.27641172707,10386.692567132413
2018-02-09,653356.6483270153,0.0030308892525204877,False,True,128000.15218816698,198678.17197535187,112519.11464517564,214159.20951832086
2018-02-12,1136616.8892069757,0.005299935008798663,False,True,21952.82961398363,355745.01797530055,568308.4446034953,190610.59701419622
2018-02-13,447893.7302381173,0.002079775856731666,False,True,146723.55580282956,77223.3093162179,202108.92496133596,21837.940157733858
2018-02-14,510438.2670439482,0.002362447227663956,False,True,255219.1335219741,40571.38180707395,112480.54065414518,102167.21106075495
2018-02-15,894638.5873699635,0.0040959822330489245,False,True,14416.770280107856,447319.29368498176,161224.12604683638,271678.39735803753
2018-02-16,489141.6105314642,0.0022306192131078353,False,True,244570.805265747,81126.04181441665,65659.11887244135,97785.64457885921
2018-02-19,575309.1937237307,0.00262368271930315,False,True,115469.09846339375,172185.4983984679,18331.190960988402,269323.4059008807
2018-02-20,173815.759043023,0.0007934585088140135,False,True,23197.89770066738,63709.98182082921,53628.49228103459,33279.38724049181
2018-02-21,815396.478617765,0.0037423765397048623,False,True,1318.7783726975322,236321.32044360042,170058.14049259573,407698.2393088713
2018-02-22,605228.9371178001,0.0027842369971605337,False,True,8799.545205630362,242007.565060921,293814.9233532548,60606.903497993946
2018-02-23,516050.3947046101,0.0023677035114416075,False,True,145429.81964161992,112595.37771067768,97869.85237991065,160155.34497240186
2018-02-26,579579.4837233871,0.00266026717123371,False,True,252402.2832673788,175373.22617787868,37387.458594329655,114416.51568379998
2018-02-27,181559.08079782128,0.0008308642863027751,False,True,35484.822333708405,55294.71806520969,50348.50480628759,40431.035592615604
2018-02-28,582390.8590632007,0.002681690978673395,False,True,113695.32858047634,116766.53894819319,60733.562002927065,291195.42953160405
2018-03-01,418844.5533791259,0.0019313494009097804,False,True,134802.02361221611,10317.548136852682,199104.7285526991,74620.25307735801
2018-03-02,54533523.7225269,0.2519573891228047,True,True,54122857.78581063,211828.1319994703,144777.15380879492,54060.65090800822
2018-03-05,323450.49287665635,0.001493067458541168,False,True,0.0,54643.382826536894,82655.32801119983,186151.78203891963
2018-03-06,502349.17084961385,0.0023163224861106582,False,True,0.0,53567.255271181464,281012.94585124403,167768.96972718835
2018-03-07,55103266.724008076,0.2526155370614585,True,True,0.0,54696034.07840314,128094.84353607893,279137.80206885934
2018-03-08,480854.8871535808,0.00221419428372545,False,True,0.0,0.0,353933.311636135,126921.5755174458
2018-03-09,211763.48688272387,0.0009770135016640286,False,True,0.0,0.0,171016.6337756887,40746.85310703516
2018-03-12,153219.7780527547,0.0007059122753514742,False,True,0.0,0.0,150311.91714449972,2907.860908254981
2018-03-13,54353959.449688286,0.2506636587968299,True,True,54210051.53936548,0.0,124940.26156311482,18967.648759692907
2018-03-14,126325.13598033041,0.0005812180702400799,False,True,109094.23906349391,0.0,3841.5171771273017,13389.379739709198
2018-03-15,54147546.18176199,0.2496362762318941,True,True,54090084.76437031,0.0,15521.466496050358,41939.95089562982
2018-03-16,289441.559181951,0.001337982425287744,False,True,0.0,0.0,76022.6628337577,213418.8963481933
2018-03-19,54174966.71931405,0.2504862732500596,True,True,0.0,0.0,54110458.08375707,64508.63555698097
2018-03-20,54177175.234793566,0.25037217871422945,True,True,0.0,0.0,0.0,54177175.234793566
2018-03-21,0.0,0.0,False,False,0.0,0.0,0.0,0.0
2018-03-22,0.0,0.0,False,False,0.0,0.0,0.0,0.0
2018-03-23,0.0,0.0,False,False,0.0,0.0,0.0,0.0
2018-03-26,0.0,0.0,False,False,0.0,0.0,0.0,0.0
2018-03-27,0.0,0.0,False,False,0.0,0.0,0.0,0.0
2018-03-28,0.0,0.0,False,False,0.0,0.0,0.0,0.0
2018-03-29,0.0,0.0,False,False,0.0,0.0,0.0,0.0
2018-03-30,0.0,0.0,False,False,0.0,0.0,0.0,0.0
2018-04-02,0.0,0.0,False,False,0.0,0.0,0.0,0.0
2018-04-03,0.0,0.0,False,False,0.0,0.0,0.0,0.0
2018-04-04,0.0,0.0,False,False,0.0,0.0,0.0,0.0
2018-04-05,0.0,0.0,False,False,0.0,0.0,0.0,0.0
2018-04-06,0.0,0.0,False,False,0.0,0.0,0.0,0.0
2018-04-09,0.0,0.0,False,False,0.0,0.0,0.0,0.0
2018-04-10,0.0,0.0,False,False,0.0,0.0,0.0,0.0
2018-04-11,0.0,0.0,False,False,0.0,0.0,0.0,0.0
2018-04-12,0.0,0.0,False,False,0.0,0.0,0.0,0.0
2018-04-13,54096640.76198185,0.25,True,True,0.0,0.0,0.0,54096640.76198185
2018-04-16,342222.22065032274,0.0015782037817089255,False,True,0.0,0.0,0.0,342222.22065032274
2018-04-17,8154.560803882778,3.7607739208407845e-05,False,True,0.0,0.0,0.0,8154.560803882778
2018-04-18,48028.52748914808,0.00022143572050639787,False,True,0.0,0.0,0.0,48028.52748914808
2018-04-19,57039.99104178697,0.000262890928547463,False,True,0.0,0.0,0.0,57039.99104178697
2018-04-20,116974.96439956129,0.0005395123253538063,False,True,0.0,0.0,0.0,116974.96439956129
2018-04-23,277056.7742254436,0.0012800230785694562,False,True,0.0,0.0,0.0,277056.7742254436
2018-04-24,54345111.03400961,0.2516212309544031,True,True,0.0,0.0,53994957.84584413,350153.18816548586
2018-04-25,294106.000463441,0.0013607471461874294,False,True,0.0,0.0,108092.55209419131,186013.4483692497
2018-04-26,394850.85076998174,0.0018284870436657522,False,True,0.0,0.0,149513.23106709868,245337.61970288306
2018-04-27,350340.5042866543,0.001623616887992281,False,True,0.0,0.0,133617.87146551162,216722.63282114267
2018-04-30,305456.74423300475,0.0014137440087965496,False,True,0.0,0.0,81613.79648858309,223842.94774442166
2018-05-01,478231.2960628867,0.0022156957990954714,False,True,0.0,0.0,183041.2805756256,295190.0154872611
2018-05-02,337336.4724180922,0.0015673408595455439,False,True,0.0,0.0,16307.32093206048,321029.1514860317
2018-05-03,61166.56427170336,0.00028403212692781383,False,True,0.0,0.0,45942.49307459593,15224.071197107434
2018-05-04,199849.6016431749,0.000926299322637134,False,True,0.0,0.0,6855.2434962540865,192994.3581469208
2018-05-07,145761.76113557816,0.0006746915036386377,False,True,0.0,0.0,118336.37196616083,27425.38916941732
2018-05-08,54070800.80977487,0.2504090007599361,True,True,0.0,0.0,72194.43069638312,53998606.379078485
2018-05-09,107862.68209970742,0.0004998592122402561,False,True,0.0,0.0,107862.68209970742,0.0
2018-05-10,233545.911047481,0.001080743139966714,False,True,0.0,0.0,233545.911047481,0.0
2018-05-11,203804.7185497433,0.0009419301059595547,False,True,0.0,0.0,203804.7185497433,0.0
2018-05-14,231130.16857007146,0.0010697445524379958,False,True,0.0,0.0,231130.16857007146,0.0
2018-05-15,148974.73199789226,0.0006888695382486645,False,True,0.0,0.0,148974.73199789226,0.0
2018-05-16,110380.7894674018,0.0005107560518363084,False,True,0.0,0.0,110380.7894674018,0.0
2018-05-17,26302.827491521835,0.0001216891873714395,False,True,0.0,0.0,26302.827491521835,0.0
2018-05-18,56669.62160534412,0.0002620885666755396,False,True,0.0,0.0,56669.62160534412,0.0
2018-05-21,47631.64210629463,0.00022022457232982504,False,True,0.0,0.0,47631.64210629463,0.0
2018-05-22,250911.3062529713,0.0011582950824017004,False,True,0.0,0.0,250911.3062529713,0.0
2018-05-23,198633.57425881922,0.0009158429089592137,False,True,0.0,0.0,198633.57425881922,0.0
2018-05-24,68772.00186719745,0.0003169541350008707,False,True,0.0,0.0,68772.00186719745,0.0
2018-05-25,27145.20526137948,0.00012512679925239003,False,True,0.0,0.0,27145.20526137948,0.0
2018-05-28,263231.4309898168,0.0012153409603971432,False,True,0.0,0.0,263231.4309898168,0.0
2018-05-29,0.0,0.0,False,False,0.0,0.0,0.0,0.0
2018-05-30,287074.1275028959,0.0013277692952472228,False,True,0.0,0.0,287074.1275028959,0.0
2018-05-31,199379.93140161037,0.0009210354540567007,False,True,0.0,0.0,199379.93140161037,0.0
2018-06-01,2013.3251725360751,9.300669565557708e-06,False,True,0.0,0.0,2013.3251725360751,0.0
2018-06-04,117895.76002959907,0.0005450219125698419,False,True,0.0,0.0,117895.76002959907,0.0
2018-06-05,458533.6253011897,0.0021257694983466743,False,True,0.0,0.0,458533.6253011897,0.0
2018-06-06,120206.79192130268,0.0005568669078313126,False,True,0.0,0.0,120206.79192130268,0.0
2018-06-07,31361.19000851363,0.00014525490877993253,False,True,0.0,0.0,31361.19000851363,0.0
2018-06-08,126364.06834596395,0.0005848211974933581,False,True,0.0,0.0,126364.06834596395,0.0
2018-06-11,31449.80032940209,0.00014557999151927297,False,True,0.0,0.0,31449.80032940209,0.0
2018-06-12,148021.737476781,0.0006858138324144357,False,True,0.0,0.0,148021.737476781,0.0
2018-06-13,113533.6750203222,0.0005256551774491969,False,True,0.0,0.0,113533.6750203222,0.0
2018-06-14,31398.383291609585,0.0001453447555358292,False,True,0.0,0.0,31398.383291609585,0.0
2018-06-15,338383.2550335154,0.0015696720535442982,False,True,0.0,0.0,338383.2550335154,0.0
2018-06-18,685754.4071650729,0.0031945860883542693,False,True,0.0,0.0,685754.4071650729,0.0
2018-06-19,34970.1734354198,0.0001629439045294116,False,True,0.0,0.0,34970.1734354198,0.0
2018-06-20,481543.8305012882,0.0022504914767768384,False,True,0.0,0.0,481543.8305012882,0.0
2018-06-21,92725.73092294484,0.0004331027588422285,False,True,0.0,0.0,92725.73092294484,0.0
2018-06-22,165886.76440931112,0.0007756241474478881,False,True,0.0,0.0,165886.76440931112,0.0
2018-06-25,54026259.28295553,0.25194977641409644,True,True,0.0,0.0,54026259.28295553,0.0
2018-06-26,0.0,0.0,False,False,0.0,0.0,0.0,0.0
2018-06-27,0.0,0.0,False,False,0.0,0.0,0.0,0.0
2018-06-28,0.0,0.0,False,False,0.0,0.0,0.0,0.0
2018-06-29,0.0,0.0,False,False,0.0,0.0,0.0,0.0
2018-07-02,0.0,0.0,False,False,0.0,0.0,0.0,0.0
2018-07-03,0.0,0.0,False,False,0.0,0.0,0.0,0.0
2018-07-04,0.0,0.0,False,False,0.0,0.0,0.0,0.0
2018-07-05,0.0,0.0,False,False,0.0,0.0,0.0,0.0
2018-07-06,0.0,0.0,False,False,0.0,0.0,0.0,0.0
2018-07-09,0.0,0.0,False,False,0.0,0.0,0.0,0.0
2018-07-10,0.0,0.0,False,False,0.0,0.0,0.0,0.0
2018-07-11,0.0,0.0,False,False,0.0,0.0,0.0,0.0
2018-07-12,0.0,0.0,False,False,0.0,0.0,0.0,0.0
2018-07-13,0.0,0.0,False,False,0.0,0.0,0.0,0.0
2018-07-16,0.0,0.0,False,False,0.0,0.0,0.0,0.0
2018-07-17,0.0,0.0,False,False,0.0,0.0,0.0,0.0
2018-07-18,0.0,0.0,False,False,0.0,0.0,0.0,0.0
2018-07-19,0.0,0.0,False,False,0.0,0.0,0.0,0.0
2018-07-20,0.0,0.0,False,False,0.0,0.0,0.0,0.0
2018-07-23,0.0,0.0,False,False,0.0,0.0,0.0,0.0
2018-07-24,0.0,0.0,False,False,0.0,0.0,0.0,0.0
2018-07-25,0.0,0.0,False,False,0.0,0.0,0.0,0.0
2018-07-26,0.0,0.0,False,False,0.0,0.0,0.0,0.0
2018-07-27,0.0,0.0,False,False,0.0,0.0,0.0,0.0
2018-07-30,0.0,0.0,False,False,0.0,0.0,0.0,0.0
2018-07-31,0.0,0.0,False,False,0.0,0.0,0.0,0.0
2018-08-01,0.0,0.0,False,False,0.0,0.0,0.0,0.0
2018-08-02,0.0,0.0,False,False,0.0,0.0,0.0,0.0
2018-08-03,0.0,0.0,False,False,0.0,0.0,0.0,0.0
2018-08-06,0.0,0.0,False,False,0.0,0.0,0.0,0.0
2018-08-07,0.0,0.0,False,False,0.0,0.0,0.0,0.0
2018-08-08,0.0,0.0,False,False,0.0,0.0,0.0,0.0
2018-08-09,0.0,0.0,False,False,0.0,0.0,0.0,0.0
2018-08-10,53608163.551373556,0.25,True,True,53608163.551373556,0.0,0.0,0.0
2018-08-13,430039.7359045297,0.0020108538673376717,False,True,430039.7359045297,0.0,0.0,0.0
2018-08-14,461116.2634883225,0.0021623834603514813,False,True,461116.2634883225,0.0,0.0,0.0
2018-08-15,150975.65643248707,0.0007073256717305626,False,True,150975.65643248707,0.0,0.0,0.0
2018-08-16,501779.8195969388,0.002358246003108716,False,True,501779.8195969388,0.0,0.0,0.0
2018-08-17,461446.2498235181,0.002162434940784261,False,True,461446.2498235181,0.0,0.0,0.0
2018-08-20,602046.1186944917,0.002831968900887133,False,True,602046.1186944917,0.0,0.0,0.0
2018-08-21,44961.93648896366,0.00021155642196125086,False,True,44961.93648896366,0.0,0.0,0.0
2018-08-22,52474258.13565643,0.24767052573767595,True,True,52474258.13565643,0.0,0.0,0.0
2018-08-23,0.0,0.0,False,False,0.0,0.0,0.0,0.0
2018-08-24,0.0,0.0,False,False,0.0,0.0,0.0,0.0
2018-08-27,0.0,0.0,False,False,0.0,0.0,0.0,0.0
2018-08-28,0.0,0.0,False,False,0.0,0.0,0.0,0.0
2018-08-29,0.0,0.0,False,False,0.0,0.0,0.0,0.0
2018-08-30,0.0,0.0,False,False,0.0,0.0,0.0,0.0
2018-08-31,0.0,0.0,False,False,0.0,0.0,0.0,0.0
2018-09-03,0.0,0.0,False,False,0.0,0.0,0.0,0.0
2018-09-04,0.0,0.0,False,False,0.0,0.0,0.0,0.0
2018-09-05,0.0,0.0,False,False,0.0,0.0,0.0,0.0
2018-09-06,0.0,0.0,False,False,0.0,0.0,0.0,0.0
2018-09-07,0.0,0.0,False,False,0.0,0.0,0.0,0.0
2018-09-10,0.0,0.0,False,False,0.0,0.0,0.0,0.0
2018-09-11,0.0,0.0,False,False,0.0,0.0,0.0,0.0
2018-09-12,0.0,0.0,False,False,0.0,0.0,0.0,0.0
2018-09-13,0.0,0.0,False,False,0.0,0.0,0.0,0.0
2018-09-14,0.0,0.0,False,False,0.0,0.0,0.0,0.0
2018-09-17,0.0,0.0,False,False,0.0,0.0,0.0,0.0
2018-09-18,0.0,0.0,False,False,0.0,0.0,0.0,0.0
2018-09-19,0.0,0.0,False,False,0.0,0.0,0.0,0.0
2018-09-20,0.0,0.0,False,False,0.0,0.0,0.0,0.0
2018-09-21,0.0,0.0,False,False,0.0,0.0,0.0,0.0
2018-09-24,0.0,0.0,False,False,0.0,0.0,0.0,0.0
2018-09-25,0.0,0.0,False,False,0.0,0.0,0.0,0.0
2018-09-26,0.0,0.0,False,False,0.0,0.0,0.0,0.0
2018-09-27,0.0,0.0,False,False,0.0,0.0,0.0,0.0
2018-09-28,0.0,0.0,False,False,0.0,0.0,0.0,0.0
2018-10-01,0.0,0.0,False,False,0.0,0.0,0.0,0.0
2018-10-02,0.0,0.0,False,False,0.0,0.0,0.0,0.0
2018-10-03,0.0,0.0,False,False,0.0,0.0,0.0,0.0
2018-10-04,52967806.705464974,0.25,True,True,0.0,0.0,52967806.705464974,0.0
2018-10-05,401670.81241312623,0.0019006295554006025,False,True,0.0,0.0,401670.81241312623,0.0
2018-10-08,50039.90025232732,0.00023670452019246751,False,True,0.0,0.0,50039.90025232732,0.0
2018-10-09,11950.777731083333,5.652668951509308e-05,False,True,0.0,0.0,11950.777731083333,0.0
2018-10-10,141415.9704816416,0.0006682957287979397,False,True,0.0,0.0,141415.9704816416,0.0
2018-10-11,385139.57048650086,0.00182449878711476,False,True,0.0,0.0,385139.57048650086,0.0
2018-10-12,213045.00009726733,0.0010106053431827343,False,True,0.0,0.0,213045.00009726733,0.0
2018-10-15,143204.50268485397,0.0006786935711970204,False,True,0.0,0.0,143204.50268485397,0.0
2018-10-16,53295083.823697135,0.25193229995888167,True,True,52886314.92706128,0.0,408768.89663585275,0.0
2018-10-17,375306.005046688,0.0017719879900325328,False,True,251189.7615050301,0.0,124116.24354165792,0.0
2018-10-18,245950.61428191513,0.0011620562464320138,False,True,85926.90344421566,0.0,160023.71083769947,0.0
2018-10-19,53412598.90441336,0.25299755867879564,True,True,183374.78338579088,0.0,449466.893976897,52779757.22705067
2018-10-22,315335.3328323737,0.0014937023606019547,False,True,158810.7167454511,0.0,124959.72433155775,31564.891755364835
2018-10-23,867144.5339995623,0.004103152142617215,False,True,461860.2462956682,0.0,159800.8791982308,245483.40850566328
2018-10-24,1152188.8294053525,0.005467210597173074,False,True,406814.84370969236,0.0,243143.0841019228,502230.9015937373
2018-10-25,406492.80537911505,0.001930148420933382,False,True,39966.65691486001,0.0,181210.0045798272,185316.14388442785
2018-10-26,501118.4306671545,0.0023780769940987424,False,True,265857.52220503986,0.0,135532.80195568502,99728.10650642961
2018-10-29,250051.99044652283,0.0011838871858562115,False,True,76556.5422643274,0.0,109526.91443068534,63968.533751510084
2018-10-30,692964.1114710346,0.0032859160329006417,False,True,306043.0179972425,0.0,291864.22360654175,95056.86986725032
2018-10-31,484643.1309490353,0.002313323486713038,False,True,254270.00972861052,0.0,161597.52609805763,68775.59512236714
2018-11-01,415713.3380270675,0.0019901987799214953,False,True,130294.88287206739,0.0,90640.24019436538,194778.2149606347
2018-11-02,641629.5909364596,0.00305297976910055,False,True,86616.13669312,0.0,73608.40067645907,481405.0535668805
2018-11-05,220762.39159234613,0.0010492606790237907,False,True,9179.946686007082,0.0,130327.39841409028,81255.04649224877
2018-11-06,306747.8468832001,0.0014571461512417345,False,True,50628.22372750938,0.0,167712.81587986648,88406.80727582425
2018-11-07,578803.6009471491,0.002766073524056383,False,True,431537.40894476324,0.0,15585.697168901563,131680.4948334843
2018-11-08,166352.53047990054,0.0007954595548982839,False,True,98601.69644871354,0.0,66739.6230404377,1011.2109907492995
2018-11-09,562985.7197267488,0.0026942962673072502,False,True,259876.16172070056,0.0,240201.1043030247,62908.45370302349
2018-11-12,503221.7449438423,0.0024194232753758454,False,True,127410.9943639785,0.0,3923.9847015812993,371886.7658782825
2018-11-13,598754.6409343332,0.0028824110366063023,False,True,103619.11194815487,0.0,162580.38026887923,332555.1487172991
2018-11-14,52270390.07728683,0.25276253628156564,True,True,401964.4893179685,0.0,51555309.8424603,313115.7455085665
2018-11-15,272586.3578481227,0.001314672765176296,False,True,36906.38743149489,0.0,0.0,235679.97041662782
2018-11-16,93063.48618963361,0.0004484388011286355,False,True,33431.28774770349,0.0,0.0,59632.198441930115
2018-11-19,460729.2156341672,0.002210271099379574,False,True,263504.87739049643,0.0,0.0,197224.33824367076
2018-11-20,52151510.11505385,0.25012538088299646,True,True,4709.027765154839,52125368.016380206,0.0,21433.070908486843
2018-11-21,237995.48814282566,0.0011447641700702807,False,True,44300.87203671038,149988.19651877135,0.0,43706.41958734393
2018-11-22,643342.3894309849,0.003097364266881321,False,True,345763.5528048873,63049.67116578668,0.0,234529.16546031088
2018-11-23,424913.85604377836,0.0020484341155690413,False,True,220326.99490503967,26242.884934283793,0.0,178343.9762044549
2018-11-26,252467.87667766213,0.001219485448084099,False,True,75571.50658668578,42278.797373861074,0.0,134617.57271711528
2018-11-27,1081958.8650579005,0.005248057652874677,False,True,649044.6963832676,244290.3515866995,0.0,188623.81708793342
2018-11-28,252387.86691087484,0.001227127053911401,False,True,28546.930109530687,36410.55782521516,0.0,187430.378976129
2018-11-29,279427.6519686654,0.0013557811143527748,False,True,38341.12629850954,86329.7127372697,0.0,154756.81293288618
2018-11-30,622248.0271558985,0.00300217411385715,False,True,126404.06229120493,330337.9263019636,0.0,165506.03856272995
2018-12-03,304252.2334812656,0.0014722374766108746,False,True,223210.0895037502,76369.93842568249,0.0,4672.205551832914
2018-12-04,367627.6079753563,0.0017663342258088662,False,True,272554.73526171595,33048.26393286884,0.0,62024.608780771494
2018-12-05,432209.29651227593,0.0020735300567500006,False,True,80181.53575190902,97043.806622006,0.0,254983.95413836092
2018-12-06,814161.9718238041,0.003929059185538737,False,True,251591.09378491342,308714.38492295146,0.0,253856.4931159392
2018-12-07,811307.8236177564,0.003934787603718711,False,True,402883.1481981948,131150.15985503048,0.0,277274.5155645311
2018-12-10,918650.4707820937,0.0044279644062739645,False,True,458100.56354958564,299678.5610899478,0.0,160871.34614256024
2018-12-11,831474.8891179934,0.004033601291097333,False,True,581804.4736155346,118889.17523777485,0.0,130781.24026468396
2018-12-12,345277.84084997326,0.0016723403743058192,False,True,193762.6416361928,19720.167418152094,0.0,131795.03179562837
2018-12-13,52842851.210073724,0.2544869334950384,True,True,52524607.1654481,123100.26148503274,0.0,195143.78314059228
2018-12-14,133928.55316895247,0.0006455237458176374,False,True,0.0,23975.319276832044,0.0,109953.23389212042
2018-12-17,250555.29004710913,0.0012105636389637495,False,True,0.0,249933.262463741,0.0,622.0275833681226
2018-12-18,228717.6064730063,0.001103232759583555,False,True,0.0,28922.1720341444,0.0,199795.4344388619
2018-12-19,191687.15394702554,0.0009241446075736539,False,True,0.0,69507.07947654277,0.0,122180.07447048277
2018-12-20,263813.1539283022,0.0012734832394962542,False,True,0.0,66293.7982494086,0.0,197519.35567889363
2018-12-21,1157418.0406152904,0.005580621478645805,False,True,0.0,518516.10892413557,0.0,638901.9316911548
2018-12-24,156661.97530311346,0.0007565062378041198,False,True,0.0,114819.58919766545,0.0,41842.38610544801
2018-12-25,762656.0373762697,0.003678373991178172,False,True,0.0,319094.3060230836,0.0,443561.7313531861
2018-12-26,27770.57319548726,0.00013395847287343284,False,True,0.0,6942.643298871815,0.0,20827.929896615446
2018-12-27,97606.28212279081,0.00047086703628384326,False,True,0.0,44605.86365805566,0.0,53000.41846473515
2018-12-28,568442.8571129441,0.0027404995873504608,False,True,0.0,251087.1101192832,0.0,317355.7469936609
2018-12-31,52056885.684521034,0.25064556221335266,True,True,0.0,51920681.71074906,0.0,136203.97377197444
2019-01-01,54123.844412349164,0.0002605071205279848,False,True,0.0,0.0,0.0,54123.844412349164
2019-01-02,3341.250280112028,1.6081651907300996e-05,False,True,0.0,0.0,0.0,3341.250280112028
2019-01-03,60442.36701499671,0.0002908001925029408,False,True,0.0,0.0,0.0,60442.36701499671
2019-01-04,293972.89290424436,0.0014116995755674912,False,True,0.0,0.0,0.0,293972.89290424436
2019-01-07,248277.78893256932,0.001194163543816959,False,True,0.0,0.0,0.0,248277.78893256932
2019-01-08,95786.55663441122,0.0004604302011128183,False,True,0.0,0.0,0.0,95786.55663441122
2019-01-09,115579.74398328364,0.0005559846458969531,False,True,0.0,0.0,0.0,115579.74398328364
2019-01-10,247746.3937964216,0.0011898682066826564,False,True,0.0,0.0,0.0,247746.3937964216
2019-01-11,208545.69207009673,0.0010029357521195487,False,True,0.0,0.0,0.0,208545.69207009673
2019-01-14,109086.61319620907,0.0005242514853791992,False,True,0.0,0.0,0.0,109086.61319620907
2019-01-15,44450.48745215684,0.00021356056306377834,False,True,0.0,0.0,0.0,44450.48745215684
2019-01-16,66769.8856549263,0.00032093047571285526,False,True,0.0,0.0,0.0,66769.8856549263
2019-01-17,52180528.56054561,0.2506043934756499,True,True,52054682.51858058,0.0,0.0,125846.04196503013
2019-01-18,353333.03517615795,0.0017008832938315945,False,True,297592.54953142256,0.0,0.0,55740.485644735396
2019-01-21,698274.3607356399,0.0033630021981334163,False,True,323937.3639586568,0.0,0.0,374336.99677698314
2019-01-22,294626.26504150033,0.0014218947440742806,False,True,254168.89110440016,0.0,0.0,40457.37393710017
2019-01-23,273707.41308962554,0.001320233543085501,False,True,109199.40237881988,0.0,0.0,164508.01071080565
2019-01-24,230136.8768228665,0.0011123868629743384,False,True,223011.68799307942,0.0,0.0,7125.1888297870755
2019-01-25,600003.9147633985,0.002893483251694834,False,True,419560.07556168735,0.0,0.0,180443.83920171112
2019-01-28,901111.3085203394,0.004323780353914303,False,True,189474.13326262683,0.0,0.0,711637.1752577126
2019-01-29,106499.84396611899,0.0005115384049275704,False,True,84306.07505915314,0.0,0.0,22193.76890696585
2019-01-30,433268.7416889444,0.0020724439246956514,False,True,313256.7537443936,0.0,0.0,120011.98794455081
2019-01-31,243328.5090559572,0.001161204321396192,False,True,41468.92153555155,0.0,0.0,201859.58752040565
2019-02-01,1064376.4660181403,0.005051161619526573,False,True,824874.5847469792,0.0,0.0,239501.88127116114
2019-02-04,107626.2562251687,0.0005112791697756623,False,True,31060.650275364518,0.0,0.0,76565.60594980419
2019-02-05,220334.60360188782,0.0010488966056919201,False,True,101707.213267304,0.0,0.0,118627.39033458382
2019-02-06,52832599.1838659,0.25162159443112414,True,True,193932.5797438547,52492115.495206095,0.0,146551.10891594738
2019-02-07,474308.05658545345,0.0022737660683708545,False,True,66121.27904480696,402252.3618572727,0.0,5934.415683373809
2019-02-08,52459959.57400102,0.25200156479526703,True,True,261717.25991813093,51951385.95371751,0.0,246856.36036538333
2019-02-11,222636.92231094092,0.0010689174843737511,False,True,83953.76936931163,0.0,0.0,138683.1529416293
2019-02-12,377823.1049701497,0.0018205976714026138,False,True,322286.3818233013,0.0,0.0,55536.72314684838
2019-02-13,407233.1098011285,0.001956470857416055,False,True,358570.9752817303,0.0,0.0,48662.13451939821
2019-02-14,52138728.98008827,0.2509823294561881,True,True,126267.82105462253,0.0,51934661.190151334,77799.96888231486
2019-02-15,560440.1208446994,0.0026988439830096414,False,True,178450.3906037733,0.0,111684.59114161879,270305.13909930736
2019-02-18,439316.85763676465,0.002099068245161893,False,True,185148.9359531477,0.0,238514.40711269528,15653.51457092166
2019-02-19,484956.9371793866,0.002318350058880903,False,True,256157.94423801452,0.0,27358.951296657324,201440.04164471477
2019-02-20,449434.89145857096,0.002136481216537255,False,True,113579.95505551994,0.0,77183.41244922578,258671.52395382524
2019-02-21,435598.9659289345,0.0020698397729060334,False,True,86612.18030676991,0.0,228845.94437652826,120140.84124563634
2019-02-22,988992.791708827,0.004724936194646185,False,True,338744.62386456877,0.0,352358.5726426691,297889.59520158917
2019-02-25,198170.64822276682,0.0009431929789865174,False,True,150914.0201626867,0.0,17316.187182858586,29940.440877221525
2019-02-26,632352.6515575647,0.0030177477771681743,False,True,177492.5229081139,0.0,386374.5473045781,68485.58134487271
2019-02-27,462570.2353433594,0.002211507298493977,False,True,278713.41123168916,0.0,34545.60853500664,149311.2155766636
2019-02-28,913491.5839588791,0.0043618345762888085,False,True,296443.4230026528,0.0,193196.8108759597,423851.3500802666
2019-03-01,175517.41270536184,0.0008405230941504713,False,True,56713.32263871282,0.0,11629.494601458311,107174.59546519071
2019-03-04,647287.9846615046,0.003123519928714988,False,True,129268.19515495747,0.0,125024.1806839779,392995.60882256925
2019-03-05,481316.60259046406,0.0023248093986091792,False,True,216228.55466180295,0.0,45585.066436603665,219502.98149205744
2019-03-06,192942.8790575117,0.0009302103195933652,False,True,3673.9793991670012,0.0,144432.37798292935,44836.52167541534
2019-03-07,234088.03343576938,0.0011312464678335079,False,True,11270.050742968917,0.0,166931.3631336689,55886.61955913156
2019-03-08,1355731.9403775856,0.006594986180185719,False,True,847765.8103619218,0.0,198328.49039597064,309637.63961969316
2019-03-11,559606.4273184687,0.002714207702466947,False,True,18301.9250042215,0.0,185673.9073131457,355630.5950011015
2019-03-12,513638.31895436347,0.002492686061532629,False,True,242000.5974497199,0.0,104753.48336503655,166884.238139607
2019-03-13,295682.2365510091,0.0014267562211908978,False,True,171168.2516215816,0.0,92392.70570839196,32121.27922103554
2019-03-14,52080017.49723427,0.2506492277016882,True,True,51621093.73702733,0.0,293686.0861836821,165237.6740232557
2019-03-15,397254.45270434767,0.0019177136170594267,False,True,0.0,0.0,41016.603230558336,356237.84947378933
2019-03-18,199706.18265475333,0.0009622101155530365,False,True,0.0,0.0,50644.24934781343,149061.9333069399
2019-03-19,133967.29229406267,0.0006447312703267297,False,True,0.0,0.0,126570.54204285145,7396.750251211226
2019-03-20,125459.55563417077,0.0006030586812452749,False,True,0.0,0.0,74629.71701352298,50829.83862064779
2019-03-21,209641.4272032678,0.0010056770436320075,False,True,0.0,0.0,76816.88274556398,132824.54445770383
2019-03-22,105369.37647136301,0.0005058256793620244,False,True,0.0,0.0,16094.00735256821,89275.3691187948
2019-03-25,549122.3264818937,0.002638664444328594,False,True,0.0,0.0,325930.8531084657,223191.473373428
2019-03-26,220471.6736235693,0.0010572316352241123,False,True,0.0,0.0,2582.699890382588,217888.97373318672
2019-03-27,51988234.55317453,0.2495329518853561,True,True,0.0,0.0,98167.65537571162,51890066.89779882
2019-03-28,204578.75096540898,0.0009832236791891672,False,True,0.0,0.0,204578.75096540898,0.0
2019-03-29,228106.26168274134,0.0010979038301626549,False,True,0.0,0.0,228106.26168274134,0.0
2019-04-01,48.04202879965305,2.3123233575782387e-07,False,True,0.0,0.0,48.04202879965305,0.0
2019-04-02,281286.33881465346,0.0013514270423282408,False,True,0.0,0.0,281286.33881465346,0.0
2019-04-03,90120.18669937551,0.0004327284007495502,False,True,0.0,0.0,90120.18669937551,0.0
2019-04-04,153597.86874879897,0.0007368034385380856,False,True,0.0,0.0,153597.86874879897,0.0
2019-04-05,23304.904188469052,0.00011177612413318928,False,True,0.0,0.0,23304.904188469052,0.0
2019-04-08,65557.34794538468,0.00031429760070208617,False,True,0.0,0.0,65557.34794538468,0.0
2019-04-09,191677.09186489135,0.0009178212374331247,False,True,0.0,0.0,191677.09186489135,0.0
2019-04-10,71716.51286967844,0.000343562657126302,False,True,0.0,0.0,71716.51286967844,0.0
2019-04-11,208103.0312600881,0.0009956078125637942,False,True,0.0,0.0,208103.0312600881,0.0
2019-04-12,389500.63268957287,0.0018680928088723775,False,True,0.0,0.0,389500.63268957287,0.0
2019-04-15,224620.96968074143,0.0010757644796001282,False,True,0.0,0.0,224620.96968074143,0.0
2019-04-16,182240.3032340631,0.0008738100296142269,False,True,0.0,0.0,182240.3032340631,0.0
2019-04-17,170149.19702277333,0.0008167237294040308,False,True,0.0,0.0,170149.19702277333,0.0
2019-04-18,144972.1731614694,0.0006965191444308442,False,True,0.0,0.0,144972.1731614694,0.0
2019-04-19,52063263.380383834,0.25010353855445183,True,True,0.0,52041710.08664954,21553.293734297156,0.0
2019-04-22,0.0,0.0,False,False,0.0,0.0,0.0,0.0
2019-04-23,294313.3413456902,0.0014136647006006574,False,True,0.0,140926.8850460425,153386.4562996477,0.0
2019-04-24,249969.38043709844,0.0012035590980936527,False,True,0.0,176051.7846004516,73917.59583664685,0.0
2019-04-25,272246.88238876313,0.0013142310998594912,False,True,0.0,270834.8322876394,1412.0501011237502,0.0
2019-04-26,158648.1140222326,0.0007670248906692021,False,True,0.0,100733.55711008608,57914.55691214651,0.0
2019-04-29,525590.2408067584,0.002541791046602081,False,True,0.0,248746.36230953783,276843.8784972206,0.0
2019-04-30,205558.7196535319,0.0009944979257336928,False,True,0.0,81902.45034008473,123656.26931344718,0.0
2019-05-01,128343.21754696965,0.0006211658903594241,False,True,0.0,84002.29509235173,44340.92245461792,0.0
2019-05-02,95078.34811621904,0.00046038370853777974,False,True,0.0,23324.00513675809,71754.34297946095,0.0
2019-05-03,369502.1317958534,0.00179561043741709,False,True,0.0,89273.5275535807,280228.6042422727,0.0
2019-05-06,51604101.978144504,0.25051427344257454,True,True,0.0,51567476.638685994,36625.33945851028,0.0
2019-05-07,175996.00238017738,0.0008553543584042665,False,True,0.0,0.0,175996.00238017738,0.0
2019-05-08,51112254.07812401,0.24880526891531524,True,True,0.0,0.0,51112254.07812401,0.0
2019-05-09,0.0,0.0,False,False,0.0,0.0,0.0,0.0
2019-05-10,0.0,0.0,False,False,0.0,0.0,0.0,0.0
2019-05-13,0.0,0.0,False,False,0.0,0.0,0.0,0.0
2019-05-14,0.0,0.0,False,False,0.0,0.0,0.0,0.0
2019-05-15,0.0,0.0,False,False,0.0,0.0,0.0,0.0
2019-05-16,0.0,0.0,False,False,0.0,0.0,0.0,0.0
2019-05-17,0.0,0.0,False,False,0.0,0.0,0.0,0.0
2019-05-20,0.0,0.0,False,False,0.0,0.0,0.0,0.0
2019-05-21,0.0,0.0,False,False,0.0,0.0,0.0,0.0
2019-05-22,0.0,0.0,False,False,0.0,0.0,0.0,0.0
2019-05-23,0.0,0.0,False,False,0.0,0.0,0.0,0.0
2019-05-24,0.0,0.0,False,False,0.0,0.0,0.0,0.0
2019-05-27,0.0,0.0,False,False,0.0,0.0,0.0,0.0
2019-05-28,0.0,0.0,False,False,0.0,0.0,0.0,0.0
2019-05-29,0.0,0.0,False,False,0.0,0.0,0.0,0.0
2019-05-30,0.0,0.0,False,False,0.0,0.0,0.0,0.0
2019-05-31,0.0,0.0,False,False,0.0,0.0,0.0,0.0
2019-06-03,0.0,0.0,False,False,0.0,0.0,0.0,0.0
2019-06-04,0.0,0.0,False,False,0.0,0.0,0.0,0.0
2019-06-05,0.0,0.0,False,False,0.0,0.0,0.0,0.0
2019-06-06,51357688.586089455,0.25,True,True,0.0,0.0,0.0,51357688.586089455
2019-06-07,145060.22224894166,0.0007054629019448112,False,True,0.0,0.0,0.0,145060.22224894166
2019-06-10,159665.8198108822,0.0007756903597445229,False,True,0.0,0.0,0.0,159665.8198108822
2019-06-11,370729.5986136198,0.0018054184982506552,False,True,0.0,0.0,0.0,370729.5986136198
2019-06-12,33051.71216998249,0.00016099330041916465,False,True,0.0,0.0,0.0,33051.71216998249
2019-06-13,195536.92055929452,0.0009512429197794974,False,True,0.0,0.0,0.0,195536.92055929452
2019-06-14,252309.60064079612,0.0012254236812307617,False,True,0.0,0.0,0.0,252309.60064079612
2019-06-17,17543.88568522036,8.521727144537759e-05,False,True,0.0,0.0,0.0,17543.88568522036
2019-06-18,58691.361477062106,0.0002851944914590553,False,True,0.0,0.0,0.0,58691.361477062106
2019-06-19,51715449.62230658,0.2509714681889596,True,True,51515267.84647225,0.0,0.0,200181.77583432943
2019-06-20,770829.9319706112,0.0037356583406490296,False,True,314733.18324922025,0.0,0.0,456096.74872139096
2019-06-21,769091.3476663306,0.0036996537322847127,False,True,89594.80785657465,0.0,0.0,679496.539809756
2019-06-24,381693.45863413066,0.0018293886035243546,False,True,153688.92866665125,0.0,0.0,228004.5299674794
2019-06-25,799941.5737411529,0.0038212031744282787,False,True,225599.61413120478,0.0,0.0,574341.9596099481
2019-06-26,279642.5285065323,0.0013358455279440934,False,True,141165.96326527745,0.0,0.0,138476.56524125487
2019-06-27,362424.32522049546,0.001737307723206644,False,True,12733.688114643097,0.0,0.0,349690.63710585237
2019-06-28,247585.82469533384,0.0011879019293337364,False,True,171253.7894058451,0.0,0.0,76332.03528948873
2019-07-01,429338.992825225,0.0020558754413611945,False,True,317753.82612906396,0.0,0.0,111585.16669616103
2019-07-02,1186187.439187415,0.005698915207025389,False,True,419981.945205912,0.0,0.0,766205.493981503
2019-07-03,1859778.7373372465,0.008903839515424812,False,True,747108.9863468558,0.0,0.0,1112669.7509903908
2019-07-04,170513.65889903903,0.0008156445646442915,False,True,130277.79987600446,0.0,0.0,40235.85902303457
2019-07-05,805251.5139293075,0.003840745533276562,False,True,554208.8086552545,0.0,0.0,251042.70527405292
2019-07-08,528262.1380893961,0.0025323720288264306,False,True,176847.24797398597,0.0,0.0,351414.8901154101
2019-07-09,378291.4649154395,0.001812697286489177,False,True,210678.61450707912,0.0,0.0,167612.85040836036
2019-07-10,200561.05459207296,0.0009612560418411022,False,True,111539.96974440664,0.0,0.0,89021.08484766632
2019-07-11,726696.1067621633,0.0034588407025063247,False,True,290986.35388953984,0.0,0.0,435709.7528726235
2019-07-12,786477.0451258868,0.003749437738575792,False,True,308361.2944537252,0.0,0.0,478115.7506721616
2019-07-15,52889087.131420575,0.25142430758334,True,True,3399.8914343118668,0.0,52589472.79181563,296214.4481706321
2019-07-16,303094.15435919166,0.0014436392386616315,False,True,59308.94598112255,0.0,202351.96979646385,41433.238581605256
2019-07-17,52725665.749085516,0.2523602300433632,True,True,118901.37125182152,52232542.48502789,336320.3500856757,37901.542720131576
2019-07-18,1277756.2936835438,0.006102085177369562,False,True,180501.72861276567,297091.69473866373,161284.7234903574,638878.146841757
2019-07-19,1248360.1941380277,0.005940281227522922,False,True,37034.19624879211,59234.63180727512,624180.0970690176,527911.2690129429
2019-07-22,1363224.2047958747,0.006495701070750227,False,True,172013.95267059654,129566.83478558809,380031.3149417564,681612.1023979336
2019-07-23,229954.1172521785,0.0010961951542335074,False,True,103824.13265859336,6488.784123949707,114977.05862608552,4664.141843549907
2019-07-24,701606.1822976619,0.0033572044256147218,False,True,172007.376767762,116704.38603585958,350803.09114881605,62091.32834522426
2019-07-25,614540.0408879891,0.002938361750757128,False,True,50999.27368090302,216184.36304495484,91085.65739905089,256270.74676308036
2019-07-26,402861.0087940991,0.0019366348120984519,False,True,68448.46234983951,137107.65556342155,64322.84883363545,132982.0420472026
2019-07-29,812090.5918931141,0.0039093146137367425,False,True,174991.5509403944,310208.82579568774,95836.47015085816,231053.74500617385
2019-07-30,738393.9368436188,0.003551197731386896,False,True,220989.54241919518,148207.4260026291,129030.23022585362,240166.73819594085
2019-07-31,408074.5843645632,0.001962719085294388,False,True,21404.91718056798,182632.37500171363,51578.291535802186,152459.00064647943
2019-08-01,1245021.1272255182,0.005992667524540957,False,True,445550.1053440049,176960.45826874673,40201.62638455629,582308.9372282103
2019-08-02,2951192.786479667,0.014293614391756962,False,True,507952.7265451178,3733.677454531193,963909.9892401919,1475596.393239826
2019-08-05,1243642.5454914123,0.006060432033122798,False,True,525944.9298277646,95876.34291794151,461588.83537679166,160232.43736891448
2019-08-06,1786916.4109479561,0.008721332950306656,False,True,598745.6703441739,67556.80945564806,227155.72567415982,893458.2054739743
2019-08-07,52111353.31470408,0.2546076316621283,True,True,329029.49482353777,51210397.70042275,142499.81465101242,429426.3048067838
2019-08-08,1439000.0560092106,0.0070116751354564995,False,True,179661.56405967474,0.0,470343.3474756405,788995.1444738954
2019-08-09,52528940.923158586,0.25445575755458666,True,True,193031.56054659188,0.0,52026906.62933886,309002.73327313364
2019-08-12,91760.24043427408,0.0004448918362240382,False,True,103.17368939518929,0.0,0.0,91657.06674487889
2019-08-13,1144661.529479526,0.005554258227117878,False,True,613760.6852273867,0.0,0.0,530900.8442521393
2019-08-14,803558.3674207255,0.003896366621015707,False,True,438164.23221265525,0.0,0.0,365394.1352080703
2019-08-15,1228523.0374948084,0.005963008095421575,False,True,666435.9174486175,0.0,0.0,562087.1200461909
2019-08-16,51681154.99737668,0.250566101878169,True,True,51504145.95113288,0.0,0.0,177009.0462438017
2019-08-19,248040.80893830955,0.0012045093278583146,False,True,0.0,0.0,0.0,248040.80893830955
2019-08-20,448992.14908592403,0.0021867048346056136,False,True,0.0,0.0,0.0,448992.14908592403
2019-08-21,290302.3725017607,0.0014111853957323951,False,True,0.0,0.0,0.0,290302.3725017607
2019-08-22,116441.63504674286,0.000566460555255799,False,True,0.0,0.0,0.0,116441.63504674286
2019-08-23,117732.06004486233,0.0005731758688380833,False,True,0.0,0.0,0.0,117732.06004486233
2019-08-26,742979.3649879843,0.0035998166460172393,False,True,0.0,0.0,0.0,742979.3649879843
2019-08-27,8870.294259488583,4.29750875464224e-05,False,True,0.0,0.0,0.0,8870.294259488583
2019-08-28,392759.80165819824,0.0018980397535241884,False,True,0.0,0.0,0.0,392759.80165819824
2019-08-29,95563.96295856684,0.0004621042117961359,False,True,0.0,0.0,0.0,95563.96295856684
2019-08-30,286718.896688655,0.0013890109460897885,False,True,0.0,0.0,0.0,286718.896688655
2019-09-02,183684.17780826986,0.0008909158533048449,False,True,0.0,0.0,0.0,183684.17780826986
2019-09-03,226548.86448889226,0.00109721316885673,False,True,0.0,0.0,0.0,226548.86448889226
2019-09-04,450864.6866948083,0.0021772722605000244,False,True,0.0,0.0,0.0,450864.6866948083
2019-09-05,136776.93575190753,0.0006599288003422173,False,True,0.0,0.0,0.0,136776.93575190753
2019-09-06,838525.4943845123,0.004067706056632199,False,True,0.0,0.0,0.0,838525.4943845123
2019-09-09,311187.6617251709,0.0015126229186489977,False,True,0.0,0.0,0.0,311187.6617251709
2019-09-10,196860.2031186819,0.0009581217325432274,False,True,0.0,0.0,0.0,196860.2031186819
2019-09-11,343068.2129774317,0.0016734440104493016,False,True,0.0,0.0,0.0,343068.2129774317
2019-09-12,295448.7533449456,0.0014383982641816275,False,True,0.0,0.0,0.0,295448.7533449456
2019-09-13,52989.72741921991,0.00025789285678512436,False,True,0.0,0.0,0.0,52989.72741921991
2019-09-16,275725.16940918565,0.0013443172839361717,False,True,0.0,0.0,0.0,275725.16940918565
2019-09-17,255772.29750171304,0.001244965643978322,False,True,0.0,0.0,0.0,255772.29750171304
2019-09-18,75837.31811603904,0.00036895476989724134,False,True,0.0,0.0,0.0,75837.31811603904
2019-09-19,189442.2506294772,0.0009227860636797262,False,True,0.0,0.0,0.0,189442.2506294772
2019-09-20,129596.85943841189,0.0006307442029215565,False,True,0.0,0.0,0.0,129596.85943841189
2019-09-23,459257.97834946215,0.002228553755493451,False,True,0.0,0.0,0.0,459257.97834946215
2019-09-24,51701099.90736737,0.25065948288637796,True,True,0.0,0.0,51565074.76998495,136025.13738241792
2019-09-25,653358.1927607134,0.0031676534952262657,False,True,0.0,0.0,326913.066595003,326445.1261657104
2019-09-26,642961.8466629013,0.0031359494116382086,False,True,0.0,0.0,13991.747022144496,628970.0996407568
2019-09-27,202214.65203855932,0.000987005390422434,False,True,0.0,0.0,139221.95219998062,62992.6998385787
2019-09-30,228278.72835037857,0.001116712123266266,False,True,0.0,0.0,77945.23172939569,150333.49662098289
2019-10-01,601289.1219265833,0.002958840640764102,False,True,0.0,0.0,64867.134260453284,536421.9876661301
2019-10-02,172940.6104325652,0.0008498153339514182,False,True,0.0,0.0,14984.945994205773,157955.66443835944
2019-10-03,924643.2956329286,0.004533092690146318,False,True,0.0,0.0,344194.9433159679,580448.3523169607
2019-10-04,169470.88341922313,0.0008294580212481962,False,True,0.0,0.0,58997.45929147303,110473.4241277501
2019-10-07,145586.1908979118,0.0007121747390456434,False,True,0.0,0.0,100196.8368479535,45389.35404995829
2019-10-08,261792.34621085972,0.0012839174285211377,False,True,0.0,0.0,13635.949167720973,248156.39704313874
2019-10-09,299325.8919723183,0.001464256620805369,False,True,0.0,0.0,19535.111703760922,279790.78026855737
2019-10-10,25851.68676787615,0.0001264439996226377,False,True,0.0,0.0,20407.132990710437,5444.553777165711
2019-10-11,406578.58555814624,0.0019923292645321034,False,True,0.0,0.0,108367.99338602275,298210.5921721235
2019-10-14,749988.8478036076,0.00366775264428013,False,True,0.0,0.0,477461.07342175394,272527.77438185364
2019-10-15,303332.9863353446,0.0014835309720702989,False,True,0.0,0.0,155402.86229482293,147930.12404052168
2019-10-16,301596.64039514214,0.001478899012331355,False,True,0.0,0.0,17377.535258740187,284219.10513640195
2019-10-17,360445.66237674654,0.0017651540532741584,False,True,0.0,0.0,113357.67476472259,247087.98761202395
2019-10-18,109995.93067815155,0.0005380861355033412,False,True,0.0,0.0,105383.46143589914,4612.4692422524095
2019-10-21,118470.81041430682,0.0005795618070195406,False,True,0.0,0.0,57680.349182501435,60790.461231805384
2019-10-22,51070749.13295953,0.250407344229465,True,True,0.0,0.0,157481.59992740303,50913267.53303213
2019-10-23,111135.57176294178,0.0005445183239754584,False,True,0.0,0.0,111135.57176294178,0.0
2019-10-24,261142.28893933445,0.0012773101065641846,False,True,0.0,0.0,261142.28893933445,0.0
2019-10-25,163991.43488871306,0.0008012648289307303,False,True,0.0,0.0,163991.43488871306,0.0
2019-10-28,72883.29594923556,0.000355939969673024,False,True,0.0,0.0,72883.29594923556,0.0
2019-10-29,8113.460801720619,3.962578166574936e-05,False,True,0.0,0.0,8113.460801720619,0.0
2019-10-30,51264785.45851882,0.2502810935356033,True,True,0.0,51207209.3963684,57576.06215041876,0.0
2019-10-31,51290353.680314735,0.25032676898144696,True,True,51223400.80628386,49667.846930876374,17285.027099996805,0.0
2019-11-01,421066.36126576364,0.0020556469831125492,False,True,50615.91327574849,152464.86526350677,217985.58272650838,0.0
2019-11-04,659324.6299247295,0.0031986473940807648,False,True,153124.03116773814,168151.04754464328,338049.55121234804,0.0
2019-11-05,493872.6768622622,0.0023961867829192713,False,True,181480.70383690298,67745.60766074061,244646.3653646186,0.0
2019-11-06,195852.67679513246,0.00095076796499177,False,True,80961.76625451446,31160.12165708095,83730.78888353705,0.0
2019-11-07,739627.1846927479,0.003608607034356323,False,True,394775.7307205424,240785.33353555948,104066.12043664604,0.0
2019-11-08,574870.4765644372,0.002814060993923224,False,True,372054.5517491028,119113.96476461738,83701.960050717,0.0
2019-11-11,433511.2014840245,0.0021301226063948483,False,True,312950.5484223962,97.34776359051466,120463.30529803783,0.0
2019-11-12,508065.7261151448,0.0025064415109301965,False,True,40818.698811262846,111880.58947827667,355366.4378256053,0.0
2019-11-13,275232.4307227507,0.0013597603599344304,False,True,174059.82239717245,27644.163715340197,73528.44461023808,0.0
2019-11-14,46595.21613355726,0.00023038632105765376,False,True,2764.4983333200216,41036.37660366297,2794.3411965742707,0.0
2019-11-15,392886.00900638103,0.0019483456113502373,False,True,1805.5614940151572,269275.24279216677,121805.20472019911,0.0
2019-11-18,262012.04875784367,0.0012967539068723874,False,True,80860.1584873125,173168.35742465407,7983.532845877111,0.0
2019-11-19,571630.0662603751,0.0028367574834876896,False,True,85811.71526679397,132004.24095388502,353814.1100396961,0.0
2019-11-20,561870.9132317752,0.0027947989064309397,False,True,158053.95239147544,222605.9849781841,181210.97586211562,0.0
2019-11-21,550092.1697778478,0.0027321426288877517,False,True,114873.68732067943,237631.47571334243,197587.00674382597,0.0
2019-11-22,445671.66861797124,0.0022138727571696564,False,True,156568.12960229814,70307.97359775752,218795.56541791558,0.0
2019-11-25,474036.273473084,0.0023504033548982575,False,True,283808.9725205898,172448.697247006,17778.603705488145,0.0
2019-11-26,50145191.56180061,0.24931501403144904,True,True,50071646.58354734,43560.961341135204,29984.0169121325,0.0
2019-11-27,75903.43230888247,0.0003770968350654795,False,True,0.0,48311.69762226194,27591.734686620533,0.0
2019-11-28,184362.94449659437,0.0009169787341463617,False,True,0.0,34957.10655481368,149405.8379417807,0.0
2019-11-29,118676.17917134613,0.0005906165462161016,False,True,0.0,89007.13437851518,29669.044792830944,0.0
2019-12-02,774145.1229344979,0.003868078641051355,False,True,0.0,187265.80744093657,586879.3154935613,0.0
2019-12-03,50315022.99145446,0.25093363787963857,True,True,0.0,264910.27627184987,50050112.71518261,0.0
2019-12-04,133048.29144199938,0.0006629586584757946,False,True,0.0,133048.29144199938,0.0,0.0
2019-12-05,63407.1465113014,0.00031581477231876806,False,True,0.0,63407.1465113014,0.0,0.0
2019-12-06,50007868.84967291,0.2493066587728658,True,True,0.0,50007868.84967291,0.0,0.0
2019-12-09,0.0,0.0,False,False,0.0,0.0,0.0,0.0
2019-12-10,0.0,0.0,False,False,0.0,0.0,0.0,0.0
2019-12-11,0.0,0.0,False,False,0.0,0.0,0.0,0.0
2019-12-12,0.0,0.0,False,False,0.0,0.0,0.0,0.0
2019-12-13,50146944.626169465,0.25,True,True,0.0,50146944.626169465,0.0,0.0
2019-12-16,148046.89873610437,0.0007387924349757541,False,True,0.0,148046.89873610437,0.0,0.0
2019-12-17,114583.6107590273,0.0005713663348535432,False,True,0.0,114583.6107590273,0.0,0.0
2019-12-18,218983.9680038169,0.0010935464432123264,False,True,0.0,218983.9680038169,0.0,0.0
2019-12-19,37149.86361165345,0.00018547044903587922,False,True,0.0,37149.86361165345,0.0,0.0
2019-12-20,90090.44777269661,0.00044950639669173926,False,True,0.0,90090.44777269661,0.0,0.0
2019-12-23,136143.17221312225,0.0006786718367475347,False,True,0.0,136143.17221312225,0.0,0.0
2019-12-24,50245056.23263952,0.25035301827757256,True,True,0.0,70849.64794839174,50174206.58469113,0.0
2019-12-25,207961.16834635288,0.0010344139224292182,False,True,0.0,17560.393371768296,190400.77497458458,0.0
2019-12-26,0.0,0.0,False,False,0.0,0.0,0.0,0.0
2019-12-27,285068.15306631476,0.0014146679706681313,False,True,0.0,25941.784204356372,259126.36886195838,0.0
2019-12-30,50736071.89174823,0.25131924691631025,True,True,50469743.67689737,225688.71650145948,40639.498349398375,0.0
2019-12-31,441511.4151862636,0.002181548066371119,False,True,283940.670655407,56512.86717778444,101057.87735307217,0.0
2020-01-01,51214862.407846875,0.25306852077026876,True,True,62340.358040846884,247034.04437163472,311618.9497697726,50593869.05566462
2020-01-02,1000.3599040582776,4.943072284065273e-06,False,True,166.72665067017078,166.72665067017078,166.72665067017078,500.17995204776525
2020-01-03,757229.6904432029,0.003738468780782496,False,True,142227.0070540309,236387.83816758543,27464.100672781467,351150.74454880506
2020-01-06,1454489.166187346,0.007162106493192364,False,True,274036.184391886,453208.39870180935,95882.87054467946,631361.7125489712
2020-01-07,873558.5512491912,0.004293964592416445,False,True,169090.6650263518,267688.6105982363,83278.90707589686,353500.3685487062
2020-01-08,1174069.4068771005,0.005791040536804218,False,True,282123.94866050035,304910.75477804244,131768.63158515096,455266.0718534067
2020-01-09,1306135.7741013765,0.00647709384814581,False,True,490202.7277372554,162865.15931344032,346275.9118217975,306791.9752288833
2020-01-10,139018.79266996682,0.0006903827027377601,False,True,3077.6383834704757,69509.39633498341,6073.32343493402,60358.43451657891
2020-01-13,450630.27071768045,0.0022273507575769195,False,True,144147.61945267767,138340.27707259357,81167.51590614766,86974.85828626156
2020-01-14,1044573.6117002368,0.005203472077722372,False,True,446960.3275644854,388882.8418632895,133403.96398682147,75326.47828564048
2020-01-15,109822.47241328657,0.0005472827443862416,False,True,7476.739284217358,18345.41374206543,54911.23620663583,29089.083180367947
2020-01-16,913678.9609133825,0.004558477829188941,False,True,316669.3513825834,78587.02392092347,140170.12907410413,378252.4565357715
2020-01-17,273760.8987226859,0.0013692598240318485,False,True,39543.38086684793,92357.16391144693,136880.44936134666,4979.90458304435
2020-01-20,452870.91655024886,0.002263865238457577,False,True,57735.38069717586,168700.07757794112,101586.75112755597,124848.70714757591
2020-01-21,231922.63235154003,0.0011593926433062886,False,True,10951.233940012753,105010.08223576099,1297.6319516450167,114663.68422412127
2020-01-22,448874.292458795,0.0022518856205734246,False,True,19155.811568163335,131393.65170841664,205281.33466123044,93043.49452098459
2020-01-23,717963.4172817469,0.0036063219121579325,False,True,277482.41101010144,84883.46459288895,274098.2440479845,81499.297630772
2020-01-24,613603.6203635111,0.003080574674852888,False,True,164266.24406003952,34737.97058541328,306801.81018175185,107797.5955363065
2020-01-27,886543.1902209818,0.00446536706343484,False,True,26322.10208811611,7787.633050434291,416949.4930223748,435483.9620600566
2020-01-28,1343357.153633237,0.006812806604592321,False,True,151262.61815389246,162499.5434902981,357916.4151724279,671678.5768166184
2020-01-29,789594.3433387056,0.004010036463784534,False,True,241724.23220154643,28367.552076756954,124705.38739106804,394797.1716693342
2020-01-30,49824892.58017351,0.2532386684869706,True,True,49164408.44477771,60676.38692871481,257928.80561597645,341878.94285110384
2020-01-31,97779942.7309125,0.4989871550629679,True,True,0.0,48939857.622604966,48721155.99817901,118929.11012852937
2020-02-03,347282.29077719897,0.0017680608365019705,False,True,0.0,0.0,0.0,347282.29077719897
2020-02-04,288064.8104508817,0.0014694500970175914,False,True,0.0,0.0,0.0,288064.8104508817
2020-02-05,555058.4306911454,0.002842143460802096,False,True,0.0,0.0,0.0,555058.4306911454
2020-02-06,73098.18444034457,0.0003741081743842418,False,True,0.0,0.0,0.0,73098.18444034457
2020-02-07,250516.95128969848,0.0012799291708368776,False,True,0.0,0.0,0.0,250516.95128969848
2020-02-10,88546.11221339554,0.00045212282430842393,False,True,0.0,0.0,0.0,88546.11221339554
2020-02-11,39984.263380385935,0.0002041069663737241,False,True,0.0,0.0,0.0,39984.263380385935
2020-02-12,99528.6613259539,0.0005084066107180406,False,True,0.0,0.0,0.0,99528.6613259539
2020-02-13,42842.395434461534,0.00021890894823226078,False,True,0.0,0.0,0.0,42842.395434461534
2020-02-14,232910.72672761232,0.0011882030799244198,False,True,0.0,0.0,0.0,232910.72672761232
2020-02-17,187965.8346137032,0.0009576905162498355,False,True,0.0,0.0,0.0,187965.8346137032
2020-02-18,68069.25471970439,0.0003469749625393179,False,True,0.0,0.0,0.0,68069.25471970439
2020-02-19,476449.09183463454,0.0024208037825058913,False,True,0.0,0.0,0.0,476449.09183463454
2020-02-20,232483.73849144578,0.001179375768522898,False,True,0.0,0.0,0.0,232483.73849144578
2020-02-21,180251.95860546082,0.0009132936514083944,False,True,0.0,0.0,0.0,180251.95860546082
2020-02-24,544956.9142296538,0.0027510385122322327,False,True,0.0,0.0,0.0,544956.9142296538
2020-02-25,360932.3090124354,0.0018176341240225588,False,True,0.0,0.0,0.0,360932.3090124354
2020-02-26,543885.3095004633,0.0027490141049524505,False,True,0.0,0.0,0.0,543885.3095004633
2020-02-27,132038.2240722254,0.0006667807246142168,False,True,0.0,0.0,0.0,132038.2240722254
2020-02-28,91637.8598941192,0.00046247729483897315,False,True,0.0,0.0,0.0,91637.8598941192
2020-03-02,1339733.4293790609,0.006822866186556064,False,True,0.0,0.0,0.0,1339733.4293790609
2020-03-03,87069.44833207875,0.0004431569476767437,False,True,0.0,0.0,0.0,87069.44833207875
2020-03-04,1192710.7840296626,0.006021793603589867,False,True,0.0,0.0,0.0,1192710.7840296626
2020-03-05,89850.17840605974,0.0004539127969108408,False,True,0.0,0.0,0.0,89850.17840605974
2020-03-06,800372.9203945026,0.004021710400393688,False,True,0.0,0.0,0.0,800372.9203945026
2020-03-09,35703.17481888831,0.00017935825615951747,False,True,0.0,0.0,0.0,35703.17481888831
2020-03-10,148061.95096503198,0.0007430662074975403,False,True,0.0,0.0,0.0,148061.95096503198
2020-03-11,690760.8541931957,0.0034827621767768136,False,True,0.0,0.0,0.0,690760.8541931957
2020-03-12,323767.7746942416,0.0016359725606236966,False,True,0.0,0.0,0.0,323767.7746942416
2020-03-13,1336509.4987480193,0.006814636637572516,False,True,0.0,0.0,0.0,1336509.4987480193
2020-03-16,1080691.2181143612,0.005551045974293264,False,True,0.0,0.0,0.0,1080691.2181143612
2020-03-17,375330.29452558607,0.0019328788467115343,False,True,0.0,0.0,0.0,375330.29452558607
2020-03-18,341463.3080486655,0.0017543570651995272,False,True,0.0,0.0,0.0,341463.3080486655
2020-03-19,1008893.73559165,0.005219529068761915,False,True,0.0,0.0,0.0,1008893.73559165
2020-03-20,361191.07745732367,0.001873295566660266,False,True,0.0,0.0,0.0,361191.07745732367
2020-03-23,673530.8484307975,0.0034770320531360365,False,True,0.0,0.0,0.0,673530.8484307975
2020-03-24,1322767.0945681483,0.006767032887102025,False,True,0.0,0.0,0.0,1322767.0945681483
2020-03-25,1866260.1085708663,0.009427432569242585,False,True,0.0,0.0,0.0,1866260.1085708663
2020-03-26,350638.0821759477,0.0017754449742548807,False,True,0.0,0.0,0.0,350638.0821759477
2020-03-27,330702.26514080167,0.001670770313049574,False,True,0.0,0.0,0.0,330702.26514080167
2020-03-30,72344.30130773038,0.00036567528035102986,False,True,0.0,0.0,0.0,72344.30130773038
2020-03-31,128724.54414787889,0.0006512227619836701,False,True,0.0,0.0,0.0,128724.54414787889
2020-04-01,1035455.4053696468,0.005275256760971418,False,True,0.0,0.0,0.0,1035455.4053696468
2020-04-02,334390.55189131945,0.0016997335146804178,False,True,0.0,0.0,0.0,334390.55189131945
2020-04-03,521028.3654674366,0.002639108901592187,False,True,0.0,0.0,0.0,521028.3654674366
2020-04-06,49565025.34170503,0.25079145507041867,True,True,0.0,0.0,0.0,49565025.34170503
2020-04-07,0.0,0.0,False,False,0.0,0.0,0.0,0.0
2020-04-08,0.0,0.0,False,False,0.0,0.0,0.0,0.0
2020-04-09,0.0,0.0,False,False,0.0,0.0,0.0,0.0
2020-04-10,0.0,0.0,False,False,0.0,0.0,0.0,0.0
2020-04-13,49408606.57292718,0.25,True,True,0.0,0.0,0.0,49408606.57292718
2020-04-14,408207.4338466972,0.002059794659742618,False,True,0.0,0.0,0.0,408207.4338466972
2020-04-15,251934.5633788556,0.001269098310924415,False,True,0.0,0.0,0.0,251934.5633788556
2020-04-16,214237.43021840602,0.001080757443526627,False,True,0.0,0.0,0.0,214237.43021840602
2020-04-17,14503.249109141529,7.315698980460802e-05,False,True,0.0,0.0,0.0,14503.249109141529
2020-04-20,754813.9396310821,0.0038268440824351397,False,True,0.0,0.0,0.0,754813.9396310821
2020-04-21,281961.2371536046,0.0014268005711650942,False,True,0.0,0.0,0.0,281961.2371536046
2020-04-22,206501.3994878605,0.0010464111971534595,False,True,0.0,0.0,0.0,206501.3994878605
2020-04-23,611794.5130041093,0.003087404100001742,False,True,0.0,0.0,0.0,611794.5130041093
2020-04-24,356139.257553868,0.0017929504201374983,False,True,0.0,0.0,0.0,356139.257553868
2020-04-27,19584.844143517315,9.861106495616787e-05,False,True,0.0,0.0,0.0,19584.844143517315
2020-04-28,336087.9713560045,0.001696053334955848,False,True,0.0,0.0,0.0,336087.9713560045
2020-04-29,134399.6512823254,0.0006788559015206578,False,True,0.0,0.0,0.0,134399.6512823254
2020-04-30,122158.49273334444,0.0006165183024757349,False,True,0.0,0.0,0.0,122158.49273334444
2020-05-01,583487.2413497493,0.0029563934709590195,False,True,0.0,0.0,0.0,583487.2413497493
2020-05-04,305438.1576273665,0.0015443969751121095,False,True,0.0,0.0,0.0,305438.1576273665
2020-05-05,49490924.93915325,0.2501818962184695,True,True,0.0,49454942.2712182,0.0,35982.66793504357
2020-05-06,181506.0207451582,0.0009158516179537733,False,True,0.0,160394.3441517502,0.0,21111.67659340799
2020-05-07,464242.40308295935,0.002350914767776416,False,True,0.0,54698.3735345006,0.0,409544.02954845876
2020-05-08,728690.425235711,0.0036705762144819457,False,True,0.0,102097.6431651488,0.0,626592.7820705622
2020-05-11,1078317.7367119864,0.005423379905326234,False,True,0.0,615544.6649258211,0.0,462773.07178616524
2020-05-12,282759.6941416785,0.0014261606994133082,False,True,0.0,281695.0542027652,0.0,1064.6399389132857
2020-05-13,193617.59807213396,0.0009746493411970268,False,True,0.0,151178.82081146538,0.0,42438.777260668576
2020-05-14,724182.9728114977,0.003644208602940715,False,True,0.0,345090.31470631063,0.0,379092.6581051871
2020-05-15,801462.0975690857,0.004032882963335948,False,True,0.0,398181.1933505088,0.0,403280.90421857685
2020-05-18,457333.4041377455,0.002297669790991606,False,True,0.0,151050.37750813365,0.0,306283.02662961185
2020-05-19,969158.0098598227,0.004860938102916635,False,True,0.0,568198.1447669566,0.0,400959.8650928661
2020-05-20,450367.08886642754,0.0022487156011565274,False,True,0.0,315934.8509049043,0.0,134432.23796152323
2020-05-21,157112.690198116,0.0007832462046784272,False,True,0.0,145862.3670810312,0.0,11250.323117084801
2020-05-22,410418.3849159777,0.0020544456371994,False,True,0.0,8062.527844324708,0.0,402355.857071653
2020-05-25,571908.5831558779,0.0028646541731011783,False,True,0.0,317883.3587656021,0.0,254025.22439027578
2020-05-26,239145.17150451243,0.001197371055082572,False,True,0.0,140084.6465034634,0.0,99060.52500104904
2020-05-27,1428641.8718503714,0.007146008227181727,False,True,0.0,763437.9060047716,0.0,665203.9658455998
2020-05-28,512499.27878724784,0.002570925144763789,False,True,0.0,400590.6730020121,0.0,111908.60578523576
2020-05-29,441484.7907194495,0.002204918375836548,False,True,0.0,403932.14188587666,0.0,37552.648833572865
2020-06-01,524411.6236906052,0.002616843920903859,False,True,0.0,219396.13810322434,0.0,305015.4855873808
2020-06-02,826473.3008093908,0.004096270478918758,False,True,0.0,754205.2631694078,0.0,72268.037639983
2020-06-03,1146214.7020234987,0.005668118115702604,False,True,0.0,687857.6678580791,0.0,458357.03416541964
2020-06-04,51564808.557548136,0.2556299334662457,True,True,0.0,441636.4273508936,50429157.354880884,694014.7753163576
2020-06-05,271664.6266784817,0.0013395474474619477,False,True,0.0,33213.95463774353,84647.93360185623,153802.73843888193
2020-06-08,1310954.0995368809,0.006481284641447995,False,True,0.0,185552.14166789502,402967.9711918682,722433.9866771176
2020-06-09,511908.0082839504,0.0025259074514016803,False,True,0.0,66573.45163824409,139958.29691801965,305376.25972768664
2020-06-10,638722.4110607654,0.0031441277643948725,False,True,0.0,204450.03483481705,54321.51266416162,379950.8635617867
2020-06-11,614864.2236721516,0.003011485582737827,False,True,0.0,139884.53517254442,39381.16457866132,435598.5239209458
2020-06-12,51245136.47744541,0.2530903969024146,True,True,50619400.325572476,233467.10490471125,291333.1878184974,100935.85914972425
2020-06-15,677374.7854858786,0.003361990221891897,False,True,88866.9519669488,193657.26141004264,56163.17936594039,338687.39274294674
2020-06-16,2199877.6520296857,0.011005124550729026,False,True,1099938.826014854,517476.72952055186,349012.1112360284,233449.98525825143
2020-06-17,526555.0318135396,0.0026277980949855548,False,True,151782.09118439257,182201.09900441766,111495.42472238839,81076.41690234095
2020-06-18,1172406.841865629,0.005850660127371619,False,True,586203.4209328219,476549.450758636,99970.93959952146,9683.030574649572
2020-06-19,1270144.7271762788,0.006383969315540276,False,True,608033.1873217821,27039.176266364753,394101.3136643693,240971.04992376268
2020-06-22,1097681.7268178016,0.0054946037673815696,False,True,330211.21463186294,218629.6487770304,148329.1289301738,400511.73447873443
2020-06-23,1506733.3404410407,0.007466718408714402,False,True,753366.6702205241,246284.2056614235,304829.8871718347,202252.5773872584
2020-06-24,882348.3135543838,0.004342704396860789,False,True,253262.39635574073,132471.88395359367,441174.1567771733,55439.876467876136
2020-06-25,1003357.1037690341,0.004995063719464671,False,True,292504.56601528823,132205.29229139537,209173.98586922884,369473.2595931217
2020-06-26,838373.5383667275,0.0041966985031486265,False,True,406302.78685797006,12883.982325389981,69493.37899117172,349693.3901921958
2020-06-29,1860014.864740312,0.00937446028132919,False,True,930007.432370156,218882.159607023,159566.61594823748,551558.6568148956
2020-06-30,1009826.8889219314,0.005058638944101568,False,True,4423.4364362210035,244954.90518320352,500490.0080247298,259958.53927777708
2020-07-01,1268881.9525008872,0.006338617630585873,False,True,634440.976250425,115143.03185674548,429784.0392467603,89513.90514695644
2020-07-02,1774593.9459810555,0.008806019475160446,False,True,887296.9729905277,72765.55359102786,174630.1544334665,639901.2649660334
2020-07-03,454968.66830223054,0.00225105215511624,False,True,26659.21655999869,227484.3341511339,198568.39214736968,2256.725443728268
2020-07-06,268777.53923935443,0.0013282804071076874,False,True,32503.59496578574,134388.7696196735,59053.86890400201,42831.30574989319
2020-07-07,211220.7548320219,0.0010370772489010428,False,True,24467.314556643367,13352.214504115283,92258.16291189194,81143.0628593713
2020-07-08,784692.0946847498,0.003846126549121553,False,True,185273.69801577926,207072.34932658076,189941.7935668826,202404.2537755072
2020-07-09,1103255.4471956268,0.00540544443372164,False,True,504650.0236840844,46977.69991373271,172778.7376480773,378848.98594973236
2020-07-10,1253803.299385488,0.006139136869724348,False,True,626901.6496927291,70042.09836173058,373624.38306406885,183235.1682669595
2020-07-13,789404.1770932674,0.0038717587340361785,False,True,343263.34152923524,85896.19397756457,308805.8945690766,51438.747017391026
2020-07-14,453398.983677268,0.0022216637027489394,False,True,66365.86299031228,159917.6085249409,160333.62884830683,66781.88331370801
2020-07-15,1332067.1412668899,0.006565405851970883,False,True,666033.5706334561,125300.09278190136,56691.98103739321,484041.4968141392
2020-07-16,1296911.7556488141,0.006331224203066372,False,True,648455.8778244331,73599.74284751713,112942.99573361874,461913.1392432451
2020-07-17,292988.6007983312,0.001436612948138062,False,True,5427.90457944572,63696.043814241886,77370.35200547427,146494.30039916933
2020-07-20,607733.4828148112,0.00297568260610316,False,True,44548.430231027305,203485.4705547616,55832.840621605515,303866.74140741676
2020-07-21,584423.5427001715,0.002857995487018119,False,True,86986.81126368791,148402.40071166307,205224.96008639783,143809.37063842267
2020-07-22,906190.8104725778,0.004358281082978672,False,True,453095.4052363038,166637.90980487317,106184.05747208744,180273.4379593134
2020-07-23,1425233.4711474255,0.006768282155329134,False,True,542955.4240275398,399243.5309024304,313373.20467128605,169661.31154616922
2020-07-24,1573050.9760683253,0.0074728178468886665,False,True,678297.5557694063,108227.93226474524,317515.04123319685,469010.446800977
2020-07-27,907328.1462029442,0.004311399678459132,False,True,274838.5705346763,178825.50256679952,33536.805258482695,420127.2678429857
2020-07-28,1155893.002502121,0.005437271019949889,False,True,136041.5025851503,179217.05570908636,262687.94295683503,577946.5012510493
2020-07-29,684659.68148949,0.003214519763725492,False,True,252116.5879549086,11637.205705195665,78576.04708462954,342329.84074475616
2020-07-30,423871.0407837257,0.0019811097880300405,False,True,22245.183257617056,189690.3371342495,117540.40811631829,94395.11227554083
2020-07-31,368040.80087771267,0.0017327966475645749,False,True,57830.241177886724,120392.96353571862,184020.4004388675,5797.195725239813
2020-08-03,984275.5089239478,0.0046151062989164444,False,True,492137.75446196645,78775.05673844367,110660.64180062711,302702.0559229106
2020-08-04,2653570.7291105688,0.012482311172387328,False,True,984760.8195615113,342024.544993788,1125046.5287524462,201738.8358028233
2020-08-05,1222999.6432746798,0.005696809063432644,False,True,393856.467773661,179622.1462493837,38021.207614287734,611499.8216373473
2020-08-06,133433.86148400605,0.0006159518911809886,False,True,66716.93074200302,45490.52583259344,5802.5583278387785,15423.846581570804
2020-08-07,1591211.8916981444,0.007345824558592724,False,True,783345.2748078406,12260.671041227877,116172.42674540728,679433.5191036686
2020-08-10,673940.6733791232,0.0031474319913837347,False,True,172679.26098531485,336970.33668955415,52369.4005889073,111921.67511534691
2020-08-11,1009901.9526218995,0.004710146725588465,False,True,232138.34824820608,217571.87693396956,272812.62806275487,287379.09937696904
2020-08-12,4188643.1676732153,0.01989124194479923,False,True,908978.1172287986,992105.7173579186,193237.7492498979,2094321.5838366002
2020-08-13,1093546.5822512507,0.005196196725556713,False,True,546773.2911256254,90079.49702934921,316726.65231529623,139967.14178097993
2020-08-14,1576515.171065338,0.00740549150061676,False,True,356307.4973774031,604616.588073723,183640.9974589646,431950.0881552473
2020-08-17,399554.91923984885,0.0018808721234187305,False,True,79262.51182363927,109507.25383932143,90270.20578058809,120514.94779630005
2020-08-18,53768477.23870808,0.2512519893685117,True,True,52414567.42903609,133964.23652828485,515791.969690986,704153.6034527197
2020-08-19,321732.5405263826,0.0014962505607287358,False,True,0.0,32910.08038948476,82840.21144363284,205982.24869326502
2020-08-20,2384682.1378261596,0.011198499856325842,False,True,0.0,515936.99279780686,416494.80114626884,1452250.343882084
2020-08-21,1335849.5215988457,0.0062860322562383955,False,True,0.0,424871.48985788226,297528.9832250327,613449.0485159308
2020-08-24,234805.20331577212,0.0011074708120696775,False,True,0.0,55971.43164823949,116715.29446744174,62118.477200090885
2020-08-25,598841.1023152024,0.002825084427437495,False,True,0.0,137489.38627821952,156118.78455288708,305232.93148409575
2020-08-26,339094.73378459364,0.0015977188568294819,False,True,0.0,51322.84463661909,202545.04320175946,85226.8459462151
2020-08-27,566649.3240666687,0.002653550528300571,False,True,0.0,50292.314361177385,119946.51118680835,396410.498518683
2020-08-28,1054548.9000969604,0.004947804390159358,False,True,0.0,138672.71610428393,337463.79046899825,578412.3935236782
2020-08-31,909137.0177863613,0.004221400909207161,False,True,0.0,315957.58696204424,175931.1578206867,417248.27300363034
2020-09-01,283854.6131265387,0.0013145515082995764,False,True,0.0,213033.41460303962,9993.954672113061,60827.24385138601
2020-09-02,308987.2583517805,0.0014304255702713238,False,True,0.0,144736.91872660816,118472.60447191447,45777.73515325785
2020-09-03,413989.12011731416,0.0019313268898476469,False,True,0.0,3325.039731055498,77455.95882158726,333208.1215646714
2020-09-04,287579.3894172162,0.0013474612835089965,False,True,0.0,27334.000502198935,161902.69605339319,98342.69286162406
2020-09-07,571946.1898261756,0.0026825435508599517,False,True,0.0,312562.63404306024,122478.14517489076,136905.41060822457
2020-09-08,342079.76276931167,0.0016024660242230948,False,True,0.0,203594.15794216096,65108.55311500281,73377.05171214789
2020-09-09,746822.9177506492,0.0035168343901841657,False,True,0.0,57727.63897013664,454966.0966923088,234129.18208820373
2020-09-10,225958.96394828707,0.001059544804794131,False,True,0.0,41747.207359172404,3215.222242936492,180996.53434617817
2020-09-11,307629.497708261,0.0014427941196402513,False,True,0.0,148497.4733017087,149227.48258898407,9904.541817568243
2020-09-14,248216.09783995897,0.0011652192615020575,False,True,0.0,46216.88846415281,99490.55952307582,102508.64985273033
2020-09-15,371617.4020290449,0.0017388127177872656,False,True,0.0,64528.7903220579,34015.682824127376,273072.92888285965
2020-09-16,175722.31277092546,0.000822069497644128,False,True,0.0,63599.51413567364,28884.239363834262,83238.55927141756
2020-09-17,261285.9683623761,0.0012182467320652063,False,True,0.0,27976.405319347978,192794.30988711864,40515.25315590948
2020-09-18,631230.6234671324,0.002952269082821858,False,True,0.0,159421.17676874995,232486.5524405539,239322.8942578286
2020-09-21,293470.33704230934,0.0013677556069237886,False,True,0.0,41443.58152510226,240661.34940601885,11365.406111188233
2020-09-22,870638.3251419216,0.004117568443133891,False,True,0.0,45486.80949639529,550344.3973257765,274807.11831974983
2020-09-23,262029.88710778952,0.00124317069147312,False,True,0.0,42035.25545245409,47352.089684441686,172642.54197089374
2020-09-24,952896.345949538,0.004558215258394441,False,True,0.0,100955.1821854487,260804.04923983663,591137.1145242527
2020-09-25,53079489.8303911,0.25440064917518684,True,True,52161315.234930076,509719.3389393836,174525.1012610346,233930.1552606076
2020-09-28,52476248.947257705,0.2518097023001845,True,True,52270135.146730386,17546.029791288078,69552.12094517797,119015.64979085326
2020-09-29,345821.5367413834,0.0016513260281100465,False,True,0.0,11181.258998930454,33722.63195371628,300917.64578873664
2020-09-30,1391538.6197580695,0.006630805373994362,False,True,0.0,398811.64643280953,640874.2884111851,351852.68491407484
2020-10-01,1023320.4983268306,0.004865513980364938,False,True,0.0,249353.06407751143,319992.4010133147,453975.0332360044
2020-10-02,53693420.433289856,0.2550285716768002,True,True,0.0,48053.51251039654,502143.26424173266,53143223.65653773
2020-10-05,236534.02235504985,0.001125999807987861,False,True,0.0,20852.87264841795,215681.1497066319,0.0
2020-10-06,729930.6087248251,0.003456019184498036,False,True,0.0,80008.82809532434,649921.7806295007,0.0
2020-10-07,481070.0850309357,0.0022773031348312855,False,True,0.0,230555.26499412954,250514.82003680617,0.0
2020-10-08,470137.0123709515,0.002224183180195592,False,True,0.0,202665.62400846928,267471.3883624822,0.0
2020-10-09,53145791.42609752,0.2509507087695371,True,True,0.0,52984453.99355966,161337.43253786117,0.0
2020-10-12,601812.4323569611,0.002830989707374632,False,True,0.0,0.0,601812.4323569611,0.0
2020-10-13,257107.15958617628,0.001211412971579337,False,True,0.0,0.0,257107.15958617628,0.0
2020-10-14,113951.39005443454,0.0005372899137998809,False,True,0.0,0.0,113951.39005443454,0.0
2020-10-15,233325.35884688795,0.0010985363168848172,False,True,0.0,0.0,233325.35884688795,0.0
2020-10-16,240324.48791264743,0.001129784979220112,False,True,0.0,0.0,240324.48791264743,0.0
2020-10-19,28296.42827319354,0.00013304741050410056,False,True,0.0,0.0,28296.42827319354,0.0
2020-10-20,100258.5584166944,0.00047111114137417915,False,True,0.0,0.0,100258.5584166944,0.0
2020-10-21,196180.55566041917,0.0009207132740533758,False,True,0.0,0.0,196180.55566041917,0.0
2020-10-22,106133.48629233241,0.0004977743774271269,False,True,0.0,0.0,106133.48629233241,0.0
2020-10-23,155917.61233705282,0.000731979529892354,False,True,0.0,0.0,155917.61233705282,0.0
2020-10-26,146909.63960587233,0.0006903250119290631,False,True,0.0,0.0,146909.63960587233,0.0
2020-10-27,182626.8045443669,0.0008591421880746663,False,True,0.0,0.0,182626.8045443669,0.0
2020-10-28,193107.91211030632,0.0009073500468507305,False,True,0.0,0.0,193107.91211030632,0.0
2020-10-29,784877.0749937147,0.003706100645057336,False,True,0.0,0.0,784877.0749937147,0.0
2020-10-30,287837.96662209183,0.0013616057556334465,False,True,0.0,0.0,287837.96662209183,0.0
2020-11-02,127189.5049175173,0.0006011824825155918,False,True,0.0,0.0,127189.5049175173,0.0
2020-11-03,155430.6074944213,0.0007339498338118788,False,True,0.0,0.0,155430.6074944213,0.0
2020-11-04,73606.54262893647,0.00034741217340567417,False,True,0.0,0.0,73606.54262893647,0.0
2020-11-05,237885.95907759666,0.001121108765427895,False,True,0.0,0.0,237885.95907759666,0.0
2020-11-06,273713.08330976963,0.00128773997385894,False,True,0.0,0.0,273713.08330976963,0.0
2020-11-09,201088.26095327735,0.0009472563168375992,False,True,0.0,0.0,201088.26095327735,0.0
2020-11-10,40447.13909485191,0.00019058071144638234,False,True,0.0,0.0,40447.13909485191,0.0
2020-11-11,665206.6407768503,0.0031213072273880388,False,True,0.0,0.0,665206.6407768503,0.0
2020-11-12,20367.60396619141,9.555744886793924e-05,False,True,0.0,0.0,20367.60396619141,0.0
2020-11-13,152509.64685375243,0.00071620351271111,False,True,0.0,0.0,152509.64685375243,0.0
2020-11-16,4007.8393160775304,1.8820819692476095e-05,False,True,0.0,0.0,4007.8393160775304,0.0
2020-11-17,24370.161175392568,0.00011442485490935703,False,True,0.0,0.0,24370.161175392568,0.0
2020-11-18,62034.284070819616,0.00029115557768726394,False,True,0.0,0.0,62034.284070819616,0.0
2020-11-19,163664.34737168998,0.0007673665157453365,False,True,0.0,0.0,163664.34737168998,0.0
2020-11-20,352631.5705460161,0.0016570225130816028,False,True,0.0,0.0,352631.5705460161,0.0
2020-11-23,53636690.940853685,0.25152676521201,True,True,0.0,53311116.70724557,325574.23360811174,0.0
2020-11-24,239266.94071038067,0.0011231171321121232,False,True,0.0,171180.47884244472,68086.46186793596,0.0
2020-11-25,431041.42764760554,0.0020151505323410643,False,True,0.0,233531.90969991684,197509.5179476887,0.0
2020-11-26,53562603.5278076,0.2502726048133121,True,True,53504261.45099061,36280.04411073029,22062.03270626068,0.0
2020-11-27,224439.98880960792,0.0010472371430856598,False,True,141796.58176524937,7830.077441163361,74813.32960319519,0.0
2020-11-30,372501.65800748765,0.001736696605446962,False,True,129079.56369382143,207790.92045988142,35631.1738537848,0.0
2020-12-01,327033.98720258474,0.0015321197022541218,False,True,226790.37756153196,33937.2696146667,66306.34002638608,0.0
2020-12-02,1507319.796524629,0.00701928010469442,False,True,914654.7829491869,407740.4360419065,184924.57753353566,0.0
2020-12-03,400267.26030228287,0.0018602328704752742,False,True,165324.11832806468,88630.94482328743,146312.19715093076,0.0
2020-12-04,1483598.1173308492,0.006858394954955806,False,True,716842.4936769828,168462.4305478409,598293.1931060255,0.0
2020-12-07,587658.8811966702,0.0027207978810841974,False,True,330484.1330822706,4702.532764077187,252472.21535032243,0.0
2020-12-08,1439263.8497432843,0.0066367569019418335,False,True,828984.6490954608,131181.7680639848,479097.4325838387,0.0
2020-12-09,410995.0684229806,0.0018982159638294318,False,True,162244.04703170806,139487.6385371387,109263.38285413384,0.0
2020-12-10,1218439.0365887657,0.005629651055591263,False,True,619728.1968192086,376751.5653129816,221959.2744565755,0.0
2020-12-11,527904.1239076331,0.0024193733281790216,False,True,238431.3639145121,43167.37721939385,246305.38277372718,0.0
2020-12-14,188179.1873775944,0.0008619558850016254,False,True,35349.67109507322,108813.4689803347,44016.04730218649,0.0
2020-12-15,755341.4804742858,0.003463081929356718,False,True,403169.23867797107,69862.67241987586,282309.56937643886,0.0
2020-12-16,442980.9323936701,0.0020270687269851395,False,True,80926.86129421741,88031.39960117638,274022.6714982763,0.0
2020-12-17,580373.8019742891,0.002653733548124226,False,True,269175.28183632344,127857.19324037433,183341.32689759135,0.0
2020-12-18,486280.6398577094,0.002206471637129818,False,True,272886.26608803123,32203.932560302317,181190.44120937586,0.0
2020-12-21,706996.683910206,0.003208821944099654,False,True,330890.8192778155,30020.079513199627,346085.7851191908,0.0
2020-12-22,425237.04077971727,0.0019409614288768034,False,True,289854.6086540669,78172.90592756867,57209.52619808167,0.0
2020-12-23,482926.5498602763,0.00220948251287666,False,True,176988.84674961865,141477.38624323905,164460.3168674186,0.0
2020-12-24,1294724.2250400707,0.005919286540804788,False,True,627387.5566197932,366594.6111339107,300742.0572863668,0.0
2020-12-25,307877.921659708,0.001407800219538691,False,True,158370.20157773793,142916.86774933338,6590.852332636714,0.0
2020-12-28,0.0,0.0,False,False,0.0,0.0,0.0,0.0
2020-12-29,586761.1349589452,0.0027003814493372726,False,True,449935.0891263336,117619.7997455895,19206.246087022126,0.0
2020-12-30,738867.4076707587,0.0033713267241753655,False,True,603679.5475607291,96063.16264650226,39124.69746352732,0.0
2020-12-31,473963.55489847064,0.002153364068000385,False,True,119286.17656946927,246940.61080590636,107736.76752309501,0.0
2021-01-01,592663.5486566424,0.0026874345677239155,False,True,242885.72905596346,128963.15204059333,220814.66756008565,0.0
2021-01-04,0.0,0.0,False,False,0.0,0.0,0.0,0.0
2021-01-05,854550.5360073075,0.003875670748380526,False,True,197967.7002730742,234349.62437318265,422233.2113610506,0.0
2021-01-06,57646064.318578534,0.26083551351622863,True,True,1133050.6927779391,202188.20657444745,1059468.4035796598,55251357.01564649
2021-01-07,1444463.0133946463,0.0065625257365314,False,True,56957.95401556045,537712.4395066276,184519.06719069928,665273.552681759
2021-01-08,491257.48116814345,0.0022390746847147764,False,True,230496.5928650275,15132.147719047964,202835.7907556072,42792.94982846081
2021-01-11,2610076.0346343666,0.0120181482293779,False,True,414439.4714988172,781632.2804445028,108966.26537385583,1305038.0173171908
2021-01-12,1445382.6772506982,0.0067164599006890365,False,True,611463.5669724718,111227.77165289968,378582.5917097181,344108.74691560864
2021-01-13,855724.7233482897,0.003940405904228085,False,True,149952.19204383343,253671.1197115481,277910.1696303189,174191.24196258932
2021-01-14,2235069.663655661,0.010233569222371057,False,True,1117534.8318278342,219218.78341730684,317503.51099764556,580812.5374128744
2021-01-15,871013.8468320742,0.003963015192070424,False,True,372751.774647519,120694.15070643276,62755.14876849204,314812.77270963043
2021-01-18,157684.077016972,0.00072391882619036,False,True,78842.03850847483,10518.810509070754,21708.32916972041,46614.89882970601
2021-01-19,771237.2885032073,0.003531663665262264,False,True,143557.83998455852,246171.12377928197,139447.52047233284,242060.80426703393
2021-01-20,1233470.0136737004,0.005675626685469823,False,True,602746.8411614299,383204.28159470856,13988.16567542404,233530.7252421379
2021-01-21,1005277.856144391,0.004589386479002636,False,True,115015.86096092314,129396.40837013721,258226.65874113142,502638.9280721992
2021-01-22,1128598.4840911403,0.005167762822329929,False,True,564299.242045559,299805.3641948551,154743.42009682953,109750.45775389671
2021-01-25,923052.8440495506,0.004272943936090635,False,True,253500.45333351195,289899.7912991941,208025.96869127452,171626.63072557002
2021-01-26,54637693.1267123,0.2525005543775659,True,True,53868487.28595936,188921.7434805259,498662.8253823295,81621.27189008147
2021-01-27,645751.5201938674,0.0029777618544132994,False,True,0.0,159217.22675566375,222606.6631891802,263927.63024902344
2021-01-28,441569.3993867114,0.002042234293104067,False,True,0.0,257222.1300572604,140880.0357249081,43467.23360454291
2021-01-29,287156.856686838,0.0013308310738773664,False,True,0.0,1899.4783565998077,197453.24480187148,87804.13352836668
2021-02-01,126019.95732212812,0.0005834361682237795,False,True,0.0,35065.82987077534,15728.47918716073,75225.64826419204
2021-02-02,55787237.02053491,0.2570895828266877,True,True,0.0,644304.6717475802,760163.9702093899,54382768.37857794
2021-02-03,242056.93159430474,0.001117987991266109,False,True,0.0,143021.68163257092,99035.24996173382,0.0
2021-02-04,302125.3313663304,0.0013915422323595946,False,True,0.0,91115.75335883349,211009.5780074969,0.0
2021-02-05,234393.09571953118,0.001079628500645521,False,True,0.0,119730.38758969307,114662.70812983811,0.0
2021-02-08,377145.8597177118,0.0017311416712623457,False,True,0.0,239111.90191780776,138033.95779990405,0.0
2021-02-09,538250.4404032454,0.0024584817165270536,False,True,0.0,100074.40986226499,438176.0305409804,0.0
2021-02-10,132315.75063662976,0.0006036281884163467,False,True,0.0,46802.45939774066,85513.2912388891,0.0
2021-02-11,201088.92161797732,0.0009178581382452847,False,True,0.0,71599.57917785645,129489.34244012088,0.0
2021-02-12,256329.90816364437,0.0011690326482194898,False,True,0.0,173592.86719968915,82737.04096395522,0.0
2021-02-15,477865.42404571176,0.0021764630056446644,False,True,0.0,165464.2474333942,312401.17661231756,0.0
2021-02-16,219311.6982394755,0.0009978698330331045,False,True,0.0,164483.77367960662,54827.92455986887,0.0
2021-02-17,716540.0896359757,0.0032517645870882577,False,True,0.0,214678.44945794344,501861.6401780322,0.0
2021-02-18,338859.56545707583,0.0015387977275071647,False,True,0.0,205338.76726397127,133520.79819310457,0.0
2021-02-19,33542.52089744061,0.00015227380578761865,False,True,0.0,24984.48267427087,8558.038223169744,0.0
2021-02-22,806747.4788000435,0.0036477529653442184,False,True,0.0,624668.3837660998,182079.09503394365,0.0
2021-02-23,605068.476984337,0.0027209701227955845,False,True,0.0,165.7635372504592,604902.7134470865,0.0
2021-02-24,66207.5488666892,0.00029778398071069644,False,True,0.0,23558.301692545414,42649.24717414379,0.0
2021-02-25,541630.2449292466,0.0024285086252441726,False,True,0.0,96856.62812626362,444773.616802983,0.0
2021-02-26,584217.8370428309,0.0026195478502334326,False,True,0.0,290211.30285927653,294006.53418355435,0.0
2021-03-01,1336782.3986132294,0.006066664359067377,False,True,0.0,827506.5794016793,509275.81921155006,0.0
2021-03-02,596197.2916135564,0.00270624065416575,False,True,0.0,287043.4112419486,309153.88037160784,0.0
2021-03-03,254521.96896549314,0.001152655030795467,False,True,0.0,75422.13545366377,179099.83351182938,0.0
2021-03-04,172392.19594775885,0.000781934412692052,False,True,0.0,10458.910238035023,161933.28570972383,0.0
2021-03-05,64837.17824687064,0.00029415471279424044,False,True,0.0,19858.25549722463,44978.92274964601,0.0
2021-03-08,1652958.3531887159,0.007507779749935878,False,True,0.0,889618.9970381334,763339.3561505824,0.0
2021-03-09,346032.53743490577,0.0015737096464722262,False,True,0.0,102334.72486685216,243697.8125680536,0.0
2021-03-10,163939.26658126712,0.0007447921370478273,False,True,0.0,139664.22195423394,24275.044627033174,0.0
2021-03-11,155679.40414752066,0.000707094055609017,False,True,0.0,91281.20451968163,64398.19962783903,0.0
2021-03-12,492877.3277615011,0.0022286647600660214,False,True,0.0,137374.23945064843,355503.08831085265,0.0
2021-03-15,166173.26088646054,0.0007525237127655618,False,True,0.0,46434.01847975701,119739.24240670353,0.0
2021-03-16,137708.03816969693,0.0006239914516856072,False,True,0.0,101932.33926177025,35775.69890792668,0.0
2021-03-17,131499.71369798481,0.000595516827967829,False,True,0.0,97533.69662218541,33966.017075799406,0.0
2021-03-18,221309.02914188057,0.0010042452017687666,False,True,0.0,160621.38348620385,60687.64565567672,0.0
2021-03-19,1898894.5233426616,0.008644746173740975,False,True,0.0,770771.0950630978,1128123.4282795638,0.0
2021-03-22,892582.928755872,0.004059118543157198,False,True,0.0,387051.8292910531,505531.09946481884,0.0
2021-03-23,78860.5105515793,0.0003584404620093936,False,True,0.0,10851.42577752471,68009.08477405459,0.0
2021-03-24,716129.27504123,0.003276312795185425,False,True,0.0,107298.86824522167,608830.4067960083,0.0
2021-03-25,1203491.9441282898,0.005497785496828534,False,True,0.0,519984.35192480683,683507.592203483,0.0
2021-03-26,54916575.5201659,0.2523118376219443,True,True,0.0,54352167.35339967,564408.1667662263,0.0
2021-03-29,559930.2151195034,0.0025637811963861996,False,True,0.0,0.0,559930.2151195034,0.0
2021-03-30,96909.14921727031,0.0004439855676815379,False,True,0.0,0.0,96909.14921727031,0.0
2021-03-31,575516.6540227011,0.0026460099195668276,False,True,0.0,0.0,575516.6540227011,0.0
2021-04-01,341030.06763697416,0.0015646574334794892,False,True,0.0,0.0,341030.06763697416,0.0
2021-04-02,190709.7540113032,0.0008739631693575925,False,True,0.0,0.0,190709.7540113032,0.0
2021-04-05,0.0,0.0,False,False,0.0,0.0,0.0,0.0
2021-04-06,402687.3287142813,0.0018499419300739498,False,True,0.0,0.0,402687.3287142813,0.0
2021-04-07,293240.9644047916,0.0013447309275486255,False,True,0.0,0.0,293240.9644047916,0.0
2021-04-08,78101.99795300514,0.0003579855968893011,False,True,0.0,0.0,78101.99795300514,0.0
2021-04-09,308591.6305718571,0.0014117873106706926,False,True,0.0,0.0,308591.6305718571,0.0
2021-04-12,179142.576558657,0.0008204625905533454,False,True,0.0,0.0,179142.576558657,0.0
2021-04-13,217296.46096727252,0.0009965274964131119,False,True,0.0,0.0,217296.46096727252,0.0
2021-04-14,359435.9789654687,0.0016447682580916147,False,True,0.0,0.0,359435.9789654687,0.0
2021-04-15,759902.6142132655,0.0034612438962843698,False,True,0.0,0.0,759902.6142132655,0.0
2021-04-16,326278.68235551566,0.0014832120529119162,False,True,0.0,0.0,326278.68235551566,0.0
2021-04-19,16343.989671774209,7.430459134495571e-05,False,True,0.0,0.0,16343.989671774209,0.0
2021-04-20,123021.51277437061,0.0005588752683943482,False,True,0.0,0.0,123021.51277437061,0.0
2021-04-21,91929.5491983667,0.00041739495452347087,False,True,0.0,0.0,91929.5491983667,0.0
2021-04-22,136976.04085027426,0.0006214077891150855,False,True,0.0,0.0,136976.04085027426,0.0
2021-04-23,333515.9865595028,0.0015099879635532812,False,True,0.0,0.0,333515.9865595028,0.0
2021-04-26,203182.75441925973,0.0009187795474052589,False,True,0.0,0.0,203182.75441925973,0.0
2021-04-27,525890.5159979761,0.002370527317585819,False,True,0.0,0.0,525890.5159979761,0.0
2021-04-28,256990.62562061846,0.0011566357979511698,False,True,0.0,0.0,256990.62562061846,0.0
2021-04-29,51753.42081808299,0.00023285391922899318,False,True,0.0,0.0,51753.42081808299,0.0
2021-04-30,55571065.611397296,0.25004594814941916,True,True,0.0,0.0,10211.673674352467,55560853.93772294
2021-05-03,215412.38241668046,0.0009691578939794073,False,True,0.0,0.0,113747.94583415985,101664.4365825206
2021-05-04,56404986.89655513,0.2525011857338468,True,True,55846259.42708422,0.0,92123.54061282426,466603.92885808647
2021-05-05,1270983.650062345,0.005704157238597741,False,True,417998.6544946283,0.0,564496.8988619596,288488.0967057571
2021-05-06,514181.7876673788,0.0022938695992689197,False,True,411319.0063369572,0.0,12982.000508189201,89880.78082223237
2021-05-07,57844217.49344198,0.25510666280084154,True,True,661285.3193720728,56686306.0909156,255147.55618979037,241478.52696451545
2021-05-10,144298.60528998822,0.0006302764707585539,False,True,64060.51196203381,8088.790682986379,22499.77418806404,49649.528456903994
2021-05-11,794375.6068231836,0.0034716710588832997,False,True,75383.13383700699,214114.34613310546,321804.66957458854,183073.45727848262
2021-05-12,968446.9076027796,0.004232594856614339,False,True,243586.04673530906,240637.40706608444,438206.3948955685,46017.05890581757
2021-05-13,1360361.332392551,0.00597835602192459,False,True,357953.0657866597,316946.91735281795,322227.6004096046,363233.7488434687
2021-05-14,1990757.5605316386,0.008808466806815294,False,True,62283.97709086537,264119.0537978411,933094.8031749651,731259.726467967
2021-05-17,455372.8285416886,0.002004620209202324,False,True,111066.68206127733,903.9496506750584,115715.78255889565,227686.41427084059
2021-05-18,1459432.4788758084,0.0063810360495973745,False,True,308693.08003195375,421023.15940593183,394773.7367483899,334942.50268953294
2021-05-19,425391.62424313277,0.001858709241405315,False,True,114623.29529592395,172393.07515782118,98072.51682564616,40302.73696374148
2021-05-20,1244140.668060705,0.005477170723885107,False,True,115957.98854082078,72165.3707459122,622070.3340303451,433946.974743627
2021-05-21,721610.0033171847,0.003176055750702351,False,True,4326.280643701553,143504.29233064502,356478.721014902,217300.70932793617
2021-05-24,562683.4361231476,0.002479956162171248,False,True,124763.43298152089,156578.28508006036,81424.35670939088,199917.36135217547
2021-05-25,620950.7563812286,0.002731044622260972,False,True,150071.98000240326,34719.63213381916,310475.37819063663,125683.76605436951
2021-05-26,828473.0122282505,0.003635023299782333,False,True,72401.40130683035,85459.71721935272,256375.38758794963,414236.5061141178
2021-05-27,353175.5426244214,0.0015495030861207746,False,True,46147.88534742594,95642.7786115855,130439.8859647885,80944.99270062149
2021-05-28,1134774.4822721183,0.00495116337272444,False,True,138177.17453677952,247170.67800868303,429210.0665992722,320216.5631273836
2021-05-31,989506.560887143,0.0043093391177565195,False,True,382718.5850016698,402123.26665103436,92630.0137925446,112034.69544189423
2021-06-01,609835.2763738111,0.002655758744322816,False,True,302813.7962251529,213546.532600075,2103.841961733997,91371.10558684915
2021-06-02,1909330.3303331882,0.008249569408765473,False,True,596794.3142230734,306451.6436182037,357870.85094352067,648213.5215483904
2021-06-03,869595.6730191931,0.003740177904542369,False,True,434797.83650960773,337751.1919879243,75017.6020823121,22029.042439348996
2021-06-04,1541344.3191573247,0.0066946817399609355,False,True,770672.1595786661,30168.559277132154,161428.72039826214,579074.8799032643
2021-06-07,913235.9755724818,0.003930307223378225,False,True,409075.0928561911,47542.89493007213,346546.2957795039,110071.69200671464
2021-06-08,752289.3491553962,0.0032346322754042587,False,True,85452.55340354145,110681.02600068599,376144.6745776981,180011.09517347068
2021-06-09,878415.6888328567,0.003771045722785108,False,True,150820.07567432523,154844.09867300093,288387.76874212176,284363.7457434088
2021-06-10,288593.39669594914,0.0012416199707772904,False,True,123363.686297521,14015.340914778411,144296.69834797084,6917.671135678887
2021-06-11,490235.3979232386,0.0021055499986699696,False,True,227431.97221806645,17685.726743541658,38564.44527475536,206553.2536868751
2021-06-14,979822.6093782187,0.0042379529996943765,False,True,253731.44017340988,106129.21697766334,383782.087711446,236179.86451569945
2021-06-15,1636111.1656874344,0.007073053546376034,False,True,696478.6653928682,121576.91745086014,440081.0317635983,377974.5510801077
2021-06-16,392001.47371840477,0.0017030410659679275,False,True,133185.70062194765,7456.82557708025,188543.91128212214,62815.03623725474
2021-06-17,2607466.178721361,0.011361270561542253,False,True,851814.7012389898,362401.5550676659,89516.83305401355,1303733.0893606916
2021-06-18,2161079.552646853,0.009596638786371252,False,True,1037595.6285372153,42944.1477862224,956260.6882557347,124279.0880676806
2021-06-21,56481170.4814373,0.2514239759912634,True,True,7782.3127923980355,55657545.80717742,655897.7292840853,159944.63218340278
2021-06-22,819893.2382409498,0.003634573716483666,False,True,292877.46177117527,0.0,152795.3912441954,374220.38522557914
2021-06-23,465426.98790475726,0.002062234644851519,False,True,246329.55044220388,0.0,48605.329934202135,170492.10752835125
2021-06-24,737248.3247216791,0.00325253941427043,False,True,287476.79214537144,0.0,203387.67954660952,246383.85302969813
2021-06-25,635049.530229263,0.0027963351665966107,False,True,371539.71700003743,0.0,43654.491595469415,219855.32163375616
2021-06-28,197879.9464589283,0.0008702932915697674,False,True,47079.507224954665,0.0,17996.104748874903,132804.33448509872
2021-06-29,636468.7758779377,0.0027969861476531297,False,True,154917.36202177405,0.0,341190.44701036066,140360.96684580296
2021-06-30,655773.8753214106,0.002889393396836669,False,True,23502.579515852034,0.0,229859.55738535523,402411.7384202033
2021-07-01,1774416.5179358348,0.007806344845206087,False,True,844035.1750432998,0.0,730973.3757493496,199407.96714318544
2021-07-02,133755.80480896682,0.0005874155094725487,False,True,6600.230892769992,0.0,10552.24836307019,116603.32555312663
2021-07-05,57874746.7881169,0.25409588920803644,True,True,458311.6382333562,0.0,155772.25030110776,57260662.89958244
2021-07-06,313807.9296822995,0.0013796572687881908,False,True,235355.9472617209,0.0,78451.9824205786,0.0
2021-07-07,1277948.0931393579,0.005682354300562615,False,True,612795.43338269,0.0,665152.6597566679,0.0
2021-07-08,484865.619667843,0.0021643662612205136,False,True,461348.24051356316,0.0,23517.379154279828,0.0
2021-07-09,341652.2321888134,0.0015265722343098137,False,True,225442.83172434568,0.0,116209.4004644677,0.0
2021-07-12,423777.93256562203,0.0018863828720073342,False,True,79459.81613791734,0.0,344318.1164277047,0.0
2021-07-13,380786.44085044414,0.0016892860766174094,False,True,289274.36302545667,0.0,91512.07782498747,0.0
2021-07-14,421680.86016209424,0.0018637333359952124,False,True,324085.6695476547,0.0,97595.19061443955,0.0
2021-07-15,1007057.6115825251,0.004432909498360673,False,True,733920.1077594161,0.0,273137.503823109,0.0
2021-07-16,214599.8249400258,0.0009464227849378083,False,True,153397.33723193407,0.0,61202.487708091736,0.0
2021-07-19,237148.04330652207,0.0010436812759517932,False,True,173969.16062618047,0.0,63178.8826803416,0.0
2021-07-20,1390917.7443598285,0.006197258018031271,False,True,678544.3795422092,0.0,712373.3648176193,0.0
2021-07-21,1177825.4855012,0.005240561774933463,False,True,511180.5367948562,0.0,666644.9487063438,0.0
2021-07-22,931195.4059935436,0.004129609199173869,False,True,280442.9037836045,0.0,650752.5022099391,0.0
2021-07-23,510262.4863339588,0.002252686162984275,False,True,285776.4682459384,0.0,224486.01808802038,0.0
2021-07-26,341955.65777600557,0.0015059357801295726,False,True,310719.8116988465,0.0,31235.846077159047,0.0
2021-07-27,637137.4993433654,0.0027997999853977195,False,True,195196.2363633737,0.0,441941.26297999173,0.0
2021-07-28,608077.7032480091,0.002676132148615287,False,True,218348.0201556161,0.0,389729.683092393,0.0
2021-07-29,56942170.37279007,0.25040022789689514,True,True,56782289.38224963,0.0,159880.9905404374,0.0
2021-07-30,587437.5997307226,0.0025743593728751136,False,True,0.0,0.0,587437.5997307226,0.0
2021-08-02,539852.1797517687,0.0023733096703254324,False,True,0.0,0.0,539852.1797517687,0.0
2021-08-03,233949.7353835255,0.001029907156889417,False,True,0.0,0.0,233949.7353835255,0.0
2021-08-04,177756.17554815114,0.000783345914264256,False,True,0.0,0.0,177756.17554815114,0.0
2021-08-05,220662.4632204473,0.0009736902143706703,False,True,0.0,0.0,220662.4632204473,0.0
2021-08-06,201007.84664790332,0.0008859149979663556,False,True,0.0,0.0,201007.84664790332,0.0
2021-08-09,275248.01165376604,0.0012150839089731672,False,True,0.0,0.0,275248.01165376604,0.0
2021-08-10,700407.53290914,0.003104752693542969,False,True,0.0,0.0,700407.53290914,0.0
2021-08-11,571269.4147349,0.0025237904253956004,False,True,0.0,0.0,571269.4147349,0.0
2021-08-12,260768.2604572624,0.001150271762200207,False,True,0.0,0.0,260768.2604572624,0.0
2021-08-13,7967.6083798334,3.5144175359705626e-05,False,True,0.0,0.0,7967.6083798334,0.0
2021-08-16,85348.84003338963,0.00037627473672611144,False,True,0.0,0.0,85348.84003338963,0.0
2021-08-17,64842.71305567771,0.0002859790258396606,False,True,0.0,0.0,64842.71305567771,0.0
2021-08-18,461756.0816495195,0.002042050558277841,False,True,0.0,0.0,461756.0816495195,0.0
2021-08-19,225720.04053026438,0.000999545104439542,False,True,0.0,0.0,225720.04053026438,0.0
2021-08-20,714388.6125398204,0.00317689253426896,False,True,0.0,0.0,714388.6125398204,0.0
2021-08-23,346103.6057068333,0.0015422908623610096,False,True,0.0,0.0,346103.6057068333,0.0
2021-08-24,912009.522713162,0.004042151242478806,False,True,0.0,0.0,912009.522713162,0.0
2021-08-25,565143.6286105439,0.002496456564625336,False,True,0.0,0.0,565143.6286105439,0.0
2021-08-26,171662.5342015773,0.0007575334588854445,False,True,0.0,0.0,171662.5342015773,0.0
2021-08-27,84697.64536926895,0.0003735779712007003,False,True,0.0,0.0,84697.64536926895,0.0
2021-08-30,626561.6288395971,0.0027534448063675963,False,True,0.0,0.0,626561.6288395971,0.0
2021-08-31,75989.06500362605,0.0003340850896812293,False,True,0.0,0.0,75989.06500362605,0.0
2021-09-01,85668.60455068946,0.00037683031869081976,False,True,0.0,0.0,85668.60455068946,0.0
2021-09-02,35615.910732612014,0.00015663091714624257,False,True,0.0,0.0,35615.910732612014,0.0
2021-09-03,287633.6528758183,0.0012628194719579158,False,True,0.0,0.0,287633.6528758183,0.0
2021-09-06,177691.8165686205,0.0007793229960708737,False,True,0.0,0.0,177691.8165686205,0.0
2021-09-07,0.0,0.0,False,False,0.0,0.0,0.0,0.0
2021-09-08,582879.1543276012,0.0025651420679166054,False,True,0.0,0.0,582879.1543276012,0.0
2021-09-09,57339218.83100179,0.25175028374007297,True,True,0.0,0.0,398648.6167857051,56940570.21421608
2021-09-10,241442.11130637676,0.0010596098635629358,False,True,0.0,0.0,96430.99230251461,145011.11900386214
2021-09-13,540157.4104511142,0.002369577046666748,False,True,0.0,0.0,294018.5186862871,246138.89176482707
2021-09-14,265141.3409571871,0.0011604297018020147,False,True,0.0,0.0,201009.82380688936,64131.51715029776
2021-09-15,234632.6661363393,0.0010248825648121673,False,True,0.0,0.0,4650.193151019514,229982.4729853198
2021-09-16,1340338.5291496143,0.005837365691153657,False,True,0.0,0.0,839531.4332516193,500807.09589799494
2021-09-17,930853.4299670905,0.004087138123577049,False,True,0.0,0.0,107146.58836148679,823706.8416056037
2021-09-20,621207.8220485374,0.0027345782058724793,False,True,0.0,0.0,456653.04426141083,164554.7777871266
2021-09-21,1188056.9367008284,0.005242612797004382,False,True,0.0,0.0,732094.9825742766,455961.95412655175
2021-09-22,500831.83826636523,0.0022084543300160816,False,True,0.0,0.0,209435.036155954,291396.8021104112
2021-09-23,1020093.7154372185,0.004486024832669507,False,True,0.0,0.0,663630.3908600807,356463.3245771378
2021-09-24,56713712.424350426,0.24960475247650274,True,True,0.0,0.0,681931.1389075592,56031781.28544287
2021-09-27,321833.5787186995,0.0014137632965381527,False,True,0.0,0.0,321833.5787186995,0.0
2021-09-28,796803.6990531757,0.0034839712558386443,False,True,0.0,0.0,796803.6990531757,0.0
2021-09-29,38703.54819242656,0.00016919051819156623,False,True,0.0,0.0,38703.54819242656,0.0
2021-09-30,560396.8797197193,0.002457773274190196,False,True,0.0,0.0,560396.8797197193,0.0
2021-10-01,498140.0208096355,0.0021783832798274675,False,True,0.0,0.0,498140.0208096355,0.0
2021-10-04,71873.38379275799,0.00031417309418394184,False,True,0.0,0.0,71873.38379275799,0.0
2021-10-05,478681.99736249447,0.0020865944412318763,False,True,0.0,0.0,478681.99736249447,0.0
2021-10-06,758717.1479403302,0.0032927590397677222,False,True,0.0,0.0,758717.1479403302,0.0
2021-10-07,940508.3299360499,0.004104050607910662,False,True,0.0,0.0,940508.3299360499,0.0
2021-10-08,316789.6277035549,0.0013798163388922102,False,True,0.0,0.0,316789.6277035549,0.0
2021-10-11,117313.30069766194,0.0005106246794483282,False,True,0.0,0.0,117313.30069766194,0.0
2021-10-12,38870.80952142924,0.00016915318190648728,False,True,0.0,0.0,38870.80952142924,0.0
2021-10-13,6544.002358473837,2.8476298957313352e-05,False,True,0.0,0.0,6544.002358473837,0.0
2021-10-14,229810.9318157956,0.0009986931986787563,False,True,0.0,0.0,229810.9318157956,0.0
2021-10-15,473793.7003777474,0.0020533361658263884,False,True,0.0,0.0,473793.7003777474,0.0
2021-10-18,131893.11601810902,0.0005711655941186665,False,True,0.0,0.0,131893.11601810902,0.0
2021-10-19,459436.73812019825,0.001994891393036075,False,True,0.0,0.0,459436.73812019825,0.0
2021-10-20,120356.89530542493,0.0005222302268591379,False,True,0.0,0.0,120356.89530542493,0.0
2021-10-21,58303424.29591495,0.2522278832704072,True,True,0.0,57788440.694926366,514983.6009885818,0.0
2021-10-22,1027378.8635041714,0.004466235592371695,False,True,0.0,233347.12615658343,794031.737347588,0.0
2021-10-25,425646.1987591833,0.0018487427221357477,False,True,0.0,162047.33294660598,263598.8658125773,0.0
2021-10-26,1122521.1802630574,0.004850430763045043,False,True,0.0,263356.9100258127,859164.2702372447,0.0
2021-10-27,234919.56469780207,0.0010148379328145728,False,True,0.0,131884.11130954325,103035.45338825881,0.0
2021-10-28,282057.5701119751,0.0012204498990876253,False,True,0.0,47202.47212137282,234855.09799060225,0.0
2021-10-29,758803.9565494508,0.0032847017545739056,False,True,0.0,354907.000025101,403896.95652434975,0.0
2021-11-01,407770.2326384783,0.0017714046408297396,False,True,0.0,90819.36537838727,316950.867260091,0.0
2021-11-02,165772.80629323423,0.0007191019973616661,False,True,0.0,90084.29790257663,75688.5083906576,0.0
2021-11-03,58628140.29141539,0.2548473803676086,True,True,0.0,676465.9274418652,438683.44481408596,57512990.91915944
2021-11-04,881640.8357090503,0.0038520431034820843,False,True,0.0,293845.02413556725,305252.66399139166,282543.1475820914
2021-11-05,1297317.8106633276,0.005663650863377657,False,True,0.0,270170.5280731097,355465.5401825085,671681.7424077094
2021-11-08,937527.6863327548,0.004075265790047091,False,True,0.0,186739.32746551186,157925.0720681399,592863.286799103
2021-11-09,182501.14894533157,0.0007922342587961984,False,True,0.0,23219.04974064976,52567.0879605785,106715.01124410331
2021-11-10,712394.712213181,0.003096501745386041,False,True,0.0,294896.0072426498,98581.37772922218,318917.327241309
2021-11-11,979040.9461319298,0.004252276947259454,False,True,0.0,168898.43114177138,298764.8002291098,511377.71476104856
2021-11-12,1343115.186902009,0.005815009821003967,False,True,0.0,579729.8030136451,557728.0461813733,205657.33770699054
2021-11-15,508711.78253114223,0.00220358424538284,False,True,0.0,123839.9935842529,269022.1748837009,115849.61406318843
2021-11-16,467521.82041338086,0.0020211926681328344,False,True,0.0,201932.7078428194,88497.83889258653,177091.27367797494
2021-11-17,665225.3820780963,0.00288357492363305,False,True,0.0,184281.2295417562,255712.97355283052,225231.17898350954
2021-11-18,1294318.8209955096,0.005618453436236839,False,True,0.0,250049.4369900152,437790.0478879437,606479.3361175507
2021-11-19,389126.05395466834,0.0016913964253208143,False,True,0.0,46404.0426268056,156159.33554778248,186562.67578008026
2021-11-22,377895.01082067937,0.00164677389224289,False,True,0.0,102774.75505977124,12916.360876992345,262203.8948839158
2021-11-23,1465761.7029123008,0.0064280640382366905,False,True,0.0,311096.43566096574,240461.78119447827,914203.4860568568
2021-11-24,1337276.8788829148,0.005866457376146308,False,True,0.0,206450.7791070938,659598.5891505405,471227.51062528044
2021-11-25,411906.4896933064,0.0018072935397272167,False,True,0.0,203289.75070983917,201001.54910768569,7615.189875781536
2021-11-26,56973973.35337424,0.24999037554079706,True,True,0.0,56961940.94134215,2193.4591720700264,9838.952860020101
2021-11-29,2354525.1772503257,0.010398679554981544,False,True,0.0,0.0,1547079.4121871516,807445.7650631741
2021-11-30,673639.5893004164,0.002992914579941907,False,True,0.0,0.0,445523.2441174686,228116.3451829478
2021-12-01,1347637.1218524128,0.006040647122525807,False,True,0.0,0.0,1169642.125923343,177994.99592906982
2021-12-02,572790.7609554008,0.0025688534188933313,False,True,0.0,0.0,316286.8175332919,256503.9434221089
2021-12-03,356698.4477034211,0.0016030011964156712,False,True,0.0,0.0,64319.04062124342,292379.4070821777
2021-12-06,56269432.131979406,0.25190906384780887,True,True,0.0,0.0,56025026.38486815,244405.74711125344
2021-12-07,108505.06506700069,0.0004860742873014362,False,True,0.0,0.0,0.0,108505.06506700069
2021-12-08,128483.06797834486,0.0005751291407191383,False,True,0.0,0.0,0.0,128483.06797834486
2021-12-09,26764.562752507627,0.00011982543326361182,False,True,0.0,0.0,0.0,26764.562752507627
2021-12-10,179925.3180642128,0.0008063950142470157,False,True,0.0,0.0,0.0,179925.3180642128
2021-12-13,176972.81631359458,0.0007923244753356124,False,True,0.0,0.0,0.0,176972.81631359458
2021-12-14,89968.64239484817,0.00040258213166012986,False,True,0.0,0.0,0.0,89968.64239484817
2021-12-15,371022.35527302325,0.001663894677500341,False,True,0.0,0.0,0.0,371022.35527302325
2021-12-16,143311.9590747431,0.0006421495541980334,False,True,0.0,0.0,0.0,143311.9590747431
2021-12-17,56498124.172457114,0.2523593605147746,True,True,0.0,0.0,0.0,56498124.172457114
2021-12-20,0.0,0.0,False,False,0.0,0.0,0.0,0.0
2021-12-21,0.0,0.0,False,False,0.0,0.0,0.0,0.0
2021-12-22,0.0,0.0,False,False,0.0,0.0,0.0,0.0
2021-12-23,0.0,0.0,False,False,0.0,0.0,0.0,0.0
2021-12-24,0.0,0.0,False,False,0.0,0.0,0.0,0.0
2021-12-27,0.0,0.0,False,False,0.0,0.0,0.0,0.0
2021-12-28,0.0,0.0,False,False,0.0,0.0,0.0,0.0
2021-12-29,0.0,0.0,False,False,0.0,0.0,0.0,0.0
2021-12-30,0.0,0.0,False,False,0.0,0.0,0.0,0.0
2021-12-31,0.0,0.0,False,False,0.0,0.0,0.0,0.0
2022-01-03,0.0,0.0,False,False,0.0,0.0,0.0,0.0
2022-01-04,0.0,0.0,False,False,0.0,0.0,0.0,0.0
2022-01-05,0.0,0.0,False,False,0.0,0.0,0.0,0.0
2022-01-06,0.0,0.0,False,False,0.0,0.0,0.0,0.0
2022-01-07,0.0,0.0,False,False,0.0,0.0,0.0,0.0
2022-01-10,0.0,0.0,False,False,0.0,0.0,0.0,0.0
2022-01-11,0.0,0.0,False,False,0.0,0.0,0.0,0.0
2022-01-12,55969911.37678582,0.25,True,True,0.0,0.0,0.0,55969911.37678582
2022-01-13,104851.40677057952,0.00046804600223566305,False,True,0.0,0.0,0.0,104851.40677057952
2022-01-14,83034.34189265221,0.00037084011894279495,False,True,0.0,0.0,0.0,83034.34189265221
2022-01-17,105962.71350670606,0.0004735394396587009,False,True,0.0,0.0,0.0,105962.71350670606
2022-01-18,55981558.85849099,0.2501330253470002,True,True,0.0,0.0,55951786.83505493,29772.023436062038
2022-01-19,482751.1444917321,0.0021555990241973327,False,True,0.0,0.0,277638.8189415559,205112.3255501762
2022-01-20,768017.2838565484,0.0034060193172169248,False,True,0.0,0.0,324741.0105318427,443276.27332470566
2022-01-21,56593906.015145175,0.25085455684635494,True,True,56401114.18207981,0.0,125451.37493359298,67340.45813177526
2022-01-24,109039.00359863043,0.00048425556906948446,False,True,8565.617087937891,0.0,89613.75723906606,10859.629271626472
2022-01-25,1140245.1046995074,0.005084113164431487,False,True,507611.28923428804,0.0,174035.56012950838,458598.25533571094
2022-01-26,459104.8077216968,0.0020396121125433003,False,True,73667.954942815,0.0,331811.1048403308,53625.74793855101
2022-01-27,1869878.3319268972,0.008300286261915977,False,True,465225.2894298807,0.0,492788.91936320066,911864.1231338158
2022-01-28,1068978.3796002418,0.0047580809358853966,False,True,457875.5519717485,0.0,78436.89622367918,532665.9314048141
2022-01-31,731574.7305684164,0.0032508289541926115,False,True,40179.21286603063,0.0,412868.606705226,278526.9109971598
2022-02-01,868419.7194778994,0.0038320299980200935,False,True,631560.9718984663,0.0,19273.26098459214,217585.48659484088
2022-02-02,363559.8341540918,0.0015984585470123823,False,True,116938.66700601578,0.0,167677.7181880623,78943.44896001369
2022-02-03,1119028.4813189954,0.004901156151663976,False,True,408387.73781537265,0.0,668922.9798014164,41717.76370220631
2022-02-04,712083.2052005529,0.0031233493987749836,False,True,293054.98182486,0.0,397571.72568294406,21456.497692748904
2022-02-07,953929.2816010192,0.004191398366180286,False,True,526329.2338169515,0.0,220552.22444907576,207047.82333499193
2022-02-08,873982.5864194855,0.003824667071035799,False,True,398406.77991853654,0.0,321998.8856348172,153576.92086613178
2022-02-09,568729.6121800616,0.0024879144458669097,False,True,145162.7773616612,0.0,273756.81711803377,149810.01770036668
2022-02-10,357449.8553152159,0.001558327886374256,False,True,80793.05853171647,0.0,239656.93991849571,36999.856865003705
2022-02-11,1318794.3570683673,0.005736392432019353,False,True,724299.356409803,0.0,261066.38039725274,333428.62026131153
2022-02-14,1123979.950182289,0.004864069460433408,False,True,332962.1929681003,0.0,81715.42901669443,709302.3281974941
2022-02-15,1141393.316107668,0.004924107024207079,False,True,480832.6613089293,0.0,454279.95760028064,206280.69719845802
2022-02-16,1581695.4769214764,0.00684187037426358,False,True,713572.4202778786,0.0,478541.971818842,389581.0848247558
2022-02-17,836037.4309531748,0.0035909309007691407,False,True,212978.39185522497,0.0,528342.9660844579,94716.07301349193
2022-02-18,1201957.9023632929,0.005145519450722015,False,True,238916.27837676555,0.0,265315.6899915263,697725.933995001
2022-02-21,576511.7807752565,0.00246232443276464,False,True,355760.8701267317,0.0,85740.95117031783,135009.95947820693
2022-02-22,605993.5332765505,0.0025793418916532944,False,True,363650.3108515963,0.0,201997.84442552924,40345.377999424934
2022-02-23,1283898.4527072757,0.005439683950857765,False,True,43070.4386658445,0.0,734293.03104873,506534.98299270123
2022-02-24,255400.1073441133,0.0010774281999315224,False,True,28946.605591021478,0.0,159573.7636795044,66879.73807358742
2022-02-25,1720043.1957386285,0.007282603582523911,False,True,967628.6141185313,0.0,696141.0229638666,56273.55865623057
2022-02-28,1389182.833328426,0.005933695275434284,False,True,370508.53443448246,0.0,953034.5391978696,65639.75969607383
2022-03-01,1300906.8637591973,0.005515913058929331,False,True,434391.65165019035,0.0,689906.099553585,176609.1125554219
2022-03-02,62523839.11930617,0.26115969806479455,True,True,890575.347311236,59852113.07737249,1550864.11797183,230286.57665061206
2022-03-03,2484994.152212389,0.010351257661830445,False,True,328803.2120705545,239570.57799319923,1242497.0761061832,674123.2860424519
2022-03-04,1635424.310755834,0.00673708663304709,False,True,817712.1553779021,107890.47751401365,264149.61953249574,445672.0583314225
2022-03-07,3327767.5022585914,0.013546730617708318,False,True,1180200.8702515066,483682.88087779284,1299925.8988268971,363957.8523023948
2022-03-08,2631618.508647844,0.010592697909722622,False,True,457814.0747188702,857995.179605037,1158151.584385857,157657.66993808
2022-03-09,3310074.5029828325,0.013236147122991152,False,True,697701.2151246816,957336.0363667384,428804.714495264,1226232.5369961485
2022-03-10,6741286.274272457,0.02731243287139529,False,True,2092858.1785174161,1277784.9586188123,2388410.3743059263,982232.7628303021
2022-03-11,1535362.123623982,0.0062346268030907545,False,True,556892.3067050651,468768.3736635074,210788.75510694087,298912.68814846873
2022-03-14,1398154.6513738781,0.0056720446633827856,False,True,134706.24674241245,377521.3155727163,564371.0789445266,321556.01011422276
2022-03-15,1152720.3054406047,0.004747727452032262,False,True,417418.9535946399,158941.19912566245,337988.0640333444,238372.08868695796
2022-03-16,1019064.2789826989,0.004247865871046501,False,True,55234.57591559738,454297.5635757521,208112.28272996843,301419.85676138103
2022-03-17,1476546.160818465,0.006141117698063288,False,True,257915.30897652358,321919.7193374112,738273.0804092139,158438.05209531635
2022-03-18,1632217.1819337308,0.00667076491084159,False,True,241122.17965361476,45532.017906710505,770576.5730601475,574986.4113132581
2022-03-21,1626982.6952420399,0.00666801518062405,False,True,511140.793489486,302350.5541315451,314848.47219480574,498642.875426203
2022-03-22,1480168.160920471,0.006002737737119866,False,True,244857.78347473592,547670.029893972,495226.296985507,192414.05056625605
2022-03-23,808183.7189583406,0.0032803976979349507,False,True,160222.4811450988,243869.3783340454,4926.0445521473885,399165.814927049
2022-03-24,1588850.7619293854,0.00634601734688634,False,True,178457.12426136434,504457.8358704373,615968.2567033321,289967.54509425163
2022-03-25,673252.152310051,0.0026774632721442227,False,True,161736.7821777016,218097.22646939754,118528.84968560189,174889.29397735
2022-03-28,1238121.4842256457,0.004900193502260113,False,True,587029.5421785116,334232.8428263664,32031.19993430376,284827.89928646386
2022-03-29,2028816.4141199067,0.008152316022557397,False,True,253363.79052978754,761044.4165301695,820652.9763618037,193755.23069814593
2022-03-30,2365497.892206341,0.009520419704244257,False,True,880298.0490815192,302450.89702165127,1173229.3179111034,9519.628192067146
2022-03-31,1877832.4862752482,0.00749942363271701,False,True,606282.1731886491,284780.1369148493,938916.2431376055,47853.93303414434
2022-04-01,1595150.63785398,0.006392314041276588,False,True,382034.1181666553,53799.68010407686,797575.3189269826,361741.5206562653
2022-04-04,1468124.76302661,0.005884265782305002,False,True,734062.381513305,108815.44595251232,257048.7269250229,368198.2086357698
2022-04-05,1385261.9821447358,0.005493303633561088,False,True,511027.64288755506,252797.662592642,181603.3481848091,439833.3284797296
2022-04-06,1954109.042248942,0.007747565607126307,False,True,666873.3619150072,667746.5910503417,309307.9300741255,310181.15920946747
2022-04-07,1226524.3774049282,0.004900352319167123,False,True,73590.1600939408,249404.21391792595,363857.9747845307,539672.0286085308
2022-04-08,1824995.3602581099,0.007320271501882919,False,True,644775.6907470301,267721.9893820286,454414.27185163647,458083.40827741474
2022-04-11,1235895.4324957877,0.004932364120119567,False,True,108021.1446204409,509926.5716274306,427448.7785704136,190498.93767750263
2022-04-12,1150138.6732327938,0.004584660928704977,False,True,457251.5869929269,265611.7767823413,309457.55983404815,117817.74962347746
2022-04-13,1304943.6666767448,0.005138315669915924,False,True,1376.83272203058,302000.15611615777,652471.8333383873,349094.84450016916
2022-04-14,2491529.868100472,0.009795273611062938,False,True,518953.2770989314,726811.6569513157,988648.204804875,257116.72924534976
2022-04-15,1272795.4779117703,0.004999751479060857,False,True,402869.2075433731,49193.82455120236,636397.7389558777,184334.70686131716
2022-04-18,219107.04124888778,0.0008601951801219282,False,True,36517.840208142996,36517.840208142996,36517.840208142996,109553.52062445879
2022-04-19,2289889.7380252406,0.008941185898747385,False,True,260502.43898204714,819512.4280042127,884442.4300305843,325432.44100839645
2022-04-20,2793049.546543859,0.011015609450027948,False,True,610536.0224136636,785988.7508582845,1102077.6158585772,294447.15741333365
2022-04-21,1478386.4082365483,0.005792003948349662,False,True,458436.80336583406,280756.4007524252,565758.0952662528,173435.1088520363
2022-04-22,772913.7573319823,0.0030353753444505574,False,True,102124.39508866519,338699.6317358613,284332.4835773185,47757.24693013728
2022-04-25,1118091.8848948628,0.004472167457315583,False,True,482962.2685311809,76083.67391625792,56034.843516908586,503011.09893051535
2022-04-26,1841505.2731749937,0.0075272595126643265,False,True,920752.6365874857,394257.93907848,277642.06064955145,248852.63685947657
2022-04-27,1670328.4241103455,0.006820380970067233,False,True,835164.2120551541,11833.358302421868,640243.3584159538,183087.49533681571
2022-04-28,1721361.0393163413,0.007053154032541494,False,True,239932.13927909732,208841.37855114788,860680.5196581706,411907.00182792544
2022-04-29,840452.4115498737,0.003445361076877152,False,True,120584.13765496016,222130.31401968747,198095.89175523818,299642.06811998785
2022-05-02,1189115.4389545321,0.004845648130333019,False,True,594557.7194772661,90600.99693830311,218480.8461073786,285475.87643158436
2022-05-03,1235404.6042568535,0.0050914199539362735,False,True,209555.99428801984,171593.05231214315,446109.24981626123,408146.30784042925
2022-05-04,61489353.2283316,0.25272189244244564,True,True,78712.64108740538,61079442.60114567,331129.6149010584,68.37119746953249
2022-05-05,1370552.7639938146,0.005593145448938215,False,True,461897.73813411593,0.0,901917.1837215871,6737.842138111591
2022-05-06,693282.7808213681,0.0028261240389134976,False,True,113560.53010383248,0.0,380481.9227238372,199240.32799369842
2022-05-09,62332069.7619931,0.2552807970433916,True,True,118092.21146808565,0.0,669316.7139949799,61544660.83653004
2022-05-10,1781330.100590624,0.007403454661850507,False,True,56749.79672088474,0.0,1724580.3038697392,0.0
2022-05-11,104321.2168655023,0.0004339497268268453,False,True,88885.19008754939,0.0,15436.02677795291,0.0
2022-05-12,983397.8813633472,0.0040617868159074765,False,True,64109.10116486251,0.0,919288.7801984847,0.0
2022-05-13,182999.20965367556,0.0007560616764885994,False,True,74756.1715245992,0.0,108243.03812907636,0.0
2022-05-16,61169962.75201505,0.2518093280779171,True,True,60836058.12974901,0.0,333904.62226603925,0.0
2022-05-17,897274.3461395279,0.0036755745948099917,False,True,0.0,0.0,897274.3461395279,0.0
2022-05-18,276018.4303063601,0.001128973729968972,False,True,0.0,0.0,276018.4303063601,0.0
2022-05-19,694953.9016070962,0.0028533224942189563,False,True,0.0,0.0,694953.9016070962,0.0
2022-05-20,520284.1408830285,0.0021301012191099512,False,True,0.0,0.0,520284.1408830285,0.0
2022-05-23,197182.67516337335,0.0008081577210820329,False,True,0.0,0.0,197182.67516337335,0.0
2022-05-24,632084.7336415723,0.0025816962217948512,False,True,0.0,0.0,632084.7336415723,0.0
2022-05-25,145610.12121305615,0.0005952041123812525,False,True,0.0,0.0,145610.12121305615,0.0
2022-05-26,60948.95355144888,0.00024905563445399307,False,True,0.0,0.0,60948.95355144888,0.0
2022-05-27,401626.5590899065,0.0016375827241513913,False,True,0.0,0.0,401626.5590899065,0.0
2022-05-30,210566.174065046,0.0008575758813646659,False,True,0.0,0.0,210566.174065046,0.0
2022-05-31,0.0,0.0,False,False,0.0,0.0,0.0,0.0
2022-06-01,869545.1724052951,0.00355821055149804,False,True,0.0,0.0,869545.1724052951,0.0
2022-06-02,509235.24401558936,0.0020780355472155643,False,True,0.0,0.0,509235.24401558936,0.0
2022-06-03,355813.08592896163,0.001449160452668706,False,True,0.0,0.0,355813.08592896163,0.0
2022-06-06,4575.107553228736,1.8634024215051054e-05,False,True,0.0,0.0,4575.107553228736,0.0
2022-06-07,858292.2319910452,0.003479533202260236,False,True,0.0,0.0,858292.2319910452,0.0
2022-06-08,32606.376321919262,0.00013216358248304148,False,True,0.0,0.0,32606.376321919262,0.0
2022-06-09,125608.95309508592,0.0005094772301457739,False,True,0.0,0.0,125608.95309508592,0.0
2022-06-10,61894994.67257862,0.2507864521681407,True,True,61700895.46053398,0.0,194099.21204464138,0.0
2022-06-13,849163.5720887259,0.003464485382555933,False,True,742911.0504800007,0.0,106252.52160872519,0.0
2022-06-14,60119257.34791822,0.24781785152627928,True,True,59756266.97455605,0.0,362990.37336216867,0.0
2022-06-15,1427222.687346831,0.00592967446926808,False,True,0.0,0.0,1427222.687346831,0.0
2022-06-16,133154.03033862263,0.0005528065773143321,False,True,0.0,0.0,133154.03033862263,0.0
2022-06-17,306541.52408049256,0.001270491850689828,False,True,0.0,0.0,306541.52408049256,0.0
2022-06-20,1231595.242581144,0.005139447910005136,False,True,0.0,0.0,1231595.242581144,0.0
2022-06-21,0.0,0.0,False,False,0.0,0.0,0.0,0.0
2022-06-22,158212.94055261463,0.0006608044287318544,False,True,0.0,0.0,158212.94055261463,0.0
2022-06-23,567685.9398732558,0.0023785606444869556,False,True,0.0,0.0,567685.9398732558,0.0
2022-06-24,1370761.7412399426,0.005787708190560697,False,True,0.0,0.0,1370761.7412399426,0.0
2022-06-27,147681.3312690109,0.0006230305304070011,False,True,0.0,0.0,147681.3312690109,0.0
2022-06-28,194574.91905884445,0.0008199653878164068,False,True,0.0,0.0,194574.91905884445,0.0
2022-06-29,312033.00187174976,0.0013126484314273995,False,True,0.0,0.0,312033.00187174976,0.0
2022-06-30,59224712.75328363,0.2493576331534706,True,True,0.0,0.0,59224712.75328363,0.0
2022-07-01,0.0,0.0,False,False,0.0,0.0,0.0,0.0
2022-07-04,0.0,0.0,False,False,0.0,0.0,0.0,0.0
2022-07-05,0.0,0.0,False,False,0.0,0.0,0.0,0.0
2022-07-06,0.0,0.0,False,False,0.0,0.0,0.0,0.0
2022-07-07,0.0,0.0,False,False,0.0,0.0,0.0,0.0
2022-07-08,0.0,0.0,False,False,0.0,0.0,0.0,0.0
2022-07-11,0.0,0.0,False,False,0.0,0.0,0.0,0.0
2022-07-12,0.0,0.0,False,False,0.0,0.0,0.0,0.0
2022-07-13,0.0,0.0,False,False,0.0,0.0,0.0,0.0
2022-07-14,0.0,0.0,False,False,0.0,0.0,0.0,0.0
2022-07-15,0.0,0.0,False,False,0.0,0.0,0.0,0.0
2022-07-18,0.0,0.0,False,False,0.0,0.0,0.0,0.0
2022-07-19,0.0,0.0,False,False,0.0,0.0,0.0,0.0
2022-07-20,0.0,0.0,False,False,0.0,0.0,0.0,0.0
2022-07-21,0.0,0.0,False,False,0.0,0.0,0.0,0.0
2022-07-22,0.0,0.0,False,False,0.0,0.0,0.0,0.0
2022-07-25,0.0,0.0,False,False,0.0,0.0,0.0,0.0
2022-07-26,0.0,0.0,False,False,0.0,0.0,0.0,0.0
2022-07-27,0.0,0.0,False,False,0.0,0.0,0.0,0.0
2022-07-28,0.0,0.0,False,False,0.0,0.0,0.0,0.0
2022-07-29,0.0,0.0,False,False,0.0,0.0,0.0,0.0
2022-08-01,0.0,0.0,False,False,0.0,0.0,0.0,0.0
2022-08-02,0.0,0.0,False,False,0.0,0.0,0.0,0.0
2022-08-03,0.0,0.0,False,False,0.0,0.0,0.0,0.0
2022-08-04,0.0,0.0,False,False,0.0,0.0,0.0,0.0
2022-08-05,0.0,0.0,False,False,0.0,0.0,0.0,0.0
2022-08-08,0.0,0.0,False,False,0.0,0.0,0.0,0.0
2022-08-09,0.0,0.0,False,False,0.0,0.0,0.0,0.0
2022-08-10,0.0,0.0,False,False,0.0,0.0,0.0,0.0
2022-08-11,0.0,0.0,False,False,0.0,0.0,0.0,0.0
2022-08-12,0.0,0.0,False,False,0.0,0.0,0.0,0.0
2022-08-15,0.0,0.0,False,False,0.0,0.0,0.0,0.0
2022-08-16,0.0,0.0,False,False,0.0,0.0,0.0,0.0
2022-08-17,59377280.73962043,0.25,True,True,0.0,59377280.73962043,0.0,0.0
2022-08-18,619032.3118993714,0.0026154407344904525,False,True,0.0,619032.3118993714,0.0,0.0
2022-08-19,160865.157123819,0.0006790475167429672,False,True,0.0,160865.157123819,0.0,0.0
2022-08-22,470967.1553347409,0.001993340681243687,False,True,0.0,470967.1553347409,0.0,0.0
2022-08-23,38020.28575858474,0.0001608840959378426,False,True,0.0,38020.28575858474,0.0,0.0
2022-08-24,59702117.70027989,0.2519684334625981,True,True,59235711.473697364,466406.22658252716,0.0,0.0
2022-08-25,191675.89782486856,0.0008102544846717121,False,True,773.4728460758924,190902.42497879267,0.0,0.0
2022-08-26,432481.7987097129,0.0018241680243507303,False,True,85785.54559409618,346696.25311561674,0.0,0.0
2022-08-29,517018.19230514765,0.0021806834887539476,False,True,259900.31976538152,257117.87253976613,0.0,0.0
2022-08-30,889675.26607465,0.0037527497484303196,False,True,440569.07402127236,449106.1920533776,0.0,0.0
2022-08-31,208603.76781941205,0.0008814652442575543,False,True,127299.8701036647,81303.89771574736,0.0,0.0
2022-09-01,60022089.23807878,0.2550728761034968,True,True,932408.1810182407,261308.01032723486,58828373.046733305,0.0
2022-09-02,761561.5575313792,0.003265272977192316,False,True,120418.56238763034,108973.74582465738,532169.2493190914,0.0
2022-09-05,969113.8199867755,0.004140640628631041,False,True,225023.02122077346,361865.41929204017,382225.3794739619,0.0
2022-09-06,663199.1912950277,0.0028378234704410747,False,True,200611.76644590497,375262.205381386,87325.21946773678,0.0
2022-09-07,555259.7633564919,0.0023945080926735408,False,True,155663.4774691388,51244.75348704308,348351.53240031004,0.0
2022-09-08,58369821.55981796,0.2531624551387165,True,True,84574.52813857794,57754905.48705836,530341.544621028,0.0
2022-09-09,297688.725454092,0.0012878144545469799,False,True,221142.26393841952,0.0,76546.4615156725,0.0
2022-09-12,985245.5413182378,0.004226189471523496,False,True,311564.93097510934,0.0,673680.6103431284,0.0
2022-09-13,807518.1674020886,0.0034429007878246545,False,True,49435.55832862109,0.0,758082.6090734676,0.0
2022-09-14,383012.7691977471,0.0016383481084302992,False,True,247790.03507074714,0.0,135222.73412699997,0.0
2022-09-15,673880.1538108885,0.002875477034730762,False,True,193348.75440609455,0.0,480531.399404794,0.0
2022-09-16,1184985.2786285654,0.005108042135353529,False,True,23821.523808449507,0.0,1161163.7548201159,0.0
2022-09-19,460814.0830621943,0.0019943255945812973,False,True,192259.63736760616,0.0,268554.4456945881,0.0
2022-09-20,476180.0781215504,0.0020554308761911934,False,True,389743.0375571251,0.0,86437.04056442529,0.0
2022-09-21,425258.56112434715,0.0018289137827563779,False,True,415237.42061443627,0.0,10021.140509910882,0.0
2022-09-22,145800.4514003247,0.000627832831270027,False,True,56485.7129887566,0.0,89314.7384115681,0.0
2022-09-23,509921.3302304968,0.0022001883724434347,False,True,138569.96872018278,0.0,371351.36151031405,0.0
2022-09-26,56139432.29427448,0.24477229858364855,True,True,2723.3212602734566,0.0,56136708.973014206,0.0
2022-09-27,929579.1186520979,0.004075059203163122,False,True,929579.1186520979,0.0,0.0,0.0
2022-09-28,49256.295185133815,0.00021586602238590248,False,True,49256.295185133815,0.0,0.0,0.0
2022-09-29,98374.14714418352,0.0004313732843907302,False,True,98374.14714418352,0.0,0.0,0.0
2022-09-30,276855.43291636556,0.0012159868363081393,False,True,276855.43291636556,0.0,0.0,0.0
2022-10-03,44517.68469463289,0.00019557873338951445,False,True,44517.68469463289,0.0,0.0,0.0
2022-10-04,59387564.92124686,0.25809148233485024,True,True,59387564.92124686,0.0,0.0,0.0
2022-10-05,0.0,0.0,False,False,0.0,0.0,0.0,0.0
2022-10-06,57525692.42501859,0.25,True,True,57525692.42501859,0.0,0.0,0.0
2022-10-07,58121462.09393563,0.2519368447364683,True,True,58121462.09393563,0.0,0.0,0.0
2022-10-10,0.0,0.0,False,False,0.0,0.0,0.0,0.0
2022-10-11,0.0,0.0,False,False,0.0,0.0,0.0,0.0
2022-10-12,0.0,0.0,False,False,0.0,0.0,0.0,0.0
2022-10-13,0.0,0.0,False,False,0.0,0.0,0.0,0.0
2022-10-14,0.0,0.0,False,False,0.0,0.0,0.0,0.0
2022-10-17,0.0,0.0,False,False,0.0,0.0,0.0,0.0
2022-10-18,0.0,0.0,False,False,0.0,0.0,0.0,0.0
2022-10-19,0.0,0.0,False,False,0.0,0.0,0.0,0.0
2022-10-20,0.0,0.0,False,False,0.0,0.0,0.0,0.0
2022-10-21,0.0,0.0,False,False,0.0,0.0,0.0,0.0
2022-10-24,0.0,0.0,False,False,0.0,0.0,0.0,0.0
2022-10-25,0.0,0.0,False,False,0.0,0.0,0.0,0.0
2022-10-26,0.0,0.0,False,False,0.0,0.0,0.0,0.0
2022-10-27,0.0,0.0,False,False,0.0,0.0,0.0,0.0
2022-10-28,0.0,0.0,False,False,0.0,0.0,0.0,0.0
2022-10-31,0.0,0.0,False,False,0.0,0.0,0.0,0.0
2022-11-01,0.0,0.0,False,False,0.0,0.0,0.0,0.0
2022-11-02,0.0,0.0,False,False,0.0,0.0,0.0,0.0
2022-11-03,0.0,0.0,False,False,0.0,0.0,0.0,0.0
2022-11-04,0.0,0.0,False,False,0.0,0.0,0.0,0.0
2022-11-07,0.0,0.0,False,False,0.0,0.0,0.0,0.0
2022-11-08,0.0,0.0,False,False,0.0,0.0,0.0,0.0
2022-11-09,0.0,0.0,False,False,0.0,0.0,0.0,0.0
2022-11-10,0.0,0.0,False,False,0.0,0.0,0.0,0.0
2022-11-11,0.0,0.0,False,False,0.0,0.0,0.0,0.0
2022-11-14,0.0,0.0,False,False,0.0,0.0,0.0,0.0
2022-11-15,0.0,0.0,False,False,0.0,0.0,0.0,0.0
2022-11-16,0.0,0.0,False,False,0.0,0.0,0.0,0.0
2022-11-17,0.0,0.0,False,False,0.0,0.0,0.0,0.0
2022-11-18,57674634.842247866,0.25,True,True,0.0,0.0,0.0,57674634.842247866
2022-11-21,239814.0959335342,0.0010409556313992598,False,True,0.0,0.0,0.0,239814.0959335342
2022-11-22,311630.77520466596,0.0013551327665309574,False,True,0.0,0.0,0.0,311630.77520466596
2022-11-23,54578.32214874029,0.00023725986425868672,False,True,0.0,0.0,0.0,54578.32214874029
2022-11-24,233720.72520187497,0.001014643285995288,False,True,0.0,0.0,0.0,233720.72520187497
2022-11-25,115402583.30051997,0.5005953502715483,True,True,0.0,57632668.400695175,57632668.400695175,137246.49912961572
2022-11-28,835461.2688333616,0.003639650569258498,False,True,0.0,58042.62493132055,541019.5500774682,236399.09382457286
2022-11-29,376135.86055182666,0.001647231470854492,False,True,0.0,194366.1004615575,38055.85062405467,143713.90946621448
2022-11-30,304962.3494794443,0.001330665139988495,False,True,0.0,47966.218063503504,187702.95027814806,69293.18113779277
2022-12-01,922634.7670420036,0.004009560522864836,False,True,0.0,345277.80972456187,198126.87934337556,379230.07797406614
2022-12-02,1533747.2564667985,0.006605617301136928,False,True,0.0,421901.5119457692,506919.98701725155,604925.7575037777
2022-12-05,643756.3781262338,0.0027880456705454888,False,True,0.0,14396.520107164979,483070.531871967,146289.32614710182
2022-12-06,1700252.925732702,0.007454652670483111,False,True,0.0,497706.0750052184,977758.0535878763,224788.79713960737
2022-12-07,833371.1922858357,0.0036684727338985004,False,True,0.0,165856.462624453,364363.26009433717,303151.46956704557
2022-12-08,419264.4638100639,0.0018370002861792004,False,True,0.0,76876.06449756026,119513.02009318769,222875.37921931595
2022-12-09,312845.48151587695,0.0013667653443982168,False,True,0.0,165053.10700955242,74069.07151094824,73723.30299537629
2022-12-12,198314.84248939902,0.0008634094526829383,False,True,0.0,53654.67863313109,81346.58820104599,63313.57565522194
2022-12-13,58674214.39577404,0.2559418832022687,True,True,0.0,338687.86750058085,57938148.056948386,397378.47132506967
2022-12-14,1052379.5919133946,0.004548805533537256,False,True,0.0,634006.7075836807,0.0,418372.8843297139
2022-12-15,108828.49787551165,0.0004708432673388164,False,True,0.0,52089.07498912513,0.0,56739.422886386514
2022-12-16,1089468.4669529572,0.004758411045279522,False,True,0.0,660012.675521478,0.0,429455.79143147916
2022-12-19,908607.3457940966,0.003966099854195581,False,True,0.0,420040.52605176717,0.0,488566.8197423294
2022-12-20,342054.45679753274,0.00149312250170392,False,True,0.0,169341.02255532146,0.0,172713.43424221128
2022-12-21,1250670.3779319301,0.005442932518720204,False,True,0.0,452307.57610175014,0.0,798362.80183018
2022-12-22,58057643.63126562,0.25232617915819566,True,True,57522413.87017004,345334.47835523635,0.0,189895.28274033964
2022-12-23,1121424.4544997513,0.004888927017101144,False,True,472066.02423045784,133296.49058276415,0.0,516061.93968652934
2022-12-26,407906.88298694044,0.0017714351054453758,False,True,315038.3629602939,52409.503145858645,0.0,40459.01688078791
2022-12-27,0.0,0.0,False,False,0.0,0.0,0.0,0.0
2022-12-28,2766930.93547453,0.012060955591720279,False,True,1490580.119717054,566227.0938541591,0.0,710123.7219033167
2022-12-29,598522.7506493703,0.0026088212869532137,False,True,186386.97690478712,114177.40769998729,0.0,297958.36604459584
2022-12-30,354059.87973703444,0.0015387424752386185,False,True,94191.56912756711,92750.94003249705,0.0,167117.37057697028
2023-01-02,756259.3138149604,0.003286071486948505,False,True,372635.3278301731,105867.91351672262,0.0,277756.0724680647
2023-01-03,0.0,0.0,False,False,0.0,0.0,0.0,0.0
2023-01-04,1694076.9105623811,0.0073918247185631855,False,True,899058.8161021098,67773.76867639273,0.0,727244.3257838786
2023-01-05,57659902.985621795,0.2507922119253555,True,True,56625217.07614436,747116.4233108535,0.0,287569.4861665815
2023-01-06,815658.541628994,0.0035730658158767527,False,True,0.0,551876.6695765704,0.0,263781.87205242366
2023-01-09,939828.7781314701,0.00408338213016759,False,True,0.0,388463.1764843613,0.0,551365.6016471088
2023-01-10,664298.3306037188,0.0028732478602306387,False,True,0.0,592597.379399173,0.0,71700.9512045458
2023-01-11,686384.7990319431,0.0029734585026754195,False,True,0.0,434193.4652205929,0.0,252191.33381135017
2023-01-12,197446.95830414444,0.0008549255024459574,False,True,0.0,127486.0652943924,0.0,69960.89300975204
2023-01-13,58444440.30275132,0.2520307568848782,True,True,57973519.804814324,47639.443974241614,0.0,423281.0539627522
2023-01-16,646330.4261154011,0.002770222907129065,False,True,148311.75105772167,145736.53825261444,0.0,352282.136805065
2023-01-17,238048.73054406047,0.001021709704091333,False,True,112243.00101488829,78657.55353026837,0.0,47148.17599890381
2023-01-18,473666.74016547203,0.002032661027971492,False,True,2308.6407303363085,239191.04227610677,0.0,232167.05715902895
2023-01-19,440896.4800634831,0.0018902882225632172,False,True,132481.1349336803,114852.97978489846,0.0,193562.36534490436
2023-01-20,2817339.3630255014,0.0121550356187711,False,True,948808.6717861071,642270.059740372,0.0,1226260.6314990222
2023-01-23,712824.4157527313,0.0030693235949611165,False,True,26274.916335567832,387363.96402822435,0.0,299185.5353889391
2023-01-24,597179.8244904205,0.0025582112149412635,False,True,89502.63970518112,358455.8620424941,0.0,149221.32274274528
2023-01-25,142496.97040139884,0.0006089445769909628,False,True,40962.79617198557,53030.62652327865,0.0,48503.54770613462
2023-01-26,843197.7626063377,0.0035812963689805083,False,True,601395.6505561396,146428.51789091527,0.0,95373.59415928274
2023-01-27,602634.7461438328,0.0025656555510032006,False,True,49966.37038283795,181406.7360459566,0.0,371261.63971503824
2023-01-30,160764.46034292877,0.0006846280017765444,False,True,69191.33542368561,72241.7026945278,0.0,19331.422224715352
2023-01-31,162567.99797537178,0.0006930648573063875,False,True,49251.25102227926,29100.282503813505,0.0,84216.46444927901
2023-02-01,557123.9212184921,0.0023758451736889566,False,True,94487.64494369924,287169.1971840784,0.0,175467.07909071445
2023-02-02,514954.5093195811,0.0021856695360501156,False,True,103642.07913123071,15100.065347403288,0.0,396212.3648409471
2023-02-03,2324550.229000427,0.009863983317502992,False,True,966531.6299252361,202677.41425473988,0.0,1155341.1848204508
2023-02-06,993688.9746793509,0.004288953635816405,False,True,433021.2815999016,83573.70187362283,0.0,477093.9912058264
2023-02-07,1414627.5342620239,0.006150357950691759,False,True,414171.7962654084,502928.4046448022,0.0,497527.33335181326
2023-02-08,376846.7321156785,0.0016336822383784283,False,True,105190.41128981858,265076.02539169043,0.0,6580.295434169471
2023-02-09,727058.3370840847,0.0031535604978489918,False,True,378734.10908924043,244331.91926998645,0.0,103992.30872485787
2023-02-10,868663.7302411944,0.0037758514359346007,False,True,198193.20664219558,372598.6953092739,0.0,297871.8282897249
2023-02-13,700804.7258587107,0.003048181813526211,False,True,177591.30271615088,368978.93956846,0.0,154234.48357409984
2023-02-14,1360315.0833059922,0.005895691431089572,False,True,659079.8540982008,123737.29192960262,0.0,577497.9372781888
2023-02-15,115198.69017196447,0.0004988271333583129,False,True,83690.44855385274,4845.312626175582,0.0,26662.928991936147
2023-02-16,517859.6848653406,0.0022627035980335086,False,True,245221.90879423916,220718.73401994258,0.0,51919.042051158845
2023-02-17,70541.64867021143,0.0003083077716964172,False,True,33389.06871600449,10002.92882668972,0.0,27149.651127517223
2023-02-20,782337.7805227265,0.0034109919352408352,False,True,412459.2495261133,321774.21732610464,0.0,48104.31367050856
2023-02-21,649330.6678114906,0.002821431319359115,False,True,111466.02565178275,311254.294077456,0.0,226610.34808225185
2023-02-22,295230.939744547,0.0012850224404605476,False,True,98290.57992659509,99053.43754065037,0.0,97886.92227730155
2023-02-23,619284.1475549638,0.0027069527930267574,False,True,188102.79393684864,370657.2818891704,0.0,60524.07172894478
2023-02-24,731097.4448156357,0.003192111169202257,False,True,397698.54734589905,171655.4924853295,0.0,161743.40498440713
2023-02-27,618500.964631781,0.0027214834647244553,False,True,263105.92039438337,266952.65365771204,0.0,88442.39057968557
2023-02-28,222945.93402908742,0.0009800718488755032,False,True,79921.0727833286,4919.1642515435815,0.0,138105.69699421525
2023-03-01,556316.0564030781,0.002443097387440868,False,True,249389.1056373343,58386.7948051393,0.0,248540.15596060455
2023-03-02,57324962.786418684,0.2509259389054504,True,True,79542.51099894196,12718.38334722817,0.0,57232701.89207251
2023-03-03,56825711.18938128,0.24918311489081138,True,True,8283.890687182546,56817427.2986941,0.0,0.0
2023-03-06,41055.732966572046,0.0001800743276120705,False,True,41055.732966572046,0.0,0.0,0.0
2023-03-07,344663.0405880213,0.0015086837396978102,False,True,344663.0405880213,0.0,0.0,0.0
2023-03-08,204561.840514414,0.0008964930556131567,False,True,204561.840514414,0.0,0.0,0.0
2023-03-09,676291.6523187757,0.0029521843315094406,False,True,676291.6523187757,0.0,0.0,0.0
2023-03-10,216537.05898539722,0.0009464319058535616,False,True,216537.05898539722,0.0,0.0,0.0
2023-03-13,113802.13948355615,0.0004977321414076323,False,True,113802.13948355615,0.0,0.0,0.0
2023-03-14,613904.4876375347,0.002694657905251483,False,True,613904.4876375347,0.0,0.0,0.0
2023-03-15,136277.58557520062,0.0005986510888790042,False,True,136277.58557520062,0.0,0.0,0.0
2023-03-16,407281.25572273135,0.001793415932909357,False,True,407281.25572273135,0.0,0.0,0.0
2023-03-17,231439.84575168788,0.0010177356846889716,False,True,231439.84575168788,0.0,0.0,0.0
2023-03-20,56908278.69516473,0.25018669062873117,True,True,56908278.69516473,0.0,0.0,0.0
2023-03-21,0.0,0.0,False,False,0.0,0.0,0.0,0.0
2023-03-22,0.0,0.0,False,False,0.0,0.0,0.0,0.0
2023-03-23,56865813.43730906,0.25,True,True,0.0,0.0,0.0,56865813.43730906
2023-03-24,504186.8708936125,0.0022100324783362203,False,True,0.0,0.0,0.0,504186.8708936125
2023-03-27,325954.86567008495,0.0014315045341971257,False,True,0.0,0.0,0.0,325954.86567008495
2023-03-28,464878.34730784595,0.0020471912105736647,False,True,0.0,0.0,0.0,464878.34730784595
2023-03-29,367096.0221027583,0.0016131088601462169,False,True,0.0,0.0,0.0,367096.0221027583
2023-03-30,191127.68775003403,0.0008408029097107083,False,True,0.0,0.0,0.0,191127.68775003403
2023-03-31,339940.90259412676,0.0014924813987480946,False,True,0.0,0.0,0.0,339940.90259412676
2023-04-03,239155.83180961758,0.0010514652248498227,False,True,0.0,0.0,0.0,239155.83180961758
2023-04-04,332853.962254405,0.001460565676991658,False,True,0.0,0.0,0.0,332853.962254405
2023-04-05,770138.658684507,0.0033642156057468835,False,True,0.0,0.0,0.0,770138.658684507
2023-04-06,6585.767736248672,2.8767667369025095e-05,False,True,0.0,0.0,0.0,6585.767736248672
2023-04-07,272322.0262343362,0.0011914350503711122,False,True,0.0,0.0,0.0,272322.0262343362
2023-04-10,0.0,0.0,False,False,0.0,0.0,0.0,0.0
2023-04-11,350676.7640738115,0.0015373895381405888,False,True,0.0,0.0,0.0,350676.7640738115
2023-04-12,57372329.83950592,0.25114125489154004,True,True,57111614.20321326,0.0,0.0,260715.63629265875
2023-04-13,574489.7335907668,0.002502182721480879,False,True,539351.9346918985,0.0,0.0,35137.79889886826
2023-04-14,533200.3377788067,0.002311610558626827,False,True,79369.947849527,0.0,0.0,453830.3899292797
2023-04-17,809549.526637122,0.0035344911349356046,False,True,195395.05410746485,0.0,0.0,614154.4725296572
2023-04-18,331275.40178421885,0.0014474968310351749,False,True,120173.78425984085,0.0,0.0,211101.617524378
2023-04-19,475400.7750888169,0.0020762223272449186,False,True,209439.73900716752,0.0,0.0,265961.03608164936
2023-04-20,504596.34425834566,0.0022134842504730593,False,True,456612.07488922775,0.0,0.0,47984.269369117916
2023-04-21,379209.9445111826,0.001662111991191138,False,True,143424.32199288905,0.0,0.0,235785.62251829356
2023-04-24,500918.78978282213,0.002202679787964216,False,True,66433.23476395756,0.0,0.0,434485.5550188646
2023-04-25,57169739.01344217,0.2513438256053496,True,True,142090.93146064132,0.0,56864077.40050067,163570.6814808622
2023-04-26,1096125.9204395488,0.0048300035459141605,False,True,118983.55783240497,0.0,612474.4418836534,364667.9207234904
2023-04-27,917192.4853565916,0.004053212764883076,False,True,376940.5040225908,0.0,466384.25250618905,73867.72882781178
2023-04-28,764956.3221139163,0.0033737192566944308,False,True,438977.7016484067,0.0,177142.83005135506,148835.79041415453
2023-05-01,583147.3478760347,0.002564537381877072,False,True,111454.33852837235,0.0,372715.8164071366,98977.19294052571
2023-05-02,641950.2058006823,0.0028279864851596267,False,True,272241.43320899457,0.0,254641.7582731843,115067.01431850344
2023-05-03,2193309.614146568,0.00967583649424799,False,True,484615.3869520873,0.0,652035.2130502611,1056659.0141442195
2023-05-04,1269225.7085607424,0.005586149279499992,False,True,207131.5790411532,0.0,568319.7095717192,493774.4199478701
2023-05-05,57266179.74105732,0.2517188040296249,True,True,159115.92798800766,0.0,56864782.89553479,242280.9175345227
2023-05-08,1543203.9356306493,0.006792696303176484,False,True,692893.5188949406,0.0,0.0,850310.4167357087
2023-05-09,136253.77551671863,0.0005990275551640069,False,True,81313.58488809317,0.0,0.0,54940.19062862545
2023-05-10,919991.4488580823,0.004047613914112675,False,True,501491.63043165207,0.0,0.0,418499.8184264302
2023-05-11,725180.1615282074,0.003183857406584144,False,True,481463.97413096577,0.0,0.0,243716.1873972416
2023-05-12,326212.2015237957,0.0014363281951908272,False,True,67461.69194040447,0.0,0.0,258750.50958339125
2023-05-15,709650.2880185321,0.003118193110118313,False,True,471938.1105540097,0.0,0.0,237712.17746452242
2023-05-16,181786.77128513902,0.000797494419199087,False,True,110829.29515068978,0.0,0.0,70957.47613444924
2023-05-17,719967.0628730506,0.003169940535670786,False,True,153938.0064291805,0.0,0.0,566029.0564438701
2023-05-18,361128.6053028479,0.0015950843157901214,False,True,332458.26324216276,0.0,0.0,28670.342060685158
2023-05-19,543111.2842378765,0.0024078709181733974,False,True,60479.08234618604,0.0,0.0,482632.2018916905
2023-05-22,772368.9966403171,0.0034182955960827465,False,True,287472.09282606095,0.0,0.0,484896.9038142562
2023-05-23,518940.6871065721,0.002294871976176376,False,True,304237.07871931046,0.0,0.0,214703.60838726163
2023-05-24,68815.17791738361,0.0003041487885551606,False,True,3302.934172809124,0.0,0.0,65512.24374457449
2023-05-25,631282.796196878,0.002795125333863012,False,True,214730.99498238415,0.0,0.0,416551.8012144938
2023-05-26,482434.346660465,0.0021452350975315446,False,True,269273.9305729717,0.0,0.0,213160.4160874933
2023-05-29,201259.16702061892,0.0008945738584634679,False,True,77822.47743117064,0.0,0.0,123436.68958944827
2023-05-30,80460.08918192238,0.0003578084349566207,False,True,13100.513235844672,0.0,0.0,67359.5759460777
2023-05-31,996236.5141496882,0.0044315227106667835,False,True,513708.9293041751,0.0,0.0,482527.5848455131
2023-06-01,752818.0815162063,0.0033570625093304503,False,True,515850.51604580134,0.0,0.0,236967.56547040492
2023-06-02,638746.1305019334,0.0028322436976165595,False,True,533095.6472599879,0.0,0.0,105650.4832419455
2023-06-05,1791563.4272562265,0.007940340529422777,False,True,921154.5601180717,0.0,0.0,870408.8671381548
2023-06-06,56993939.11162977,0.25172821841911086,True,True,184720.30324989557,0.0,0.0,56809218.80837987
2023-06-07,73351.30309627205,0.0003238347883676877,False,True,73351.30309627205,0.0,0.0,0.0
2023-06-08,14022.219148628414,6.191106387879417e-05,False,True,14022.219148628414,0.0,0.0,0.0
2023-06-09,45765.6022580117,0.00020211927040121756,False,True,45765.6022580117,0.0,0.0,0.0
2023-06-12,448115.08957301825,0.001973847640360134,False,True,448115.08957301825,0.0,0.0,0.0
2023-06-13,66157.48395648599,0.0002915223220158647,False,True,66157.48395648599,0.0,0.0,0.0
2023-06-14,302362.4962169379,0.001329994750954091,False,True,302362.4962169379,0.0,0.0,0.0
2023-06-15,118986.9876793921,0.0005230202565035552,False,True,118986.9876793921,0.0,0.0,0.0
2023-06-16,225272.95705235004,0.000988906169073752,False,True,225272.95705235004,0.0,0.0,0.0
2023-06-19,40596.538923196495,0.00017825357249590413,False,True,40596.538923196495,0.0,0.0,0.0
2023-06-20,448313.5050395131,0.0019633271923586776,False,True,448313.5050395131,0.0,0.0,0.0
2023-06-21,144325.69274242967,0.0006325875815363313,False,True,144325.69274242967,0.0,0.0,0.0
2023-06-22,211184.54094370455,0.0009244926630495369,False,True,211184.54094370455,0.0,0.0,0.0
2023-06-23,57132156.012284026,0.2501571738483885,True,True,35896.155561074615,57096259.85672295,0.0,0.0
2023-06-26,703521.5346164927,0.0030905635027943163,False,True,164340.8341467604,539180.7004697323,0.0,0.0
2023-06-27,22000.723503261805,9.663029355397983e-05,False,True,17217.761574864388,4782.961928397417,0.0,0.0
2023-06-28,376224.5666729063,0.0016532607428005352,False,True,216659.36047688127,159565.206196025,0.0,0.0
2023-06-29,727050.9534423575,0.00321545933361629,False,True,307843.7145617381,419207.2388806194,0.0,0.0
2023-06-30,390642.41161390394,0.0017265900769186555,False,True,160385.2538426295,230257.15777127445,0.0,0.0
2023-07-03,374262.3238882497,0.0016487375025323575,False,True,355242.09680370986,19020.22708453983,0.0,0.0
2023-07-04,343683.8335034624,0.0015094593705478566,False,True,297672.9228594005,46010.91064406186,0.0,0.0
2023-07-05,510908.23452827334,0.0022461598761420935,False,True,312497.15996005386,198411.07456821948,0.0,0.0
2023-07-06,338274.79828760773,0.0014916299364269561,False,True,265601.6645385772,72673.13374903053,0.0,0.0
2023-07-07,487608.8998956084,0.0021594078217164014,False,True,269739.1733966023,217869.72649900615,0.0,0.0
2023-07-10,486935.14815150946,0.0021471636773022916,False,True,155004.2958970815,331930.85225442797,0.0,0.0
2023-07-11,191567.31249744445,0.0008457602367096335,False,True,26398.33275179565,165168.9797456488,0.0,0.0
2023-07-12,56770741.699054085,0.25093122425395464,True,True,171053.02715016901,39627.37638403475,56560061.29551988,0.0
2023-07-13,1472366.2647122145,0.006440146236203632,False,True,453515.1371470839,580526.1622097567,438324.9653553739,0.0
2023-07-14,1047739.3603892997,0.0045533116086261295,False,True,338644.67675142735,455507.05151323974,253587.6321246326,0.0
2023-07-17,416394.94561232626,0.0018110208658689664,False,True,95204.1655599773,230964.24008507282,90226.53996727616,0.0
2023-07-18,319027.3662544638,0.0013952854442214853,False,True,51798.63811303675,33689.74294434488,233538.98519708216,0.0
2023-07-19,777411.8710256442,0.003381484857078038,False,True,132047.51723635942,231725.004128322,413639.3496609628,0.0
2023-07-20,1036807.91381298,0.004512630182099074,False,True,129332.14762033522,536605.9686183259,370869.79757431895,0.0
2023-07-21,483916.42983119935,0.0021024517769951496,False,True,190611.57206881046,111743.36621288955,181561.49154949933,0.0
2023-07-24,888427.6378295571,0.0038605937109848585,False,True,344280.0598272532,449272.2058245763,94875.37217772752,0.0
2023-07-25,800762.7089669704,0.003457856061677539,False,True,156130.89451292902,219056.55493917316,425575.25951486826,0.0
2023-07-26,528927.4047647491,0.0022782319338480487,False,True,190971.4382726699,168724.60508615524,169231.36140592396,0.0
2023-07-27,619635.8253216147,0.0026754519583223222,False,True,239154.1177301407,141844.74583444744,238636.9617570266,0.0
2023-07-28,438789.70516131073,0.0018987606558564481,False,True,155927.12805974483,84420.02731191367,198442.54978965223,0.0
2023-07-31,850217.7361568809,0.003682664931942128,False,True,179278.26867629588,452914.97334472835,218024.49413585663,0.0
2023-08-01,1020708.8854169771,0.004416364797721931,False,True,475909.7312402129,541536.3455188498,3262.8086579144,0.0
2023-08-02,837223.909007065,0.003647900252790449,False,True,178277.21583936363,620018.4040122107,38928.2891554907,0.0
2023-08-03,583236.0684667304,0.0025642403309288474,False,True,34293.352974154055,177144.02070934325,371798.6947832331,0.0
2023-08-04,1161674.327464752,0.005118978987916857,False,True,645221.4677120671,100761.2645304501,415691.5952222347,0.0
2023-08-07,57352382.24940312,0.25157989402135156,True,True,147619.5857724473,161725.08852274716,50821.96850659698,56992215.60660133
2023-08-08,752087.3882987574,0.0033146325984230183,False,True,376043.6941493824,121670.31849844754,173217.76906063408,81155.60659029335
2023-08-09,676322.932068713,0.002993528604488745,False,True,120500.85332430899,249290.49613843858,217660.6127100438,88870.96989592165
2023-08-10,881971.5964899957,0.0038951656565727223,False,True,94552.69311578572,28375.445126786828,318057.6600024402,440985.79824498296
2023-08-11,1360812.7946156263,0.005995769166536879,False,True,554091.1240780279,126315.27322979271,488127.8253774643,192278.57193034142
2023-08-14,56866774.90717162,0.25156419610622593,True,True,176795.4050302729,56350456.237900265,74188.5205053389,265334.74373574555
2023-08-15,631935.8334154561,0.002810925170760136,False,True,470787.63826432824,0.0,48178.03454294056,112970.16060818732
2023-08-16,56468816.08754767,0.25245083012580793,True,True,6776.981860123575,0.0,408794.94864070415,56053244.15704684
2023-08-17,306748.32142440975,0.0013719146902083984,False,True,130614.83848811686,0.0,176133.4829362929,0.0
2023-08-18,330176.9617687017,0.0014765315559495415,False,True,158788.37193375826,0.0,171388.5898349434,0.0
2023-08-21,259385.5737079084,0.001157271946673692,False,True,130202.24392786622,0.0,129183.32978004217,0.0
2023-08-22,55848852.32484057,0.24944916178885604,True,True,55778964.96583891,0.0,69887.35900165886,0.0
2023-08-23,130576.4288605228,0.0005836741148659593,False,True,0.0,0.0,130576.4288605228,0.0
2023-08-24,284082.14250389487,0.001267695326654431,False,True,0.0,0.0,284082.14250389487,0.0
2023-08-25,99704.10545635968,0.00044465833358603234,False,True,0.0,0.0,99704.10545635968,0.0
2023-08-28,235650.31112962216,0.0010494778495135344,False,True,0.0,0.0,235650.31112962216,0.0
2023-08-29,70810.69533824176,0.0003152256475452081,False,True,0.0,0.0,70810.69533824176,0.0
2023-08-30,51466.45174874365,0.0002290415454041974,False,True,0.0,0.0,51466.45174874365,0.0
2023-08-31,135936.65216952562,0.0006044723515443793,False,True,0.0,0.0,135936.65216952562,0.0
2023-09-01,37428.495983824134,0.0001664710170777928,False,True,0.0,0.0,37428.495983824134,0.0
2023-09-04,276129.6289276108,0.0012261361017546538,False,True,0.0,0.0,276129.6289276108,0.0
2023-09-05,0.0,0.0,False,False,0.0,0.0,0.0,0.0
2023-09-06,33591.05463077873,0.0001491886177577753,False,True,0.0,0.0,33591.05463077873,0.0
2023-09-07,100239.50073199719,0.00044546010704175876,False,True,0.0,0.0,100239.50073199719,0.0
2023-09-08,148248.06186880916,0.0006593873377874662,False,True,0.0,0.0,148248.06186880916,0.0
2023-09-11,28272.636817507446,0.00012573178492446434,False,True,0.0,0.0,28272.636817507446,0.0
2023-09-12,238388.23133966327,0.0010586444550187526,False,True,0.0,0.0,238388.23133966327,0.0
2023-09-13,53508.14197944105,0.00023754593960429953,False,True,0.0,0.0,53508.14197944105,0.0
2023-09-14,54050.43955101073,0.0002398766889927551,False,True,0.0,0.0,54050.43955101073,0.0
2023-09-15,299263.790756084,0.0013257895704553782,False,True,0.0,0.0,299263.790756084,0.0
2023-09-18,94971.61215806007,0.00042097658206728027,False,True,0.0,0.0,94971.61215806007,0.0
2023-09-19,27512.25975987315,0.00012197224407294391,False,True,0.0,0.0,27512.25975987315,0.0
2023-09-20,25123.590465307236,0.00011136583151986956,False,True,0.0,0.0,25123.590465307236,0.0
2023-09-21,85807.27320791036,0.00038055257630603516,False,True,0.0,0.0,85807.27320791036,0.0
2023-09-22,463789.7328920886,0.0020625495695615163,False,True,0.0,0.0,463789.7328920886,0.0
2023-09-25,61571.32423068583,0.00027371791987107204,False,True,0.0,0.0,61571.32423068583,0.0
2023-09-26,187489.87630289793,0.0008344214701368014,False,True,0.0,0.0,187489.87630289793,0.0
2023-09-27,138359.37327359617,0.000616272722949526,False,True,0.0,0.0,138359.37327359617,0.0
2023-09-28,145290.89351605624,0.0006465888026981082,False,True,0.0,0.0,145290.89351605624,0.0
2023-09-29,49394.1589890793,0.00021975466872343086,False,True,0.0,0.0,49394.1589890793,0.0
2023-10-02,419362.2221846804,0.0018703959007615087,False,True,0.0,0.0,419362.2221846804,0.0
2023-10-03,437560.49829930067,0.0019566533385995295,False,True,0.0,0.0,437560.49829930067,0.0
2023-10-04,115628.27191516012,0.0005174153706666643,False,True,0.0,0.0,115628.27191516012,0.0
2023-10-05,742470.9904268831,0.003337205370983821,False,True,0.0,0.0,742470.9904268831,0.0
2023-10-06,7019.051399476826,3.154740190852151e-05,False,True,0.0,0.0,7019.051399476826,0.0
2023-10-09,56131207.82369751,0.25170903362117836,True,True,0.0,0.0,56131207.82369751,0.0
2023-10-10,0.0,0.0,False,False,0.0,0.0,0.0,0.0
2023-10-11,0.0,0.0,False,False,0.0,0.0,0.0,0.0
2023-10-12,0.0,0.0,False,False,0.0,0.0,0.0,0.0
2023-10-13,0.0,0.0,False,False,0.0,0.0,0.0,0.0
2023-10-16,0.0,0.0,False,False,0.0,0.0,0.0,0.0
2023-10-17,0.0,0.0,False,False,0.0,0.0,0.0,0.0
2023-10-18,0.0,0.0,False,False,0.0,0.0,0.0,0.0
2023-10-19,0.0,0.0,False,False,0.0,0.0,0.0,0.0
2023-10-20,0.0,0.0,False,False,0.0,0.0,0.0,0.0
2023-10-23,0.0,0.0,False,False,0.0,0.0,0.0,0.0
2023-10-24,0.0,0.0,False,False,0.0,0.0,0.0,0.0
2023-10-25,0.0,0.0,False,False,0.0,0.0,0.0,0.0
2023-10-26,0.0,0.0,False,False,0.0,0.0,0.0,0.0
2023-10-27,0.0,0.0,False,False,0.0,0.0,0.0,0.0
2023-10-30,0.0,0.0,False,False,0.0,0.0,0.0,0.0
2023-10-31,55750092.69251623,0.25,True,True,0.0,0.0,0.0,55750092.69251623
2023-11-01,255973.9489639327,0.001149622813333355,False,True,0.0,0.0,0.0,255973.9489639327
2023-11-02,28409.267517894506,0.00012761259211739316,False,True,0.0,0.0,0.0,28409.267517894506
2023-11-03,68427.60996031016,0.0003072464791129045,False,True,0.0,0.0,0.0,68427.60996031016
2023-11-06,144467.89112792164,0.0006481140227849682,False,True,0.0,0.0,0.0,144467.89112792164
2023-11-07,304338.97675894946,0.001367820122698468,False,True,0.0,0.0,0.0,304338.97675894946
2023-11-08,183270.51959656924,0.0008245960523135779,False,True,0.0,0.0,0.0,183270.51959656924
2023-11-09,407322.50522565097,0.0018371709793791428,False,True,0.0,0.0,0.0,407322.50522565097
2023-11-10,177990.74675812572,0.000801943873532968,False,True,0.0,0.0,0.0,177990.74675812572
2023-11-13,389902.5977278501,0.0017608449496855634,False,True,0.0,0.0,0.0,389902.5977278501
2023-11-14,55549048.91222186,0.2506488557480379,True,True,55405248.855456516,0.0,0.0,143800.05676534027
2023-11-15,513715.6780407876,0.0023072953421459396,False,True,276259.8459194377,0.0,0.0,237455.83212134987
2023-11-16,185109.26000716537,0.0008316455973895075,False,True,75923.78131176531,0.0,0.0,109185.47869540006
2023-11-17,509659.839688614,0.002282731089914456,False,True,83411.48268152773,0.0,0.0,426248.3570070863
2023-11-20,56113805.75018745,0.2517830684003168,True,True,299165.67065352947,55716420.99159203,0.0,98219.08794189245
2023-11-21,651779.1628428921,0.002915866680315194,False,True,203804.1926447451,204931.28810867667,0.0,243043.68208947033
2023-11-22,878672.936116606,0.003923585934222705,False,True,387093.1481044218,24834.711843691766,0.0,466745.07616849244
2023-11-23,301449.15550789237,0.0013491191751527705,False,True,87607.1123014614,112576.86783410609,0.0,101265.17537232488
2023-11-24,250001.14861082286,0.0011172831775101634,False,True,64645.69382523,164579.44288508594,0.0,20776.011900506914
2023-11-27,486783.15924324095,0.002172373235225326,False,True,203281.31903250515,123089.05454190075,0.0,160412.78566883504
2023-11-28,501985.8238295689,0.002236528893926285,False,True,204786.79084219784,16952.677105888724,0.0,280246.35588148236
2023-11-29,534957.3512532488,0.002365799766142787,False,True,146933.1182376817,58413.08788911253,0.0,329611.14512645453
2023-11-30,402218.53658877313,0.001781096347629163,False,True,140903.23436665535,97051.90419495106,0.0,164263.39802716672
2023-12-01,644203.8152051345,0.002860951576222749,False,True,351560.37193538994,240201.0046506524,0.0,52442.43861909211
2023-12-04,939609.7399968803,0.004147323638091521,False,True,16643.04837703705,279796.34533011913,0.0,643170.3462897241
2023-12-05,1106458.8802988827,0.004919479904105106,False,True,146335.2165223956,201356.44307998568,0.0,758767.2206965014
2023-12-06,259554.5458953306,0.0011593696506354135,False,True,55600.50572282821,184779.5959702134,0.0,19174.444202288985
2023-12-07,650158.4217297137,0.0028907187390352107,False,True,454679.55089095235,107841.18629326671,0.0,87637.68454549462
2023-12-08,305453.4707272276,0.0013580608741548842,False,True,151919.34063301235,74091.41175217181,0.0,79442.71834204346
2023-12-11,728616.1120985001,0.0032508491652841177,False,True,104835.6455315277,160994.39335697144,0.0,462786.073210001
2023-12-12,449172.1898127198,0.002013895950041951,False,True,2617.6172542721033,85147.43158975244,0.0,361407.1409686953
2023-12-13,88100.87792368233,0.0003954384461840402,False,True,67577.78583469987,13607.443897277117,0.0,6915.648191705346
2023-12-14,1541419.8034977615,0.006870474185274715,False,True,390843.8889140412,184702.2613625601,0.0,965873.6532211602
2023-12-15,1002404.4313920289,0.004429017827086312,False,True,252902.5378121361,494845.2741211131,0.0,254656.6194587797
2023-12-18,1001804.8168093413,0.004443456040263566,False,True,362151.7391777113,392108.54749869555,0.0,247544.53013293445
2023-12-19,525110.9003700465,0.0023283831550223507,False,True,77450.02238446474,253835.4470295757,0.0,193825.43095600605
2023-12-20,694108.6966045201,0.0030519998589771664,False,True,461552.7690758109,123191.12142655998,0.0,109364.80610214919
2023-12-21,456948.4175430536,0.002013451499088709,False,True,158674.59141566604,168513.58930967003,0.0,129760.23681771755
2023-12-22,355792.69388350844,0.0015635262947551797,False,True,61515.08684339374,40125.89062732458,0.0,254151.71641279012
2023-12-25,131416.06812274456,0.0005761751969765942,False,True,29827.159200817347,34748.968289621174,0.0,66839.94063230604
2023-12-26,0.0,0.0,False,False,0.0,0.0,0.0,0.0
2023-12-27,581064.5151823163,0.002538228557647191,False,True,197065.49776506424,185320.76495430619,0.0,198678.25246294588
2023-12-28,402490.9759205803,0.001753164500031085,False,True,119434.99904592335,178761.1319982186,0.0,104294.84487643838
2023-12-29,469039.1619606167,0.002046569783961921,False,True,55042.672634102404,184942.09086425602,0.0,229054.39846225828
2024-01-01,283023.42227613926,0.001238012178703033,False,True,28673.125630415976,184326.08464479446,0.0,70024.21200092882
2024-01-02,0.0,0.0,False,False,0.0,0.0,0.0,0.0
2024-01-03,677791.3659106046,0.002980475650967182,False,True,337257.6140446663,151726.65430482477,0.0,188807.09756111354
2024-01-04,504988.3905429542,0.002231427813595429,False,True,114597.32483127713,183797.95897515863,0.0,206593.10673651844
2024-01-05,108519.29837065935,0.00047935981363901695,False,True,23089.914884351194,44695.84399852157,0.0,40733.53948778659
2024-01-08,468048.5679410994,0.0020606098559433636,False,True,309858.6405938417,18789.876161836088,0.0,139400.05118542165
2024-01-09,531892.9680213928,0.0023488939183722254,False,True,178848.46614390612,44741.933783978224,0.0,308302.5680935085
2024-01-10,462187.4889752418,0.0020452012343850855,False,True,185266.66474556178,103039.57779402286,0.0,173881.24643565714
2024-01-11,369396.3532053456,0.0016341415521820793,False,True,105919.45038117468,86636.58064946532,0.0,176840.32217470556
2024-01-12,627883.0463138595,0.00277752538448426,False,True,191794.38111184537,312784.07836101204,0.0,123304.5868410021
2024-01-15,307241.4044152498,0.0013517748950489135,False,True,30747.05133354664,22464.249701455235,0.0,254030.10338024795
2024-01-16,762581.4940132126,0.0033619890687247005,False,True,231846.67413887382,207306.6956019923,0.0,323428.1242723465
2024-01-17,468924.88508854806,0.0020827928604184066,False,True,24193.88138166815,90179.1745627448,0.0,354551.8291441351
2024-01-18,632974.0520226434,0.002829824390943421,False,True,133645.75532978028,249277.9583940357,0.0,250050.3382988274
2024-01-19,651088.3180124834,0.0029030291012879573,False,True,250628.27198264748,73944.81052739173,0.0,326515.2355024442
2024-01-22,152112.4245924279,0.0006763937194634155,False,True,49113.15271292627,84686.12030380219,0.0,18313.15157569945
2024-01-23,553486.9835067391,0.0024678377573351287,False,True,288665.8508685082,200835.33763891459,0.0,63985.794999316335
2024-01-24,515922.07209258527,0.0023016531018636146,False,True,82240.87446017563,191632.34311370552,0.0,242048.85451870412
2024-01-25,1248716.6894811913,0.005557645500851506,False,True,507589.2946219966,183224.4533913657,0.0,557902.941467829
2024-01-26,56596302.20007504,0.25182049940732393,True,True,56221917.77830552,196563.57724130154,0.0,177820.84452821314
2024-01-29,141315.5700545013,0.0006287373502840719,False,True,0.0,73734.20276356488,0.0,67581.36729093641
2024-01-30,386018.35828483105,0.0017141602891137789,False,True,0.0,84770.14610951394,0.0,301248.2121753171
2024-01-31,217739.71916271,0.0009669351485927075,False,True,0.0,110972.24705059826,0.0,106767.47211211175
2024-02-01,176641.08183889836,0.0007833278914652803,False,True,0.0,167164.94770560414,0.0,9476.134133294225
2024-02-02,56283607.38481016,0.24972905569038853,True,True,0.0,55825462.26211229,0.0,458145.12269786745
2024-02-05,313187.4223987609,0.001392184751966192,False,True,0.0,0.0,0.0,313187.4223987609
2024-02-06,302947.42504086345,0.0013490881453368654,False,True,0.0,0.0,0.0,302947.42504086345
2024-02-07,229326.95560721308,0.0010198521353096696,False,True,0.0,0.0,0.0,229326.95560721308
2024-02-08,16151.249840006232,7.183396408059624e-05,False,True,0.0,0.0,0.0,16151.249840006232
2024-02-09,17398.652930676937,7.73898729823072e-05,False,True,0.0,0.0,0.0,17398.652930676937
2024-02-12,212577.92345304042,0.0009467483285801145,False,True,0.0,0.0,0.0,212577.92345304042
2024-02-13,56016948.58056411,0.24960983982117504,True,True,0.0,0.0,0.0,56016948.58056411
2024-02-14,0.0,0.0,False,False,0.0,0.0,0.0,0.0
2024-02-15,0.0,0.0,False,False,0.0,0.0,0.0,0.0
2024-02-16,0.0,0.0,False,False,0.0,0.0,0.0,0.0
2024-02-19,0.0,0.0,False,False,0.0,0.0,0.0,0.0
2024-02-20,0.0,0.0,False,False,0.0,0.0,0.0,0.0
2024-02-21,0.0,0.0,False,False,0.0,0.0,0.0,0.0
2024-02-22,0.0,0.0,False,False,0.0,0.0,0.0,0.0
2024-02-23,0.0,0.0,False,False,0.0,0.0,0.0,0.0
2024-02-26,0.0,0.0,False,False,0.0,0.0,0.0,0.0
2024-02-27,0.0,0.0,False,False,0.0,0.0,0.0,0.0
2024-02-28,0.0,0.0,False,False,0.0,0.0,0.0,0.0
2024-02-29,0.0,0.0,False,False,0.0,0.0,0.0,0.0
2024-03-01,0.0,0.0,False,False,0.0,0.0,0.0,0.0
2024-03-04,0.0,0.0,False,False,0.0,0.0,0.0,0.0
2024-03-05,0.0,0.0,False,False,0.0,0.0,0.0,0.0
2024-03-06,56104507.55937312,0.25,True,True,0.0,0.0,0.0,56104507.55937312
2024-03-07,398234.3314431608,0.0017703315635877214,False,True,0.0,0.0,0.0,398234.3314431608
2024-03-08,231684.34822881967,0.001028529191634115,False,True,0.0,0.0,0.0,231684.34822881967
2024-03-11,370935.9672956839,0.001643108989720403,False,True,0.0,0.0,0.0,370935.9672956839
2024-03-12,73819.34347225726,0.00032684985549804446,False,True,0.0,0.0,0.0,73819.34347225726
2024-03-13,473573.00202491134,0.0021027175966710117,False,True,0.0,0.0,0.0,473573.00202491134
2024-03-14,314415.0136587769,0.0013934444235053287,False,True,0.0,0.0,0.0,314415.0136587769
2024-03-15,237763.21538622677,0.0010552166734596098,False,True,0.0,0.0,0.0,237763.21538622677
2024-03-18,122902.60368811339,0.0005458508967922223,False,True,0.0,0.0,0.0,122902.60368811339
2024-03-19,87336.25666318089,0.00038768854180430776,False,True,0.0,0.0,0.0,87336.25666318089
2024-03-20,56354675.363800414,0.2502404884085166,True,True,0.0,0.0,56300516.87699077,54158.48680964112
2024-03-21,944568.4961372763,0.004183940057851779,False,True,0.0,0.0,332670.3466168046,611898.1495204717
2024-03-22,241056.25248039514,0.001067847483256797,False,True,0.0,0.0,115482.00642429292,125574.24605610222
2024-03-25,415360.3025691286,0.0018467876394458644,False,True,0.0,0.0,211936.4506879151,203423.8518812135
2024-03-26,247790.95853888243,0.0010993134080214417,False,True,0.0,0.0,205764.90924975276,42026.049289129674
2024-03-27,524008.2822942659,0.0023264143573784647,False,True,0.0,0.0,302582.79899808764,221425.48329617828
2024-03-28,622915.920375146,0.002763032275515275,False,True,0.0,0.0,260557.50342462212,362358.41695052385
2024-03-29,788297.4609139636,0.0034723229627021137,False,True,0.0,0.0,281601.14822962135,506696.31268434227
2024-04-01,0.0,0.0,False,False,0.0,0.0,0.0,0.0
2024-04-02,392934.91504077613,0.0017248440492523016,False,True,0.0,0.0,40391.905569918454,352543.0094708577
2024-04-03,596016.1083825827,0.0026026792447943663,False,True,0.0,0.0,154624.52680057287,441391.5815820098
2024-04-04,586802.9957478419,0.0025493821689315512,False,True,0.0,0.0,394975.4794657007,191827.5162821412
2024-04-05,424357.6325419694,0.0018438659066673526,False,True,0.0,0.0,204932.25775828958,219425.37478367984
2024-04-08,666443.6412917301,0.0028790737229126557,False,True,0.0,0.0,24961.750128753483,641481.8911629766
2024-04-09,218024.28932267427,0.0009408893958800531,False,True,0.0,0.0,48263.339973047376,169760.9493496269
2024-04-10,58404219.80239643,0.2517447073893237,True,True,0.0,57999451.51585072,133304.21980974823,271464.06673596054
2024-04-11,57633866.11115072,0.2498127292416916,True,True,0.0,57134267.43230927,360010.8918039873,139587.787037462
2024-04-12,1243337.0342774764,0.005373880062157854,False,True,0.0,0.0,457058.1189973578,786278.9152801186
2024-04-15,1011700.3748469129,0.004379544571454294,False,True,0.0,0.0,415628.8941494897,596071.4806974232
2024-04-16,1023002.8617531136,0.0044113429155617,False,True,0.0,0.0,287256.58219356835,735746.2795595452
2024-04-17,23070.190624542534,9.948164282755062e-05,False,True,0.0,0.0,11829.427388377488,11240.763236165047
2024-04-18,437862.0458041951,0.0018952747203677082,False,True,0.0,0.0,124693.34737823904,313168.69842595607
2024-04-19,514325.5272470787,0.0022227110601319914,False,True,0.0,0.0,165334.66763098538,348990.85961609334
2024-04-22,428949.6198614016,0.0018469028366437682,False,True,0.0,0.0,329990.3242684454,98959.29559295624
2024-04-23,1415342.1558010206,0.006139485212370568,False,True,0.0,0.0,277069.84814514965,1138272.307655871
2024-04-24,226019.52300875634,0.0009805806667556986,False,True,0.0,0.0,104138.23495689034,121881.288051866
2024-04-25,147253.0298735872,0.0006396713036750575,False,True,0.0,0.0,75704.30692826957,71548.72294531763
2024-04-26,296059.08484663814,0.0012827894293369535,False,True,0.0,0.0,39328.21260268986,256730.87224394828
2024-04-29,192844.77642787993,0.0008352870183483585,False,True,0.0,0.0,76606.55118969828,116238.22523818165
2024-04-30,313800.4602653459,0.001358016112684945,False,True,0.0,0.0,206959.85310383886,106840.60716150701
2024-05-01,1086857.4148038328,0.00474819657854386,False,True,0.0,0.0,408222.2850342542,678635.1297695786
2024-05-02,1476436.2274182737,0.006444785403652096,False,True,0.0,0.0,690453.1709636748,785983.0564545989
2024-05-03,564938.5775672048,0.0024682934226998485,False,True,0.0,0.0,229508.34607429802,335430.2314929068
2024-05-06,334141.2449574396,0.00145844085789823,False,True,0.0,0.0,224651.57420857996,109489.67074885964
2024-05-07,616103.644521825,0.0026747489158783964,False,True,0.0,0.0,370978.0139063671,245125.6306154579
2024-05-08,246981.54203053564,0.0010733726971101612,False,True,0.0,0.0,62952.784560255706,184028.75747027993
2024-05-09,201063.22356632352,0.0008753431471447708,False,True,0.0,0.0,171088.63562435657,29974.58794196695
2024-05-10,703293.2282328457,0.003046438442931457,False,True,0.0,0.0,61381.64237945527,641911.5858533904
2024-05-13,264027.5616693124,0.0011410718228919686,False,True,0.0,0.0,47491.5776405409,216535.98402877152
2024-05-14,865390.8140865713,0.0037452128279152606,False,True,0.0,0.0,352765.6671248898,512625.14696168154
2024-05-15,620289.5451758951,0.0026791634039618926,False,True,0.0,0.0,195710.2154666856,424579.3297092095
2024-05-16,58721033.87936477,0.2524075002285516,True,True,0.0,58160943.93608913,156055.7950470969,404034.14822854847
2024-05-17,438534.4331991002,0.0018850749364842986,False,True,0.0,101174.51478017867,116997.41474745423,220362.5036714673
2024-05-20,1238478.7214849368,0.005278924958722332,False,True,0.0,372599.59023559093,420538.06399667263,445341.0672526732
2024-05-21,960729.9743169174,0.00407849938994549,False,True,0.0,361422.5683071017,592163.2144767568,7144.191533058882
2024-05-22,126203.51258776337,0.0005364186429744749,False,True,0.0,26962.43405814469,68080.96689354628,31160.111636072397
2024-05-23,841259.182645537,0.0036003818810985354,False,True,0.0,133425.64483038336,85674.43136639893,622159.1064487547
2024-05-24,1274766.8694583327,0.00550411635271228,False,True,0.0,380400.49397292733,190855.3754504174,703511.0000349879
2024-05-27,167944.6168524474,0.0007248849891427897,False,True,0.0,1387.0975231900811,73716.79969304055,92840.71963621676
2024-05-28,511007.0348584354,0.0021991486662405395,False,True,0.0,85625.54350712895,170335.67828614265,255045.8130651638
2024-05-29,887717.3604679331,0.003800602017671099,False,True,0.0,246736.55692418665,594731.7104780301,46249.093065716326
2024-05-30,398990.4014049992,0.001719957718261813,False,True,0.0,958.5896517708898,223553.05029774457,174478.76145548373
2024-05-31,1244916.509652853,0.0053777962148668056,False,True,0.0,317834.387843892,683073.3050947115,244008.81671424955
2024-06-03,817476.7128928453,0.003545247154485161,False,True,0.0,295225.4989269525,360504.5890638381,161746.62490205467
2024-06-04,797687.5643568188,0.003449124275323731,False,True,0.0,76993.73761573434,312762.71704702824,407931.1096940562
2024-06-05,707160.4709638432,0.0030800868178671053,False,True,0.0,143404.2937199399,400208.3536306992,163547.82361320406
2024-06-06,981298.9216744825,0.00425800925576227,False,True,0.0,382090.4710725248,118035.10513805598,481173.34546390176
2024-06-07,828860.5029797554,0.003572018321273429,False,True,0.0,216546.77072090656,500747.16934061795,111566.56291823089
2024-06-10,1569500.4012179598,0.006865357402619007,False,True,0.0,355873.3524779007,62543.944417372346,1151083.1043226868
2024-06-11,504965.29530816525,0.0022012503226177217,False,True,0.0,154020.56390717626,121797.24952983856,229147.48187115043
2024-06-12,262058.03984544426,0.0011407713644241344,False,True,0.0,90937.60804716498,99173.14246425778,71947.28933402151
2024-06-13,644439.1834390461,0.002788499481747431,False,True,0.0,493733.52925409377,1741.4202448800206,148964.23394007236
2024-06-14,355833.4369049072,0.0015483585566580247,False,True,0.0,146556.26647827774,16323.08536747843,192954.08505915105
2024-06-17,1243623.9608744457,0.005405366314107249,False,True,0.0,334045.28645081073,255420.9446803853,654157.7297432497
2024-06-18,312764.24195179343,0.0013640111816854445,False,True,0.0,59547.28165885806,104200.4716314748,149016.48866146058
2024-06-19,340424.3789448738,0.0014773340370844103,False,True,0.0,133072.4126985371,178906.87366955727,28445.092576779425
2024-06-20,379412.46404598653,0.001644730654806455,False,True,0.0,221217.64015857875,63022.816271200776,95172.007616207
2024-06-21,1042709.4110476822,0.004506041396652199,False,True,0.0,262324.5736820027,169168.74881367385,611216.0885520056
2024-06-24,826786.9860608056,0.0036002426644186633,False,True,0.0,194022.85199026763,137351.34942361712,495412.78464692086
2024-06-25,58013270.98000108,0.2515569684770107,True,True,0.0,58374.13165574521,229733.0131136179,57725163.835231714
2024-06-26,57040682.399352364,0.24822010834188762,True,True,0.0,29844.47098350525,57010837.92836886,0.0
2024-06-27,96189.13214486837,0.00041834630724018376,False,True,0.0,96189.13214486837,0.0,0.0
2024-06-28,32291.94611530006,0.00014041801667114573,False,True,0.0,32291.94611530006,0.0,0.0
2024-07-01,134751.5115379691,0.0005854948673588146,False,True,0.0,134751.5115379691,0.0,0.0
2024-07-02,188633.80120368302,0.000820509903611001,False,True,0.0,188633.80120368302,0.0,0.0
2024-07-03,71330.130652681,0.00031013994384839557,False,True,0.0,71330.130652681,0.0,0.0
2024-07-04,387021.71947166324,0.0016789845547588967,False,True,0.0,387021.71947166324,0.0,0.0
2024-07-05,15739.235791578889,6.827401890407982e-05,False,True,0.0,15739.235791578889,0.0,0.0
2024-07-08,74470.70196780562,0.00032290164277073844,False,True,0.0,74470.70196780562,0.0,0.0
2024-07-09,55601.04075311124,0.00024100616303279274,False,True,0.0,55601.04075311124,0.0,0.0
2024-07-10,83291.27651194483,0.00036120508410448295,False,True,0.0,83291.27651194483,0.0,0.0
2024-07-11,62948.89881392568,0.000272887992616132,False,True,0.0,62948.89881392568,0.0,0.0
2024-07-12,264528.6892850846,0.0011450001401087822,False,True,0.0,264528.6892850846,0.0,0.0
2024-07-15,57789928.36306708,0.2501057498477668,True,True,0.0,24434.76861514151,0.0,57765493.59445194
2024-07-16,380232.28402884305,0.0016445955960204951,False,True,0.0,155338.81440673769,0.0,224893.46962210536
2024-07-17,1559978.9730662704,0.00672767015864146,False,True,0.0,611493.4996454194,0.0,948485.4734208509
2024-07-18,291472.89978746325,0.0012580657176480671,False,True,0.0,97810.97607565671,0.0,193661.92371180654
2024-07-19,360976.3957926929,0.0015599777968718664,False,True,0.0,109251.5001771301,0.0,251724.8956155628
2024-07-22,702357.1482208818,0.003053635097635385,False,True,0.0,3299.3019303008914,0.0,699057.8462905809
2024-07-23,367712.2688854784,0.0016026784346960248,False,True,0.0,326559.83258603513,0.0,41152.436299443245
2024-07-24,525979.0675466582,0.002291500570023437,False,True,0.0,238317.57333898544,0.0,287661.4942076728
2024-07-25,204463.27990864217,0.0008921882666001463,False,True,0.0,11176.574839390814,0.0,193286.70506925136
2024-07-26,623242.615014106,0.0027344308856944383,False,True,0.0,142989.19037280977,0.0,480253.42464129627
2024-07-29,551066.7654330432,0.0024120541910074324,False,True,0.0,140631.91958908737,0.0,410434.8458439559
2024-07-30,130369.35828664154,0.000571286944219128,False,True,0.0,123776.02375946194,0.0,6593.334527179599
2024-07-31,568038.3366975114,0.0024815198710813734,False,True,0.0,107895.75541448593,0.0,460142.58128302544
2024-08-01,971839.5060047433,0.00423120891307894,False,True,0.0,291864.86767172813,0.0,679974.6383330151
2024-08-02,26881.40368013084,0.00011706404614052048,False,True,0.0,8885.587026253343,0.0,17995.816653877497
2024-08-05,57372262.62550413,0.2500007903913347,True,True,0.0,57336781.437325165,0.0,35481.18817896396
2024-08-06,571492.373723641,0.0024985858030020652,False,True,0.0,0.0,0.0,571492.373723641
2024-08-07,355251.6689944342,0.0015563965795126068,False,True,0.0,0.0,0.0,355251.6689944342
2024-08-08,141415.60713987052,0.0006200695315099674,False,True,0.0,0.0,0.0,141415.60713987052
2024-08-09,800536.2150595188,0.003493785171501743,False,True,0.0,0.0,0.0,800536.2150595188
2024-08-12,67074.99710404873,0.00029262161168878433,False,True,0.0,0.0,0.0,67074.99710404873
2024-08-13,735017.8719613627,0.0031929402080095484,False,True,0.0,0.0,0.0,735017.8719613627
2024-08-14,135096.09363624454,0.0005873211478107138,False,True,0.0,0.0,0.0,135096.09363624454
2024-08-15,302844.9807837531,0.0013189134164962948,False,True,0.0,0.0,0.0,302844.9807837531
2024-08-16,157238.20724223554,0.0006841599373082622,False,True,0.0,0.0,0.0,157238.20724223554
2024-08-19,898407.263837412,0.003888795531251049,False,True,0.0,0.0,0.0,898407.263837412
2024-08-20,64422.70938552916,0.0002789602634940204,False,True,0.0,0.0,0.0,64422.70938552916
2024-08-21,167893.64507053792,0.0007263013335221314,False,True,0.0,0.0,0.0,167893.64507053792
2024-08-22,24654.215066038072,0.00010666833755529448,False,True,0.0,0.0,0.0,24654.215066038072
2024-08-23,479668.80244502425,0.00208108213277619,False,True,0.0,0.0,0.0,479668.80244502425
2024-08-26,484217.0261246711,0.0020949468437338084,False,True,0.0,0.0,0.0,484217.0261246711
2024-08-27,93830.83757922053,0.00040573599315816183,False,True,0.0,0.0,0.0,93830.83757922053
2024-08-28,113826.6327375099,0.0004918774488451827,False,True,0.0,0.0,0.0,113826.6327375099
2024-08-29,344246.6631386131,0.0014905447520620703,False,True,0.0,0.0,0.0,344246.6631386131
2024-08-30,58125455.11304887,0.2512548292365994,True,True,0.0,57835162.10380358,0.0,290293.0092452839
2024-09-02,362029.34635614604,0.0015680652091471475,False,True,0.0,64967.859396375716,0.0,297061.4869597703
2024-09-03,138569.963775523,0.000600295861913285,False,True,0.0,59198.09240644425,0.0,79371.87136907876
2024-09-04,485489.2031338215,0.002110401817416011,False,True,0.0,440307.7532458678,0.0,45181.4498879537
2024-09-05,124381.03881366551,0.0005400952794898676,False,True,0.0,121744.82265870273,0.0,2636.216154962778
2024-09-06,633575.9222314209,0.0027471318044802635,False,True,0.0,232496.5207600817,0.0,401079.40147133917
2024-09-09,329189.8045374453,0.0014314255097847917,False,True,0.0,50484.0827947855,0.0,278705.7217426598
2024-09-10,575645.7456181496,0.0025048685122058623,False,True,0.0,328484.268133454,0.0,247161.4774846956
2024-09-11,304164.2714807242,0.0013225620531313869,False,True,0.0,109498.86274260283,0.0,194665.4087381214
2024-09-12,111890.81514982134,0.0004869956593037735,False,True,0.0,54295.432614304125,0.0,57595.382535517216
2024-09-13,763029.5049426928,0.00329911091906236,False,True,0.0,89407.36943684518,0.0,673622.1355058476
2024-09-16,330037.70491144806,0.0014229231547025429,False,True,0.0,47481.319135561585,0.0,282556.3857758865
2024-09-17,138425.33746272326,0.0005960949036033309,False,True,0.0,100785.83320593834,0.0,37639.504256784916
2024-09-18,547758.2714788988,0.002359137582324411,False,True,0.0,265256.6942965165,0.0,282501.57718238235
2024-09-19,272578.534769021,0.0011750091722831297,False,True,0.0,84816.86797192693,0.0,187761.66679709405
2024-09-20,471176.88742727786,0.0020228932085280377,False,True,0.0,76027.90808829665,0.0,395148.9793389812
2024-09-23,894405.6031135619,0.003828627954774606,False,True,0.0,275282.777208291,0.0,619122.8259052709
2024-09-24,328297.5842261538,0.0014015258489594963,False,True,0.0,322403.8338423446,0.0,5893.750383809209
2024-09-25,462131.5897909701,0.0019661383823909,False,True,0.0,30484.023084677756,0.0,431647.56670629233
2024-09-26,38653.39164391905,0.00016448436521902845,False,True,0.0,31312.101305685937,0.0,7341.290338233113
2024-09-27,261986.7854102254,0.0011123696569575164,False,True,0.0,50464.199688479304,0.0,211522.5857217461
2024-09-30,708304.2161293253,0.00300630107547636,False,True,0.0,375455.42106088996,0.0,332848.7950684354
2024-10-01,59368239.199674554,0.2524793059294547,True,True,58785252.69736625,175109.15744387358,0.0,407877.34486442804
2024-10-02,60077941.34531562,0.25552827200760003,True,True,237952.4352563694,415470.1855541095,58778174.40053047,646344.323974669
2024-10-03,693550.5328429416,0.0029455837768873326,False,True,288454.24931869656,161161.55680274963,58321.01710277796,185613.70961871743
2024-10-04,1410326.1072174087,0.006006246445942058,False,True,520395.3628214374,184767.69078728557,606040.2817123681,99122.7718963176
2024-10-07,861992.856460534,0.0036730344858331683,False,True,430996.4282302633,312317.54562175274,100189.03395734727,18489.84865117073
2024-10-08,436038.90357641876,0.0018633654108180307,False,True,2790.924322977662,140620.09217989445,218019.45178821683,74608.43528532982
2024-10-09,1112274.2111561894,0.004803242048143973,False,True,99818.62047146261,306220.00841061026,556137.1055780873,150098.4766960293
2024-10-10,531200.9493914843,0.002308349845495575,False,True,212684.63660418987,214585.55694448948,52915.83809155971,51014.9177512452
2024-10-11,1049086.4885549918,0.004534478830962608,False,True,296256.1391739994,228287.1051035002,348902.0423113629,175641.20196612924
2024-10-14,1326948.7573737428,0.0057261725643011924,False,True,663474.3786868528,111915.83187566698,55085.98838377744,496472.5584274456
2024-10-15,1194040.0125543177,0.005168450495533085,False,True,595264.0525949821,3996.657405078411,593023.3488720953,1755.9536821618676
2024-10-16,1296779.4927284718,0.005632829815648653,False,True,237681.12185870856,140563.44013641775,410708.6245055273,507826.30622781813
2024-10-17,850228.3428573236,0.003701667548688972,False,True,120324.35917837173,304789.81225028634,49384.77919021249,375729.39223845303
2024-10-18,688238.6302926689,0.002987535880191529,False,True,209362.9896896705,109178.41806631535,134756.32545665652,234940.89708002657
2024-10-21,911361.2254835367,0.00394516835279409,False,True,132740.0961681232,108826.88772884756,214113.6288447976,455680.61274176836
2024-10-22,843604.5709188432,0.003656721723656587,False,True,209640.60000245273,212161.6854569614,379158.3267984465,42643.95866098255
2024-10-23,1186803.8218551576,0.005109123076211134,False,True,284941.4830020666,308460.4279254973,372911.137934275,220490.77299331874
2024-10-24,58174805.722113594,0.2523390432158447,True,True,57718681.2647783,19536.815719746053,166963.5221704319,269624.1194451153
2024-10-25,469297.1900537461,0.002030855013005142,False,True,0.0,160516.33665774018,6466.996810220182,302313.85658578575
2024-10-28,283808.8126318976,0.001225313064398808,False,True,0.0,74664.71603933722,103137.53716689348,106006.55942566693
2024-10-29,1066533.6899862587,0.004638861694206051,False,True,0.0,31255.27429123968,715595.0200536177,319683.3956414014
2024-10-30,57762343.43318102,0.2506814018074182,True,True,0.0,57197994.29146819,14938.042101189494,549411.09961164
2024-10-31,261792.6644346863,0.0011335718633580562,False,True,0.0,0.0,125499.76539714634,136292.89903753996
2024-11-01,683832.4079495519,0.002978659207389518,False,True,0.0,0.0,121888.64293833822,561943.7650112137
2024-11-04,141050.3085384816,0.000614847264239536,False,True,0.0,0.0,27978.262548819184,113072.04598966241
2024-11-05,483595.04492338747,0.0021034912635994963,False,True,0.0,0.0,365316.0141155124,118279.0308078751
2024-11-06,129577.41638437659,0.0005629876996032363,False,True,0.0,0.0,42948.46969998628,86628.9466843903
2024-11-07,1220298.8643517122,0.005356446881994082,False,True,0.0,0.0,24754.7014060691,1195544.162945643
2024-11-08,855805.7157481387,0.003728508193299495,False,True,0.0,0.0,263088.3228221759,592717.3929259628
2024-11-11,574173.0389205366,0.0025140907756396164,False,True,0.0,0.0,396128.87956541777,178044.15935511887
2024-11-12,972616.3385452628,0.004295311311019895,False,True,0.0,0.0,56402.89191289246,916213.4466323704
2024-11-13,335337.2321118787,0.0014853304668265112,False,True,0.0,0.0,61384.9247680977,273952.307343781
2024-11-14,503266.67591721565,0.0022350972879960746,False,True,0.0,0.0,101475.4607199952,401791.21519722044
2024-11-15,309094.3066955954,0.0013765223026726758,False,True,0.0,0.0,285774.2526149303,23320.05408066511
2024-11-18,113695.15906388313,0.0005062322305636817,False,True,0.0,0.0,67761.78732729703,45933.371736586094
2024-11-19,992543.8689923957,0.004380622236816161,False,True,0.0,0.0,424675.8860164434,567867.9829759523
2024-11-20,306374.5452394709,0.001348788395807487,False,True,0.0,0.0,10195.215019255877,296179.330220215
2024-11-21,57345973.23532536,0.2516352124571233,True,True,0.0,0.0,57132732.13866273,213241.09666262567
2024-11-22,308231.11706710607,0.001350089252762263,False,True,0.0,0.0,0.0,308231.11706710607
2024-11-25,745113.1527787894,0.0032495443039155234,False,True,0.0,0.0,0.0,745113.1527787894
2024-11-26,1443246.3942546993,0.006347472242281548,False,True,0.0,0.0,0.0,1443246.3942546993
2024-11-27,132200.89201993495,0.0005809759634874551,False,True,0.0,0.0,0.0,132200.89201993495
2024-11-28,46503.30181700736,0.00020430982196334988,False,True,0.0,0.0,0.0,46503.30181700736
2024-11-29,30761.018884144723,0.0001351225775129145,False,True,0.0,0.0,0.0,30761.018884144723
2024-12-02,84628.01136101782,0.0003715575864528684,False,True,0.0,0.0,0.0,84628.01136101782
2024-12-03,56854780.1454897,0.24971472042601747,True,True,0.0,0.0,0.0,56854780.1454897
2024-12-04,0.0,0.0,False,False,0.0,0.0,0.0,0.0
2024-12-05,0.0,0.0,False,False,0.0,0.0,0.0,0.0
2024-12-06,0.0,0.0,False,False,0.0,0.0,0.0,0.0
2024-12-09,0.0,0.0,False,False,0.0,0.0,0.0,0.0
2024-12-10,0.0,0.0,False,False,0.0,0.0,0.0,0.0
2024-12-11,0.0,0.0,False,False,0.0,0.0,0.0,0.0
2024-12-12,0.0,0.0,False,False,0.0,0.0,0.0,0.0
2024-12-13,0.0,0.0,False,False,0.0,0.0,0.0,0.0
2024-12-16,0.0,0.0,False,False,0.0,0.0,0.0,0.0
2024-12-17,0.0,0.0,False,False,0.0,0.0,0.0,0.0
2024-12-18,0.0,0.0,False,False,0.0,0.0,0.0,0.0
2024-12-19,0.0,0.0,False,False,0.0,0.0,0.0,0.0
2024-12-20,0.0,0.0,False,False,0.0,0.0,0.0,0.0
2024-12-23,0.0,0.0,False,False,0.0,0.0,0.0,0.0
2024-12-24,0.0,0.0,False,False,0.0,0.0,0.0,0.0
2024-12-25,0.0,0.0,False,False,0.0,0.0,0.0,0.0
2024-12-26,0.0,0.0,False,False,0.0,0.0,0.0,0.0
2024-12-27,0.0,0.0,False,False,0.0,0.0,0.0,0.0
2024-12-30,0.0,0.0,False,False,0.0,0.0,0.0,0.0
2024-12-31,0.0,0.0,False,False,0.0,0.0,0.0,0.0
2025-01-01,0.0,0.0,False,False,0.0,0.0,0.0,0.0
2025-01-02,0.0,0.0,False,False,0.0,0.0,0.0,0.0
2025-01-03,0.0,0.0,False,False,0.0,0.0,0.0,0.0
2025-01-06,0.0,0.0,False,False,0.0,0.0,0.0,0.0
2025-01-07,56919732.293409154,0.25,True,True,0.0,0.0,56919732.293409154,0.0
2025-01-08,97455.18136776984,0.00042779362198597525,False,True,0.0,0.0,97455.18136776984,0.0
2025-01-09,10905.265078924596,4.787329484376851e-05,False,True,0.0,0.0,10905.265078924596,0.0
2025-01-10,424656.7770076543,0.0018595891415589282,False,True,0.0,0.0,424656.7770076543,0.0
2025-01-13,869427.7474258989,0.003788029798598189,False,True,0.0,0.0,869427.7474258989,0.0
2025-01-14,231569.62465326488,0.0010075756044052662,False,True,0.0,0.0,231569.62465326488,0.0
2025-01-15,131316.38019135594,0.0005718023501440764,False,True,0.0,0.0,131316.38019135594,0.0
2025-01-16,585404.0900667533,0.002540441638358688,False,True,0.0,0.0,585404.0900667533,0.0
2025-01-17,39295.49525973201,0.00017048944693732245,False,True,0.0,0.0,39295.49525973201,0.0
2025-01-20,217284.1288522929,0.0009439064951335018,False,True,0.0,0.0,217284.1288522929,0.0
2025-01-21,0.0,0.0,False,False,0.0,0.0,0.0,0.0
2025-01-22,57622285.45043294,0.2504767570532904,True,True,0.0,0.0,109678.16470637172,57512607.28572657
2025-01-23,167801.84570611268,0.0007283507756166231,False,True,0.0,0.0,7178.693295516074,160623.1524105966
2025-01-24,52347.064799427986,0.0002273178760114404,False,True,0.0,0.0,44879.729782782495,7467.335016645491
2025-01-27,350168.9862109944,0.0015185930280379296,False,True,0.0,0.0,98475.62585563213,251693.3603553623
2025-01-28,758717.1811801046,0.0033121580987085174,False,True,0.0,0.0,518656.9102726057,240060.2709074989
2025-01-29,382623.21563931555,0.0016662138271084093,False,True,0.0,0.0,49815.95314069837,332807.2624986172
2025-01-30,483929.54839802533,0.0021045188927943156,False,True,0.0,0.0,319841.1684631035,164088.37993492186
2025-01-31,708154.0649069175,0.0030694873986665855,False,True,0.0,0.0,164134.5285934955,544019.536313422
2025-02-03,326427.90960682184,0.0014159344907056603,False,True,0.0,0.0,205400.8820167929,121027.02759002894
2025-02-04,58524400.286446534,0.25255960678047057,True,True,57931275.1477684,0.0,543682.9512740448,49442.187404088676
2025-02-05,606164.9273327291,0.002599668263931915,False,True,279066.0121091455,0.0,122456.65931840986,204642.25590517372
2025-02-06,944892.6391544119,0.0040509586312329655,False,True,412849.98697099835,0.0,49407.95552815497,482634.69665525854
2025-02-07,572344.3434254304,0.002451990034554316,False,True,254214.58547837287,0.0,53048.12105123699,265081.6368958205
2025-02-10,275417.7146984562,0.0011788655350698219,False,True,118266.46515261382,0.0,111569.0368885696,45582.212657272816
2025-02-11,1463140.5265048966,0.00622065438815485,False,True,534396.0649975836,0.0,359731.7666780278,569012.6948292851
2025-02-12,400343.2468197495,0.0017022655817684363,False,True,140725.49137171358,0.0,56414.92665590346,203202.82879213244
2025-02-13,225232.03092756867,0.0009575623901480881,False,True,19561.324241943657,0.0,89136.20532500744,116534.50136061758
2025-02-14,428557.0765969306,0.0018159976195055668,False,True,117286.00640373677,0.0,15841.289452426136,295429.7807407677
2025-02-17,1464287.0233812183,0.006218096642335245,False,True,547159.5046800971,0.0,122245.49899480492,794882.0197063163
2025-02-18,299236.32771540433,0.0012687401776107496,False,True,12691.489317402244,0.0,91284.4496935457,195260.3887044564
2025-02-19,721369.6897194907,0.0030333054458595225,False,True,115278.4542087987,0.0,293643.9372625053,312447.2982481867
2025-02-20,328297.88059223443,0.0013807753596014225,False,True,130745.50518555939,0.0,157531.01198842376,40021.363418251276
2025-02-21,170342.17316931486,0.0007158776545386534,False,True,62009.10846467316,0.0,41383.849494971335,66949.21520967036
2025-02-24,561424.2986704856,0.0023648792665430136,False,True,134557.65613541007,0.0,349198.78658771515,77667.8559473604
2025-02-25,60246779.850124046,0.25433940384444886,True,True,183500.38423606753,59218881.28566416,396111.89645555615,448286.283768259
2025-02-26,663675.7211942002,0.0028211064209790427,False,True,102297.68799922615,218830.3513083309,10709.821289539337,331837.86059710383
2025-02-27,363627.93703494966,0.0015496045941746194,False,True,24674.41710539162,4573.285709299147,157139.5514120683,177240.68280819058
2025-02-28,687935.7708524987,0.0029568693178973347,False,True,40731.29492991418,62509.71636835486,303236.5904963389,281458.1690578908
2025-03-03,728441.7266317084,0.0031574355791320467,False,True,131627.80226814002,143081.19923518598,364220.86331584305,89511.8618125394
2025-03-04,1044295.2240482047,0.0045055077473632925,False,True,464844.20430042595,57303.40772368759,86586.02256355435,435561.58946053684
2025-03-05,960699.6827176884,0.004139212287369201,False,True,78756.75206582248,401593.08929302543,55186.1577424705,425163.68361636996
2025-03-06,1068226.165332958,0.0045696363774983765,False,True,146717.74465876073,504267.7913882509,29845.291278213263,387395.3380077332
2025-03-07,1592155.142204076,0.006772576716027085,False,True,730578.784117274,65498.78698476404,313533.9639831558,482543.60711888224
2025-03-10,549116.4337110668,0.0023384712118590637,False,True,9759.680559560657,264798.5362959802,261560.5136404708,12997.703215055168
2025-03-11,518155.0361493826,0.0022147625607223183,False,True,63473.88237969577,160182.78957360983,98894.72850108147,195603.63569499552
2025-03-12,1138089.6884488985,0.004859086975025589,False,True,317975.35365683585,251069.49056760967,84448.01711675525,484596.8271076977
2025-03-13,711460.6875867769,0.0030331805116457573,False,True,45401.819494739175,61914.0329022333,310328.5242986679,293816.3108911365
2025-03-14,1484812.1379387975,0.006293220800335261,False,True,181286.70500849187,489980.4267993346,71138.93716154993,742406.0689694211
2025-03-17,1238794.7803064138,0.0052281242695174975,False,True,581815.2331309393,37582.15702225268,267870.04034832865,351527.34980489314
2025-03-18,357982.0655569285,0.0015008875347029753,False,True,51083.211807616055,127907.82097084075,113994.05895492435,64996.97382354736
2025-03-19,1005420.7703427449,0.004202607967132518,False,True,5413.711033307016,363463.0799447745,139247.30522658676,497296.6741380766
2025-03-20,759712.592637226,0.0031676410645238434,False,True,85322.77957628667,379856.2963185981,186667.44645101577,107866.07029132545
2025-03-21,311069.48183567077,0.0013011333053371157,False,True,41737.716425962746,113797.02449188381,22478.308925658464,133056.43199216574
2025-03-24,379013.779130958,0.0015954984283799035,False,True,123901.78052531183,67682.80300437659,121824.08656109124,65605.10904017836
2025-03-25,446163.58428521454,0.0018803138148474703,False,True,13839.72799372673,209242.06414888054,72388.30851312727,150693.48362948
2025-03-26,491410.5886480212,0.002062728118450883,False,True,238693.5244210139,7011.769902996719,186028.3668948263,59676.92742918432
2025-03-27,736894.536282137,0.003100016211218041,False,True,368447.26814107597,102922.03817234188,147862.38964172453,117662.84032699466
2025-03-28,981610.402765207,0.004111836232722698,False,True,216266.0998332128,213948.44255637378,60590.658993035555,490805.20138258487
2025-03-31,1102603.0153998807,0.004613281321430281,False,True,377337.330621168,173964.1770787835,77588.13368002325,473713.3740199059
2025-04-01,1725708.998738259,0.007193632683246056,False,True,219084.0392672643,862854.4993691146,121013.14682798088,522757.31327389926
2025-04-02,954891.3074168563,0.003969053406950861,False,True,219631.98045226932,257813.67325614393,109248.0101030767,368197.64360536635
2025-04-03,605159.4653040692,0.0025064670798531636,False,True,302579.73265200853,57271.06823217124,57446.110394351184,187862.55402553827
2025-04-04,3650610.572766438,0.015128037245092913,False,True,1131264.359369807,694040.9270133898,1493915.1559776366,331390.13040560484
2025-04-07,1896436.2706195563,0.008174548395394195,False,True,110900.41951705515,610619.3371616378,337598.7981481403,837317.715792723
2025-04-08,894968.0929337069,0.003909019594973492,False,True,160725.60556830466,286758.4408985451,159151.5078515187,288332.5386153385
2025-04-09,58314228.31950475,0.25572708837574964,True,True,426865.611570701,57432324.62691552,226117.10776236653,228920.9732561633
2025-04-10,61348604.04092348,0.26640015690084357,True,True,1606579.1922685504,0.0,58405576.48868831,1336448.3599666208
2025-04-11,1555736.880183816,0.00666557100858226,False,True,586858.7897202522,0.0,0.0,968878.0904635638
2025-04-14,842947.739074789,0.00358989676875899,False,True,68412.53090330213,0.0,0.0,774535.2081714869
2025-04-15,1002578.9908488616,0.004269087243724632,False,True,510059.79278855026,0.0,0.0,492519.1980603114
2025-04-16,714510.15875943,0.0030423404627318434,False,True,354953.47074157,0.0,0.0,359556.68801786005
2025-04-17,2057489.528518498,0.008685664988599184,False,True,521760.07905474305,0.0,0.0,1535729.449463755
2025-04-18,514339.4260693863,0.0021718463178960604,False,True,241649.20133476704,0.0,0.0,272690.22473461926
2025-04-21,59205320.12684534,0.25,True,True,59205320.12684534,0.0,0.0,0.0
2025-04-22,1296409.3836332783,0.005434543396896431,False,True,0.0,0.0,0.0,1296409.3836332783
2025-04-23,566289.1743874624,0.0023814197619935282,False,True,0.0,0.0,0.0,566289.1743874624
2025-04-24,1217196.1866302267,0.005153858124544408,False,True,0.0,0.0,0.0,1217196.1866302267
2025-04-25,822664.5927875936,0.0034672271642028534,False,True,0.0,0.0,0.0,822664.5927875936
2025-04-28,394614.94348809123,0.001666852433533462,False,True,0.0,0.0,0.0,394614.94348809123
2025-04-29,324389.6488342732,0.001367722206937608,False,True,0.0,0.0,0.0,324389.6488342732
2025-04-30,353344.42571002245,0.00149276931086534,False,True,0.0,0.0,0.0,353344.42571002245
2025-05-01,383963.16744153947,0.0016256398714894675,False,True,0.0,0.0,0.0,383963.16744153947
2025-05-02,666705.2003303543,0.0028333891630352116,False,True,0.0,0.0,0.0,666705.2003303543
2025-05-05,58849197.45859344,0.2500746637814678,True,True,0.0,58831627.09159919,0.0,17570.36699425429
2025-05-06,1572577.9817357361,0.006631050684364954,False,True,0.0,329499.4879579693,0.0,1243078.4937777668
2025-05-07,61472424.42413873,0.2573444337733049,True,True,59718043.56014349,447563.4663632214,0.0,1306817.3976320177
2025-05-08,1215323.2718347907,0.005119931483233371,False,True,141394.3719002381,278620.8679398447,0.0,795308.0319947079
2025-05-09,2003129.3216694817,0.008470454566262522,False,True,890723.8679805472,297330.64464551955,0.0,815074.8090434149
2025-05-12,381546.7680059299,0.0016086249248921081,False,True,110270.3976322189,102789.37846657634,0.0,168486.99190713465
2025-05-13,1426198.556250289,0.006072116226019904,False,True,270669.22715103626,153497.6175781563,0.0,1002031.7115210965
2025-05-14,725594.1611907855,0.003067822705741152,False,True,197959.2174180597,369955.6767961979,0.0,157679.26697652787
2025-05-15,1784711.39532125,0.007583126585168031,False,True,474504.10665065795,272269.38526741415,0.0,1037937.9034031779
2025-05-16,2055903.7748701572,0.008721971540567062,False,True,389750.413283892,592887.2902624607,0.0,1073266.0713238046
2025-05-19,875639.9866535589,0.003734903985916027,False,True,250277.1303994879,279357.83156715333,0.0,346005.02468691766
2025-05-20,384664.16586367786,0.0016300265152421902,False,True,136583.0841442421,158712.32826668024,0.0,89368.75345275551
2025-05-21,1866809.5814833194,0.007895223705296033,False,True,267276.87743504345,608438.1147109941,0.0,991094.5893372819
2025-05-22,391516.96618817,0.001647447282102332,False,True,45419.20856181532,200669.08745902777,0.0,145428.67016732693
2025-05-23,706686.6984925866,0.0029818790654564105,False,True,271227.012553215,233354.613853693,0.0,202105.07208567858
2025-05-26,1820482.8520163298,0.007642468427878097,False,True,758693.3934302032,232077.38755770773,0.0,829712.0710284188
2025-05-27,641711.5393557698,0.002691571621257618,False,True,160950.95254605263,186035.9872718677,0.0,294724.5995378494
2025-05-28,1107991.6049183682,0.004670360424738919,False,True,406972.1336674988,229128.51685466617,0.0,471890.95439620316
2025-05-29,267336.29104230553,0.0011309141727645273,False,True,211619.41312711686,27487.600155048072,0.0,28229.277760140598
2025-05-30,596059.525319472,0.0025074222526172184,False,True,248653.0278684944,131967.2683789581,0.0,215439.22907201946
2025-06-02,954503.5442289487,0.004041126258412723,False,True,533609.4521600083,287171.57117757946,0.0,133722.52089136094
2025-06-03,1220650.1301506683,0.005107527251923969,False,True,156025.4508548826,105171.85724367201,0.0,959452.8220521137
2025-06-04,1171933.8910976872,0.004910274112229676,False,True,545881.9498341382,208677.10270045698,0.0,417374.83856309205
2025-06-05,274530.47635118663,0.0011463848110592199,False,True,36611.75922126323,95999.52577005327,0.0,141919.19135987014
2025-06-06,860932.5324193537,0.003592115236249712,False,True,296960.18276263773,158241.45903714746,0.0,405730.8906195685
2025-06-09,699580.7640472129,0.002933476202929615,False,True,200911.23436837643,41697.6204271391,0.0,456971.90925169736
2025-06-10,216196.36040789634,0.0009032772943441736,False,True,48129.00984273106,100246.99932926148,0.0,67820.3512359038
2025-06-11,396313.6236756146,0.001653661888868672,False,True,237104.66275203228,36339.390279881656,0.0,122869.57064370066
2025-06-12,634895.7027308568,0.0026414814470300495,False,True,12521.202725566924,230232.2751456201,0.0,392142.2248596698
2025-06-13,676437.9623276293,0.0028076705062273044,False,True,196019.5502729565,71066.82221391797,0.0,409351.58984075487
2025-06-16,1225153.2908761576,0.005073236077667145,False,True,140730.3209073767,400787.46067815274,0.0,683635.5092906281
2025-06-17,62122268.10003968,0.25714448577740634,True,True,513145.96631902456,361306.6411252618,60396267.01718872,851548.4754066765
2025-06-18,1093839.7211301625,0.0045159527301557685,False,True,84086.28022130579,440363.63980122656,462833.58034377545,106556.22076385468
2025-06-19,729704.5801486075,0.0030111122922134802,False,True,14187.546902507544,43981.84081349522,306682.9023583159,364852.29007428885
2025-06-20,862243.0028094649,0.0035677656774467993,False,True,73133.96690183878,431121.50140471756,165328.32385148108,192659.2106514275
2025-06-23,513365.188055858,0.0021276901275467165,False,True,785.5390347018838,201452.41318603605,256682.59402793646,54444.64180718362
2025-06-24,1223778.973291345,0.005100312220868895,False,True,255142.19344816357,21085.263257555664,611889.4866456687,335662.02993995696
2025-06-25,3196203.049888663,0.013396639219440546,False,True,541548.4816766307,1056553.0432677045,1140010.1034521908,458091.421492137
2025-06-26,700803.2289330885,0.0029456233792844733,False,True,350401.61446654797,15218.191747166216,12506.516799993813,322676.9059193805
2025-06-27,871629.3804383352,0.003646894208103605,False,True,189324.56371049583,246490.12650867552,83962.23376195133,351852.45645721257
2025-06-30,1557258.5153111592,0.006536132132924323,False,True,387289.9964751527,4469.638246282935,391339.2611804232,774159.6194093004
2025-07-01,1287351.4122027978,0.0053904273845168955,False,True,185567.81390109658,76009.22105523199,643675.7061013803,382098.67114508897
2025-07-02,774967.0801614895,0.0032310085236690127,False,True,142584.92951407284,76104.93236105144,168793.67820562422,387483.54008074105
2025-07-03,1269211.5518375114,0.0052651131240150145,False,True,242670.45069923997,391935.3252195269,602294.2454572618,32311.530461482704
2025-07-04,1150692.2181049585,0.004780375111928412,False,True,488196.6422193572,87149.46683314443,100218.24815119058,475127.86090126634
2025-07-07,369827.9763361588,0.0015357359795688341,False,True,11132.311573147774,159135.06209234148,25778.9260757491,173781.67659492046
2025-07-08,593059.1313707903,0.002475393170207657,False,True,169245.16131061316,4179.115643166006,123105.28873161972,296529.5656853914
2025-07-09,1117554.8209411278,0.004669439248077501,False,True,12904.00704843551,56420.21563655138,489453.1877855733,558777.4104705676
2025-07-10,803925.3815953583,0.003359856589232622,False,True,69565.51639538258,174194.42848809808,332397.1744022742,227768.2623096034
2025-07-11,1530807.7818993255,0.006403883656929176,False,True,765403.890949674,274306.37864848226,246021.49666556716,245076.01563560218
2025-07-14,1096039.0563401952,0.004568386875893669,False,True,483001.2863197103,65018.24185040593,199612.31283331662,348407.21533676237
2025-07-15,509318.0223552957,0.002125106917696781,False,True,226874.628523089,101526.73248873651,27784.382654577494,153132.27868889272
2025-07-16,730701.0039365292,0.0030567890141494983,False,True,269729.8775078878,181830.3672978729,95620.6244603619,183520.13467040658
2025-07-17,869808.3406351879,0.003633052274539374,False,True,249149.94035396725,185754.22996363044,122341.15421102941,312563.0161065608
2025-07-18,768386.4674969539,0.003210726881105463,False,True,123948.50620351732,262467.95750290155,260244.72754493356,121725.27624560148
2025-07-21,406058.8349778056,0.0016879474523096042,False,True,88313.53275418282,130405.95164293051,72623.4658459723,114715.88473471999
2025-07-22,1453619.872653544,0.006030630232229314,False,True,262714.463927269,119727.149249129,344368.32315036654,726809.9363267794
2025-07-23,879185.3709287718,0.0036363621832245655,False,True,236508.67751628906,12995.670844495296,203084.00794809312,426597.0146198943
2025-07-24,1575307.5392235145,0.006531159095912765,False,True,261256.1786376983,526397.5909740403,153592.21805471927,634061.5515570566
2025-07-25,792616.4921376109,0.003283457950381805,False,True,279061.26162941754,117246.98443941027,15491.077424041927,380817.1686447412
2025-07-28,577296.3880724832,0.0024066249739710076,False,True,288648.1940362379,45544.30871168524,60656.315944716334,182447.56937984377
2025-07-29,387795.73923152685,0.0016257569521979905,False,True,122566.08288442343,38618.09261599183,155279.7769997865,71331.78673132509
2025-07-30,910296.8861273304,0.0038114694568454352,False,True,169425.40751283616,285723.0355508402,313710.30508922786,141438.13797442615
2025-07-31,956609.3224569485,0.004035456241309094,False,True,344084.7967646271,26575.72609013319,107644.13837372512,478304.66122846305
2025-08-01,1861660.0367563143,0.007886936230875177,False,True,371199.93257466704,40837.37170881033,930830.0183781609,518792.7140946761
2025-08-04,1931625.172667712,0.008124030774809011,False,True,77395.94445642084,207217.7842381522,758594.8020957187,888416.6418774202
2025-08-05,714825.1113269404,0.0029977822621679332,False,True,349858.10716576874,70215.94475372136,287196.61090975255,7554.448497697711
2025-08-06,280695.7143675834,0.0011774640227728084,False,True,1164.2461107969284,82114.7566627711,58233.10052102059,139183.61107299477
2025-08-07,743736.1519416422,0.0031129485898126895,False,True,210943.4566515386,160924.61931929737,41465.159854352474,330402.9161164537
2025-08-08,60447548.23457976,0.2521878932288194,True,True,93681.38615106046,168529.4198236242,59899704.65339119,285632.7752138823
2025-08-11,543395.5895350128,0.0022596150259840413,False,True,319469.14910235256,50851.654051072896,0.0,173074.7863815874
2025-08-12,914604.4679655358,0.003825390219906468,False,True,114924.37448806316,168177.52385542542,0.0,631502.5696220472
2025-08-13,450854.25475513935,0.0018801986972337532,False,True,313284.8265963644,67185.55043621361,0.0,70383.87772256136
2025-08-14,220300.02551870048,0.0009162090360881992,False,True,31453.81848923862,160769.99834621698,0.0,28076.208683244884
2025-08-15,522152.38876765966,0.002179667522808032,False,True,149656.16500286758,228667.45190433413,0.0,143828.77186045796
2025-08-18,154871.75776857883,0.0006458350858586253,False,True,28137.512848228216,79898.4909594357,0.0,46835.75396091491
2025-08-19,295609.7870966941,0.0012356184099766956,False,True,62487.95465301722,155370.14180366695,0.0,77751.69064000994
2025-08-20,60009621.29600192,0.2520543295503244,True,True,374888.5281690061,59620288.493378796,0.0,14444.274454116821
2025-08-21,60189452.52976283,0.2520991581728223,True,True,82840.43997063488,0.0,0.0,60106612.08979219
2025-08-22,75802.09957622737,0.00031762605654589736,False,True,75802.09957622737,0.0,0.0,0.0
2025-08-25,519646.5455287099,0.002171120368008933,False,True,519646.5455287099,0.0,0.0,0.0
2025-08-26,60044622.328489244,0.25065247116576,True,True,156301.60973908752,0.0,0.0,59888320.71875016
2025-08-27,742283.097801663,0.0030954773389652067,False,True,310461.1509280503,0.0,0.0,431821.9468736127
2025-08-28,221989.19355267286,0.0009260806518442899,False,True,132927.50659383088,0.0,0.0,89061.68695884198
2025-08-29,398941.68560028076,0.0016587587274501298,False,True,250742.85616630316,0.0,0.0,148198.8294339776
2025-09-01,723611.8513490856,0.0030041728460729424,False,True,271116.4381646812,0.0,0.0,452495.4131844044
2025-09-02,630401.3909789026,0.002613379892289153,False,True,227248.11084442586,0.0,0.0,403153.2801344767
2025-09-03,1134845.3412422165,0.004688150443913377,False,True,355916.3045840189,0.0,0.0,778929.0366581976
2025-09-04,325950.0360157266,0.0013429130228929857,False,True,39138.40031071752,0.0,0.0,286811.6357050091
2025-09-05,222072.4906976074,0.0009166151868059822,False,True,101772.44524478167,0.0,0.0,120300.04545282573
2025-09-08,641110.0410744622,0.002632282236292473,False,True,264054.41917583346,0.0,0.0,377055.6218986288
2025-09-09,1139968.0297115594,0.004670271867045385,False,True,436591.9766391963,0.0,0.0,703376.0530723631
2025-09-10,370588.01504555345,0.0015178886283228796,False,True,199480.58788587153,0.0,0.0,171107.42715968192
2025-09-11,226834.83619065583,0.0009273678595071826,False,True,102610.4077829346,0.0,0.0,124224.42840772122
2025-09-12,61610631.69056756,0.25168815417935025,True,True,253833.11618861556,61197389.1773473,0.0,159409.3970316425
2025-09-15,303578.70279473066,0.001238430082299051,False,True,127425.22338121384,108998.08493499458,0.0,67155.39447852224
2025-09-16,690699.5285734981,0.0028029488317795597,False,True,224924.72549159825,184474.8724830523,0.0,281299.93059884757
2025-09-17,61840579.0790072,0.250486873939013,True,True,2271.3834116980433,49558.55031777918,61720378.903031625,68370.24224609882
2025-09-18,1238310.6311771423,0.0050378158335904755,False,True,396737.07773356885,222418.23785500228,385632.53517587483,233522.7804126963
2025-09-19,807642.8340226114,0.0033031518817645596,False,True,341996.6760173291,215746.9916530475,188074.4253582731,61824.74099396169
2025-09-22,1314717.320380725,0.005374321476967792,False,True,214798.0916473791,183717.7045180425,258842.86402495205,657358.6601903513
2025-09-23,1762909.7395096347,0.0071902863061262135,False,True,534351.0807930902,212479.58822655678,134624.20073516667,881454.8697548211
2025-09-24,615557.7452758029,0.0024955985417205546,False,True,239440.27422693372,221463.3932408765,68338.59841097146,86315.47939702123
2025-09-25,741027.736615926,0.003009237851514284,False,True,86030.8650052771,15855.45156788826,284483.00330267847,354658.4167400822
2025-09-26,1340205.4875946045,0.005450953449716653,False,True,352895.901969485,317206.8418278098,355101.4097942114,315001.3340030983
2025-09-29,566697.0836553797,0.0022998788364502385,False,True,96509.58254721761,186838.95928047597,244752.2457346171,38596.29609306902
2025-09-30,1539223.3199587166,0.006202897994629547,False,True,155300.04374065995,130722.53733798862,483589.0789007172,769611.6599793509
2025-10-01,1091549.4480919614,0.004386766319987511,False,True,142842.50707491487,305069.7221363634,402932.2169710398,240705.0019096434
2025-10-02,646819.333438687,0.0025950202132250565,False,True,56920.97537021339,266488.69134914875,320679.0474579558,2730.619261369109
2025-10-03,233905.45842930675,0.0009421235715536966,False,True,68522.44777033478,19768.77837151289,48430.28144430369,97183.95084315538
2025-10-06,700134.5877732784,0.0028102679223480586,False,True,303091.1997188628,46976.09416779131,82821.78947110474,267245.50441551954
2025-10-07,1315368.4547669664,0.005234766704647855,False,True,98543.62728954107,403663.6592580378,155476.9408358857,657684.2273835018
2025-10-08,1050448.3182088435,0.0041771796901919666,False,True,200538.4880558774,324685.6710485518,196067.1534794867,329157.0056249276
2025-10-09,1356218.215745978,0.005370146233550811,False,True,346680.5613803789,331428.5464926064,44647.13379109651,633461.9740818962
2025-10-10,1405272.6023741364,0.005611110558225652,False,True,343938.57664091885,358697.7245461494,210443.68689489365,492192.6142921746
2025-10-13,2313699.359598145,0.009291237322326562,False,True,562010.9466140941,156168.75941219926,594838.7331849635,1000680.9203868881
2025-10-14,2839664.715646416,0.01130939646724829,False,True,588102.7396251634,831729.6181980446,504237.9536962062,915594.4041270018
2025-10-15,1238590.7617945,0.00494235233541777,False,True,375060.92729020864,154613.49908607453,89620.95452097803,619295.3808972389
2025-10-16,1299539.9638808146,0.005142396035615853,False,True,199620.5663965717,213213.79677776247,436556.1851626411,450149.41554383934
2025-10-17,2434899.2724058926,0.00954882653298318,False,True,389069.2832513675,669591.5587119088,158788.79423968494,1217449.6362029314
2025-10-20,1331674.9191917628,0.005258302932297584,False,True,390822.0804854706,239035.20170935988,35980.17740106583,665837.4595958665
2025-10-21,1847733.1897464916,0.00719388226595259,False,True,267200.39190063626,656666.2029726133,267077.92430883646,656788.6705644056
2025-10-22,4452880.279708847,0.01766111118482571,False,True,1100631.2973577008,991439.6381237432,134369.20437298715,2226440.1398544163
2025-10-23,607173.5543466881,0.0024122382057224904,False,True,34246.31716239452,99927.38653735071,169413.07347360998,303586.77717333287
2025-10-24,1293971.8485413268,0.005101346885064157,False,True,335178.10685530305,252687.36951813102,646985.9242706746,59120.44789721817
2025-10-27,273491.71469405293,0.001081018288457713,False,True,133554.15850643814,3191.698840595782,98038.11861732602,38707.738729692996
2025-10-28,65954400.632855825,0.2625187734478344,True,True,562455.2150334492,63767525.27623955,51831.277620099485,1572588.8639627248
2025-10-29,862066.2660215646,0.0034396539949734565,False,True,354655.10465403646,0.0,185889.53489726037,321521.6264702678
2025-10-30,839310.9824737161,0.003346376247971781,False,True,175618.90705863386,0.0,267290.57060892135,396401.5048061609
2025-10-31,2143763.445803404,0.008507914467706731,False,True,719756.0234766975,0.0,207007.00954391807,1217000.4127827883
2025-11-03,63645532.88268612,0.25261339905268615,True,True,63021763.69109438,0.0,291487.91395011544,332281.2776416242
2025-11-04,599162.8242647648,0.002372919050024754,False,True,0.0,0.0,437570.6536556557,161592.1706091091
2025-11-05,777397.3072157204,0.003097872734552979,False,True,0.0,0.0,72368.77611005306,705028.5311056674
2025-11-06,752347.6372207627,0.0029889667737422526,False,True,0.0,0.0,185489.7167822197,566857.920438543
2025-11-07,238857.28178933263,0.0009501282801631575,False,True,0.0,0.0,197801.74553868175,41055.53625065088
2025-11-10,271497.24535829574,0.0010776361551107037,False,True,0.0,0.0,27202.80694089085,244294.4384174049
2025-11-11,65142298.15865603,0.2556455532175241,True,True,63703727.0341523,0.0,355494.79361878335,1083076.3308849484
2025-11-12,579341.3664582521,0.0022626536029837605,False,True,231322.88683399558,0.0,212121.6918616444,135896.7877626121
2025-11-13,1490262.5074820593,0.005801100537962786,False,True,491022.22243873775,0.0,148113.10527233034,851127.1797709912
2025-11-14,663183.8224872351,0.002582462327205193,False,True,262210.29108340293,0.0,58111.15527127683,342862.3761325553
2025-11-17,1611585.0794194043,0.006322099070023895,False,True,569551.4863542765,0.0,168484.64302331954,873548.9500418082
2025-11-18,575968.435370639,0.002269340292940307,False,True,93596.98913415521,0.0,149406.003709279,332965.44252720475
2025-11-19,731380.508929953,0.002879537745490491,False,True,342192.279606238,0.0,86689.938529782,302498.290793933
2025-11-20,459161.63727074116,0.0018080427979878747,False,True,47933.97092448175,0.0,234238.5153960958,176989.1509501636
2025-11-21,688861.3297249526,0.0027182050233222482,False,True,157983.85311327875,0.0,410679.3546479866,120198.12196368724
2025-11-24,906053.8919746652,0.003592925107520529,False,True,609008.712023735,0.0,172329.00652253628,124716.1734283939
2025-11-25,1177137.7166325226,0.004642606890574646,False,True,65304.93219970912,0.0,351539.7452080399,760293.0392247736
2025-11-26,187304.80080386996,0.0007392354635571762,False,True,71821.4589465782,0.0,73020.3491346091,42462.992722682655
2025-11-27,436340.7924036458,0.0017103238570157864,False,True,72438.72848163545,0.0,317804.04432195425,46098.01960005611
2025-11-28,131804.60140910745,0.0005166539596087023,False,True,62234.02587874234,0.0,2445.516550540924,67125.05897982419
2025-12-01,1638927.1568439752,0.00636420673961772,False,True,518131.1104442924,0.0,468337.23860920966,652458.8077904731
2025-12-02,527340.4759905487,0.002045220135636321,False,True,34838.5070720762,0.0,303399.46153172106,189102.50738675147
2025-12-03,710346.9369043559,0.0027634217912599385,False,True,256791.1060866639,0.0,248835.62162780017,204720.20918989182
2025-12-04,597411.4905284494,0.0023179105879201018,False,True,313476.42896446586,0.0,70689.81273375452,213245.24883022904
2025-12-05,175785.24245553464,0.0006809236523352633,False,True,5260.702475704253,0.0,135129.23788826913,35395.30209156126
2025-12-08,1448909.210994579,0.005625010474906857,False,True,788648.9969838709,0.0,652745.6621629745,7514.551847733557
2025-12-09,1250365.6193145066,0.004891406575914913,False,True,344889.25706326216,0.0,525095.8299269602,380380.5323242843
2025-12-10,847114.5911147371,0.003313690741938214,False,True,161411.56328626722,0.0,421576.0584817752,264126.96934669465
2025-12-11,63846650.643276885,0.2498756381962809,True,True,63378456.004126444,0.0,123567.9479514584,344626.6911989823
2025-12-12,597048.7007220611,0.002325790997096717,False,True,0.0,0.0,120060.51541473716,476988.18530732393
2025-12-15,65158169.279532,0.25434804054339205,True,True,0.0,64044300.42032892,689585.1484072581,424283.71079581976
2025-12-16,338161.813088879,0.001320201112444038,False,True,0.0,76555.83878539503,173210.34875439107,88395.62554909289
2025-12-17,725987.7936387211,0.0028436033392969886,False,True,0.0,88536.41285303235,467817.43689487875,169633.94389081
2025-12-18,1235893.1192202568,0.004822486687632674,False,True,0.0,496500.68547394127,448063.4675316438,291328.96621467173
2025-12-19,393004.8199547678,0.0015358016955859634,False,True,0.0,137730.8155291304,244201.7317262143,11072.272699423134
2025-12-22,489966.8593252972,0.0019114340469397221,False,True,0.0,172737.8297748044,299876.25564439595,17352.773906096816
2025-12-23,1146167.7533607185,0.004426538435512339,False,True,0.0,189359.3890274912,59193.72641481459,897614.6379184127
2025-12-24,651190.2902007326,0.002498057220449553,False,True,0.0,107125.94089143723,385623.590246208,158440.7590630874
2025-12-25,319216.9155162573,0.0012234817060469245,False,True,0.0,146785.39708086848,41563.171265468,130868.3471699208
2025-12-26,0.0,0.0,False,False,0.0,0.0,0.0,0.0
2025-12-29,1024721.5779336318,0.0039055092071899394,False,True,0.0,328627.19839420915,280297.5266177431,415796.8529216796
2025-12-30,2875187.4286823347,0.011143161826615544,False,True,0.0,893106.668629393,164651.77665495127,1817428.9833979905
2025-12-31,1089995.0234390497,0.004206183785356437,False,True,0.0,231870.4709830135,684809.7191526145,173314.83330342174
2026-01-01,1191461.7688573003,0.004632366716937256,False,True,0.0,169580.9856884852,837906.2609491795,183974.52221963555
2026-01-02,0.0,0.0,False,False,0.0,0.0,0.0,0.0
2026-01-05,434114.51921771467,0.0016858804293580778,False,True,0.0,135910.31162507087,179994.4321450144,118209.77544762939
2026-01-06,2102336.369052522,0.008063140909385176,False,True,0.0,646919.5650138557,527449.5291911587,927967.2748475075
2026-01-07,645891.5459338054,0.002463981455037765,False,True,0.0,148057.01087204367,178364.17039633542,319470.3646654263
2026-01-08,815673.9313556552,0.0031252638125490945,False,True,0.0,265379.8170364201,275930.7135146484,274363.4008045867
2026-01-09,751415.1972091645,0.0028809869180504,False,True,0.0,233753.01728789508,163823.0405721292,353839.1393491402
2026-01-12,874920.9143266603,0.0033448803926620693,False,True,0.0,343524.5619208142,255460.40494954586,275935.94745630026
2026-01-13,1220610.8065380007,0.00462004263899216,False,True,0.0,281696.59201135486,319893.33099944144,619020.8835272044
2026-01-14,837825.4590013772,0.0031721096820602128,False,True,0.0,289735.8893725276,409342.6916467771,138746.87798207253
2026-01-15,773027.4810119197,0.00291713817404472,False,True,0.0,277428.7608927265,137038.04624047875,358560.67387871444
2026-01-16,822310.5560968593,0.003110689475604289,False,True,0.0,318546.3779634312,491807.8947551772,11956.283378250897
2026-01-19,169791.67729192972,0.000643953364043985,False,True,0.0,12938.90555600077,39453.84286595136,117398.9288699776
2026-01-20,1100915.9579326361,0.004153402170584975,False,True,0.0,28125.098858989775,348221.92007154226,724568.9390021041
2026-01-21,1701787.1797997504,0.006347679950449858,False,True,0.0,471858.7554413825,675133.1688611284,554795.2554972395
2026-01-22,916868.4235303998,0.0033940539485386527,False,True,0.0,202974.10924451053,263797.34075428545,450096.9735316038
2026-01-23,1282417.1022678018,0.004709281652710783,False,True,0.0,17095.902618303895,351948.67597933114,913372.5236701667
2026-01-26,69394567.95456861,0.25273945250152435,True,True,68642397.603269,94502.09570422769,510943.0369283557,146725.21866703033
2026-01-27,1143546.9380702227,0.004129140924913449,False,True,269711.1150060147,59909.80251093209,511863.66652417183,302062.3540291041
2026-01-28,3180012.6903059334,0.011354512627187612,False,True,235731.80715736747,495632.6580027193,858641.8799929023,1590006.3451529443
2026-01-29,4128111.3673892617,0.014503639588371505,False,True,955769.4609421641,843428.0301441401,264858.1926083118,2064055.6836946458
2026-01-30,1987533.8275523633,0.006983608966671491,False,True,288967.39736379683,160031.75579077005,993766.9137761891,544767.7606216073
2026-02-02,8901515.962686673,0.03221437755403952,False,True,2115599.831915334,2335158.14942801,153466.4850565195,4297291.496286809
2026-02-03,5536694.450036436,0.020591864925946876,False,True,1497644.6598992348,1270702.5651189983,1342617.5289913714,1425729.6960268319
2026-02-04,4776595.543550655,0.017319943793297193,False,True,1169397.250663057,1079921.5393146127,138978.98179765046,2388297.771775335
2026-02-05,1365028.2932910472,0.004943716008419301,False,True,477950.32280670106,204563.8238388002,511255.8911521882,171258.25549335778
2026-02-06,3167518.928606525,0.011640516671946908,False,True,729976.8345182985,520282.79088799655,333499.8388969451,1583759.4643032849
2026-02-09,3299609.223297119,0.011952352488835822,False,True,366145.2905614376,450504.84171426296,833154.479372859,1649804.6116485596
2026-02-10,1146917.6473550498,0.004109228547779626,False,True,98229.76211458445,35479.56267264485,475229.0615629405,537979.2610048801
2026-02-11,566406.4837502837,0.0020377964412345395,False,True,3101.366523116827,280101.87535205483,126231.86494064331,156971.37693446875
2026-02-12,1023536.8889935464,0.0036572095572464615,False,True,262881.4055875093,248887.03890930116,176244.41747139394,335524.027025342
2026-02-13,3797334.143785462,0.013703552026124883,False,True,1000026.0344483256,898641.0374444127,357216.84544083476,1541450.2264518887
2026-02-16,3397998.752678901,0.012249160251395469,False,True,958972.0768839717,740027.299455449,87402.81109912694,1611596.5652403533
2026-02-17,1148490.7516751587,0.0041468509446195255,False,True,275136.0020598322,186170.7317803204,112938.64199739695,574245.3758376092
2026-02-18,2438675.5993246287,0.008901237233108143,False,True,746126.7171779722,473211.0824843645,381681.71660396457,837656.0830583274
2026-02-19,2479049.6010246724,0.008946327062761092,False,True,743571.9355216175,495952.864990741,623037.51876463,616487.2817476839
2026-02-20,738529.9590307027,0.0026590704680856574,False,True,58681.02672828734,310583.95278705657,270582.09681512415,98682.88270023465
2026-02-23,1623099.173984766,0.005782660786664899,False,True,295515.6358650625,455403.1774483174,60630.77367900312,811549.586992383
2026-02-24,2249233.6707433015,0.007954051332412474,False,True,52207.393132179976,750975.2441658974,321434.19807356596,1124616.8353716582
2026-02-25,1612223.1631310135,0.005727622746226393,False,True,356630.0107482523,234426.00236654282,215055.56845073402,806111.5815654844
2026-02-26,740422.0106808096,0.002617067869503791,False,True,296952.4806371331,189373.13596372306,180837.8693766594,73258.52470329404
2026-02-27,760049.8344389051,0.0026862209901593716,False,True,109391.43641407788,89350.71415559947,290674.20306386054,270633.48080536723
2026-03-02,1605010.6335664093,0.0056207449556543885,False,True,420123.7041775733,382381.61260561645,172488.86339628696,630016.4533869326
2026-03-03,3420788.722998962,0.011969478763591297,False,True,990852.8352591544,719541.5262403339,1186677.30035384,523717.06114563346
2026-03-04,4479882.623311847,0.015941185068734678,False,True,299811.9397742301,517637.6183925122,1722303.6932634115,1940129.3718816936
2026-03-05,1659704.8911498934,0.005845395001671008,False,True,800348.7786776721,29503.6668972373,814263.7748104036,15588.670764580369
2026-03-06,2957625.9606173784,0.010448323439165795,False,True,532596.8111773431,359943.7625144273,1478812.9803087115,586272.4066168964
2026-03-09,4209084.26776278,0.014686443351544782,False,True,1193230.495923251,911311.6379581541,1740330.625465095,364211.50841628015
2026-03-10,1713335.1806964874,0.0059453052779267004,False,True,605622.6184065342,2117.197125285864,248927.77481642365,856667.5903482437
2026-03-11,3773443.0900020003,0.013042202026082549,False,True,691186.0904779136,731813.5888947994,1886721.5450010002,463721.8656282872
2026-03-12,2034853.0733258575,0.007010819006254179,False,True,401937.56045232713,169501.71865849197,1017426.5366629213,445987.2575521171
2026-03-13,3978455.769639641,0.013759289522534055,False,True,517897.66645509005,382578.6561536044,1989227.8848198205,1088751.562211126
2026-03-16,1203660.2418515831,0.0042019820542767644,False,True,265678.13884320855,160298.6571213156,601830.120925799,175853.32496125996
2026-03-17,2363451.2875249535,0.008273372998525319,False,True,498352.21765598655,674741.0096193552,1181725.643762499,8632.416487112641
2026-03-18,1244240.621934265,0.004323340077597184,False,True,410434.7700011134,79075.09299725294,211685.54096601903,543045.2179698795
2026-03-19,4125257.7574338317,0.014459934539093704,False,True,613139.5209072381,423923.9793090075,1025565.3785006553,2062628.8787169307
2026-03-20,3045789.2745221704,0.010823499813019945,False,True,400368.60405656695,561890.5330416709,560635.5001628399,1522894.6372610927
2026-03-23,3386468.291908562,0.012153531870099817,False,True,128174.1394842416,656967.9632746577,908092.0431953967,1693234.1459542662
2026-03-24,4314461.356370963,0.01570142092325432,False,True,1582411.4375604987,574819.2406249642,1800257.2790125087,356973.3991729915
2026-03-25,2631983.062237695,0.009520301994894294,False,True,612213.2092359811,703778.321882844,670534.3333084881,645457.1978103817
2026-03-26,1292131.3493034095,0.004661281854391442,False,True,361489.0332250744,234998.48817251623,411067.18647918105,284576.64142663777
2026-03-27,3231388.3341483027,0.011731319728266361,False,True,339641.3346865475,56881.31779670715,1276052.8323875964,1558812.8492774516
2026-03-30,3202693.542901367,0.011510205991431459,False,True,683039.9311718345,918306.8402788639,444431.1741544008,1156915.5972962677
2026-03-31,70738044.55405699,0.2539643327191197,True,True,107283.26481352746,444820.1378763765,363399.0735782832,69822542.0777888
2026-04-01,272507.788673535,0.0009774599007619626,False,True,110074.68873363733,104199.87716515362,58233.222774744034,0.0
2026-04-02,1866273.7381333709,0.006657345431691989,False,True,522875.2819735557,602915.9718442261,740482.4843155891,0.0
2026-04-03,1996126.4620548189,0.007094012149966997,False,True,282940.23295144737,584015.5112577528,1129170.7178456187,0.0
2026-04-06,0.0,0.0,False,False,0.0,0.0,0.0,0.0
2026-04-07,316256.1776434779,0.0011218888653246979,False,True,66917.55247035623,26923.67697867751,222414.94819444418,0.0
2026-04-08,277279.49370004237,0.000983309878981514,False,True,63764.58044040203,149852.1281130612,63662.78514657915,0.0
2026-04-09,75694999.58104828,0.2696774666411938,True,True,1107691.4343345463,71663361.89911485,2923946.2475988865,0.0
2026-04-10,427583.7686036974,0.0015187193600615819,False,True,108952.04625539482,0.0,318631.7223483026,0.0
2026-04-13,1027052.5987240672,0.003639325848028109,False,True,680340.4717950374,0.0,346712.1269290298,0.0
2026-04-14,903082.1045542508,0.0031908477087462107,False,True,248277.618270576,0.0,654804.4862836748,0.0
2026-04-15,1209001.5127972215,0.004266135261454149,False,True,697600.1872494668,0.0,511401.32554775476,0.0
2026-04-16,474971.31374271214,0.0016759027512980571,False,True,233187.94656853378,0.0,241783.36717417836,0.0
2026-04-17,783963.5056166351,0.002763738417198271,False,True,329903.30354484916,0.0,454060.2020717859,0.0
2026-04-20,2044336.9014139771,0.007233093235315823,False,True,766186.5798909217,0.0,1278150.3215230554,0.0
