Dates,start_nav,end_nav,BRL_weight,AUD_weight,BCOM_weight,XAU_weight,BRL_dollar,AUD_dollar,BCOM_dollar,XAU_dollar,Cash_dollar,strategy_return,gross_leverage,active_signals
2002-01-01,100000000.0,100000000.0,0.0,0.0,0.0,0.0,0.0,0.0,0.0,0.0,100000000.0,0.0,0.0,0.0
2002-01-02,100000000.0,100000000.0,0.0,0.0,0.0,0.0,0.0,0.0,0.0,0.0,100000000.0,0.0,0.0,0.0
2002-01-03,100000000.0,100000000.0,0.0,0.0,0.0,0.0,0.0,0.0,0.0,0.0,100000000.0,0.0,0.0,0.0
2002-01-04,100000000.0,100000000.0,0.0,0.0,0.0,0.0,0.0,0.0,0.0,0.0,100000000.0,0.0,0.0,0.0
2002-01-07,100000000.0,100000000.0,0.0,0.0,0.0,0.0,0.0,0.0,0.0,0.0,100000000.0,0.0,0.0,0.0
2002-01-08,100000000.0,100000000.0,0.0,0.0,0.0,0.0,0.0,0.0,0.0,0.0,100000000.0,0.0,0.0,0.0
2002-01-09,100000000.0,100000000.0,0.0,0.0,0.0,0.0,0.0,0.0,0.0,0.0,100000000.0,0.0,0.0,0.0
2002-01-10,100000000.0,100000000.0,0.0,0.0,0.0,0.0,0.0,0.0,0.0,0.0,100000000.0,0.0,0.0,0.0
2002-01-11,100000000.0,100000000.0,0.0,0.0,0.0,0.0,0.0,0.0,0.0,0.0,100000000.0,0.0,0.0,0.0
2002-01-14,100000000.0,100000000.0,0.0,0.0,0.0,0.0,0.0,0.0,0.0,0.0,100000000.0,0.0,0.0,0.0
2002-01-15,100000000.0,100000000.0,0.0,0.0,0.0,0.0,0.0,0.0,0.0,0.0,100000000.0,0.0,0.0,0.0
2002-01-16,100000000.0,100000000.0,0.0,0.0,0.0,0.0,0.0,0.0,0.0,0.0,100000000.0,0.0,0.0,0.0
2002-01-17,100000000.0,100000000.0,0.0,0.0,0.0,0.0,0.0,0.0,0.0,0.0,100000000.0,0.0,0.0,0.0
2002-01-18,100000000.0,100000000.0,0.0,0.0,0.0,0.0,0.0,0.0,0.0,0.0,100000000.0,0.0,0.0,0.0
2002-01-21,100000000.0,100000000.0,0.0,0.0,0.0,0.0,0.0,0.0,0.0,0.0,100000000.0,0.0,0.0,0.0
2002-01-22,100000000.0,100000000.0,0.0,0.0,0.0,0.0,0.0,0.0,0.0,0.0,100000000.0,0.0,0.0,0.0
2002-01-23,100000000.0,100000000.0,0.0,0.0,0.0,0.0,0.0,0.0,0.0,0.0,100000000.0,0.0,0.0,0.0
2002-01-24,100000000.0,100000000.0,0.0,0.0,0.0,0.0,0.0,0.0,0.0,0.0,100000000.0,0.0,0.0,0.0
2002-01-25,100000000.0,100000000.0,0.0,0.0,0.0,0.0,0.0,0.0,0.0,0.0,100000000.0,0.0,0.0,0.0
2002-01-28,100000000.0,100000000.0,0.0,0.0,0.0,0.0,0.0,0.0,0.0,0.0,100000000.0,0.0,0.0,0.0
2002-01-29,100000000.0,100000000.0,0.0,0.0,0.0,0.0,0.0,0.0,0.0,0.0,100000000.0,0.0,0.0,0.0
2002-01-30,100000000.0,100000000.0,0.0,0.0,0.0,0.0,0.0,0.0,0.0,0.0,100000000.0,0.0,0.0,0.0
2002-01-31,100000000.0,100000000.0,0.0,0.0,0.0,0.0,0.0,0.0,0.0,0.0,100000000.0,0.0,0.0,0.0
2002-02-01,100000000.0,100000000.0,0.0,0.0,0.0,0.0,0.0,0.0,0.0,0.0,100000000.0,0.0,0.0,0.0
2002-02-04,100000000.0,100000000.0,0.0,0.0,0.0,0.0,0.0,0.0,0.0,0.0,100000000.0,0.0,0.0,0.0
2002-02-05,100000000.0,100000000.0,0.0,0.0,0.0,0.0,0.0,0.0,0.0,0.0,100000000.0,0.0,0.0,0.0
2002-02-06,100000000.0,100000000.0,0.0,0.0,0.0,0.0,0.0,0.0,0.0,0.0,100000000.0,0.0,0.0,0.0
2002-02-07,100000000.0,100000000.0,0.0,0.0,0.0,0.0,0.0,0.0,0.0,0.0,100000000.0,0.0,0.0,0.0
2002-02-08,100000000.0,100000000.0,0.0,0.0,0.0,0.0,0.0,0.0,0.0,0.0,100000000.0,0.0,0.0,0.0
2002-02-11,100000000.0,100000000.0,0.0,0.0,0.0,0.0,0.0,0.0,0.0,0.0,100000000.0,0.0,0.0,0.0
2002-02-12,100000000.0,100000000.0,0.0,0.0,0.0,0.0,0.0,0.0,0.0,0.0,100000000.0,0.0,0.0,0.0
2002-02-13,100000000.0,100000000.0,0.0,0.0,0.0,0.0,0.0,0.0,0.0,0.0,100000000.0,0.0,0.0,0.0
2002-02-14,100000000.0,100000000.0,0.0,0.0,0.0,0.0,0.0,0.0,0.0,0.0,100000000.0,0.0,0.0,0.0
2002-02-15,100000000.0,100000000.0,0.0,0.0,0.0,0.0,0.0,0.0,0.0,0.0,100000000.0,0.0,0.0,0.0
2002-02-18,100000000.0,100000000.0,0.0,0.0,0.0,0.0,0.0,0.0,0.0,0.0,100000000.0,0.0,0.0,0.0
2002-02-19,100000000.0,100000000.0,0.0,0.0,0.0,0.0,0.0,0.0,0.0,0.0,100000000.0,0.0,0.0,0.0
2002-02-20,100000000.0,100000000.0,0.0,0.0,0.0,0.0,0.0,0.0,0.0,0.0,100000000.0,0.0,0.0,0.0
2002-02-21,100000000.0,100000000.0,0.0,0.0,0.0,0.0,0.0,0.0,0.0,0.0,100000000.0,0.0,0.0,0.0
2002-02-22,100000000.0,100000000.0,0.0,0.0,0.0,0.0,0.0,0.0,0.0,0.0,100000000.0,0.0,0.0,0.0
2002-02-25,100000000.0,100000000.0,0.0,0.0,0.0,0.0,0.0,0.0,0.0,0.0,100000000.0,0.0,0.0,0.0
2002-02-26,100000000.0,100000000.0,0.0,0.0,0.0,0.0,0.0,0.0,0.0,0.0,100000000.0,0.0,0.0,0.0
2002-02-27,100000000.0,100000000.0,0.0,0.0,0.0,0.0,0.0,0.0,0.0,0.0,100000000.0,0.0,0.0,0.0
2002-02-28,100000000.0,100000000.0,0.0,0.0,0.0,0.0,0.0,0.0,0.0,0.0,100000000.0,0.0,0.0,0.0
2002-03-01,100000000.0,100000000.0,0.0,0.0,0.0,0.0,0.0,0.0,0.0,0.0,100000000.0,0.0,0.0,0.0
2002-03-04,100000000.0,100000000.0,0.0,0.0,0.0,0.0,0.0,0.0,0.0,0.0,100000000.0,0.0,0.0,0.0
2002-03-05,100000000.0,100000000.0,0.0,0.0,0.0,0.0,0.0,0.0,0.0,0.0,100000000.0,0.0,0.0,0.0
2002-03-06,100000000.0,100000000.0,0.0,0.0,0.0,0.0,0.0,0.0,0.0,0.0,100000000.0,0.0,0.0,0.0
2002-03-07,100000000.0,100000000.0,0.0,0.0,0.0,0.0,0.0,0.0,0.0,0.0,100000000.0,0.0,0.0,0.0
2002-03-08,100000000.0,100000000.0,0.0,0.0,0.0,0.0,0.0,0.0,0.0,0.0,100000000.0,0.0,0.0,0.0
2002-03-11,100000000.0,100000000.0,0.0,0.0,0.0,0.0,0.0,0.0,0.0,0.0,100000000.0,0.0,0.0,0.0
2002-03-12,100000000.0,100000000.0,0.0,0.0,0.0,0.0,0.0,0.0,0.0,0.0,100000000.0,0.0,0.0,0.0
2002-03-13,100000000.0,100000000.0,0.0,0.0,0.0,0.0,0.0,0.0,0.0,0.0,100000000.0,0.0,0.0,0.0
2002-03-14,100000000.0,100000000.0,0.0,0.0,0.0,0.0,0.0,0.0,0.0,0.0,100000000.0,0.0,0.0,0.0
2002-03-15,100000000.0,100000000.0,0.0,0.0,0.0,0.0,0.0,0.0,0.0,0.0,100000000.0,0.0,0.0,0.0
2002-03-18,100000000.0,100000000.0,0.0,0.0,0.0,0.0,0.0,0.0,0.0,0.0,100000000.0,0.0,0.0,0.0
2002-03-19,100000000.0,100000000.0,0.0,0.0,0.0,0.0,0.0,0.0,0.0,0.0,100000000.0,0.0,0.0,0.0
2002-03-20,100000000.0,100000000.0,0.0,0.0,0.0,0.0,0.0,0.0,0.0,0.0,100000000.0,0.0,0.0,0.0
2002-03-21,100000000.0,100000000.0,0.0,0.0,0.0,0.0,0.0,0.0,0.0,0.0,100000000.0,0.0,0.0,0.0
2002-03-22,100000000.0,100000000.0,0.0,0.0,0.0,0.0,0.0,0.0,0.0,0.0,100000000.0,0.0,0.0,0.0
2002-03-25,100000000.0,100000000.0,0.0,0.0,0.0,0.0,0.0,0.0,0.0,0.0,100000000.0,0.0,0.0,0.0
2002-03-26,100000000.0,100000000.0,0.0,0.0,0.0,0.0,0.0,0.0,0.0,0.0,100000000.0,0.0,0.0,0.0
2002-03-27,100000000.0,100000000.0,0.0,0.0,0.0,0.0,0.0,0.0,0.0,0.0,100000000.0,0.0,0.0,0.0
2002-03-28,100000000.0,100000000.0,0.0,0.0,0.0,0.0,0.0,0.0,0.0,0.0,100000000.0,0.0,0.0,0.0
2002-03-29,100000000.0,100000000.0,0.25,0.25,0.25,0.25,25000000.0,25000000.0,25000000.0,25000000.0,0.0,0.0,1.0,4.0
2002-04-01,100000000.0,100479277.83927462,0.25,0.25,0.25,0.25,25000000.0,25000000.0,25000000.0,25000000.0,0.0,0.004792778392746139,1.0,4.0
2002-04-02,100479277.83927462,101416632.71880035,0.25,0.25,0.25,0.25,25119819.459818654,25119819.459818654,25119819.459818654,25119819.459818654,0.0,0.009328837743291851,1.0,4.0
2002-04-03,101416632.71880035,100470950.03137134,0.25,0.25,0.25,0.25,25354158.179700088,25354158.179700088,25354158.179700088,25354158.179700088,0.0,-0.009324729702386375,1.0,4.0
2002-04-04,100470950.03137134,99819011.59431481,0.25,0.25,0.25,0.25,25117737.507842835,25117737.507842835,25117737.507842835,25117737.507842835,0.0,-0.006488825246033475,1.0,4.0
2002-04-05,99819011.59431481,99626959.28832777,0.25,0.25,0.25,0.25,24954752.898578703,24954752.898578703,24954752.898578703,24954752.898578703,0.0,-0.0019240052863634949,1.0,4.0
2002-04-08,99626959.28832777,99641957.27032757,0.25,0.25,0.25,0.25,24906739.822081942,24906739.822081942,24906739.822081942,24906739.822081942,0.0,0.00015054140071052435,1.0,4.0
2002-04-09,99641957.27032757,99397542.10144255,0.25,0.25,0.25,0.25,24910489.317581892,24910489.317581892,24910489.317581892,24910489.317581892,0.0,-0.002452934241565674,1.0,4.0
2002-04-10,99397542.10144255,99882758.73848815,0.25,0.25,0.25,0.25,24849385.525360636,24849385.525360636,24849385.525360636,24849385.525360636,0.0,0.004881575809494526,1.0,4.0
2002-04-11,99882758.73848815,99822991.85422194,0.25,0.25,0.25,0.25,24970689.68462204,24970689.68462204,24970689.68462204,24970689.68462204,0.0,-0.0005983703796436923,1.0,4.0
2002-04-12,99822991.85422194,99130901.14983845,0.25,0.25,0.25,0.25,24955747.963555485,24955747.963555485,24955747.963555485,24955747.963555485,0.0,-0.006933179336021139,1.0,4.0
2002-04-15,99130901.14983845,99059473.90118235,0.25,0.25,0.25,0.25,24782725.287459612,24782725.287459612,24782725.287459612,24782725.287459612,0.0,-0.0007205346448745931,1.0,4.0
2002-04-16,99059473.90118235,99184281.76188707,0.25,0.25,0.25,0.25,24764868.47529559,24764868.47529559,24764868.47529559,24764868.47529559,0.0,0.0012599285640182145,1.0,4.0
2002-04-17,99184281.76188707,100226659.39389217,0.25,0.25,0.25,0.25,24796070.44047177,24796070.44047177,24796070.44047177,24796070.44047177,0.0,0.010509504263060188,1.0,4.0
2002-04-18,100226659.39389217,100214671.29150194,0.25,0.25,0.25,0.25,25056664.848473042,25056664.848473042,25056664.848473042,25056664.848473042,0.0,-0.000119609916789859,1.0,4.0
2002-04-19,100214671.29150194,100355099.31075881,0.25,0.25,0.25,0.25,25053667.822875485,25053667.822875485,25053667.822875485,25053667.822875485,0.0,0.001401272063731862,1.0,4.0
2002-04-22,100355099.31075881,100323063.1820964,0.25,0.25,0.25,0.25,25088774.827689704,25088774.827689704,25088774.827689704,25088774.827689704,0.0,-0.0003192277112217812,1.0,4.0
2002-04-23,100323063.1820964,100279430.33770476,0.25,0.25,0.25,0.25,25080765.7955241,25080765.7955241,25080765.7955241,25080765.7955241,0.0,-0.0004349233666485208,1.0,4.0
2002-04-24,100279430.33770476,100207485.18937469,0.25,0.25,0.25,0.25,25069857.58442619,25069857.58442619,25069857.58442619,25069857.58442619,0.0,-0.0007174467195097123,1.0,4.0
2002-04-25,100207485.18937469,100320634.42072055,0.25,0.25,0.25,0.25,25051871.29734367,25051871.29734367,25051871.29734367,25051871.29734367,0.0,0.0011291494954897008,1.0,4.0
2002-04-26,100320634.42072055,100842783.59388807,0.25,0.25,0.25,0.25,25080158.605180137,25080158.605180137,25080158.605180137,25080158.605180137,0.0,0.005204803340634334,1.0,4.0
2002-04-29,100842783.59388807,100643924.94790964,0.25,0.25,0.25,0.25,25210695.89847202,25210695.89847202,25210695.89847202,25210695.89847202,0.0,-0.001971967045051759,1.0,4.0
2002-04-30,100643924.94790964,100758690.15348311,0.25,0.25,0.25,0.25,25160981.23697741,25160981.23697741,25160981.23697741,25160981.23697741,0.0,0.0011403093195427871,1.0,4.0
2002-05-01,100758690.15348311,100552114.92042202,0.25,0.25,0.25,0.25,25189672.538370777,25189672.538370777,25189672.538370777,25189672.538370777,0.0,-0.0020501976826655943,1.0,4.0
2002-05-02,100552114.92042202,99891373.42093045,0.25,0.25,0.25,0.25,25138028.730105504,25138028.730105504,25138028.730105504,25138028.730105504,0.0,-0.0065711347793578345,1.0,4.0
2002-05-03,99891373.42093045,100221829.49908501,0.25,0.25,0.25,0.25,24972843.35523261,24972843.35523261,24972843.35523261,24972843.35523261,0.0,0.003308154316409767,1.0,4.0
2002-05-06,100221829.49908501,99811583.77120435,0.25,0.25,0.25,0.25,25055457.374771252,25055457.374771252,25055457.374771252,25055457.374771252,0.0,-0.0040933769611977144,1.0,4.0
2002-05-07,99811583.77120435,100222564.11154087,0.25,0.25,0.25,0.25,24952895.942801088,24952895.942801088,24952895.942801088,24952895.942801088,0.0,0.0041175615575701485,1.0,4.0
2002-05-08,100222564.11154087,100153107.75501777,0.25,0.25,0.25,0.25,25055641.027885217,25055641.027885217,25055641.027885217,25055641.027885217,0.0,-0.0006930211488680171,1.0,4.0
2002-05-09,100153107.75501777,100369404.36780903,0.0,0.25,0.25,0.25,0.0,25038276.938754443,25038276.938754443,25038276.938754443,25038276.938754443,0.0021596595217028836,0.75,3.0
2002-05-10,100369404.36780903,100754151.89632381,0.0,0.25,0.25,0.25,0.0,25092351.091952257,25092351.091952257,25092351.091952257,25092351.091952257,0.0038333148526503713,0.75,3.0
2002-05-13,100754151.89632381,101045171.93506804,0.0,0.25,0.25,0.25,0.0,25188537.974080954,25188537.974080954,25188537.974080954,25188537.974080954,0.002888417333349047,0.75,3.0
2002-05-14,101045171.93506804,101052196.63386677,0.0,0.25,0.25,0.25,0.0,25261292.98376701,25261292.98376701,25261292.98376701,25261292.98376701,6.9520380481497e-05,0.75,3.0
2002-05-15,101052196.63386677,100838734.29179914,0.0,0.25,0.25,0.25,0.0,25263049.158466693,25263049.158466693,25263049.158466693,25263049.158466693,-0.0021123968521046255,0.75,3.0
2002-05-16,100838734.29179914,100907311.78925854,0.0,0.25,0.25,0.25,0.0,25209683.572949786,25209683.572949786,25209683.572949786,25209683.572949786,0.0006800709860255716,0.75,3.0
2002-05-17,100907311.78925854,101094513.18266758,0.0,0.25,0.25,0.25,0.0,25226827.947314635,25226827.947314635,25226827.947314635,25226827.947314635,0.0018551816522474895,0.75,3.0
2002-05-20,101094513.18266758,101448251.35992053,0.0,0.25,0.25,0.25,0.0,25273628.295666896,25273628.295666896,25273628.295666896,25273628.295666896,0.003499083838643141,0.75,3.0
2002-05-21,101448251.35992053,101265764.73430063,0.0,0.25,0.25,0.25,0.0,25362062.839980133,25362062.839980133,25362062.839980133,25362062.839980133,-0.0017988148950195126,0.75,3.0
2002-05-22,101265764.73430063,101619920.98486094,0.0,0.25,0.25,0.25,0.0,25316441.183575157,25316441.183575157,25316441.183575157,25316441.183575157,0.003497294979103338,0.75,3.0
2002-05-23,101619920.98486094,101949749.17788355,0.0,0.25,0.25,0.25,0.0,25404980.246215235,25404980.246215235,25404980.246215235,25404980.246215235,0.0032457040885885413,0.75,3.0
2002-05-24,101949749.17788355,101594239.8458761,0.0,0.25,0.25,0.25,0.0,25487437.294470888,25487437.294470888,25487437.294470888,25487437.294470888,-0.0034871035473286183,0.75,3.0
2002-05-27,101594239.8458761,101604447.1226691,0.0,0.25,0.25,0.25,0.0,25398559.961469024,25398559.961469024,25398559.961469024,25398559.961469024,0.00010047101891286214,0.75,3.0
2002-05-28,101604447.1226691,102080529.00115182,0.0,0.25,0.25,0.25,0.0,25401111.780667275,25401111.780667275,25401111.780667275,25401111.780667275,0.004685640166005173,0.75,3.0
2002-05-29,102080529.00115182,102502701.4646533,0.0,0.25,0.25,0.25,0.0,25520132.250287954,25520132.250287954,25520132.250287954,25520132.250287954,0.004135680600721725,0.75,3.0
2002-05-30,102502701.4646533,102043926.35380358,0.0,0.25,0.25,0.25,0.0,25625675.366163325,25625675.366163325,25625675.366163325,25625675.366163325,-0.004475736778585732,0.75,3.0
2002-05-31,102043926.35380358,102587668.15172634,0.0,0.25,0.25,0.25,0.0,25510981.588450894,25510981.588450894,25510981.588450894,25510981.588450894,0.005328507215975942,0.75,3.0
2002-06-03,102587668.15172634,102818764.49536914,0.0,0.25,0.25,0.25,0.0,25646917.037931584,25646917.037931584,25646917.037931584,25646917.037931584,0.0022526717665617424,0.75,3.0
2002-06-04,102818764.49536914,103165736.70247024,0.0,0.25,0.25,0.25,0.0,25704691.123842284,25704691.123842284,25704691.123842284,25704691.123842284,0.0033746000431345013,0.75,3.0
2002-06-05,103165736.70247024,102357653.62167104,0.0,0.25,0.25,0.25,0.0,25791434.17561756,25791434.17561756,25791434.17561756,25791434.17561756,-0.007832862989479883,0.75,3.0
2002-06-06,102357653.62167104,102750960.42623425,0.0,0.25,0.25,0.25,0.0,25589413.40541776,25589413.40541776,25589413.40541776,25589413.40541776,0.003842475776329568,0.75,3.0
2002-06-07,102750960.42623425,102342211.85361639,0.0,0.25,0.25,0.25,0.0,25687740.10655856,25687740.10655856,25687740.10655856,25687740.10655856,-0.0039780511142891994,0.75,3.0
2002-06-10,102342211.85361639,101522109.00685124,0.0,0.25,0.25,0.25,0.0,25585552.963404097,25585552.963404097,25585552.963404097,25585552.963404097,-0.008013339089623872,0.75,3.0
2002-06-11,101522109.00685124,101669822.82484263,0.0,0.25,0.0,0.25,0.0,25380527.25171281,0.0,25380527.25171281,50761054.50342562,0.0014549916213957848,0.5,2.0
2002-06-12,101669822.82484263,101672775.52341358,0.0,0.25,0.0,0.25,0.0,25417455.706210658,0.0,25417455.706210658,50834911.412421316,2.9042035177478942e-05,0.5,2.0
2002-06-13,101672775.52341358,101462131.9362664,0.0,0.25,0.0,0.25,0.0,25418193.880853396,0.0,25418193.880853396,50836387.76170679,-0.0020717796486107998,0.5,2.0
2002-06-14,101462131.9362664,101202987.67011717,0.0,0.25,0.0,0.25,0.0,25365532.9840666,0.0,25365532.9840666,50731065.9681332,-0.0025540983734898826,0.5,2.0
2002-06-17,101202987.67011717,100875862.96267766,0.0,0.25,0.0,0.25,0.0,25300746.917529292,0.0,25300746.917529292,50601493.835058585,-0.003232362156202484,0.5,2.0
2002-06-18,100875862.96267766,101440064.55588934,0.0,0.25,0.0,0.25,0.0,25218965.740669414,0.0,25218965.740669414,50437931.48133883,0.005593028665543398,0.5,2.0
2002-06-19,101440064.55588934,101559561.8653729,0.0,0.25,0.0,0.25,0.0,25360016.138972335,0.0,25360016.138972335,50720032.27794467,0.0011780090046938363,0.5,2.0
2002-06-20,101559561.8653729,102071580.46087776,0.0,0.25,0.0,0.25,0.0,25389890.466343224,0.0,25389890.466343224,50779780.93268645,0.005041559712354704,0.5,2.0
2002-06-21,102071580.46087776,102267266.16600353,0.0,0.25,0.0,0.25,0.0,25517895.11521944,0.0,25517895.11521944,51035790.23043888,0.0019171419139606405,0.5,2.0
2002-06-24,102267266.16600353,102033881.01223245,0.0,0.25,0.0,0.25,0.0,25566816.54150088,0.0,25566816.54150088,51133633.08300176,-0.0022821100291487706,0.5,2.0
2002-06-25,102033881.01223245,101824179.04771952,0.0,0.25,0.0,0.25,0.0,25508470.253058113,0.0,25508470.253058113,51016940.50611623,-0.002055218937401626,0.5,2.0
2002-06-26,101824179.04771952,101298617.16238047,0.0,0.25,0.0,0.25,0.0,25456044.76192988,0.0,25456044.76192988,50912089.52385976,-0.005161464499436497,0.5,2.0
2002-06-27,101298617.16238047,101315752.79635738,0.0,0.25,0.0,0.25,0.0,25324654.290595118,0.0,25324654.290595118,50649308.581190236,0.0001691596041181742,0.5,2.0
2002-06-28,101315752.79635738,100984067.76134293,0.0,0.25,0.0,0.25,0.0,25328938.199089345,0.0,25328938.199089345,50657876.39817869,-0.0032737755567107396,0.5,2.0
2002-07-01,100984067.76134293,100967268.05662222,0.0,0.25,0.0,0.25,0.0,25246016.940335732,0.0,25246016.940335732,50492033.880671464,-0.00016635995254621339,0.5,2.0
2002-07-02,100967268.05662222,100831219.29597296,0.0,0.25,0.0,0.25,0.0,25241817.014155556,0.0,25241817.014155556,50483634.02831111,-0.00134745411327708,0.5,2.0
2002-07-03,100831219.29597296,100567501.80852625,0.0,0.25,0.0,0.25,0.0,25207804.82399324,0.0,25207804.82399324,50415609.64798648,-0.002615434875111511,0.5,2.0
2002-07-04,100567501.80852625,100392733.86605565,0.0,0.25,0.0,0.25,0.0,25141875.452131562,0.0,25141875.452131562,50283750.904263124,-0.0017378172802118286,0.5,2.0
2002-07-05,100392733.86605565,100509411.51135306,0.0,0.25,0.0,0.25,0.0,25098183.466513913,0.0,25098183.466513913,50196366.933027826,0.0011622120526479929,0.5,2.0
2002-07-08,100509411.51135306,100579230.26999736,0.0,0.25,0.25,0.25,0.0,25127352.877838265,25127352.877838265,25127352.877838265,25127352.877838265,0.0006946489646534881,0.75,3.0
2002-07-09,100579230.26999736,101310395.55108516,0.0,0.25,0.25,0.25,0.0,25144807.56749934,25144807.56749934,25144807.56749934,25144807.56749934,0.0072695454034102935,0.75,3.0
2002-07-10,101310395.55108516,101266195.11478226,0.0,0.25,0.25,0.25,0.0,25327598.88777129,25327598.88777129,25327598.88777129,25327598.88777129,-0.0004362872740006629,0.75,3.0
2002-07-11,101266195.11478226,100959689.05608808,0.0,0.25,0.25,0.25,0.0,25316548.778695565,25316548.778695565,25316548.778695565,25316548.778695565,-0.003026736201026975,0.75,3.0
2002-07-12,100959689.05608808,100954006.79380502,0.0,0.25,0.25,0.25,0.0,25239922.26402202,25239922.26402202,25239922.26402202,25239922.26402202,-5.6282485972170004e-05,0.75,3.0
2002-07-15,100954006.79380502,101213656.95445158,0.0,0.25,0.25,0.25,0.0,25238501.698451255,25238501.698451255,25238501.698451255,25238501.698451255,0.0025719648867119083,0.75,3.0
2002-07-16,101213656.95445158,101332809.11698537,0.0,0.25,0.25,0.25,0.0,25303414.238612894,25303414.238612894,25303414.238612894,25303414.238612894,0.001177234042510994,0.75,3.0
2002-07-17,101332809.11698537,100997968.40450537,0.0,0.25,0.25,0.25,0.0,25333202.27924634,25333202.27924634,25333202.27924634,25333202.27924634,-0.0033043662304223786,0.75,3.0
2002-07-18,100997968.40450537,101109317.63877375,0.0,0.25,0.25,0.25,0.0,25249492.101126343,25249492.101126343,25249492.101126343,25249492.101126343,0.0011024898423939167,0.75,3.0
2002-07-19,101109317.63877375,101841855.68135495,0.0,0.25,0.25,0.25,0.0,25277329.40969344,25277329.40969344,25277329.40969344,25277329.40969344,0.007245010249186723,0.75,3.0
2002-07-22,101841855.68135495,101330748.59164342,0.0,0.25,0.25,0.0,0.0,25460463.92033874,25460463.92033874,0.0,50920927.84067748,-0.005018634885353174,0.5,2.0
2002-07-23,101330748.59164342,100556666.24759232,0.0,0.25,0.25,0.0,0.0,25332687.147910856,25332687.147910856,0.0,50665374.29582171,-0.007639165355134314,0.5,2.0
2002-07-24,100556666.24759232,100669807.40423875,0.0,0.25,0.25,0.0,0.0,25139166.56189808,25139166.56189808,0.0,50278333.12379616,0.0011251482459438689,0.5,2.0
2002-07-25,100669807.40423875,100444183.3989619,0.0,0.0,0.25,0.0,0.0,0.0,25167451.851059686,0.0,75502355.55317906,-0.002241228140735879,0.25,1.0
2002-07-26,100444183.3989619,100251728.59821665,0.0,0.0,0.25,0.0,0.0,0.0,25111045.849740475,0.0,75333137.54922143,-0.0019160372879017118,0.25,1.0
2002-07-29,100251728.59821665,100055827.1467075,0.0,0.0,0.25,0.0,0.0,0.0,25062932.149554163,0.0,75188796.44866249,-0.0019540954978866654,0.25,1.0
2002-07-30,100055827.1467075,100391587.72383708,0.0,0.0,0.25,0.0,0.0,0.0,25013956.786676876,0.0,75041870.36003062,0.0033557323616668633,0.25,1.0
2002-07-31,100391587.72383708,100514288.49656592,0.0,0.0,0.25,0.0,0.0,0.0,25097896.93095927,0.0,75293690.79287781,0.0012222216573203881,0.25,1.0
2002-08-01,100514288.49656592,100284275.77380387,0.0,0.0,0.25,0.0,0.0,0.0,25128572.12414148,0.0,75385716.37242444,-0.0022883584632835685,0.25,1.0
2002-08-02,100284275.77380387,100383667.31790335,0.0,0.0,0.25,0.0,0.0,0.0,25071068.94345097,0.0,75213206.8303529,0.000991097989516132,0.25,1.0
2002-08-05,100383667.31790335,100013673.83960013,0.0,0.0,0.25,0.0,0.0,0.0,25095916.82947584,0.0,75287750.48842752,-0.0036857935975929124,0.25,1.0
2002-08-06,100013673.83960013,100210478.58698249,0.0,0.0,0.25,0.0,0.0,0.0,25003418.459900033,0.0,75010255.3797001,0.0019677784029609735,0.25,1.0
2002-08-07,100210478.58698249,100057914.15404728,0.0,0.0,0.25,0.0,0.0,0.0,25052619.646745622,0.0,75157858.94023687,-0.0015224399193221883,0.25,1.0
2002-08-08,100057914.15404728,100092382.7815893,0.0,0.0,0.25,0.0,0.0,0.0,25014478.53851182,0.0,75043435.61553547,0.0003444867688223163,0.25,1.0
2002-08-09,100092382.7815893,100244279.68214153,0.0,0.0,0.25,0.0,0.0,0.0,25023095.695397325,0.0,75069287.08619198,0.0015175670348829828,0.25,1.0
2002-08-12,100244279.68214153,100802278.23441565,0.0,0.0,0.25,0.0,0.0,0.0,25061069.920535382,0.0,75183209.76160614,0.005566387967906483,0.25,1.0
2002-08-13,100802278.23441565,100917804.76055634,0.0,0.0,0.25,0.0,0.0,0.0,25200569.558603913,0.0,75601708.67581174,0.0011460705865399823,0.25,1.0
2002-08-14,100917804.76055634,100944746.60201493,0.0,0.0,0.25,0.0,0.0,0.0,25229451.190139085,0.0,75688353.57041726,0.000266968168030568,0.25,1.0
2002-08-15,100944746.60201493,101373989.56790937,0.0,0.0,0.25,0.0,0.0,0.0,25236186.650503732,0.0,75708559.9515112,0.004252256609120764,0.25,1.0
2002-08-16,101373989.56790937,101303615.072446,0.0,0.0,0.25,0.0,0.0,0.0,25343497.391977344,0.0,76030492.17593203,-0.000694206627985472,0.25,1.0
2002-08-19,101303615.072446,101301527.75630094,0.0,0.0,0.25,0.0,0.0,0.0,25325903.7681115,0.0,75977711.3043345,-2.0604557335629492e-05,0.25,1.0
2002-08-20,101301527.75630094,101070392.90365005,0.0,0.0,0.25,0.0,0.0,0.0,25325381.939075235,0.0,75976145.81722571,-0.002281652189954353,0.25,1.0
2002-08-21,101070392.90365005,101255457.13520998,0.0,0.0,0.25,0.0,0.0,0.0,25267598.22591251,0.0,75802794.67773753,0.0018310429616748558,0.25,1.0
2002-08-22,101255457.13520998,101481992.15975815,0.0,0.0,0.25,0.0,0.0,0.0,25313864.283802494,0.0,75941592.85140748,0.0022372623753567633,0.25,1.0
2002-08-23,101481992.15975815,101429338.11620283,0.0,0.0,0.25,0.0,0.0,0.0,25370498.039939538,0.0,76111494.11981861,-0.0005188511028874632,0.25,1.0
2002-08-26,101429338.11620283,101682892.64483072,0.0,0.0,0.25,0.0,0.0,0.0,25357334.529050708,0.0,76072003.58715212,0.00249981448501041,0.25,1.0
2002-08-27,101682892.64483072,101568103.15675579,0.0,0.0,0.25,0.0,0.0,0.0,25420723.16120768,0.0,76262169.48362304,-0.0011288967602040567,0.25,1.0
2002-08-28,101568103.15675579,101378553.01308785,0.0,0.0,0.25,0.0,0.0,0.0,25392025.789188948,0.0,76176077.36756684,-0.0018662369166765336,0.25,1.0
2002-08-29,101378553.01308785,101342571.655744,0.0,0.0,0.25,0.0,0.0,0.0,25344638.253271963,0.0,76033914.75981589,-0.00035492080202806364,0.25,1.0
2002-08-30,101342571.655744,101471656.81199643,0.0,0.0,0.25,0.0,0.0,0.0,25335642.913936,0.0,76006928.741808,0.0012737505486925538,0.25,1.0
2002-09-02,101471656.81199643,101471656.81199643,0.0,0.0,0.25,0.0,0.0,0.0,25367914.202999108,0.0,76103742.60899732,0.0,0.25,1.0
2002-09-03,101471656.81199643,101141193.95979147,0.0,0.0,0.25,0.0,0.0,0.0,25367914.202999108,0.0,76103742.60899732,-0.003256701059067557,0.25,1.0
2002-09-04,101141193.95979147,101466436.75543427,0.0,0.0,0.25,0.0,0.0,0.0,25285298.489947867,0.0,75855895.4698436,0.0032157302371980667,0.25,1.0
2002-09-05,101466436.75543427,101817053.56516688,0.0,0.0,0.25,0.0,0.0,0.0,25366609.18885857,0.0,76099827.5665757,0.003455495442081069,0.25,1.0
2002-09-06,101817053.56516688,102051607.23199505,0.0,0.0,0.25,0.0,0.0,0.0,25454263.39129172,0.0,76362790.17387515,0.002303677612101096,0.25,1.0
2002-09-09,102051607.23199505,102454937.03473392,0.0,0.0,0.25,0.0,0.0,0.0,25512901.80799876,0.0,76538705.42399628,0.003952214116745567,0.25,1.0
2002-09-10,102454937.03473392,102509081.5796616,0.0,0.0,0.25,0.0,0.0,0.0,25613734.25868348,0.0,76841202.77605045,0.0005284717993561672,0.25,1.0
2002-09-11,102509081.5796616,102520598.78539455,0.0,0.0,0.25,0.0,0.0,0.0,25627270.3949154,0.0,76881811.18474619,0.00011235302819501136,0.25,1.0
2002-09-12,102520598.78539455,102270639.69161475,0.0,0.0,0.25,0.0,0.0,0.0,25630149.696348637,0.0,76890449.08904591,-0.002438135328325902,0.25,1.0
2002-09-13,102270639.69161475,102409457.658801,0.0,0.0,0.25,0.0,0.0,0.0,25567659.922903687,0.0,76702979.76871106,0.001357358940990705,0.25,1.0
2002-09-16,102409457.658801,102412947.14228873,0.0,0.0,0.25,0.0,0.0,0.0,25602364.41470025,0.0,76807093.24410075,3.407384012649173e-05,0.25,1.0
2002-09-17,102412947.14228873,102465297.74202189,0.0,0.0,0.25,0.25,0.0,0.0,25603236.785572182,25603236.785572182,51206473.571144365,0.0005111716945360167,0.5,2.0
2002-09-18,102465297.74202189,102787155.32570639,0.0,0.0,0.25,0.25,0.0,0.0,25616324.435505472,25616324.435505472,51232648.871010944,0.003141137446307396,0.5,2.0
2002-09-19,102787155.32570639,102950313.96399817,0.0,0.0,0.25,0.25,0.0,0.0,25696788.831426598,25696788.831426598,51393577.662853196,0.0015873446227281929,0.5,2.0
2002-09-20,102950313.96399817,102729442.79566689,0.0,0.0,0.25,0.25,0.0,0.0,25737578.490999542,25737578.490999542,51475156.981999084,-0.002145415199107631,0.5,2.0
2002-09-23,102729442.79566689,102811586.24452558,0.0,0.25,0.25,0.25,0.0,25682360.698916722,25682360.698916722,25682360.698916722,25682360.698916722,0.0007996096019139975,0.75,3.0
2002-09-24,102811586.24452558,103016986.39435321,0.0,0.25,0.25,0.25,0.0,25702896.561131395,25702896.561131395,25702896.561131395,25702896.561131395,0.001997830763345254,0.75,3.0
2002-09-25,103016986.39435321,102535834.05023667,0.0,0.25,0.25,0.25,0.0,25754246.598588303,25754246.598588303,25754246.598588303,25754246.598588303,-0.0046706117210095766,0.75,3.0
2002-09-26,102535834.05023667,102490071.73695534,0.0,0.25,0.25,0.25,0.0,25633958.512559168,25633958.512559168,25633958.512559168,25633958.512559168,-0.0004463055643444125,0.75,3.0
2002-09-27,102490071.73695534,102532673.62028566,0.0,0.25,0.25,0.25,0.0,25622517.934238836,25622517.934238836,25622517.934238836,25622517.934238836,0.000415668392150792,0.75,3.0
2002-09-30,102532673.62028566,102739493.31225057,0.0,0.25,0.25,0.25,0.0,25633168.405071415,25633168.405071415,25633168.405071415,25633168.405071415,0.002017110104149039,0.75,3.0
2002-10-01,102739493.31225057,102545691.55314235,0.0,0.25,0.25,0.25,0.0,25684873.328062642,25684873.328062642,25684873.328062642,25684873.328062642,-0.0018863413947273755,0.75,3.0
2002-10-02,102545691.55314235,102907361.74871187,0.0,0.25,0.25,0.25,0.0,25636422.88828559,25636422.88828559,25636422.88828559,25636422.88828559,0.003526917514443728,0.75,3.0
2002-10-03,102907361.74871187,102254074.84158586,0.0,0.25,0.25,0.25,0.0,25726840.437177967,25726840.437177967,25726840.437177967,25726840.437177967,-0.0063483009963977155,0.75,3.0
2002-10-04,102254074.84158586,102266612.26647408,0.0,0.25,0.25,0.25,0.0,25563518.710396465,25563518.710396465,25563518.710396465,25563518.710396465,0.0001226105160861135,0.75,3.0
2002-10-07,102266612.26647408,102502176.04510932,0.0,0.25,0.25,0.25,0.0,25566653.06661852,25566653.06661852,25566653.06661852,25566653.06661852,0.0023034280046494437,0.75,3.0
2002-10-08,102502176.04510932,102140118.36980282,0.0,0.25,0.25,0.25,0.0,25625544.01127733,25625544.01127733,25625544.01127733,25625544.01127733,-0.0035321950155200454,0.75,3.0
2002-10-09,102140118.36980282,102306752.76057574,0.0,0.25,0.25,0.25,0.0,25535029.592450704,25535029.592450704,25535029.592450704,25535029.592450704,0.001631429387712685,0.75,3.0
2002-10-10,102306752.76057574,101771751.6406883,0.0,0.25,0.25,0.25,0.0,25576688.190143935,25576688.190143935,25576688.190143935,25576688.190143935,-0.005229382278797184,0.75,3.0
2002-10-11,101771751.6406883,102176758.31699054,0.0,0.25,0.25,0.25,0.0,25442937.910172075,25442937.910172075,25442937.910172075,25442937.910172075,0.003979558863565019,0.75,3.0
2002-10-14,102176758.31699054,102414790.15103428,0.0,0.25,0.25,0.25,0.0,25544189.579247635,25544189.579247635,25544189.579247635,25544189.579247635,0.002329608395925664,0.75,3.0
2002-10-15,102414790.15103428,102362536.03753158,0.0,0.25,0.25,0.25,0.0,25603697.53775857,25603697.53775857,25603697.53775857,25603697.53775857,-0.0005102203834585206,0.75,3.0
2002-10-16,102362536.03753158,102465479.32591148,0.0,0.25,0.25,0.25,0.0,25590634.009382896,25590634.009382896,25590634.009382896,25590634.009382896,0.0010056734852889881,0.75,3.0
2002-10-17,102465479.32591148,102414765.3689891,0.0,0.25,0.25,0.25,0.0,25616369.83147787,25616369.83147787,25616369.83147787,25616369.83147787,-0.0004949369998170361,0.75,3.0
2002-10-18,102414765.3689891,102395581.05304751,0.0,0.25,0.25,0.25,0.0,25603691.342247274,25603691.342247274,25603691.342247274,25603691.342247274,-0.00018731982514885726,0.75,3.0
2002-10-21,102395581.05304751,102154107.69444683,0.0,0.25,0.25,0.25,0.0,25598895.263261877,25598895.263261877,25598895.263261877,25598895.263261877,-0.002358240034553649,0.75,3.0
2002-10-22,102154107.69444683,102101525.22879522,0.0,0.25,0.25,0.25,0.0,25538526.923611708,25538526.923611708,25538526.923611708,25538526.923611708,-0.000514736674210925,0.75,3.0
2002-10-23,102101525.22879522,102172849.53336893,0.0,0.25,0.25,0.25,0.0,25525381.307198804,25525381.307198804,25525381.307198804,25525381.307198804,0.0006985625769437009,0.75,3.0
2002-10-24,102172849.53336893,102298136.06547211,0.0,0.25,0.25,0.25,0.0,25543212.383342233,25543212.383342233,25543212.383342233,25543212.383342233,0.0012262213755939444,0.75,3.0
2002-10-25,102298136.06547211,102245334.54906614,0.0,0.25,0.25,0.25,0.0,25574534.016368028,25574534.016368028,25574534.016368028,25574534.016368028,-0.0005161532598420837,0.75,3.0
2002-10-28,102245334.54906614,102570784.22081658,0.0,0.25,0.25,0.25,0.0,25561333.637266535,25561333.637266535,25561333.637266535,25561333.637266535,0.00318302711009516,0.75,3.0
2002-10-29,102570784.22081658,102415101.60050385,0.0,0.25,0.25,0.25,0.0,25642696.055204146,25642696.055204146,25642696.055204146,25642696.055204146,-0.0015178066687838443,0.75,3.0
2002-10-30,102415101.60050385,102310924.71168603,0.0,0.25,0.25,0.25,0.0,25603775.40012596,25603775.40012596,25603775.40012596,25603775.40012596,-0.0010172024163406235,0.75,3.0
2002-10-31,102310924.71168603,102642643.30248192,0.0,0.25,0.25,0.25,0.0,25577731.177921508,25577731.177921508,25577731.177921508,25577731.177921508,0.003242259726716934,0.75,3.0
2002-11-01,102642643.30248192,102801196.1553761,0.0,0.25,0.25,0.0,0.0,25660660.82562048,25660660.82562048,0.0,51321321.65124096,0.0015447074217189716,0.5,2.0
2002-11-04,102801196.1553761,102637554.87915054,0.0,0.25,0.25,0.0,0.0,25700299.038844027,25700299.038844027,0.0,51400598.07768805,-0.0015918226863648466,0.5,2.0
2002-11-05,102637554.87915054,102504583.25348595,0.0,0.25,0.25,0.0,0.0,25659388.719787635,25659388.719787635,0.0,51318777.43957527,-0.001295545532248532,0.5,2.0
2002-11-06,102504583.25348595,102466996.48995472,0.0,0.25,0.25,0.0,0.0,25626145.813371487,25626145.813371487,0.0,51252291.626742974,-0.0003666837358703434,0.5,2.0
2002-11-07,102466996.48995472,102515202.38304794,0.0,0.25,0.25,0.0,0.0,25616749.12248868,25616749.12248868,0.0,51233498.24497736,0.00047045287501865096,0.5,2.0
2002-11-08,102515202.38304794,102407248.2117921,0.0,0.25,0.25,0.0,0.0,25628800.595761985,25628800.595761985,0.0,51257601.19152397,-0.0010530552420165151,0.5,2.0
2002-11-11,102407248.2117921,102266413.93312956,0.0,0.25,0.25,0.0,0.0,25601812.052948024,25601812.052948024,0.0,51203624.10589605,-0.0013752374086966612,0.5,2.0
2002-11-12,102266413.93312956,102177716.43407314,0.0,0.25,0.25,0.0,0.0,25566603.48328239,25566603.48328239,0.0,51133206.96656478,-0.0008673179751314264,0.5,2.0
2002-11-13,102177716.43407314,102143644.83146925,0.0,0.25,0.0,0.0,0.0,25544429.108518284,0.0,0.0,76633287.32555485,-0.00033345433616016606,0.25,1.0
2002-11-14,102143644.83146925,102292158.95942016,0.0,0.25,0.0,0.0,0.0,25535911.207867313,0.0,0.0,76607733.62360194,0.0014539732569359143,0.25,1.0
2002-11-15,102292158.95942016,102321647.85025457,0.0,0.25,0.0,0.0,0.0,25573039.73985504,0.0,0.0,76719119.21956512,0.0002882810484633458,0.25,1.0
2002-11-18,102321647.85025457,102197706.58675227,0.0,0.25,0.0,0.25,0.0,25580411.96256364,0.0,25580411.96256364,51160823.92512728,-0.001211290729833503,0.5,2.0
2002-11-19,102197706.58675227,101944739.10193798,0.0,0.25,0.0,0.25,0.0,25549426.646688066,0.0,25549426.646688066,51098853.29337613,-0.002475275554246953,0.5,2.0
2002-11-20,101944739.10193798,101941158.48721674,0.0,0.25,0.0,0.25,0.0,25486184.775484495,0.0,25486184.775484495,50972369.55096899,-3.512309465664165e-05,0.5,2.0
2002-11-21,101941158.48721674,102046195.80947478,0.0,0.25,0.0,0.25,0.0,25485289.621804185,0.0,25485289.621804185,50970579.24360837,0.0010303720677375394,0.5,2.0
2002-11-22,102046195.80947478,102380620.80946764,0.0,0.25,0.0,0.25,0.0,25511548.952368695,0.0,25511548.952368695,51023097.90473739,0.0032771922298529543,0.5,2.0
2002-11-25,102380620.80946764,101970226.60007358,0.0,0.25,0.0,0.25,0.0,25595155.20236691,0.0,25595155.20236691,51190310.40473382,-0.004008514562124088,0.5,2.0
2002-11-26,101970226.60007358,102004804.58798622,0.0,0.25,0.0,0.25,0.0,25492556.650018394,0.0,25492556.650018394,50985113.30003679,0.000339098863124776,0.5,2.0
2002-11-27,102004804.58798622,101726387.3982841,0.0,0.25,0.0,0.25,0.0,25501201.146996554,0.0,25501201.146996554,51002402.29399311,-0.002729451723638754,0.5,2.0
2002-11-28,101726387.3982841,101995646.65759028,0.0,0.25,0.0,0.25,0.0,25431596.849571027,0.0,25431596.849571027,50863193.69914205,0.0026468968985595698,0.5,2.0
2002-11-29,101995646.65759028,101657630.17419398,0.25,0.25,0.0,0.25,25498911.66439757,25498911.66439757,0.0,25498911.66439757,25498911.66439757,-0.003314028534286917,0.75,3.0
2002-12-02,101657630.17419398,101834337.73303258,0.25,0.25,0.0,0.25,25414407.543548495,25414407.543548495,0.0,25414407.543548495,25414407.543548495,0.0017382616389521877,0.75,3.0
2002-12-03,101834337.73303258,101753183.86249077,0.25,0.25,0.0,0.25,25458584.433258146,25458584.433258146,0.0,25458584.433258146,25458584.433258146,-0.0007969204921288442,0.75,3.0
2002-12-04,101753183.86249077,101692018.61392687,0.25,0.25,0.0,0.25,25438295.965622693,25438295.965622693,0.0,25438295.965622693,25438295.965622693,-0.0006011138545459205,0.75,3.0
2002-12-05,101692018.61392687,101427672.3949475,0.25,0.25,0.0,0.25,25423004.65348172,25423004.65348172,0.0,25423004.65348172,25423004.65348172,-0.002599478529214355,0.75,3.0
2002-12-06,101427672.3949475,101896857.11600101,0.25,0.25,0.0,0.25,25356918.098736875,25356918.098736875,0.0,25356918.098736875,25356918.098736875,0.004625805857267129,0.75,3.0
2002-12-09,101896857.11600101,101668471.59266463,0.25,0.25,0.0,0.25,25474214.279000252,25474214.279000252,0.0,25474214.279000252,25474214.279000252,-0.00224134021205763,0.75,3.0
2002-12-10,101668471.59266463,101222953.27747968,0.25,0.25,0.0,0.25,25417117.898166157,25417117.898166157,0.0,25417117.898166157,25417117.898166157,-0.004382069565970509,0.75,3.0
2002-12-11,101222953.27747968,101539538.28975487,0.25,0.25,0.0,0.25,25305738.31936992,25305738.31936992,0.0,25305738.31936992,25305738.31936992,0.0031276010235281038,0.75,3.0
2002-12-12,101539538.28975487,102092094.7612026,0.25,0.25,0.0,0.25,25384884.572438717,25384884.572438717,0.0,25384884.572438717,25384884.572438717,0.00544178633027631,0.75,3.0
2002-12-13,102092094.7612026,102881171.96391134,0.25,0.25,0.25,0.25,25523023.69030065,25523023.69030065,25523023.69030065,25523023.69030065,0.0,0.0077290725060977505,1.0,4.0
2002-12-16,102881171.96391134,104473547.14323825,0.25,0.25,0.25,0.25,25720292.990977835,25720292.990977835,25720292.990977835,25720292.990977835,0.0,0.015477809485738458,1.0,4.0
2002-12-17,104473547.14323825,104374644.10475825,0.25,0.25,0.25,0.25,26118386.78580956,26118386.78580956,26118386.78580956,26118386.78580956,0.0,-0.0009466801997675134,1.0,4.0
2002-12-18,104374644.10475825,105331811.5632368,0.25,0.25,0.25,0.25,26093661.026189562,26093661.026189562,26093661.026189562,26093661.026189562,0.0,0.00917049793739047,1.0,4.0
2002-12-19,105331811.5632368,105947232.14064097,0.25,0.25,0.25,0.25,26332952.8908092,26332952.8908092,26332952.8908092,26332952.8908092,0.0,0.0058426848287393696,1.0,4.0
2002-12-20,105947232.14064097,105507451.97806233,0.25,0.25,0.25,0.25,26486808.035160244,26486808.035160244,26486808.035160244,26486808.035160244,0.0,-0.00415093583563228,1.0,4.0
2002-12-23,105507451.97806233,105929770.50111338,0.25,0.25,0.25,0.25,26376862.994515583,26376862.994515583,26376862.994515583,26376862.994515583,0.0,0.004002736443098648,1.0,4.0
2002-12-24,105929770.50111338,106223424.98055166,0.25,0.25,0.25,0.25,26482442.625278346,26482442.625278346,26482442.625278346,26482442.625278346,0.0,0.0027721619526702157,1.0,4.0
2002-12-25,106223424.98055166,106016526.08612987,0.25,0.25,0.25,0.25,26555856.245137915,26555856.245137915,26555856.245137915,26555856.245137915,0.0,-0.001947770884432265,1.0,4.0
2002-12-26,106016526.08612987,105938973.97614866,0.25,0.25,0.25,0.25,26504131.52153247,26504131.52153247,26504131.52153247,26504131.52153247,0.0,-0.0007315096319815695,1.0,4.0
2002-12-27,105938973.97614866,106005035.15687133,0.25,0.25,0.25,0.25,26484743.494037166,26484743.494037166,26484743.494037166,26484743.494037166,0.0,0.0006235776904689461,1.0,4.0
2002-12-30,106005035.15687133,105131523.17470995,0.25,0.25,0.25,0.25,26501258.789217833,26501258.789217833,26501258.789217833,26501258.789217833,0.0,-0.00824028765113577,1.0,4.0
2002-12-31,105131523.17470995,105238223.78775038,0.25,0.25,0.25,0.25,26282880.793677486,26282880.793677486,26282880.793677486,26282880.793677486,0.0,0.0010149250179045666,1.0,4.0
2003-01-01,105238223.78775038,105238223.78775038,0.25,0.25,0.25,0.25,26309555.946937595,26309555.946937595,26309555.946937595,26309555.946937595,0.0,0.0,1.0,4.0
2003-01-02,105238223.78775038,105911281.64025138,0.25,0.25,0.25,0.25,26309555.946937595,26309555.946937595,26309555.946937595,26309555.946937595,0.0,0.006395564541819471,1.0,4.0
2003-01-03,105911281.64025138,107594501.0266022,0.25,0.25,0.25,0.25,26477820.410062846,26477820.410062846,26477820.410062846,26477820.410062846,0.0,0.01589272984221063,1.0,4.0
2003-01-06,107594501.0266022,108028526.9087684,0.25,0.25,0.25,0.25,26898625.25665055,26898625.25665055,26898625.25665055,26898625.25665055,0.0,0.00403390394513653,1.0,4.0
2003-01-07,108028526.9087684,108028671.47355722,0.25,0.25,0.25,0.25,27007131.7271921,27007131.7271921,27007131.7271921,27007131.7271921,0.0,1.3382093872194023e-06,1.0,4.0
2003-01-08,108028671.47355722,108487759.38854197,0.25,0.25,0.25,0.25,27007167.868389305,27007167.868389305,27007167.868389305,27007167.868389305,0.0,0.004249685835460065,1.0,4.0
2003-01-09,108487759.38854197,108899480.59729655,0.25,0.25,0.25,0.25,27121939.84713549,27121939.84713549,27121939.84713549,27121939.84713549,0.0,0.0037950936684020553,1.0,4.0
2003-01-10,108899480.59729655,109185721.85752308,0.25,0.25,0.25,0.25,27224870.149324138,27224870.149324138,27224870.149324138,27224870.149324138,0.0,0.002628490592026217,1.0,4.0
2003-01-13,109185721.85752308,109143889.6858218,0.25,0.25,0.25,0.25,27296430.46438077,27296430.46438077,27296430.46438077,27296430.46438077,0.0,-0.0003831285903469206,1.0,4.0
2003-01-14,109143889.6858218,109251831.52907996,0.25,0.25,0.25,0.25,27285972.42145545,27285972.42145545,27285972.42145545,27285972.42145545,0.0,0.000988986589802593,1.0,4.0
2003-01-15,109251831.52907996,108933134.33522454,0.25,0.25,0.25,0.25,27312957.88226999,27312957.88226999,27312957.88226999,27312957.88226999,0.0,-0.0029170878821430934,1.0,4.0
2003-01-16,108933134.33522454,110075783.5428468,0.25,0.25,0.25,0.25,27233283.583806135,27233283.583806135,27233283.583806135,27233283.583806135,0.0,0.010489454972496481,1.0,4.0
2003-01-17,110075783.5428468,109644090.70976135,0.25,0.25,0.25,0.25,27518945.8857117,27518945.8857117,27518945.8857117,27518945.8857117,0.0,-0.003921778425655359,1.0,4.0
2003-01-20,109644090.70976135,109369568.74309155,0.25,0.25,0.25,0.25,27411022.677440338,27411022.677440338,27411022.677440338,27411022.677440338,0.0,-0.0025037552401842023,1.0,4.0
2003-01-21,109369568.74309155,108781697.2505887,0.25,0.25,0.25,0.25,27342392.18577289,27342392.18577289,27342392.18577289,27342392.18577289,0.0,-0.00537509198636188,1.0,4.0
2003-01-22,108781697.2505887,108926798.45846616,0.25,0.25,0.25,0.25,27195424.312647175,27195424.312647175,27195424.312647175,27195424.312647175,0.0,0.001333875197251172,1.0,4.0
2003-01-23,108926798.45846616,109046692.41967173,0.25,0.25,0.25,0.25,27231699.61461654,27231699.61461654,27231699.61461654,27231699.61461654,0.0,0.0011006837885839116,1.0,4.0
2003-01-24,109046692.41967173,109006489.5679546,0.25,0.25,0.25,0.25,27261673.104917932,27261673.104917932,27261673.104917932,27261673.104917932,0.0,-0.00036867557213390856,1.0,4.0
2003-01-27,109006489.5679546,108800623.38439097,0.25,0.25,0.25,0.25,27251622.39198865,27251622.39198865,27251622.39198865,27251622.39198865,0.0,-0.0018885681428655876,1.0,4.0
2003-01-28,108800623.38439097,108758775.90874454,0.25,0.25,0.25,0.25,27200155.84609774,27200155.84609774,27200155.84609774,27200155.84609774,0.0,-0.0003846253297516422,1.0,4.0
2003-01-29,108758775.90874454,109258029.72889756,0.25,0.25,0.25,0.25,27189693.977186136,27189693.977186136,27189693.977186136,27189693.977186136,0.0,0.004590469283802051,1.0,4.0
2003-01-30,109258029.72889756,109959578.13296491,0.25,0.25,0.25,0.25,27314507.43222439,27314507.43222439,27314507.43222439,27314507.43222439,0.0,0.006421023752744975,1.0,4.0
2003-01-31,109959578.13296491,110256386.37040691,0.25,0.25,0.25,0.25,27489894.533241227,27489894.533241227,27489894.533241227,27489894.533241227,0.0,0.002699248601000459,1.0,4.0
2003-02-03,110256386.37040691,110205880.82714137,0.25,0.25,0.25,0.25,27564096.592601728,27564096.592601728,27564096.592601728,27564096.592601728,0.0,-0.0004580736311804168,1.0,4.0
2003-02-04,110205880.82714137,110936065.49420893,0.25,0.25,0.25,0.25,27551470.206785344,27551470.206785344,27551470.206785344,27551470.206785344,0.0,0.0066256415863400475,1.0,4.0
2003-02-05,110936065.49420893,110202515.74689084,0.25,0.25,0.25,0.25,27734016.373552233,27734016.373552233,27734016.373552233,27734016.373552233,0.0,-0.006612364915324909,1.0,4.0
2003-02-06,110202515.74689084,110072994.44296394,0.25,0.25,0.25,0.25,27550628.93672271,27550628.93672271,27550628.93672271,27550628.93672271,0.0,-0.001175302605835038,1.0,4.0
2003-02-07,110072994.44296394,110545046.45891532,0.25,0.25,0.25,0.25,27518248.610740986,27518248.610740986,27518248.610740986,27518248.610740986,0.0,0.004288536151308114,1.0,4.0
2003-02-10,110545046.45891532,109786051.15832183,0.25,0.25,0.25,0.25,27636261.61472883,27636261.61472883,27636261.61472883,27636261.61472883,0.0,-0.006865936782392029,1.0,4.0
2003-02-11,109786051.15832183,110128939.90273452,0.25,0.25,0.25,0.25,27446512.789580457,27446512.789580457,27446512.789580457,27446512.789580457,0.0,0.003123245082548909,1.0,4.0
2003-02-12,110128939.90273452,108798413.36215073,0.25,0.25,0.25,0.25,27532234.97568363,27532234.97568363,27532234.97568363,27532234.97568363,0.0,-0.012081534079588008,1.0,4.0
2003-02-13,108798413.36215073,108977092.21275395,0.25,0.25,0.25,0.25,27199603.340537682,27199603.340537682,27199603.340537682,27199603.340537682,0.0,0.0016422927971245505,1.0,4.0
2003-02-14,108977092.21275395,108533989.33364479,0.0,0.25,0.25,0.25,0.0,27244273.053188488,27244273.053188488,27244273.053188488,27244273.053188488,-0.004066018555937412,0.75,3.0
2003-02-17,108533989.33364479,108018351.99594511,0.0,0.25,0.25,0.25,0.0,27133497.333411198,27133497.333411198,27133497.333411198,27133497.333411198,-0.004750929555482897,0.75,3.0
2003-02-18,108018351.99594511,107780236.12357739,0.0,0.25,0.25,0.25,0.0,27004587.998986278,27004587.998986278,27004587.998986278,27004587.998986278,-0.002204402011027423,0.75,3.0
2003-02-19,107780236.12357739,108571977.99269107,0.0,0.25,0.25,0.25,0.0,26945059.030894347,26945059.030894347,26945059.030894347,26945059.030894347,0.0073458910240824515,0.75,3.0
2003-02-20,108571977.99269107,108885849.61828223,0.0,0.25,0.25,0.25,0.0,27142994.498172767,27142994.498172767,27142994.498172767,27142994.498172767,0.0028909082379644513,0.75,3.0
2003-02-21,108885849.61828223,109167114.16958977,0.0,0.25,0.25,0.25,0.0,27221462.404570557,27221462.404570557,27221462.404570557,27221462.404570557,0.0025831138967420675,0.75,3.0
2003-02-24,109167114.16958977,110686331.88143681,0.0,0.25,0.25,0.25,0.0,27291778.542397443,27291778.542397443,27291778.542397443,27291778.542397443,0.01391644107663198,0.75,3.0
2003-02-25,110686331.88143681,109463414.44222403,0.0,0.25,0.25,0.25,0.0,27671582.970359202,27671582.970359202,27671582.970359202,27671582.970359202,-0.011048495495566218,0.75,3.0
2003-02-26,109463414.44222403,110251484.149158,0.0,0.25,0.25,0.25,0.0,27365853.610556006,27365853.610556006,27365853.610556006,27365853.610556006,0.007199389046556093,0.75,3.0
2003-02-27,110251484.149158,109122956.84181198,0.0,0.25,0.25,0.25,0.0,27562871.0372895,27562871.0372895,27562871.0372895,27562871.0372895,-0.010235937557259878,0.75,3.0
2003-02-28,109122956.84181198,109658538.84170416,0.0,0.25,0.25,0.25,0.0,27280739.210452996,27280739.210452996,27280739.210452996,27280739.210452996,0.00490805981979181,0.75,3.0
2003-03-03,109658538.84170416,109723585.6608924,0.0,0.25,0.25,0.25,0.0,27414634.71042604,27414634.71042604,27414634.71042604,27414634.71042604,0.0005931760524562901,0.75,3.0
2003-03-04,109723585.6608924,110174783.85830519,0.0,0.25,0.25,0.25,0.0,27430896.4152231,27430896.4152231,27430896.4152231,27430896.4152231,0.004112135004476075,0.75,3.0
2003-03-05,110174783.85830519,110117859.59650873,0.0,0.25,0.25,0.25,0.0,27543695.964576297,27543695.964576297,27543695.964576297,27543695.964576297,-0.0005166723255811412,0.75,3.0
2003-03-06,110117859.59650873,110446067.8072794,0.0,0.25,0.25,0.25,0.0,27529464.89912718,27529464.89912718,27529464.89912718,27529464.89912718,0.0029805175288848407,0.75,3.0
2003-03-07,110446067.8072794,110300190.66815759,0.0,0.25,0.25,0.25,0.0,27611516.95181985,27611516.95181985,27611516.95181985,27611516.95181985,-0.0013207997533814242,0.75,3.0
2003-03-10,110300190.66815759,110163864.9085048,0.0,0.25,0.25,0.0,0.0,27575047.667039398,27575047.667039398,0.0,55150095.334078796,-0.0012359521667821838,0.5,2.0
2003-03-11,110163864.9085048,109359185.320611,0.0,0.25,0.25,0.0,0.0,27540966.2271262,27540966.2271262,0.0,55081932.4542524,-0.007304387773269694,0.5,2.0
2003-03-12,109359185.320611,108896776.78652214,0.0,0.25,0.25,0.0,0.0,27339796.33015275,27339796.33015275,0.0,54679592.6603055,-0.004228346551167272,0.5,2.0
2003-03-13,108896776.78652214,108302731.73649034,0.0,0.25,0.25,0.0,0.0,27224194.196630534,27224194.196630534,0.0,54448388.39326107,-0.005455120597337243,0.5,2.0
2003-03-14,108302731.73649034,108277008.60654332,0.0,0.25,0.25,0.0,0.0,27075682.934122585,27075682.934122585,0.0,54151365.86824517,-0.00023751136776137272,0.5,2.0
2003-03-17,108277008.60654332,107756922.91035539,0.0,0.25,0.25,0.0,0.0,27069252.15163583,27069252.15163583,0.0,54138504.30327166,-0.004803288370089809,0.5,2.0
2003-03-18,107756922.91035539,107301999.87370752,0.0,0.25,0.25,0.0,0.0,26939230.727588847,26939230.727588847,0.0,53878461.455177695,-0.004221752295454101,0.5,2.0
2003-03-19,107301999.87370752,107097318.0193579,0.0,0.25,0.25,0.0,0.0,26825499.96842688,26825499.96842688,0.0,53650999.93685376,-0.001907530657308476,0.5,2.0
2003-03-20,107097318.0193579,106960693.82029472,0.0,0.25,0.25,0.0,0.0,26774329.504839476,26774329.504839476,0.0,53548659.00967895,-0.0012757014049456228,0.5,2.0
2003-03-21,106960693.82029472,106410460.87371805,0.0,0.25,0.25,0.0,0.0,26740173.45507368,26740173.45507368,0.0,53480346.91014736,-0.0051442537153050805,0.5,2.0
2003-03-24,106410460.87371805,106959357.75544918,0.25,0.25,0.25,0.0,26602615.218429513,26602615.218429513,26602615.218429513,0.0,26602615.218429513,0.005158298133700667,0.75,3.0
2003-03-25,106959357.75544918,106964985.98018183,0.25,0.25,0.25,0.0,26739839.438862294,26739839.438862294,26739839.438862294,0.0,26739839.438862294,5.262021809726569e-05,0.75,3.0
2003-03-26,106964985.98018183,107055654.50818202,0.25,0.25,0.25,0.0,26741246.495045457,26741246.495045457,26741246.495045457,0.0,26741246.495045457,0.0008476467992711845,0.75,3.0
2003-03-27,107055654.50818202,107557309.37683626,0.25,0.25,0.25,0.0,26763913.627045505,26763913.627045505,26763913.627045505,0.0,26763913.627045505,0.004685925941594116,0.75,3.0
2003-03-28,107557309.37683626,107588651.27645767,0.25,0.25,0.25,0.0,26889327.344209064,26889327.344209064,26889327.344209064,0.0,26889327.344209064,0.00029139720771195754,0.75,3.0
2003-03-31,107588651.27645767,108129965.48656622,0.25,0.25,0.0,0.0,26897162.819114417,26897162.819114417,0.0,0.0,53794325.63822883,0.005031331870845701,0.5,2.0
2003-04-01,108129965.48656622,108158777.2023776,0.25,0.25,0.0,0.0,27032491.371641554,27032491.371641554,0.0,0.0,54064982.74328311,0.00026645449928480724,0.5,2.0
2003-04-02,108158777.2023776,108352442.47064932,0.25,0.25,0.0,0.0,27039694.3005944,27039694.3005944,0.0,0.0,54079388.6011888,0.0017905645134036474,0.5,2.0
2003-04-03,108352442.47064932,108623271.83366263,0.25,0.25,0.0,0.0,27088110.61766233,27088110.61766233,0.0,0.0,54176221.23532466,0.002499522455035208,0.5,2.0
2003-04-04,108623271.83366263,108804456.72554784,0.25,0.25,0.0,0.0,27155817.958415657,27155817.958415657,0.0,0.0,54311635.916831315,0.0016680117329062605,0.5,2.0
2003-04-07,108804456.72554784,109193033.01787302,0.25,0.25,0.0,0.0,27201114.18138696,27201114.18138696,0.0,0.0,54402228.36277392,0.0035713269843839768,0.5,2.0
2003-04-08,109193033.01787302,109344667.07576422,0.25,0.25,0.0,0.0,27298258.254468255,27298258.254468255,0.0,0.0,54596516.50893651,0.001388678871722282,0.5,2.0
2003-04-09,109344667.07576422,109556578.93608062,0.25,0.25,0.0,0.0,27336166.768941056,27336166.768941056,0.0,0.0,54672333.53788211,0.0019380173353086838,0.5,2.0
2003-04-10,109556578.93608062,109309345.22162771,0.25,0.25,0.0,0.0,27389144.734020155,27389144.734020155,0.0,0.0,54778289.46804031,-0.0022566761106801725,0.5,2.0
2003-04-11,109309345.22162771,109298111.75824195,0.25,0.25,0.0,0.0,27327336.305406928,27327336.305406928,0.0,0.0,54654672.610813856,-0.00010276763951860834,0.5,2.0
2003-04-14,109298111.75824195,109570905.7910959,0.25,0.25,0.0,0.0,27324527.939560488,27324527.939560488,0.0,0.0,54649055.879120976,0.002495871415027967,0.5,2.0
2003-04-15,109570905.7910959,110338548.75820759,0.25,0.25,0.0,0.0,27392726.447773974,27392726.447773974,0.0,0.0,54785452.89554795,0.007005901444086471,0.5,2.0
2003-04-16,110338548.75820759,111054933.8242796,0.25,0.25,0.0,0.0,27584637.189551897,27584637.189551897,0.0,0.0,55169274.379103795,0.006492609102933644,0.5,2.0
2003-04-17,111054933.8242796,111503271.71392342,0.25,0.25,0.0,0.0,27763733.4560699,27763733.4560699,0.0,0.0,55527466.9121398,0.004037082137685499,0.5,2.0
2003-04-18,111503271.71392342,111503271.71392342,0.25,0.25,0.0,0.0,27875817.928480856,27875817.928480856,0.0,0.0,55751635.85696171,0.0,0.5,2.0
2003-04-21,111503271.71392342,111419919.70565173,0.25,0.25,0.0,0.0,27875817.928480856,27875817.928480856,0.0,0.0,55751635.85696171,-0.0007475297091331656,0.5,2.0
2003-04-22,111419919.70565173,111622081.3404371,0.25,0.25,0.0,0.0,27854979.926412933,27854979.926412933,0.0,0.0,55709959.852825865,0.0018144119590056684,0.5,2.0
2003-04-23,111622081.3404371,111922972.43018772,0.25,0.25,0.0,0.0,27905520.335109275,27905520.335109275,0.0,0.0,55811040.67021855,0.002695623358185961,0.5,2.0
2003-04-24,111922972.43018772,112137447.34468678,0.25,0.25,0.0,0.0,27980743.10754693,27980743.10754693,0.0,0.0,55961486.21509386,0.001916272502794969,0.5,2.0
2003-04-25,112137447.34468678,111864440.83653566,0.25,0.25,0.0,0.0,28034361.836171694,28034361.836171694,0.0,0.0,56068723.67234339,-0.002434570383183038,0.5,2.0
2003-04-28,111864440.83653566,112375394.20250368,0.25,0.25,0.0,0.0,27966110.209133916,27966110.209133916,0.0,0.0,55932220.41826783,0.004567612032448043,0.5,2.0
2003-04-29,112375394.20250368,113127038.21728891,0.25,0.25,0.0,0.0,28093848.55062592,28093848.55062592,0.0,0.0,56187697.10125184,0.006688688570300028,0.5,2.0
2003-04-30,113127038.21728891,113600841.01568751,0.25,0.25,0.0,0.0,28281759.554322228,28281759.554322228,0.0,0.0,56563519.108644456,0.004188236568949344,0.5,2.0
2003-05-01,113600841.01568751,113876389.80629948,0.25,0.25,0.0,0.0,28400210.253921878,28400210.253921878,0.0,0.0,56800420.507843755,0.002425587593791856,0.5,2.0
2003-05-02,113876389.80629948,113637198.9550113,0.25,0.25,0.0,0.0,28469097.45157487,28469097.45157487,0.0,0.0,56938194.90314974,-0.0021004428722673496,0.5,2.0
2003-05-05,113637198.9550113,112966722.34107879,0.25,0.25,0.0,0.0,28409299.738752823,28409299.738752823,0.0,0.0,56818599.47750565,-0.005900150831753076,0.5,2.0
2003-05-06,112966722.34107879,113048412.35389782,0.25,0.25,0.0,0.0,28241680.585269697,28241680.585269697,0.0,0.0,56483361.170539394,0.000723133424836403,0.5,2.0
2003-05-07,113048412.35389782,113406410.6079997,0.25,0.25,0.0,0.0,28262103.088474456,28262103.088474456,0.0,0.0,56524206.17694891,0.0031667694100926402,0.5,2.0
2003-05-08,113406410.6079997,114375562.65515037,0.25,0.25,0.0,0.0,28351602.651999924,28351602.651999924,0.0,0.0,56703205.30399985,0.008545831244942792,0.5,2.0
2003-05-09,114375562.65515037,114766121.20887448,0.25,0.25,0.0,0.0,28593890.663787592,28593890.663787592,0.0,0.0,57187781.327575184,0.0034147027971498933,0.5,2.0
2003-05-12,114766121.20887448,114960533.55058755,0.25,0.25,0.0,0.0,28691530.30221862,28691530.30221862,0.0,0.0,57383060.60443724,0.0016939872121252142,0.5,2.0
2003-05-13,114960533.55058755,114912591.16249752,0.25,0.25,0.0,0.0,28740133.387646887,28740133.387646887,0.0,0.0,57480266.775293775,-0.00041703345147520166,0.5,2.0
2003-05-14,114912591.16249752,114732343.97697,0.25,0.25,0.0,0.0,28728147.79062438,28728147.79062438,0.0,0.0,57456295.58124876,-0.0015685590560969576,0.5,2.0
2003-05-15,114732343.97697,114165305.98327334,0.25,0.25,0.0,0.25,28683085.9942425,28683085.9942425,0.0,28683085.9942425,28683085.9942425,-0.004942268013024248,0.75,3.0
2003-05-16,114165305.98327334,114608916.89424941,0.25,0.25,0.0,0.25,28541326.495818336,28541326.495818336,0.0,28541326.495818336,28541326.495818336,0.003885689327027708,0.75,3.0
2003-05-19,114608916.89424941,115259340.3965588,0.25,0.25,0.0,0.25,28652229.223562352,28652229.223562352,0.0,28652229.223562352,28652229.223562352,0.005675156174013346,0.75,3.0
2003-05-20,115259340.3965588,115447927.1353204,0.25,0.25,0.0,0.25,28814835.0991397,28814835.0991397,0.0,28814835.0991397,28814835.0991397,0.0016361948464459208,0.75,3.0
2003-05-21,115447927.1353204,115938694.50675392,0.25,0.25,0.0,0.25,28861981.7838301,28861981.7838301,0.0,28861981.7838301,28861981.7838301,0.004250984695968324,0.75,3.0
2003-05-22,115938694.50675392,115762708.81671633,0.25,0.25,0.0,0.25,28984673.62668848,28984673.62668848,0.0,28984673.62668848,28984673.62668848,-0.0015179202317766871,0.75,3.0
2003-05-23,115762708.81671633,116572990.59002154,0.25,0.25,0.0,0.25,28940677.204179082,28940677.204179082,0.0,28940677.204179082,28940677.204179082,0.006999505985887777,0.75,3.0
2003-05-26,116572990.59002154,116939761.48063399,0.25,0.25,0.25,0.25,29143247.647505384,29143247.647505384,29143247.647505384,29143247.647505384,0.0,0.003146276755499583,1.0,4.0
2003-05-27,116939761.48063399,115088469.64773858,0.25,0.25,0.25,0.25,29234940.370158497,29234940.370158497,29234940.370158497,29234940.370158497,0.0,-0.01583115793512191,1.0,4.0
2003-05-28,115088469.64773858,114666205.70636514,0.25,0.25,0.25,0.25,28772117.411934644,28772117.411934644,28772117.411934644,28772117.411934644,0.0,-0.0036690377643033845,1.0,4.0
2003-05-29,114666205.70636514,116057802.28390393,0.25,0.25,0.25,0.25,28666551.426591285,28666551.426591285,28666551.426591285,28666551.426591285,0.0,0.012136065451597344,1.0,4.0
2003-05-30,116057802.28390393,115575043.50641124,0.25,0.25,0.25,0.25,29014450.57097598,29014450.57097598,29014450.57097598,29014450.57097598,0.0,-0.00415964086853679,1.0,4.0
2003-06-02,115575043.50641124,116318385.9396425,0.25,0.25,0.25,0.25,28893760.87660281,28893760.87660281,28893760.87660281,28893760.87660281,0.0,0.0064316863803736135,1.0,4.0
2003-06-03,116318385.9396425,116396245.28667624,0.25,0.25,0.25,0.25,29079596.484910626,29079596.484910626,29079596.484910626,29079596.484910626,0.0,0.000669364059729588,1.0,4.0
2003-06-04,116396245.28667624,116575629.6196435,0.25,0.25,0.25,0.25,29099061.32166906,29099061.32166906,29099061.32166906,29099061.32166906,0.0,0.0015411522298288405,1.0,4.0
2003-06-05,116575629.6196435,117775465.34508583,0.25,0.25,0.25,0.25,29143907.404910874,29143907.404910874,29143907.404910874,29143907.404910874,0.0,0.010292337509624494,1.0,4.0
2003-06-06,117775465.34508583,117460574.54420154,0.25,0.25,0.25,0.25,29443866.336271457,29443866.336271457,29443866.336271457,29443866.336271457,0.0,-0.0026736536337313987,1.0,4.0
2003-06-09,117460574.54420154,117051653.53866751,0.25,0.25,0.25,0.25,29365143.636050384,29365143.636050384,29365143.636050384,29365143.636050384,0.0,-0.00348134688699428,1.0,4.0
2003-06-10,117051653.53866751,116477484.48932058,0.25,0.25,0.25,0.25,29262913.38466688,29262913.38466688,29262913.38466688,29262913.38466688,0.0,-0.004905262181172515,1.0,4.0
2003-06-11,116477484.48932058,117039545.39300674,0.25,0.25,0.25,0.25,29119371.122330144,29119371.122330144,29119371.122330144,29119371.122330144,0.0,0.004825489717179582,1.0,4.0
2003-06-12,117039545.39300674,116666784.68767266,0.25,0.25,0.25,0.25,29259886.348251686,29259886.348251686,29259886.348251686,29259886.348251686,0.0,-0.0031849124505942406,1.0,4.0
2003-06-13,116666784.68767266,116771163.11048676,0.25,0.25,0.25,0.25,29166696.171918165,29166696.171918165,29166696.171918165,29166696.171918165,0.0,0.0008946712904923382,1.0,4.0
2003-06-16,116771163.11048676,116991238.88669327,0.25,0.25,0.25,0.25,29192790.77762169,29192790.77762169,29192790.77762169,29192790.77762169,0.0,0.0018846757225350619,1.0,4.0
2003-06-17,116991238.88669327,117539252.27617712,0.25,0.25,0.25,0.25,29247809.721673317,29247809.721673317,29247809.721673317,29247809.721673317,0.0,0.004684225884765608,1.0,4.0
2003-06-18,117539252.27617712,116696672.4867928,0.25,0.25,0.25,0.25,29384813.06904428,29384813.06904428,29384813.06904428,29384813.06904428,0.0,-0.007168497102606419,1.0,4.0
2003-06-19,116696672.4867928,117226070.0935265,0.25,0.25,0.25,0.25,29174168.1216982,29174168.1216982,29174168.1216982,29174168.1216982,0.0,0.004536527010173291,1.0,4.0
2003-06-20,117226070.0935265,116823518.0262029,0.25,0.25,0.25,0.25,29306517.523381624,29306517.523381624,29306517.523381624,29306517.523381624,0.0,-0.003433980743382692,1.0,4.0
2003-06-23,116823518.0262029,116069184.62571447,0.25,0.25,0.25,0.25,29205879.506550726,29205879.506550726,29205879.506550726,29205879.506550726,0.0,-0.006457033765403658,1.0,4.0
2003-06-24,116069184.62571447,115662775.80261791,0.25,0.25,0.25,0.25,29017296.156428616,29017296.156428616,29017296.156428616,29017296.156428616,0.0,-0.003501436013418263,1.0,4.0
2003-06-25,115662775.80261791,116395737.04845081,0.25,0.25,0.25,0.25,28915693.950654477,28915693.950654477,28915693.950654477,28915693.950654477,0.0,0.006337053911655455,1.0,4.0
2003-06-26,116395737.04845081,114946600.78535426,0.25,0.25,0.25,0.25,29098934.262112703,29098934.262112703,29098934.262112703,29098934.262112703,0.0,-0.012450080216368536,1.0,4.0
2003-06-27,114946600.78535426,115496196.81906942,0.25,0.25,0.25,0.25,28736650.196338564,28736650.196338564,28736650.196338564,28736650.196338564,0.0,0.004781316106436728,1.0,4.0
2003-06-30,115496196.81906942,115966493.11936107,0.25,0.25,0.25,0.25,28874049.204767354,28874049.204767354,28874049.204767354,28874049.204767354,0.0,0.004071963521261157,1.0,4.0
2003-07-01,115966493.11936107,116925183.69965383,0.25,0.25,0.25,0.25,28991623.27984027,28991623.27984027,28991623.27984027,28991623.27984027,0.0,0.008266961899986158,1.0,4.0
2003-07-02,116925183.69965383,117593156.59377721,0.25,0.25,0.25,0.25,29231295.92491346,29231295.92491346,29231295.92491346,29231295.92491346,0.0,0.005712823131748868,1.0,4.0
2003-07-03,117593156.59377721,117360737.53745382,0.25,0.25,0.25,0.25,29398289.148444302,29398289.148444302,29398289.148444302,29398289.148444302,0.0,-0.001976467534809623,1.0,4.0
2003-07-04,117360737.53745382,117202026.36987598,0.25,0.25,0.25,0.25,29340184.384363454,29340184.384363454,29340184.384363454,29340184.384363454,0.0,-0.0013523361467219497,1.0,4.0
2003-07-07,117202026.36987598,116693967.33284625,0.25,0.25,0.25,0.25,29300506.592468996,29300506.592468996,29300506.592468996,29300506.592468996,0.0,-0.004334899768936945,1.0,4.0
2003-07-08,116693967.33284625,115594453.7789851,0.25,0.25,0.25,0.25,29173491.833211564,29173491.833211564,29173491.833211564,29173491.833211564,0.0,-0.009422197042328717,1.0,4.0
2003-07-09,115594453.7789851,116063752.80890734,0.25,0.25,0.25,0.25,28898613.444746275,28898613.444746275,28898613.444746275,28898613.444746275,0.0,0.004059874973063621,1.0,4.0
2003-07-10,116063752.80890734,115546768.73307128,0.25,0.25,0.25,0.25,29015938.202226836,29015938.202226836,29015938.202226836,29015938.202226836,0.0,-0.004454311215382312,1.0,4.0
2003-07-11,115546768.73307128,115501007.17410849,0.25,0.25,0.25,0.25,28886692.18326782,28886692.18326782,28886692.18326782,28886692.18326782,0.0,-0.0003960436061047068,1.0,4.0
2003-07-14,115501007.17410849,115864076.41157418,0.25,0.25,0.0,0.0,28875251.793527123,28875251.793527123,0.0,0.0,57750503.587054245,0.003143429190348046,0.5,2.0
2003-07-15,115864076.41157418,115922536.60424931,0.25,0.25,0.0,0.0,28966019.102893546,28966019.102893546,0.0,0.0,57932038.20578709,0.0005045583970949841,0.5,2.0
2003-07-16,115922536.60424931,115856970.26777406,0.25,0.25,0.0,0.0,28980634.15106233,28980634.15106233,0.0,0.0,57961268.30212466,-0.0005656047425799948,0.5,2.0
2003-07-17,115856970.26777406,115824044.88785593,0.25,0.25,0.0,0.0,28964242.566943515,28964242.566943515,0.0,0.0,57928485.13388703,-0.0002841898924339503,0.5,2.0
2003-07-18,115824044.88785593,115503247.9290131,0.25,0.25,0.0,0.0,28956011.221963983,28956011.221963983,0.0,0.0,57912022.443927966,-0.002769692244416422,0.5,2.0
2003-07-21,115503247.9290131,115598648.22887291,0.25,0.25,0.0,0.0,28875811.982253276,28875811.982253276,0.0,0.0,57751623.96450655,0.000825953395859863,0.5,2.0
2003-07-22,115598648.22887291,115601221.00441936,0.25,0.25,0.0,0.0,28899662.057218228,28899662.057218228,0.0,0.0,57799324.114436455,2.2256104079659833e-05,0.5,2.0
2003-07-23,115601221.00441936,115898400.13422592,0.25,0.25,0.0,0.0,28900305.25110484,28900305.25110484,0.0,0.0,57800610.50220968,0.002570726565208098,0.5,2.0
2003-07-24,115898400.13422592,116224412.22751145,0.25,0.25,0.0,0.0,28974600.03355648,28974600.03355648,0.0,0.0,57949200.06711296,0.002812912800417844,0.5,2.0
2003-07-25,116224412.22751145,116156254.40624642,0.25,0.25,0.0,0.0,29056103.056877863,29056103.056877863,0.0,0.0,58112206.113755725,-0.0005864329185129025,0.5,2.0
2003-07-28,116156254.40624642,116163892.31094167,0.25,0.25,0.0,0.0,29039063.601561606,29039063.601561606,0.0,0.0,58078127.20312321,6.57554320624143e-05,0.5,2.0
2003-07-29,116163892.31094167,116076816.72562146,0.25,0.25,0.0,0.0,29040973.077735417,29040973.077735417,0.0,0.0,58081946.15547083,-0.0007495925247332225,0.5,2.0
2003-07-30,116076816.72562146,115223229.3694965,0.25,0.25,0.0,0.0,29019204.181405365,29019204.181405365,0.0,0.0,58038408.36281073,-0.007353642012277478,0.5,2.0
2003-07-31,115223229.3694965,114821869.92528012,0.25,0.25,0.0,0.0,28805807.342374124,28805807.342374124,0.0,0.0,57611614.68474825,-0.00348332056315917,0.5,2.0
2003-08-01,114821869.92528012,114521608.05921306,0.25,0.0,0.0,0.0,28705467.48132003,0.0,0.0,0.0,86116402.4439601,-0.00261502330751498,0.25,1.0
2003-08-04,114521608.05921306,113589544.1126887,0.25,0.0,0.0,0.0,28630402.014803264,0.0,0.0,0.0,85891206.0444098,-0.008138760556369612,0.25,1.0
2003-08-05,113589544.1126887,113589544.1126887,0.0,0.0,0.0,0.0,0.0,0.0,0.0,0.0,113589544.1126887,0.0,0.0,0.0
2003-08-06,113589544.1126887,113589544.1126887,0.0,0.0,0.0,0.0,0.0,0.0,0.0,0.0,113589544.1126887,0.0,0.0,0.0
2003-08-07,113589544.1126887,113589544.1126887,0.0,0.0,0.0,0.0,0.0,0.0,0.0,0.0,113589544.1126887,0.0,0.0,0.0
2003-08-08,113589544.1126887,113589544.1126887,0.0,0.0,0.0,0.0,0.0,0.0,0.0,0.0,113589544.1126887,0.0,0.0,0.0
2003-08-11,113589544.1126887,113589544.1126887,0.0,0.0,0.0,0.0,0.0,0.0,0.0,0.0,113589544.1126887,0.0,0.0,0.0
2003-08-12,113589544.1126887,113589544.1126887,0.0,0.0,0.0,0.0,0.0,0.0,0.0,0.0,113589544.1126887,0.0,0.0,0.0
2003-08-13,113589544.1126887,113589544.1126887,0.0,0.0,0.0,0.0,0.0,0.0,0.0,0.0,113589544.1126887,0.0,0.0,0.0
2003-08-14,113589544.1126887,113589544.1126887,0.0,0.0,0.0,0.0,0.0,0.0,0.0,0.0,113589544.1126887,0.0,0.0,0.0
2003-08-15,113589544.1126887,113418826.12044391,0.0,0.0,0.0,0.25,0.0,0.0,0.0,28397386.028172176,85192158.08451653,-0.0015029375597759298,0.25,1.0
2003-08-18,113418826.12044391,112997890.27092475,0.0,0.0,0.0,0.25,0.0,0.0,0.0,28354706.530110978,85064119.59033293,-0.0037113402061855483,0.25,1.0
2003-08-19,112997890.27092475,113289568.93284914,0.0,0.0,0.0,0.25,0.0,0.0,0.0,28249472.567731187,84748417.70319356,0.002581275289521401,0.25,1.0
2003-08-20,113289568.93284914,113618125.89288087,0.0,0.0,0.0,0.25,0.0,0.0,0.0,28322392.233212285,84967176.69963685,0.002900151912719251,0.25,1.0
2003-08-21,113618125.89288087,113367160.19807363,0.0,0.0,0.25,0.25,0.0,0.0,28404531.473220218,28404531.473220218,56809062.946440436,-0.0022088526177931056,0.5,2.0
2003-08-22,113367160.19807363,113653001.50199358,0.0,0.0,0.25,0.25,0.0,0.0,28341790.049518406,28341790.049518406,56683580.09903681,0.0025213765910739316,0.5,2.0
2003-08-25,113653001.50199358,113341740.53796867,0.0,0.0,0.25,0.25,0.0,0.0,28413250.375498395,28413250.375498395,56826500.75099679,-0.002738695502198907,0.5,2.0
2003-08-26,113341740.53796867,113589261.0975504,0.0,0.0,0.25,0.25,0.0,0.0,28335435.134492166,28335435.134492166,56670870.26898433,0.0021838429373584878,0.5,2.0
2003-08-27,113589261.0975504,114088596.23479642,0.0,0.0,0.25,0.25,0.0,0.0,28397315.2743876,28397315.2743876,56794630.5487752,0.0043959713481820095,0.5,2.0
2003-08-28,114088596.23479642,113963632.01816341,0.0,0.0,0.25,0.25,0.0,0.0,28522149.058699105,28522149.058699105,57044298.11739821,-0.0010953260953076305,0.5,2.0
2003-08-29,113963632.01816341,114537575.18354808,0.0,0.0,0.25,0.25,0.0,0.0,28490908.004540853,28490908.004540853,56981816.00908171,0.005036195804054289,0.5,2.0
2003-09-01,114537575.18354808,114537575.18354808,0.0,0.0,0.25,0.25,0.0,0.0,28634393.79588702,28634393.79588702,57268787.59177404,0.0,0.5,2.0
2003-09-02,114537575.18354808,113761564.57995942,0.0,0.0,0.25,0.25,0.0,0.0,28634393.79588702,28634393.79588702,57268787.59177404,-0.0067751617959877775,0.5,2.0
2003-09-03,113761564.57995942,114090611.08955666,0.0,0.0,0.25,0.25,0.0,0.0,28440391.144989856,28440391.144989856,56880782.28997971,0.00289242250501881,0.5,2.0
2003-09-04,114090611.08955666,113994892.9414877,0.0,0.0,0.25,0.25,0.0,0.0,28522652.772389166,28522652.772389166,57045305.54477833,-0.0008389660389656328,0.5,2.0
2003-09-05,113994892.9414877,114378308.92827767,0.0,0.0,0.25,0.25,0.0,0.0,28498723.235371925,28498723.235371925,56997446.47074385,0.003363448808068714,0.5,2.0
2003-09-08,114378308.92827767,114209878.75852682,0.0,0.0,0.25,0.25,0.0,0.0,28594577.232069418,28594577.232069418,57189154.464138836,-0.0014725709037758383,0.5,2.0
2003-09-09,114209878.75852682,114865308.37847055,0.0,0.0,0.25,0.25,0.0,0.0,28552469.689631704,28552469.689631704,57104939.37926341,0.00573881722902031,0.5,2.0
2003-09-10,114865308.37847055,114860085.5236432,0.0,0.0,0.25,0.25,0.0,0.0,28716327.09461764,28716327.09461764,57432654.18923528,-4.546938410812662e-05,0.5,2.0
2003-09-11,114860085.5236432,114824328.63715659,0.0,0.0,0.25,0.25,0.0,0.0,28715021.3809108,28715021.3809108,57430042.7618216,-0.0003113082000904821,0.5,2.0
2003-09-12,114824328.63715659,114235918.11326373,0.0,0.0,0.25,0.25,0.0,0.0,28706082.159289148,28706082.159289148,57412164.318578295,-0.005124441230152904,0.5,2.0
2003-09-15,114235918.11326373,114032933.8733984,0.0,0.0,0.25,0.25,0.0,0.0,28558979.52831593,28558979.52831593,57117959.05663186,-0.001776886317524845,0.5,2.0
2003-09-16,114032933.8733984,113636418.937457,0.0,0.0,0.25,0.25,0.0,0.0,28508233.4683496,28508233.4683496,57016466.9366992,-0.003477196652518083,0.5,2.0
2003-09-17,113636418.937457,113874840.26749785,0.0,0.0,0.25,0.25,0.0,0.0,28409104.73436425,28409104.73436425,56818209.4687285,0.0020981066833168083,0.5,2.0
2003-09-18,113874840.26749785,113785471.38779138,0.0,0.0,0.25,0.25,0.0,0.0,28468710.066874463,28468710.066874463,56937420.133748926,-0.0007847991663176013,0.5,2.0
2003-09-19,113785471.38779138,114310666.33880715,0.0,0.0,0.25,0.25,0.0,0.0,28446367.846947845,28446367.846947845,56892735.69389569,0.004615659140048356,0.5,2.0
2003-09-22,114310666.33880715,114878317.8756812,0.0,0.0,0.25,0.25,0.0,0.0,28577666.584701788,28577666.584701788,57155333.169403575,0.004965866747653924,0.5,2.0
2003-09-23,114878317.8756812,114467846.51326983,0.25,0.0,0.25,0.25,28719579.4689203,0.0,28719579.4689203,28719579.4689203,28719579.4689203,-0.00357309690811794,0.75,3.0
2003-09-24,114467846.51326983,115266845.51423079,0.25,0.0,0.25,0.25,28616961.628317457,0.0,28616961.628317457,28616961.628317457,28616961.628317457,0.006980117345601833,0.75,3.0
2003-09-25,115266845.51423079,114923717.1938019,0.25,0.0,0.25,0.25,28816711.378557697,0.0,28816711.378557697,28816711.378557697,28816711.378557697,-0.0029768171315706915,0.75,3.0
2003-09-26,114923717.1938019,114176186.21252225,0.25,0.25,0.25,0.25,28730929.298450474,28730929.298450474,28730929.298450474,28730929.298450474,0.0,-0.0065045840800558585,1.0,4.0
2003-09-29,114176186.21252225,114606787.21097367,0.25,0.25,0.25,0.25,28544046.553130563,28544046.553130563,28544046.553130563,28544046.553130563,0.0,0.003771373109712206,1.0,4.0
2003-09-30,114606787.21097367,115306407.8800245,0.25,0.25,0.25,0.25,28651696.802743416,28651696.802743416,28651696.802743416,28651696.802743416,0.0,0.006104530857870827,1.0,4.0
2003-10-01,115306407.8800245,115561243.70592333,0.25,0.25,0.25,0.25,28826601.970006123,28826601.970006123,28826601.970006123,28826601.970006123,0.0,0.0022100751431263777,1.0,4.0
2003-10-02,115561243.70592333,115885801.45673116,0.25,0.25,0.25,0.25,28890310.926480833,28890310.926480833,28890310.926480833,28890310.926480833,0.0,0.0028085345951600615,1.0,4.0
2003-10-03,115885801.45673116,114773410.51200813,0.25,0.25,0.25,0.25,28971450.36418279,28971450.36418279,28971450.36418279,28971450.36418279,0.0,-0.00959902706578225,1.0,4.0
2003-10-06,114773410.51200813,115476750.38649216,0.25,0.25,0.25,0.25,28693352.628002033,28693352.628002033,28693352.628002033,28693352.628002033,0.0,0.006128073317211824,1.0,4.0
2003-10-07,115476750.38649216,116400136.23668528,0.25,0.25,0.25,0.25,28869187.59662304,28869187.59662304,28869187.59662304,28869187.59662304,0.0,0.007996292302152486,1.0,4.0
2003-10-08,116400136.23668528,116366485.05815747,0.25,0.25,0.25,0.25,29100034.05917132,29100034.05917132,29100034.05917132,29100034.05917132,0.0,-0.00028909913352140326,1.0,4.0
2003-10-09,116366485.05815747,116577077.47129966,0.25,0.25,0.25,0.25,29091621.26453937,29091621.26453937,29091621.26453937,29091621.26453937,0.0,0.0018097342463933852,1.0,4.0
2003-10-10,116577077.47129966,117496879.70593162,0.25,0.25,0.25,0.25,29144269.367824916,29144269.367824916,29144269.367824916,29144269.367824916,0.0,0.007890078003185363,1.0,4.0
2003-10-13,117496879.70593162,117842034.52138266,0.25,0.25,0.25,0.25,29374219.926482905,29374219.926482905,29374219.926482905,29374219.926482905,0.0,0.0029375658001717098,1.0,4.0
2003-10-14,117842034.52138266,117680902.86225325,0.25,0.25,0.25,0.25,29460508.630345665,29460508.630345665,29460508.630345665,29460508.630345665,0.0,-0.0013673529974585208,1.0,4.0
2003-10-15,117680902.86225325,117597561.7253447,0.25,0.25,0.25,0.25,29420225.715563312,29420225.715563312,29420225.715563312,29420225.715563312,0.0,-0.0007081959339325095,1.0,4.0
2003-10-16,117597561.7253447,117173629.674382,0.25,0.25,0.25,0.25,29399390.431336176,29399390.431336176,29399390.431336176,29399390.431336176,0.0,-0.0036049391224013405,1.0,4.0
2003-10-17,117173629.674382,116844746.20323642,0.25,0.25,0.25,0.25,29293407.4185955,29293407.4185955,29293407.4185955,29293407.4185955,0.0,-0.00280680450080395,1.0,4.0
2003-10-20,116844746.20323642,116597429.79669441,0.25,0.25,0.25,0.25,29211186.550809104,29211186.550809104,29211186.550809104,29211186.550809104,0.0,-0.002116624106588777,1.0,4.0
2003-10-21,116597429.79669441,117704472.45443627,0.25,0.25,0.25,0.25,29149357.449173603,29149357.449173603,29149357.449173603,29149357.449173603,0.0,0.009494571704300514,1.0,4.0
2003-10-22,117704472.45443627,118598389.4459703,0.25,0.25,0.25,0.25,29426118.113609068,29426118.113609068,29426118.113609068,29426118.113609068,0.0,0.007594588148551906,1.0,4.0
2003-10-23,118598389.4459703,118565230.4414909,0.25,0.25,0.25,0.25,29649597.361492574,29649597.361492574,29649597.361492574,29649597.361492574,0.0,-0.00027959068107327734,1.0,4.0
2003-10-24,118565230.4414909,118715326.54297264,0.25,0.25,0.25,0.25,29641307.610372726,29641307.610372726,29641307.610372726,29641307.610372726,0.0,0.0012659369101958307,1.0,4.0
2003-10-27,118715326.54297264,118880333.06350179,0.25,0.25,0.25,0.25,29678831.63574316,29678831.63574316,29678831.63574316,29678831.63574316,0.0,0.0013899344367251099,1.0,4.0
2003-10-28,118880333.06350179,118606642.44453512,0.25,0.25,0.25,0.25,29720083.265875448,29720083.265875448,29720083.265875448,29720083.265875448,0.0,-0.002302236306996802,1.0,4.0
2003-10-29,118606642.44453512,119186958.53906293,0.25,0.25,0.25,0.25,29651660.61113378,29651660.61113378,29651660.61113378,29651660.61113378,0.0,0.004892779043123352,1.0,4.0
2003-10-30,119186958.53906293,118781505.91817081,0.25,0.25,0.25,0.25,29796739.634765733,29796739.634765733,29796739.634765733,29796739.634765733,0.0,-0.003401820348987644,1.0,4.0
2003-10-31,118781505.91817081,118926747.23249957,0.25,0.25,0.25,0.25,29695376.479542702,29695376.479542702,29695376.479542702,29695376.479542702,0.0,0.0012227603380344787,1.0,4.0
2003-11-03,118926747.23249957,117821524.97153446,0.25,0.25,0.25,0.25,29731686.808124892,29731686.808124892,29731686.808124892,29731686.808124892,0.0,-0.00929330269837797,1.0,4.0
2003-11-04,117821524.97153446,118094633.97133833,0.25,0.25,0.25,0.25,29455381.242883615,29455381.242883615,29455381.242883615,29455381.242883615,0.0,0.0023179890081193033,1.0,4.0
2003-11-05,118094633.97133833,119048329.64974183,0.25,0.25,0.25,0.25,29523658.492834583,29523658.492834583,29523658.492834583,29523658.492834583,0.0,0.008075690201427621,1.0,4.0
2003-11-06,119048329.64974183,118481144.38685969,0.25,0.25,0.25,0.25,29762082.412435457,29762082.412435457,29762082.412435457,29762082.412435457,0.0,-0.004764327769662097,1.0,4.0
2003-11-07,118481144.38685969,119145139.64588973,0.25,0.25,0.25,0.25,29620286.09671492,29620286.09671492,29620286.09671492,29620286.09671492,0.0,0.005604227258828587,1.0,4.0
2003-11-10,119145139.64588973,119477297.31896381,0.25,0.25,0.25,0.25,29786284.911472432,29786284.911472432,29786284.911472432,29786284.911472432,0.0,0.002787840729897184,1.0,4.0
2003-11-11,119477297.31896381,119653476.1668267,0.25,0.25,0.25,0.25,29869324.329740953,29869324.329740953,29869324.329740953,29869324.329740953,0.0,0.0014745801237244782,1.0,4.0
2003-11-12,119653476.1668267,120342505.13625214,0.25,0.25,0.25,0.25,29913369.041706674,29913369.041706674,29913369.041706674,29913369.041706674,0.0,0.005758536997828356,1.0,4.0
2003-11-13,120342505.13625214,120338039.49735993,0.25,0.25,0.25,0.25,30085626.284063034,30085626.284063034,30085626.284063034,30085626.284063034,0.0,-3.710774416021412e-05,1.0,4.0
2003-11-14,120338039.49735993,120861581.68652393,0.25,0.25,0.25,0.25,30084509.874339983,30084509.874339983,30084509.874339983,30084509.874339983,0.0,0.00435059596575435,1.0,4.0
2003-11-17,120861581.68652393,119635140.82014504,0.25,0.25,0.25,0.25,30215395.421630982,30215395.421630982,30215395.421630982,30215395.421630982,0.0,-0.010147483172608718,1.0,4.0
2003-11-18,119635140.82014504,120924127.9774679,0.25,0.25,0.25,0.25,29908785.20503626,29908785.20503626,29908785.20503626,29908785.20503626,0.0,0.010774318887296325,1.0,4.0
2003-11-19,120924127.9774679,120173931.33016388,0.25,0.25,0.25,0.25,30231031.994366974,30231031.994366974,30231031.994366974,30231031.994366974,0.0,-0.006203862370988661,1.0,4.0
2003-11-20,120173931.33016388,120020172.82871908,0.25,0.25,0.25,0.25,30043482.83254097,30043482.83254097,30043482.83254097,30043482.83254097,0.0,-0.001279466351336661,1.0,4.0
2003-11-21,120020172.82871908,120379016.63717192,0.25,0.25,0.25,0.25,30005043.20717977,30005043.20717977,30005043.20717977,30005043.20717977,0.0,0.0029898624539138052,1.0,4.0
2003-11-24,120379016.63717192,119367052.48201627,0.25,0.25,0.25,0.25,30094754.15929298,30094754.15929298,30094754.15929298,30094754.15929298,0.0,-0.008406482985367503,1.0,4.0
2003-11-25,119367052.48201627,119412294.23098499,0.0,0.25,0.25,0.25,0.0,29841763.120504066,29841763.120504066,29841763.120504066,29841763.120504066,0.0003790137062782417,0.75,3.0
2003-11-26,119412294.23098499,120245917.57998686,0.0,0.25,0.25,0.25,0.0,29853073.557746246,29853073.557746246,29853073.557746246,29853073.557746246,0.006981051275921024,0.75,3.0
2003-11-27,120245917.57998686,120125161.51965012,0.0,0.25,0.25,0.25,0.0,30061479.394996714,30061479.394996714,30061479.394996714,30061479.394996714,-0.0010042424954380125,0.75,3.0
2003-11-28,120125161.51965012,120427928.25392443,0.0,0.25,0.25,0.25,0.0,30031290.37991253,30031290.37991253,30031290.37991253,30031290.37991253,0.0025204272813800777,0.75,3.0
2003-12-01,120427928.25392443,121549801.89582987,0.0,0.25,0.25,0.25,0.0,30106982.063481107,30106982.063481107,30106982.063481107,30106982.063481107,0.009315726494438625,0.75,3.0
2003-12-02,121549801.89582987,122291795.63259727,0.0,0.25,0.25,0.25,0.0,30387450.473957468,30387450.473957468,30387450.473957468,30387450.473957468,0.0061044421726272335,0.75,3.0
2003-12-03,122291795.63259727,122828338.0159584,0.0,0.25,0.25,0.25,0.0,30572948.908149317,30572948.908149317,30572948.908149317,30572948.908149317,0.004387394760095642,0.75,3.0
2003-12-04,122828338.0159584,122827234.40183675,0.0,0.25,0.25,0.25,0.0,30707084.5039896,30707084.5039896,30707084.5039896,30707084.5039896,-8.98501224927406e-06,0.75,3.0
2003-12-05,122827234.40183675,122950463.96922678,0.0,0.25,0.25,0.25,0.0,30706808.60045919,30706808.60045919,30706808.60045919,30706808.60045919,0.0010032756008074295,0.75,3.0
2003-12-08,122950463.96922678,123894325.70514178,0.0,0.25,0.25,0.25,0.0,30737615.992306694,30737615.992306694,30737615.992306694,30737615.992306694,0.007676764328040597,0.75,3.0
2003-12-09,123894325.70514178,123905344.11888745,0.0,0.25,0.25,0.25,0.0,30973581.426285446,30973581.426285446,30973581.426285446,30973581.426285446,8.893396596629244e-05,0.75,3.0
2003-12-10,123905344.11888745,123735240.60938126,0.0,0.25,0.25,0.25,0.0,30976336.029721864,30976336.029721864,30976336.029721864,30976336.029721864,-0.0013728504667480657,0.75,3.0
2003-12-11,123735240.60938126,123316969.69048916,0.0,0.25,0.25,0.25,0.0,30933810.152345315,30933810.152345315,30933810.152345315,30933810.152345315,-0.0033803701906763295,0.75,3.0
2003-12-12,123316969.69048916,124495864.9724071,0.0,0.25,0.25,0.25,0.0,30829242.42262229,30829242.42262229,30829242.42262229,30829242.42262229,0.009559878781297049,0.75,3.0
2003-12-15,124495864.9724071,124600673.9077075,0.0,0.25,0.25,0.25,0.0,31123966.243101776,31123966.243101776,31123966.243101776,31123966.243101776,0.0008418667987377948,0.75,3.0
2003-12-16,124600673.9077075,124277292.07655445,0.0,0.25,0.25,0.25,0.0,31150168.476926874,31150168.476926874,31150168.476926874,31150168.476926874,-0.0025953457634795563,0.75,3.0
2003-12-17,124277292.07655445,124873196.13043346,0.0,0.25,0.25,0.25,0.0,31069323.01913861,31069323.01913861,31069323.01913861,31069323.01913861,0.004794955248235783,0.75,3.0
2003-12-18,124873196.13043346,124738327.66711907,0.0,0.25,0.25,0.25,0.0,31218299.032608364,31218299.032608364,31218299.032608364,31218299.032608364,-0.0010800433359094697,0.75,3.0
2003-12-19,124738327.66711907,124349384.49851616,0.0,0.25,0.25,0.25,0.0,31184581.916779768,31184581.916779768,31184581.916779768,31184581.916779768,-0.003118072655590387,0.75,3.0
2003-12-22,124349384.49851616,123655239.49037585,0.0,0.25,0.25,0.25,0.0,31087346.12462904,31087346.12462904,31087346.12462904,31087346.12462904,-0.005582215070381841,0.75,3.0
2003-12-23,123655239.49037585,123775287.79335007,0.0,0.25,0.25,0.25,0.0,30913809.87259396,30913809.87259396,30913809.87259396,30913809.87259396,0.0009708307021116525,0.75,3.0
2003-12-24,123775287.79335007,124354618.06976572,0.0,0.25,0.25,0.25,0.0,30943821.948337518,30943821.948337518,30943821.948337518,30943821.948337518,0.004680500338507532,0.75,3.0
2003-12-25,124354618.06976572,124422521.93838769,0.0,0.25,0.25,0.25,0.0,31088654.51744143,31088654.51744143,31088654.51744143,31088654.51744143,0.0005460502366217423,0.75,3.0
2003-12-26,124422521.93838769,124369821.11007364,0.0,0.25,0.25,0.25,0.0,31105630.484596923,31105630.484596923,31105630.484596923,31105630.484596923,-0.0004235634151521783,0.75,3.0
2003-12-29,124369821.11007364,124689908.00607833,0.0,0.25,0.25,0.25,0.0,31092455.27751841,31092455.27751841,31092455.27751841,31092455.27751841,0.00257367014881682,0.75,3.0
2003-12-30,124689908.00607833,125244981.46316658,0.0,0.25,0.25,0.25,0.0,31172477.001519583,31172477.001519583,31172477.001519583,31172477.001519583,0.004451630977714727,0.75,3.0
2003-12-31,125244981.46316658,125203006.51462433,0.0,0.25,0.25,0.25,0.0,31311245.365791645,31311245.365791645,31311245.365791645,31311245.365791645,-0.0003351427582319044,0.75,3.0
2004-01-01,125203006.51462433,125233143.23541255,0.0,0.25,0.25,0.25,0.0,31300751.62865608,31300751.62865608,31300751.62865608,31300751.62865608,0.00024070285232880018,0.75,3.0
2004-01-02,125233143.23541255,125482244.95906432,0.0,0.25,0.25,0.25,0.0,31308285.80885314,31308285.80885314,31308285.80885314,31308285.80885314,0.0019891038204120637,0.75,3.0
2004-01-05,125482244.95906432,127703582.05147476,0.0,0.25,0.25,0.25,0.0,31370561.23976608,31370561.23976608,31370561.23976608,31370561.23976608,0.017702401587850913,0.75,3.0
2004-01-06,127703582.05147476,127652250.21618474,0.0,0.25,0.25,0.25,0.0,31925895.51286869,31925895.51286869,31925895.51286869,31925895.51286869,-0.00040196081006832474,0.75,3.0
2004-01-07,127652250.21618474,127228864.0412907,0.0,0.25,0.25,0.25,0.0,31913062.554046184,31913062.554046184,31913062.554046184,31913062.554046184,-0.00331671532759531,0.75,3.0
2004-01-08,127228864.0412907,128174247.98719375,0.0,0.25,0.25,0.25,0.0,31807216.010322675,31807216.010322675,31807216.010322675,31807216.010322675,0.007430577589659371,0.75,3.0
2004-01-09,128174247.98719375,128987809.8860624,0.25,0.25,0.25,0.25,32043561.996798437,32043561.996798437,32043561.996798437,32043561.996798437,0.0,0.00634731166084096,1.0,4.0
2004-01-12,128987809.8860624,129460296.098206,0.25,0.25,0.25,0.25,32246952.4715156,32246952.4715156,32246952.4715156,32246952.4715156,0.0,0.0036630299604354377,1.0,4.0
2004-01-13,129460296.098206,128810819.42630534,0.25,0.25,0.25,0.25,32365074.0245515,32365074.0245515,32365074.0245515,32365074.0245515,0.0,-0.005016801996250431,1.0,4.0
2004-01-14,128810819.42630534,128356705.92567301,0.25,0.25,0.25,0.25,32202704.856576335,32202704.856576335,32202704.856576335,32202704.856576335,0.0,-0.0035254297942894364,1.0,4.0
2004-01-15,128356705.92567301,126593955.41197024,0.25,0.25,0.25,0.25,32089176.481418252,32089176.481418252,32089176.481418252,32089176.481418252,0.0,-0.013733217138834297,1.0,4.0
2004-01-16,126593955.41197024,126611703.95750631,0.25,0.25,0.25,0.25,31648488.85299256,31648488.85299256,31648488.85299256,31648488.85299256,0.0,0.00014020057654659523,1.0,4.0
2004-01-19,126611703.95750631,126118244.69850022,0.25,0.25,0.25,0.25,31652925.98937658,31652925.98937658,31652925.98937658,31652925.98937658,0.0,-0.0038974221464684877,1.0,4.0
2004-01-20,126118244.69850022,127689689.53044133,0.25,0.25,0.25,0.25,31529561.174625054,31529561.174625054,31529561.174625054,31529561.174625054,0.0,0.012460091208039259,1.0,4.0
2004-01-21,127689689.53044133,127603382.98590831,0.25,0.25,0.25,0.25,31922422.382610332,31922422.382610332,31922422.382610332,31922422.382610332,0.0,-0.0006759084844703556,1.0,4.0
2004-01-22,127603382.98590831,127726106.7210568,0.25,0.25,0.25,0.25,31900845.74647708,31900845.74647708,31900845.74647708,31900845.74647708,0.0,0.0009617592596432301,1.0,4.0
2004-01-23,127726106.7210568,127236164.38836952,0.25,0.25,0.25,0.25,31931526.6802642,31931526.6802642,31931526.6802642,31931526.6802642,0.0,-0.003835882461815515,1.0,4.0
2004-01-26,127236164.38836952,126651809.47908443,0.25,0.25,0.25,0.25,31809041.09709238,31809041.09709238,31809041.09709238,31809041.09709238,0.0,-0.004592679385566983,1.0,4.0
2004-01-27,126651809.47908443,127022454.7643283,0.25,0.25,0.25,0.25,31662952.369771108,31662952.369771108,31662952.369771108,31662952.369771108,0.0,0.0029264902473034593,1.0,4.0
2004-01-28,127022454.7643283,126683346.83028989,0.25,0.25,0.25,0.25,31755613.691082075,31755613.691082075,31755613.691082075,31755613.691082075,0.0,-0.0026696691909126047,1.0,4.0
2004-01-29,126683346.83028989,124231479.62883188,0.25,0.25,0.25,0.25,31670836.70757247,31670836.70757247,31670836.70757247,31670836.70757247,0.0,-0.01935429764689292,1.0,4.0
2004-01-30,124231479.62883188,124797640.27037902,0.25,0.25,0.25,0.25,31057869.90720797,31057869.90720797,31057869.90720797,31057869.90720797,0.0,0.0045573041811838855,1.0,4.0
2004-02-02,124797640.27037902,124325134.93232475,0.25,0.25,0.25,0.25,31199410.067594755,31199410.067594755,31199410.067594755,31199410.067594755,0.0,-0.003786172054460024,1.0,4.0
2004-02-03,124325134.93232475,124986789.04558077,0.25,0.25,0.25,0.25,31081283.733081188,31081283.733081188,31081283.733081188,31081283.733081188,0.0,0.005321965776398929,1.0,4.0
2004-02-04,124986789.04558077,124734332.16449228,0.25,0.25,0.25,0.25,31246697.261395194,31246697.261395194,31246697.261395194,31246697.261395194,0.0,-0.0020198685238359826,1.0,4.0
2004-02-05,124734332.16449228,124580761.00560412,0.25,0.25,0.25,0.25,31183583.04112307,31183583.04112307,31183583.04112307,31183583.04112307,0.0,-0.0012311859631848054,1.0,4.0
2004-02-06,124580761.00560412,125192180.7542477,0.25,0.25,0.25,0.25,31145190.25140103,31145190.25140103,31145190.25140103,31145190.25140103,0.0,0.004907818379886825,1.0,4.0
2004-02-09,125192180.7542477,125958754.43575822,0.25,0.25,0.25,0.25,31298045.188561924,31298045.188561924,31298045.188561924,31298045.188561924,0.0,0.0061231754003495675,1.0,4.0
2004-02-10,125958754.43575822,126263587.87384826,0.25,0.25,0.25,0.0,31489688.608939555,31489688.608939555,31489688.608939555,0.0,31489688.608939555,0.002420105211865309,0.75,3.0
2004-02-11,126263587.87384826,126904727.61164819,0.25,0.25,0.25,0.0,31565896.968462065,31565896.968462065,31565896.968462065,0.0,31565896.968462065,0.005077788051140342,0.75,3.0
2004-02-12,126904727.61164819,127340957.74077988,0.25,0.25,0.25,0.0,31726181.902912047,31726181.902912047,31726181.902912047,0.0,31726181.902912047,0.0034374616087322063,0.75,3.0
2004-02-13,127340957.74077988,127388592.31864923,0.25,0.25,0.25,0.0,31835239.43519497,31835239.43519497,31835239.43519497,0.0,31835239.43519497,0.0003740711450146983,0.75,3.0
2004-02-16,127388592.31864923,127518673.24859267,0.25,0.25,0.25,0.0,31847148.079662308,31847148.079662308,31847148.079662308,0.0,31847148.079662308,0.0010211348408501464,0.75,3.0
2004-02-17,127518673.24859267,127914705.74813165,0.25,0.25,0.25,0.0,31879668.31214817,31879668.31214817,31879668.31214817,0.0,31879668.31214817,0.0031056824028187213,0.75,3.0
2004-02-18,127914705.74813165,127434823.4248781,0.0,0.25,0.25,0.0,0.0,31978676.437032912,31978676.437032912,0.0,63957352.874065824,-0.003751580558676637,0.5,2.0
2004-02-19,127434823.4248781,127615771.15623431,0.0,0.25,0.25,0.0,0.0,31858705.856219526,31858705.856219526,0.0,63717411.71243905,0.0014199237421384514,0.5,2.0
2004-02-20,127615771.15623431,126616066.75264156,0.0,0.25,0.25,0.0,0.0,31903942.789058577,31903942.789058577,0.0,63807885.578117155,-0.007833705775823374,0.5,2.0
2004-02-23,126616066.75264156,126847444.8885534,0.0,0.25,0.25,0.0,0.0,31654016.68816039,31654016.68816039,0.0,63308033.37632078,0.001827399490807624,0.5,2.0
2004-02-24,126847444.8885534,127463571.29596122,0.0,0.25,0.25,0.0,0.0,31711861.22213835,31711861.22213835,0.0,63423722.4442767,0.004857223635439889,0.5,2.0
2004-02-25,127463571.29596122,127311836.10142213,0.0,0.25,0.25,0.0,0.0,31865892.823990304,31865892.823990304,0.0,63731785.64798061,-0.001190420078429788,0.5,2.0
2004-02-26,127311836.10142213,127704988.75439069,0.0,0.25,0.25,0.0,0.0,31827959.025355533,31827959.025355533,0.0,63655918.050711066,0.003088107634040771,0.5,2.0
2004-02-27,127704988.75439069,127981422.45847286,0.0,0.25,0.25,0.0,0.0,31926247.18859767,31926247.18859767,0.0,63852494.37719534,0.0021646272927819954,0.5,2.0
2004-03-01,127981422.45847286,128495650.54509462,0.0,0.25,0.25,0.0,0.0,31995355.614618216,31995355.614618216,0.0,63990711.22923643,0.004017990085933121,0.5,2.0
2004-03-02,128495650.54509462,127582856.56707998,0.0,0.25,0.25,0.0,0.0,32123912.636273656,32123912.636273656,0.0,64247825.27254731,-0.007103695526988363,0.5,2.0
2004-03-03,127582856.56707998,126332448.07260354,0.0,0.25,0.25,0.0,0.0,31895714.141769994,31895714.141769994,0.0,63791428.28353999,-0.009800756372146363,0.5,2.0
2004-03-04,126332448.07260354,126705665.35248622,0.0,0.25,0.25,0.0,0.0,31583112.018150885,31583112.018150885,0.0,63166224.03630177,0.002954247191253534,0.5,2.0
2004-03-05,126705665.35248622,127346252.20918247,0.0,0.25,0.25,0.0,0.0,31676416.338121556,31676416.338121556,0.0,63352832.67624311,0.005055708084671595,0.5,2.0
2004-03-08,127346252.20918247,126741468.17556496,0.0,0.25,0.25,0.0,0.0,31836563.052295618,31836563.052295618,0.0,63673126.104591236,-0.004749130996207773,0.5,2.0
2004-03-09,126741468.17556496,127138258.25164053,0.0,0.25,0.25,0.0,0.0,31685367.04389124,31685367.04389124,0.0,63370734.08778248,0.0031307044315277976,0.5,2.0
2004-03-10,127138258.25164053,126480831.79214676,0.0,0.25,0.25,0.0,0.0,31784564.562910132,31784564.562910132,0.0,63569129.125820264,-0.005170956945096339,0.5,2.0
2004-03-11,126480831.79214676,126614279.54529698,0.0,0.25,0.25,0.0,0.0,31620207.94803669,31620207.94803669,0.0,63240415.89607338,0.001055082823692488,0.5,2.0
2004-03-12,126614279.54529698,126201103.70460263,0.0,0.25,0.25,0.0,0.0,31653569.886324245,31653569.886324245,0.0,63307139.77264849,-0.003263264160868473,0.5,2.0
2004-03-15,126201103.70460263,126871447.42827979,0.0,0.25,0.25,0.0,0.0,31550275.926150657,31550275.926150657,0.0,63100551.852301314,0.005311710468445974,0.5,2.0
2004-03-16,126871447.42827979,127080908.3965115,0.0,0.0,0.25,0.0,0.0,0.0,31717861.857069947,0.0,95153585.57120985,0.0016509701156370848,0.25,1.0
2004-03-17,127080908.3965115,127283549.58927633,0.0,0.0,0.25,0.0,0.0,0.0,31770227.099127874,0.0,95310681.29738362,0.0015945840749938545,0.25,1.0
2004-03-18,127283549.58927633,127482833.92565222,0.0,0.0,0.25,0.0,0.0,0.0,31820887.397319082,0.0,95462662.19195725,0.0015656723670809392,0.25,1.0
2004-03-19,127482833.92565222,127503875.31721847,0.0,0.0,0.25,0.0,0.0,0.0,31870708.481413055,0.0,95612125.44423917,0.00016505274410932858,0.25,1.0
2004-03-22,127503875.31721847,127593857.56469977,0.0,0.0,0.25,0.0,0.0,0.0,31875968.829304617,0.0,95627906.48791385,0.0007057216673409528,0.25,1.0
2004-03-23,127593857.56469977,127541622.43243209,0.0,0.0,0.25,0.0,0.0,0.0,31898464.391174942,0.0,95695393.17352483,-0.0004093859474482431,0.25,1.0
2004-03-24,127541622.43243209,127252312.47889137,0.0,0.0,0.25,0.0,0.0,0.0,31885405.60810802,0.0,95656216.82432407,-0.002268357168609597,0.25,1.0
2004-03-25,127252312.47889137,126743131.43151514,0.0,0.0,0.25,0.0,0.0,0.0,31813078.119722843,0.0,95439234.35916853,-0.0040013500537422475,0.25,1.0
2004-03-26,126743131.43151514,126829498.70852433,0.0,0.0,0.25,0.0,0.0,0.0,31685782.857878786,0.0,95057348.57363635,0.00068143556209882,0.25,1.0
2004-03-29,126829498.70852433,126815215.59608419,0.0,0.0,0.25,0.0,0.0,0.0,31707374.677131083,0.0,95122124.03139324,-0.00011261664349049294,0.25,1.0
2004-03-30,126815215.59608419,127332044.87992612,0.0,0.0,0.25,0.0,0.0,0.0,31703803.899021048,0.0,95111411.69706315,0.004075451683085374,0.25,1.0
2004-03-31,127332044.87992612,127421460.65671149,0.0,0.0,0.25,0.0,0.0,0.0,31833011.21998153,0.0,95499033.6599446,0.0007022252479311764,0.25,1.0
2004-04-01,127421460.65671149,127196429.41832916,0.0,0.0,0.25,0.25,0.0,0.0,31855365.164177872,31855365.164177872,63710730.328355744,-0.0017660387600530736,0.5,2.0
2004-04-02,127196429.41832916,126828619.76465718,0.0,0.0,0.25,0.25,0.0,0.0,31799107.35458229,31799107.35458229,63598214.70916458,-0.002891666498454154,0.5,2.0
2004-04-05,126828619.76465718,126153405.2568688,0.0,0.0,0.25,0.25,0.0,0.0,31707154.941164296,31707154.941164296,63414309.88232859,-0.005323833918884441,0.5,2.0
2004-04-06,126153405.2568688,126663445.36920322,0.0,0.0,0.25,0.25,0.0,0.0,31538351.3142172,31538351.3142172,63076702.6284344,0.004043015020449736,0.5,2.0
2004-04-07,126663445.36920322,127180130.53937149,0.0,0.0,0.25,0.25,0.0,0.0,31665861.342300806,31665861.342300806,63331722.68460161,0.004079197187966954,0.5,2.0
2004-04-08,127180130.53937149,127101400.87656394,0.0,0.0,0.25,0.25,0.0,0.0,31795032.634842873,31795032.634842873,63590065.269685745,-0.0006190405881300876,0.5,2.0
2004-04-09,127101400.87656394,127101400.87656394,0.0,0.0,0.25,0.25,0.0,0.0,31775350.219140984,31775350.219140984,63550700.43828197,0.0,0.5,2.0
2004-04-12,127101400.87656394,126976229.27316073,0.0,0.0,0.25,0.25,0.0,0.0,31775350.219140984,31775350.219140984,63550700.43828197,-0.000984816867004995,0.5,2.0
2004-04-13,126976229.27316073,125465548.81155325,0.0,0.0,0.25,0.25,0.0,0.0,31744057.31829018,31744057.31829018,63488114.63658036,-0.011897348584494344,0.5,2.0
2004-04-14,125465548.81155325,125253316.36452694,0.0,0.0,0.25,0.25,0.0,0.0,31366387.202888314,31366387.202888314,62732774.40577663,-0.0016915595479128631,0.5,2.0
2004-04-15,125253316.36452694,124493993.60194741,0.25,0.0,0.25,0.25,31313329.091131736,0.0,31313329.091131736,31313329.091131736,31313329.091131736,-0.006062296669013173,0.75,3.0
2004-04-16,124493993.60194741,124844162.74201451,0.25,0.0,0.25,0.25,31123498.400486853,0.0,31123498.400486853,31123498.400486853,31123498.400486853,0.0028127392329200807,0.75,3.0
2004-04-19,124844162.74201451,124824246.7315466,0.25,0.0,0.25,0.25,31211040.685503628,0.0,31211040.685503628,31211040.685503628,31211040.685503628,-0.00015952696570256664,0.75,3.0
2004-04-20,124824246.7315466,124089012.65005799,0.25,0.0,0.25,0.25,31206061.68288665,0.0,31206061.68288665,31206061.68288665,31206061.68288665,-0.00589015436295684,0.75,3.0
2004-04-21,124089012.65005799,122928025.84440582,0.25,0.0,0.25,0.25,31022253.162514497,0.0,31022253.162514497,31022253.162514497,31022253.162514497,-0.009356080613891815,0.75,3.0
2004-04-22,122928025.84440582,123428773.94056141,0.25,0.0,0.25,0.25,30732006.461101454,0.0,30732006.461101454,30732006.461101454,30732006.461101454,0.004073506368591884,0.75,3.0
2004-04-23,123428773.94056141,123808155.75683425,0.25,0.0,0.25,0.25,30857193.485140353,0.0,30857193.485140353,30857193.485140353,30857193.485140353,0.0030736902276574662,0.75,3.0
2004-04-26,123808155.75683425,124187044.83773875,0.25,0.0,0.25,0.25,30952038.939208563,0.0,30952038.939208563,30952038.939208563,30952038.939208563,0.003060291776324109,0.75,3.0
2004-04-27,124187044.83773875,124732866.43511203,0.25,0.0,0.25,0.25,31046761.209434688,0.0,31046761.209434688,31046761.209434688,31046761.209434688,0.004395157305550262,0.75,3.0
2004-04-28,124732866.43511203,123149847.498749,0.25,0.0,0.25,0.25,31183216.608778007,0.0,31183216.608778007,31183216.608778007,31183216.608778007,-0.012691273612208287,0.75,3.0
2004-04-29,123149847.498749,123262427.9616088,0.25,0.0,0.25,0.25,30787461.87468725,0.0,30787461.87468725,30787461.87468725,30787461.87468725,0.0009141746022944541,0.75,3.0
2004-04-30,123262427.9616088,123584834.95648347,0.25,0.0,0.25,0.0,30815606.9904022,0.0,30815606.9904022,0.0,61631213.9808044,0.0026156145080567517,0.5,2.0
2004-05-03,123584834.95648347,123913577.4117608,0.25,0.0,0.25,0.0,30896208.739120867,0.0,30896208.739120867,0.0,61792417.478241734,0.0026600549767542003,0.5,2.0
2004-05-04,123913577.4117608,124224448.73560815,0.0,0.0,0.25,0.0,0.0,0.0,30978394.3529402,0.0,92935183.0588206,0.0025087753121219025,0.25,1.0
2004-05-05,124224448.73560815,124313754.87299997,0.0,0.0,0.25,0.0,0.0,0.0,31056112.183902036,0.0,93168336.5517061,0.0007189095085614605,0.25,1.0
2004-05-06,124313754.87299997,124031645.27159172,0.0,0.0,0.25,0.0,0.0,0.0,31078438.71824999,0.0,93235316.15474997,-0.002269335374001452,0.25,1.0
2004-05-07,124031645.27159172,124078223.27810559,0.0,0.0,0.25,0.0,0.0,0.0,31007911.31789793,0.0,93023733.95369379,0.000375533247276405,0.25,1.0
2004-05-10,124078223.27810559,123470395.30737269,0.0,0.0,0.25,0.0,0.0,0.0,31019555.819526397,0.0,93058667.45857918,-0.0048987481821891055,0.25,1.0
2004-05-11,123470395.30737269,123854800.75033404,0.0,0.0,0.25,0.0,0.0,0.0,30867598.826843172,0.0,92602796.48052952,0.0031133409916148103,0.25,1.0
2004-05-12,123854800.75033404,123796089.59100135,0.0,0.0,0.25,0.0,0.0,0.0,30963700.18758351,0.0,92891100.56275053,-0.000474032164897914,0.25,1.0
2004-05-13,123796089.59100135,123844823.58919793,0.0,0.0,0.25,0.0,0.0,0.0,30949022.397750337,0.0,92847067.19325101,0.00039366346996577706,0.25,1.0
2004-05-14,123844823.58919793,123645020.75680882,0.0,0.0,0.25,0.0,0.0,0.0,30961205.897299483,0.0,92883617.69189845,-0.0016133321248198995,0.25,1.0
2004-05-17,123645020.75680882,123468359.30157891,0.0,0.0,0.25,0.0,0.0,0.0,30911255.189202204,0.0,92733765.56760661,-0.0014287793729872156,0.25,1.0
2004-05-18,123468359.30157891,123192499.79559584,0.0,0.0,0.25,0.0,0.0,0.0,30867089.825394727,0.0,92601269.47618419,-0.0022342526258835316,0.25,1.0
2004-05-19,123192499.79559584,123970432.25130351,0.0,0.0,0.25,0.0,0.0,0.0,30798124.94889896,0.0,92394374.84669688,0.006314771248236928,0.25,1.0
2004-05-20,123970432.25130351,123508235.31792152,0.0,0.0,0.25,0.0,0.0,0.0,30992608.062825877,0.0,92977824.18847764,-0.003728283631737689,0.25,1.0
2004-05-21,123508235.31792152,123500451.85525571,0.0,0.0,0.25,0.0,0.0,0.0,30877058.82948038,0.0,92631176.48844114,-6.301978686504284e-05,0.25,1.0
2004-05-24,123500451.85525571,124186483.60303032,0.0,0.0,0.25,0.0,0.0,0.0,30875112.963813927,0.0,92625338.89144178,0.005554892613499618,0.25,1.0
2004-05-25,124186483.60303032,124142214.50774068,0.0,0.0,0.25,0.0,0.0,0.0,31046620.90075758,0.0,93139862.70227274,-0.0003564727336281548,0.25,1.0
2004-05-26,124142214.50774068,124080556.76156043,0.0,0.0,0.25,0.0,0.0,0.0,31035553.62693517,0.0,93106660.8808055,-0.0004966702618020569,0.25,1.0
2004-05-27,124080556.76156043,123769795.96738137,0.0,0.0,0.25,0.0,0.0,0.0,31020139.190390106,0.0,93060417.57117032,-0.0025045083797957945,0.25,1.0
2004-05-28,123769795.96738137,123944123.46921018,0.0,0.0,0.25,0.0,0.0,0.0,30942448.991845343,0.0,92827346.97553603,0.0014084817742993083,0.25,1.0
2004-05-31,123944123.46921018,123944123.46921018,0.0,0.0,0.25,0.0,0.0,0.0,30986030.867302544,0.0,92958092.60190764,0.0,0.25,1.0
2004-06-01,123944123.46921018,124882891.87238297,0.0,0.0,0.25,0.0,0.0,0.0,30986030.867302544,0.0,92958092.60190764,0.007574125960122746,0.25,1.0
2004-06-02,124882891.87238297,124101136.00126536,0.0,0.0,0.25,0.0,0.0,0.0,31220722.968095742,0.0,93662168.90428722,-0.006259911661210538,0.25,1.0
2004-06-03,124101136.00126536,123659510.87596405,0.0,0.0,0.25,0.0,0.0,0.0,31025284.00031634,0.0,93075852.00094903,-0.003558590513601745,0.25,1.0
2004-06-04,123659510.87596405,123494146.94762188,0.0,0.0,0.25,0.0,0.0,0.0,30914877.71899101,0.0,92744633.15697303,-0.001337252000843142,0.25,1.0
2004-06-07,123494146.94762188,123577641.65131438,0.0,0.0,0.25,0.0,0.0,0.0,30873536.73690547,0.0,92620610.21071641,0.0006761025178618207,0.25,1.0
2004-06-08,123577641.65131438,123090413.38324207,0.0,0.0,0.25,0.0,0.0,0.0,30894410.412828594,0.0,92683231.23848578,-0.003942689482997835,0.25,1.0
2004-06-09,123090413.38324207,122949243.74366824,0.0,0.0,0.25,0.0,0.0,0.0,30772603.345810518,0.0,92317810.03743155,-0.0011468776137285863,0.25,1.0
2004-06-10,122949243.74366824,122996293.99898212,0.0,0.0,0.25,0.0,0.0,0.0,30737310.93591706,0.0,92211932.80775118,0.00038268031491084376,0.25,1.0
2004-06-11,122996293.99898212,122996293.99898212,0.0,0.0,0.0,0.0,0.0,0.0,0.0,0.0,122996293.99898212,0.0,0.0,0.0
2004-06-14,122996293.99898212,122996293.99898212,0.0,0.0,0.0,0.0,0.0,0.0,0.0,0.0,122996293.99898212,0.0,0.0,0.0
2004-06-15,122996293.99898212,122996293.99898212,0.0,0.0,0.0,0.0,0.0,0.0,0.0,0.0,122996293.99898212,0.0,0.0,0.0
2004-06-16,122996293.99898212,122996293.99898212,0.0,0.0,0.0,0.0,0.0,0.0,0.0,0.0,122996293.99898212,0.0,0.0,0.0
2004-06-17,122996293.99898212,122996293.99898212,0.0,0.0,0.0,0.0,0.0,0.0,0.0,0.0,122996293.99898212,0.0,0.0,0.0
2004-06-18,122996293.99898212,122996293.99898212,0.0,0.0,0.0,0.0,0.0,0.0,0.0,0.0,122996293.99898212,0.0,0.0,0.0
2004-06-21,122996293.99898212,122996293.99898212,0.0,0.0,0.0,0.0,0.0,0.0,0.0,0.0,122996293.99898212,0.0,0.0,0.0
2004-06-22,122996293.99898212,122996293.99898212,0.0,0.0,0.0,0.0,0.0,0.0,0.0,0.0,122996293.99898212,0.0,0.0,0.0
2004-06-23,122996293.99898212,122996293.99898212,0.0,0.0,0.0,0.0,0.0,0.0,0.0,0.0,122996293.99898212,0.0,0.0,0.0
2004-06-24,122996293.99898212,122996293.99898212,0.0,0.0,0.0,0.0,0.0,0.0,0.0,0.0,122996293.99898212,0.0,0.0,0.0
2004-06-25,122996293.99898212,122996293.99898212,0.0,0.0,0.0,0.0,0.0,0.0,0.0,0.0,122996293.99898212,0.0,0.0,0.0
2004-06-28,122996293.99898212,122996293.99898212,0.0,0.0,0.0,0.0,0.0,0.0,0.0,0.0,122996293.99898212,0.0,0.0,0.0
2004-06-29,122996293.99898212,122996293.99898212,0.0,0.0,0.0,0.0,0.0,0.0,0.0,0.0,122996293.99898212,0.0,0.0,0.0
2004-06-30,122996293.99898212,122996293.99898212,0.0,0.0,0.0,0.0,0.0,0.0,0.0,0.0,122996293.99898212,0.0,0.0,0.0
2004-07-01,122996293.99898212,122996293.99898212,0.0,0.0,0.0,0.0,0.0,0.0,0.0,0.0,122996293.99898212,0.0,0.0,0.0
2004-07-02,122996293.99898212,122996293.99898212,0.0,0.0,0.0,0.0,0.0,0.0,0.0,0.0,122996293.99898212,0.0,0.0,0.0
2004-07-05,122996293.99898212,123019474.60471128,0.0,0.0,0.0,0.25,0.0,0.0,0.0,30749073.49974553,92247220.49923658,0.00018846588767434946,0.25,1.0
2004-07-06,123019474.60471128,122594736.93344578,0.0,0.0,0.0,0.25,0.0,0.0,0.0,30754868.65117782,92264605.95353346,-0.00345260514752041,0.25,1.0
2004-07-07,122594736.93344578,123351687.25060326,0.0,0.0,0.0,0.25,0.0,0.0,0.0,30648684.233361445,91946052.70008433,0.006174411203055397,0.25,1.0
2004-07-08,123351687.25060326,123773127.35488845,0.0,0.0,0.0,0.25,0.0,0.0,0.0,30837921.812650815,92513765.43795244,0.003416573487389718,0.25,1.0
2004-07-09,123773127.35488845,123750372.15314408,0.0,0.0,0.0,0.25,0.0,0.0,0.0,30943281.838722114,92829845.51616634,-0.00018384605956611733,0.25,1.0
2004-07-12,123750372.15314408,123773139.91448711,0.0,0.0,0.0,0.25,0.0,0.0,0.0,30937593.03828602,92812779.11485806,0.00018398135655589565,0.25,1.0
2004-07-13,123773139.91448711,123295280.62936561,0.0,0.0,0.0,0.25,0.0,0.0,0.0,30943284.978621777,92829854.93586533,-0.0038607672508886026,0.25,1.0
2004-07-14,123295280.62936561,123586903.97456141,0.0,0.0,0.0,0.25,0.0,0.0,0.0,30823820.157341402,92471460.4720242,0.0023652433710942278,0.25,1.0
2004-07-15,123586903.97456141,123480219.01614213,0.0,0.0,0.0,0.25,0.0,0.0,0.0,30896725.993640352,92690177.98092106,-0.0008632383771118302,0.25,1.0
2004-07-16,123480219.01614213,124331720.73879246,0.25,0.25,0.0,0.25,30870054.754035532,30870054.754035532,0.0,30870054.754035532,30870054.754035532,0.006895855299212272,0.75,3.0
2004-07-19,124331720.73879246,124335537.06178093,0.25,0.25,0.0,0.25,31082930.184698116,31082930.184698116,0.0,31082930.184698116,31082930.184698116,3.0694684878429523e-05,0.75,3.0
2004-07-20,124335537.06178093,123840496.99884176,0.25,0.25,0.0,0.25,31083884.265445232,31083884.265445232,0.0,31083884.265445232,31083884.265445232,-0.003981484896737025,0.75,3.0
2004-07-21,123840496.99884176,122466679.23502946,0.25,0.25,0.0,0.25,30960124.24971044,30960124.24971044,0.0,30960124.24971044,30960124.24971044,-0.011093445174280542,0.75,3.0
2004-07-22,122466679.23502946,122385247.57632262,0.25,0.25,0.0,0.25,30616669.808757365,30616669.808757365,0.0,30616669.808757365,30616669.808757365,-0.0006649290992088441,0.75,3.0
2004-07-23,122385247.57632262,121698021.17820789,0.25,0.25,0.0,0.25,30596311.894080654,30596311.894080654,0.0,30596311.894080654,30596311.894080654,-0.005615271543950973,0.75,3.0
2004-07-26,121698021.17820789,121347939.77299,0.25,0.25,0.0,0.25,30424505.294551972,30424505.294551972,0.0,30424505.294551972,30424505.294551972,-0.002876640078685072,0.75,3.0
2004-07-27,121347939.77299,120849624.35812369,0.25,0.25,0.0,0.25,30336984.9432475,30336984.9432475,0.0,30336984.9432475,30336984.9432475,-0.0041065008256302715,0.75,3.0
2004-07-28,120849624.35812369,121016472.19039993,0.25,0.25,0.0,0.25,30212406.089530922,30212406.089530922,0.0,30212406.089530922,30212406.089530922,0.0013806235076230244,0.75,3.0
2004-07-29,121016472.19039993,121275396.7105907,0.25,0.25,0.0,0.25,30254118.047599982,30254118.047599982,0.0,30254118.047599982,30254118.047599982,0.0021395807984173343,0.75,3.0
2004-07-30,121275396.7105907,121829067.94177178,0.25,0.25,0.0,0.25,30318849.177647676,30318849.177647676,0.0,30318849.177647676,30318849.177647676,0.004565404411764951,0.75,3.0
2004-08-02,121829067.94177178,121872685.303471,0.25,0.25,0.0,0.25,30457266.985442944,30457266.985442944,0.0,30457266.985442944,30457266.985442944,0.0003580209750933816,0.75,3.0
2004-08-03,121872685.303471,121951781.51091759,0.25,0.25,0.0,0.25,30468171.32586775,30468171.32586775,0.0,30468171.32586775,30468171.32586775,0.0006490068488245182,0.75,3.0
2004-08-04,121951781.51091759,121737853.5680427,0.25,0.25,0.0,0.25,30487945.377729397,30487945.377729397,0.0,30487945.377729397,30487945.377729397,-0.0017542010475324055,0.75,3.0
2004-08-05,121737853.5680427,121764547.94534133,0.25,0.25,0.0,0.25,30434463.392010674,30434463.392010674,0.0,30434463.392010674,30434463.392010674,0.00021927754199896343,0.75,3.0
2004-08-06,121764547.94534133,122912958.89433442,0.25,0.25,0.0,0.25,30441136.986335333,30441136.986335333,0.0,30441136.986335333,30441136.986335333,0.009431406500261363,0.75,3.0
2004-08-09,122912958.89433442,123140656.47067125,0.25,0.25,0.0,0.25,30728239.723583605,30728239.723583605,0.0,30728239.723583605,30728239.723583605,0.0018525107391855755,0.75,3.0
2004-08-10,123140656.47067125,123202047.65093133,0.25,0.25,0.0,0.25,30785164.117667813,30785164.117667813,0.0,30785164.117667813,30785164.117667813,0.0004985451760578796,0.75,3.0
2004-08-11,123202047.65093133,122692019.41062255,0.25,0.25,0.0,0.25,30800511.912732832,30800511.912732832,0.0,30800511.912732832,30800511.912732832,-0.0041397708076560125,0.75,3.0
2004-08-12,122692019.41062255,122685578.17006807,0.25,0.25,0.0,0.25,30673004.852655638,30673004.852655638,0.0,30673004.852655638,30673004.852655638,-5.2499262669480906e-05,0.75,3.0
2004-08-13,122685578.17006807,123358440.54303427,0.25,0.25,0.0,0.25,30671394.542517018,30671394.542517018,0.0,30671394.542517018,30671394.542517018,0.005484445547735528,0.75,3.0
2004-08-16,123358440.54303427,123801784.12429921,0.25,0.25,0.0,0.25,30839610.135758568,30839610.135758568,0.0,30839610.135758568,30839610.135758568,0.0035939460592506745,0.75,3.0
2004-08-17,123801784.12429921,123841621.92250155,0.25,0.25,0.0,0.0,30950446.031074803,30950446.031074803,0.0,0.0,61900892.06214961,0.00032178694745096936,0.5,2.0
2004-08-18,123841621.92250155,123957302.93611056,0.25,0.25,0.0,0.0,30960405.480625387,30960405.480625387,0.0,0.0,61920810.961250775,0.0009341044780678542,0.5,2.0
2004-08-19,123957302.93611056,124486690.84921797,0.25,0.25,0.0,0.0,30989325.73402764,30989325.73402764,0.0,0.0,61978651.46805528,0.004270727908465832,0.5,2.0
2004-08-20,124486690.84921797,124509860.09397125,0.25,0.25,0.0,0.0,31121672.71230449,31121672.71230449,0.0,0.0,62243345.42460898,0.0001861182476232126,0.5,2.0
2004-08-23,124509860.09397125,124105602.29652454,0.25,0.25,0.0,0.25,31127465.023492813,31127465.023492813,0.0,31127465.023492813,31127465.023492813,-0.0032467934438414336,0.75,3.0
2004-08-24,124105602.29652454,123178502.90299033,0.25,0.25,0.0,0.25,31026400.574131135,31026400.574131135,0.0,31026400.574131135,31026400.574131135,-0.007470246116038443,0.75,3.0
2004-08-25,123178502.90299033,123563241.78175826,0.25,0.25,0.0,0.25,30794625.72574758,30794625.72574758,0.0,30794625.72574758,30794625.72574758,0.003123425514197975,0.75,3.0
2004-08-26,123563241.78175826,123369593.05651292,0.25,0.25,0.0,0.25,30890810.445439566,30890810.445439566,0.0,30890810.445439566,30890810.445439566,-0.0015672033401922247,0.75,3.0
2004-08-27,123369593.05651292,123152558.46310326,0.25,0.25,0.0,0.25,30842398.26412823,30842398.26412823,0.0,30842398.26412823,30842398.26412823,-0.0017592227390280102,0.75,3.0
2004-08-30,123152558.46310326,123544589.44171754,0.25,0.25,0.0,0.25,30788139.615775816,30788139.615775816,0.0,30788139.615775816,30788139.615775816,0.0031832954467747865,0.75,3.0
2004-08-31,123544589.44171754,124072775.30991712,0.25,0.25,0.0,0.25,30886147.360429384,30886147.360429384,0.0,30886147.360429384,30886147.360429384,0.004275265073010515,0.75,3.0
2004-09-01,124072775.30991712,124008324.33935045,0.25,0.25,0.0,0.25,31018193.82747928,31018193.82747928,0.0,31018193.82747928,31018193.82747928,-0.0005194610212085615,0.75,3.0
2004-09-02,124008324.33935045,123358087.29882056,0.25,0.25,0.0,0.25,31002081.08483761,31002081.08483761,0.0,31002081.08483761,31002081.08483761,-0.005243495095946099,0.75,3.0
2004-09-03,123358087.29882056,122910233.82149862,0.25,0.25,0.0,0.25,30839521.82470514,30839521.82470514,0.0,30839521.82470514,30839521.82470514,-0.003630515737789275,0.75,3.0
2004-09-06,122910233.82149862,123222378.01651372,0.25,0.25,0.0,0.25,30727558.455374654,30727558.455374654,0.0,30727558.455374654,30727558.455374654,0.002539611107309825,0.75,3.0
2004-09-07,123222378.01651372,122936516.21094382,0.25,0.25,0.0,0.25,30805594.50412843,30805594.50412843,0.0,30805594.50412843,30805594.50412843,-0.0023198854799865165,0.75,3.0
2004-09-08,122936516.21094382,123422436.7255486,0.25,0.25,0.0,0.25,30734129.052735955,30734129.052735955,0.0,30734129.052735955,30734129.052735955,0.003952613345338585,0.75,3.0
2004-09-09,123422436.7255486,123307269.72661592,0.25,0.0,0.0,0.25,30855609.18138715,0.0,0.0,30855609.18138715,61711218.3627743,-0.0009331123415492748,0.5,2.0
2004-09-10,123307269.72661592,123609612.1725695,0.25,0.0,0.0,0.25,30826817.43165398,0.0,0.0,30826817.43165398,61653634.86330796,0.0024519433981783356,0.5,2.0
2004-09-13,123609612.1725695,123675169.93828729,0.25,0.0,0.0,0.25,30902403.043142375,0.0,0.0,30902403.043142375,61804806.08628475,0.0005303613899077242,0.5,2.0
2004-09-14,123675169.93828729,123732925.21050216,0.25,0.0,0.0,0.25,30918792.484571822,0.0,0.0,30918792.484571822,61837584.969143644,0.0004669916543773578,0.5,2.0
2004-09-15,123732925.21050216,123825035.72360626,0.25,0.0,0.0,0.25,30933231.30262554,0.0,0.0,30933231.30262554,61866462.60525108,0.0007444300936664816,0.5,2.0
2004-09-16,123825035.72360626,123951805.57351002,0.25,0.0,0.0,0.25,30956258.930901565,0.0,0.0,30956258.930901565,61912517.86180313,0.0010237820579897805,0.5,2.0
2004-09-17,123951805.57351002,124226503.19236897,0.25,0.0,0.0,0.25,30987951.393377505,0.0,0.0,30987951.393377505,61975902.78675501,0.0022161647229579917,0.5,2.0
2004-09-20,124226503.19236897,124323670.03513916,0.25,0.0,0.0,0.25,31056625.798092242,0.0,0.0,31056625.798092242,62113251.596184485,0.000782174819971615,0.5,2.0
2004-09-21,124323670.03513916,124499422.14487877,0.25,0.0,0.0,0.25,31080917.50878479,0.0,0.0,31080917.50878479,62161835.01756958,0.001413665713777018,0.5,2.0
2004-09-22,124499422.14487877,124437478.64209029,0.25,0.0,0.0,0.25,31124855.536219694,0.0,0.0,31124855.536219694,62249711.07243939,-0.0004975404842955111,0.5,2.0
2004-09-23,124437478.64209029,124662403.91702585,0.25,0.0,0.0,0.25,31109369.660522573,0.0,0.0,31109369.660522573,62218739.321045145,0.0018075364222261414,0.5,2.0
2004-09-24,124662403.91702585,124555929.67705075,0.25,0.0,0.0,0.25,31165600.979256462,0.0,0.0,31165600.979256462,62331201.958512925,-0.000854100648066819,0.5,2.0
2004-09-27,124555929.67705075,124580365.1017686,0.25,0.0,0.0,0.25,31138982.41926269,0.0,0.0,31138982.41926269,62277964.83852538,0.0001961803406806406,0.5,2.0
2004-09-28,124580365.1017686,124949577.70793502,0.25,0.0,0.0,0.25,31145091.27544215,0.0,0.0,31145091.27544215,62290182.5508843,0.002963650057252798,0.5,2.0
2004-09-29,124949577.70793502,125126544.52903244,0.25,0.0,0.0,0.25,31237394.426983755,0.0,0.0,31237394.426983755,62474788.85396751,0.0014163058758877023,0.5,2.0
2004-09-30,125126544.52903244,125466042.21615823,0.25,0.0,0.0,0.25,31281636.13225811,0.0,0.0,31281636.13225811,62563272.26451622,0.0027132347369108745,0.5,2.0
2004-10-01,125466042.21615823,125847175.10439269,0.25,0.0,0.25,0.25,31366510.554039557,0.0,31366510.554039557,31366510.554039557,31366510.554039557,0.003037737394934681,0.75,3.0
2004-10-04,125847175.10439269,125384664.8557368,0.25,0.0,0.25,0.25,31461793.776098173,0.0,31461793.776098173,31461793.776098173,31461793.776098173,-0.0036751738628398034,0.75,3.0
2004-10-05,125384664.8557368,126317887.14559731,0.25,0.0,0.25,0.25,31346166.2139342,0.0,31346166.2139342,31346166.2139342,31346166.2139342,0.00744287422177381,0.75,3.0
2004-10-06,126317887.14559731,126315541.0902298,0.25,0.0,0.25,0.25,31579471.786399327,0.0,31579471.786399327,31579471.786399327,31579471.786399327,-1.8572629898488957e-05,0.75,3.0
2004-10-07,126315541.0902298,126315592.05928026,0.25,0.0,0.25,0.25,31578885.27255745,0.0,31578885.27255745,31578885.27255745,31578885.27255745,4.0350577640291263e-07,0.75,3.0
2004-10-08,126315592.05928026,127663539.87662429,0.25,0.25,0.25,0.25,31578898.014820065,31578898.014820065,31578898.014820065,31578898.014820065,0.0,0.010671270231717989,1.0,4.0
2004-10-11,127663539.87662429,127525062.47073767,0.25,0.25,0.25,0.25,31915884.96915607,31915884.96915607,31915884.96915607,31915884.96915607,0.0,-0.0010847059859097619,1.0,4.0
2004-10-12,127525062.47073767,126227373.02476697,0.25,0.25,0.25,0.25,31881265.617684416,31881265.617684416,31881265.617684416,31881265.617684416,0.0,-0.010175956167584571,1.0,4.0
2004-10-13,126227373.02476697,125460207.09093748,0.25,0.25,0.25,0.25,31556843.25619174,31556843.25619174,31556843.25619174,31556843.25619174,0.0,-0.006077651110420856,1.0,4.0
2004-10-14,125460207.09093748,125765826.27873008,0.25,0.25,0.25,0.25,31365051.77273437,31365051.77273437,31365051.77273437,31365051.77273437,0.0,0.0024359850416243167,1.0,4.0
2004-10-15,125765826.27873008,126276140.3041882,0.25,0.25,0.25,0.25,31441456.56968252,31441456.56968252,31441456.56968252,31441456.56968252,0.0,0.0040576525480550685,1.0,4.0
2004-10-18,126276140.3041882,125539325.34835954,0.25,0.25,0.25,0.25,31569035.07604705,31569035.07604705,31569035.07604705,31569035.07604705,0.0,-0.005834949928416849,1.0,4.0
2004-10-19,125539325.34835954,125992513.04827783,0.25,0.25,0.25,0.25,31384831.337089885,31384831.337089885,31384831.337089885,31384831.337089885,0.0,0.0036099262016958955,1.0,4.0
2004-10-20,125992513.04827783,126871638.8284116,0.25,0.25,0.25,0.25,31498128.262069456,31498128.262069456,31498128.262069456,31498128.262069456,0.0,0.006977603342167543,1.0,4.0
2004-10-21,126871638.8284116,127507407.33298531,0.25,0.25,0.25,0.25,31717909.7071029,31717909.7071029,31717909.7071029,31717909.7071029,0.0,0.005011116041730795,1.0,4.0
2004-10-22,127507407.33298531,127866751.36912218,0.25,0.25,0.25,0.25,31876851.833246328,31876851.833246328,31876851.833246328,31876851.833246328,0.0,0.0028182208677368648,1.0,4.0
2004-10-25,127866751.36912218,127938960.89955688,0.25,0.25,0.25,0.25,31966687.842280544,31966687.842280544,31966687.842280544,31966687.842280544,0.0,0.0005647248378607139,1.0,4.0
2004-10-26,127938960.89955688,128345039.86054724,0.25,0.25,0.25,0.25,31984740.22488922,31984740.22488922,31984740.22488922,31984740.22488922,0.0,0.0031740054642868942,1.0,4.0
2004-10-27,128345039.86054724,127627775.37720624,0.25,0.25,0.25,0.25,32086259.96513681,32086259.96513681,32086259.96513681,32086259.96513681,0.0,-0.005588564109063582,1.0,4.0
2004-10-28,127627775.37720624,127316877.62746629,0.25,0.25,0.25,0.25,31906943.84430156,31906943.84430156,31906943.84430156,31906943.84430156,0.0,-0.0024359724896957924,1.0,4.0
2004-10-29,127316877.62746629,128144391.8910432,0.25,0.25,0.25,0.25,31829219.406866573,31829219.406866573,31829219.406866573,31829219.406866573,0.0,0.006499643087370277,1.0,4.0
2004-11-01,128144391.8910432,127449973.60504295,0.25,0.25,0.25,0.25,32036097.9727608,32036097.9727608,32036097.9727608,32036097.9727608,0.0,-0.0054190298596188125,1.0,4.0
2004-11-02,127449973.60504295,126991263.76538916,0.25,0.25,0.25,0.25,31862493.401260737,31862493.401260737,31862493.401260737,31862493.401260737,0.0,-0.003599136403709957,1.0,4.0
2004-11-03,126991263.76538916,128346500.21173142,0.25,0.25,0.25,0.25,31747815.94134729,31747815.94134729,31747815.94134729,31747815.94134729,0.0,0.01067188723191237,1.0,4.0
2004-11-04,128346500.21173142,128390259.57569705,0.25,0.25,0.25,0.25,32086625.052932855,32086625.052932855,32086625.052932855,32086625.052932855,0.0,0.0003409470760280253,1.0,4.0
2004-11-05,128390259.57569705,128932873.34209567,0.25,0.25,0.25,0.25,32097564.893924262,32097564.893924262,32097564.893924262,32097564.893924262,0.0,0.0042262845187153175,1.0,4.0
2004-11-08,128932873.34209567,128180289.725148,0.25,0.25,0.25,0.25,32233218.33552392,32233218.33552392,32233218.33552392,32233218.33552392,0.0,-0.005837018887734108,1.0,4.0
2004-11-09,128180289.725148,128384140.90249623,0.25,0.25,0.25,0.25,32045072.431287,32045072.431287,32045072.431287,32045072.431287,0.0,0.0015903472974303778,1.0,4.0
2004-11-10,128384140.90249623,128809681.50917219,0.25,0.25,0.25,0.25,32096035.22562406,32096035.22562406,32096035.22562406,32096035.22562406,0.0,0.003314588575228705,1.0,4.0
2004-11-11,128809681.50917219,128827926.4302766,0.25,0.25,0.25,0.25,32202420.377293047,32202420.377293047,32202420.377293047,32202420.377293047,0.0,0.00014164246732589758,1.0,4.0
2004-11-12,128827926.4302766,129651638.31459956,0.25,0.25,0.25,0.25,32206981.60756915,32206981.60756915,32206981.60756915,32206981.60756915,0.0,0.0063938922805588105,1.0,4.0
2004-11-15,129651638.31459956,129840995.92054094,0.25,0.25,0.25,0.25,32412909.57864989,32412909.57864989,32412909.57864989,32412909.57864989,0.0,0.0014605107070216894,1.0,4.0
2004-11-16,129840995.92054094,129878615.43848743,0.25,0.25,0.25,0.25,32460248.980135236,32460248.980135236,32460248.980135236,32460248.980135236,0.0,0.0002897352849134116,1.0,4.0
2004-11-17,129878615.43848743,131542936.47052704,0.25,0.25,0.25,0.25,32469653.859621856,32469653.859621856,32469653.859621856,32469653.859621856,0.0,0.012814434665943009,1.0,4.0
2004-11-18,131542936.47052704,130763039.31277597,0.25,0.25,0.25,0.25,32885734.11763176,32885734.11763176,32885734.11763176,32885734.11763176,0.0,-0.0059288410208616915,1.0,4.0
2004-11-19,130763039.31277597,131626401.53488283,0.25,0.25,0.25,0.25,32690759.828193992,32690759.828193992,32690759.828193992,32690759.828193992,0.0,0.0066024943030097705,1.0,4.0
2004-11-22,131626401.53488283,131926380.2012028,0.25,0.25,0.25,0.25,32906600.383720707,32906600.383720707,32906600.383720707,32906600.383720707,0.0,0.0022790159331407545,1.0,4.0
2004-11-23,131926380.2012028,132310255.64388789,0.25,0.25,0.25,0.25,32981595.0503007,32981595.0503007,32981595.0503007,32981595.0503007,0.0,0.002909770146802021,1.0,4.0
2004-11-24,132310255.64388789,133103436.74534033,0.25,0.25,0.25,0.25,33077563.910971973,33077563.910971973,33077563.910971973,33077563.910971973,0.0,0.0059948572965294045,1.0,4.0
2004-11-25,133103436.74534033,133619660.13701876,0.25,0.25,0.25,0.25,33275859.186335083,33275859.186335083,33275859.186335083,33275859.186335083,0.0,0.003878362605062524,1.0,4.0
2004-11-26,133619660.13701876,133742149.69047984,0.25,0.25,0.25,0.25,33404915.03425469,33404915.03425469,33404915.03425469,33404915.03425469,0.0,0.0009167030759956452,1.0,4.0
2004-11-29,133742149.69047984,133153018.27970296,0.25,0.25,0.25,0.25,33435537.42261996,33435537.42261996,33435537.42261996,33435537.42261996,0.0,-0.004404979373670237,1.0,4.0
2004-11-30,133153018.27970296,132443520.09183261,0.25,0.25,0.25,0.25,33288254.56992574,33288254.56992574,33288254.56992574,33288254.56992574,0.0,-0.005328442396851901,1.0,4.0
2004-12-01,132443520.09183261,132333850.23672768,0.25,0.25,0.25,0.25,33110880.022958152,33110880.022958152,33110880.022958152,33110880.022958152,0.0,-0.0008280499871105296,1.0,4.0
2004-12-02,132333850.23672768,130620265.31323788,0.25,0.25,0.25,0.25,33083462.55918192,33083462.55918192,33083462.55918192,33083462.55918192,0.0,-0.012948953880087516,1.0,4.0
2004-12-03,130620265.31323788,131591539.45272051,0.25,0.25,0.25,0.25,32655066.32830947,32655066.32830947,32655066.32830947,32655066.32830947,0.0,0.007435861021668072,1.0,4.0
2004-12-06,131591539.45272051,131046290.17821719,0.25,0.25,0.0,0.25,32897884.863180127,32897884.863180127,0.0,32897884.863180127,32897884.863180127,-0.0041434979541313255,0.75,3.0
2004-12-07,131046290.17821719,130565485.8412162,0.25,0.25,0.0,0.25,32761572.544554297,32761572.544554297,0.0,32761572.544554297,32761572.544554297,-0.003668965648299577,0.75,3.0
2004-12-08,130565485.8412162,128930085.04742885,0.25,0.25,0.0,0.25,32641371.46030405,32641371.46030405,0.0,32641371.46030405,32641371.46030405,-0.012525521451941857,0.75,3.0
2004-12-09,128930085.04742885,128255348.7282688,0.25,0.25,0.0,0.25,32232521.26185721,32232521.26185721,0.0,32232521.26185721,32232521.26185721,-0.0052333504543320974,0.75,3.0
2004-12-10,128255348.7282688,128070377.46474144,0.25,0.25,0.0,0.25,32063837.1820672,32063837.1820672,0.0,32063837.1820672,32063837.1820672,-0.0014422109125386828,0.75,3.0
2004-12-13,128070377.46474144,128889019.09660578,0.25,0.25,0.0,0.25,32017594.36618536,32017594.36618536,0.0,32017594.36618536,32017594.36618536,0.006392123206552747,0.75,3.0
2004-12-14,128889019.09660578,128485760.93556215,0.25,0.25,0.0,0.25,32222254.774151444,32222254.774151444,0.0,32222254.774151444,32222254.774151444,-0.0031287239508074605,0.75,3.0
2004-12-15,128485760.93556215,129713567.47324738,0.25,0.25,0.0,0.25,32121440.233890537,32121440.233890537,0.0,32121440.233890537,32121440.233890537,0.009555973586061528,0.75,3.0
2004-12-16,129713567.47324738,128925218.26381005,0.25,0.25,0.0,0.25,32428391.868311845,32428391.868311845,0.0,32428391.868311845,32428391.868311845,-0.006077615663449665,0.75,3.0
2004-12-17,128925218.26381005,129950690.19060193,0.25,0.25,0.0,0.25,32231304.565952513,32231304.565952513,0.0,32231304.565952513,32231304.565952513,0.007954005745357984,0.75,3.0
2004-12-20,129950690.19060193,130554923.22570488,0.25,0.25,0.0,0.25,32487672.547650483,32487672.547650483,0.0,32487672.547650483,32487672.547650483,0.004649710087854975,0.75,3.0
2004-12-21,130554923.22570488,130238568.84327388,0.25,0.25,0.0,0.25,32638730.80642622,32638730.80642622,0.0,32638730.80642622,32638730.80642622,-0.0024231516867738723,0.75,3.0
2004-12-22,130238568.84327388,130019826.80466697,0.25,0.25,0.0,0.25,32559642.21081847,32559642.21081847,0.0,32559642.21081847,32559642.21081847,-0.0016795488506182177,0.75,3.0
2004-12-23,130019826.80466697,130398291.14583772,0.25,0.25,0.0,0.25,32504956.70116674,32504956.70116674,0.0,32504956.70116674,32504956.70116674,0.002910820222359667,0.75,3.0
2004-12-24,130398291.14583772,130673885.76554571,0.25,0.25,0.0,0.25,32599572.78645943,32599572.78645943,0.0,32599572.78645943,32599572.78645943,0.0021134833691937027,0.75,3.0
2004-12-27,130673885.76554571,131267488.69956,0.25,0.25,0.0,0.25,32668471.441386428,32668471.441386428,0.0,32668471.441386428,32668471.441386428,0.004542628624967349,0.75,3.0
2004-12-28,131267488.69956,131278279.8917694,0.25,0.25,0.0,0.25,32816872.17489,32816872.17489,0.0,32816872.17489,32816872.17489,8.22076533670002e-05,0.75,3.0
2004-12-29,131278279.8917694,130673023.2800818,0.25,0.25,0.0,0.25,32819569.97294235,32819569.97294235,0.0,32819569.97294235,32819569.97294235,-0.0046104855440411985,0.75,3.0
2004-12-30,130673023.2800818,131308118.91920403,0.25,0.25,0.0,0.25,32668255.82002045,32668255.82002045,0.0,32668255.82002045,32668255.82002045,0.004860189373295354,0.75,3.0
2004-12-31,131308118.91920403,131396203.56744264,0.25,0.25,0.0,0.25,32827029.729801007,32827029.729801007,0.0,32827029.729801007,32827029.729801007,0.0006708240812801913,0.75,3.0
2005-01-03,131396203.56744264,130495321.42405748,0.25,0.25,0.0,0.25,32849050.89186066,32849050.89186066,0.0,32849050.89186066,32849050.89186066,-0.0068562265798094435,0.75,3.0
2005-01-04,130495321.42405748,129655668.22334765,0.25,0.25,0.0,0.25,32623830.35601437,32623830.35601437,0.0,32623830.35601437,32623830.35601437,-0.006434354822433097,0.75,3.0
2005-01-05,129655668.22334765,129397567.54724315,0.25,0.25,0.0,0.25,32413917.055836912,32413917.055836912,0.0,32413917.055836912,32413917.055836912,-0.001990662495833906,0.75,3.0
2005-01-06,129397567.54724315,128621904.87927529,0.25,0.25,0.0,0.25,32349391.886810787,32349391.886810787,0.0,32349391.886810787,32349391.886810787,-0.005994414598903874,0.75,3.0
2005-01-07,128621904.87927529,128439183.58772516,0.25,0.25,0.0,0.25,32155476.219818823,32155476.219818823,0.0,32155476.219818823,32155476.219818823,-0.0014206078795181154,0.75,3.0
2005-01-10,128439183.58772516,128699308.01527381,0.25,0.25,0.0,0.25,32109795.89693129,32109795.89693129,0.0,32109795.89693129,32109795.89693129,0.002025273131473604,0.75,3.0
2005-01-11,128699308.01527381,128648546.79337232,0.25,0.25,0.0,0.0,32174827.003818452,32174827.003818452,0.0,0.0,64349654.007636905,-0.0003944172092631981,0.5,2.0
2005-01-12,128648546.79337232,129114681.60066004,0.25,0.25,0.0,0.0,32162136.69834308,32162136.69834308,0.0,0.0,64324273.39668616,0.0036233196480362495,0.5,2.0
2005-01-13,129114681.60066004,129126686.85028608,0.25,0.25,0.0,0.0,32278670.40016501,32278670.40016501,0.0,0.0,64557340.80033002,9.29812897897675e-05,0.5,2.0
2005-01-14,129126686.85028608,128805882.7179811,0.25,0.25,0.0,0.0,32281671.71257152,32281671.71257152,0.0,0.0,64563343.42514304,-0.0024844138739261445,0.5,2.0
2005-01-17,128805882.7179811,128779411.94830684,0.25,0.25,0.0,0.0,32201470.679495275,32201470.679495275,0.0,0.0,64402941.35899055,-0.00020550901182231351,0.5,2.0
2005-01-18,128779411.94830684,128544770.02370273,0.25,0.25,0.0,0.0,32194852.98707671,32194852.98707671,0.0,0.0,64389705.97415342,-0.0018220453180692042,0.5,2.0
2005-01-19,128544770.02370273,128747298.02347139,0.25,0.25,0.0,0.0,32136192.50592568,32136192.50592568,0.0,0.0,64272385.01185136,0.001575544456077882,0.5,2.0
2005-01-20,128747298.02347139,128679881.47934066,0.25,0.25,0.0,0.0,32186824.505867846,32186824.505867846,0.0,0.0,64373649.01173569,-0.0005236346328482411,0.5,2.0
2005-01-21,128679881.47934066,129482066.27837388,0.25,0.25,0.0,0.0,32169970.369835164,32169970.369835164,0.0,0.0,64339940.73967033,0.006233956620188608,0.5,2.0
2005-01-24,129482066.27837388,129574416.47548522,0.25,0.0,0.0,0.0,32370516.56959347,0.0,0.0,0.0,97111549.70878041,0.000713227706088615,0.25,1.0
2005-01-25,129574416.47548522,129515494.22582616,0.25,0.0,0.0,0.0,32393604.118871305,0.0,0.0,0.0,97180812.35661392,-0.00045473675484547504,0.25,1.0
2005-01-26,129515494.22582616,129811387.21305762,0.25,0.0,0.0,0.0,32378873.55645654,0.0,0.0,0.0,97136620.66936962,0.002284614586078315,0.25,1.0
2005-01-27,129811387.21305762,129834576.36573008,0.25,0.0,0.0,0.0,32452846.803264406,0.0,0.0,0.0,97358540.40979321,0.0001786372765154587,0.25,1.0
2005-01-28,129834576.36573008,130075788.93279183,0.25,0.0,0.0,0.0,32458644.09143252,0.0,0.0,0.0,97375932.27429757,0.0018578453738107847,0.25,1.0
2005-01-31,130075788.93279183,130548091.96968102,0.25,0.0,0.0,0.0,32518947.233197957,0.0,0.0,0.0,97556841.69959387,0.003630983450219172,0.25,1.0
2005-02-01,130548091.96968102,130561373.63785043,0.25,0.0,0.0,0.0,32637022.992420256,0.0,0.0,0.0,97911068.97726077,0.00010173774253624535,0.25,1.0
2005-02-02,130561373.63785043,130505839.8823928,0.25,0.0,0.0,0.0,32640343.40946261,0.0,0.0,0.0,97921030.22838783,-0.00042534598028715065,0.25,1.0
2005-02-03,130505839.8823928,130679326.66934432,0.25,0.0,0.0,0.0,32626459.9705982,0.0,0.0,0.0,97879379.9117946,0.0013293411782022146,0.25,1.0
2005-02-04,130679326.66934432,130555719.29562715,0.25,0.0,0.0,0.0,32669831.66733608,0.0,0.0,0.0,98009495.00200824,-0.0009458831543411317,0.25,1.0
2005-02-07,130555719.29562715,130685131.9622706,0.25,0.0,0.0,0.0,32638929.823906787,0.0,0.0,0.0,97916789.47172037,0.0009912447140705272,0.25,1.0
2005-02-08,130685131.9622706,130336153.6408616,0.25,0.0,0.0,0.0,32671282.99056765,0.0,0.0,0.0,98013848.97170295,-0.0026703750929353842,0.25,1.0
2005-02-09,130336153.6408616,130713942.24130915,0.25,0.0,0.0,0.0,32584038.4102154,0.0,0.0,0.0,97752115.2306462,0.0028985710403003906,0.25,1.0
2005-02-10,130713942.24130915,130564860.38837,0.25,0.0,0.0,0.0,32678485.560327288,0.0,0.0,0.0,98035456.68098186,-0.0011405199046320147,0.25,1.0
2005-02-11,130564860.38837,130751209.52745256,0.25,0.0,0.0,0.0,32641215.0970925,0.0,0.0,0.0,97923645.2912775,0.001427253386004912,0.25,1.0
2005-02-14,130751209.52745256,131075467.09765159,0.25,0.0,0.0,0.0,32687802.38186314,0.0,0.0,0.0,98063407.14558941,0.0024799584751139525,0.25,1.0
2005-02-15,131075467.09765159,131044085.86012544,0.25,0.25,0.0,0.0,32768866.774412896,32768866.774412896,0.0,0.0,65537733.54882579,-0.00023941350903419756,0.5,2.0
2005-02-16,131044085.86012544,130922508.34862424,0.25,0.25,0.0,0.0,32761021.46503136,32761021.46503136,0.0,0.0,65522042.93006272,-0.0009277603846309657,0.5,2.0
2005-02-17,130922508.34862424,131413709.53018942,0.25,0.25,0.0,0.0,32730627.08715606,32730627.08715606,0.0,0.0,65461254.17431212,0.0037518467050539073,0.5,2.0
2005-02-18,131413709.53018942,131260514.55647588,0.25,0.25,0.0,0.0,32853427.382547356,32853427.382547356,0.0,0.0,65706854.76509471,-0.001165745752564451,0.5,2.0
2005-02-21,131260514.55647588,131291573.13266115,0.25,0.25,0.0,0.0,32815128.63911897,32815128.63911897,0.0,0.0,65630257.27823794,0.00023661781526770898,0.5,2.0
2005-02-22,131291573.13266115,131246625.09907159,0.25,0.25,0.0,0.0,32822893.283165287,32822893.283165287,0.0,0.0,65645786.566330574,-0.0003423527688570238,0.5,2.0
2005-02-23,131246625.09907159,131147016.60957482,0.25,0.25,0.0,0.0,32811656.274767898,32811656.274767898,0.0,0.0,65623312.549535796,-0.0007589413397988409,0.5,2.0
2005-02-24,131147016.60957482,130601637.8977563,0.25,0.25,0.25,0.0,32786754.152393706,32786754.152393706,32786754.152393706,0.0,32786754.152393706,-0.004158529304880143,0.75,3.0
2005-02-25,130601637.8977563,130760639.42719613,0.25,0.25,0.25,0.0,32650409.474439073,32650409.474439073,32650409.474439073,0.0,32650409.474439073,0.0012174543290515982,0.75,3.0
2005-02-28,130760639.42719613,131921597.99128903,0.25,0.25,0.25,0.0,32690159.856799033,32690159.856799033,32690159.856799033,0.0,32690159.856799033,0.008878501735526456,0.75,3.0
2005-03-01,131921597.99128903,131150708.17817809,0.25,0.25,0.25,0.0,32980399.49782226,32980399.49782226,32980399.49782226,0.0,32980399.49782226,-0.005843545142334178,0.75,3.0
2005-03-02,131150708.17817809,131156843.2371756,0.25,0.25,0.25,0.0,32787677.04454452,32787677.04454452,32787677.04454452,0.0,32787677.04454452,4.677869515723465e-05,0.75,3.0
2005-03-03,131156843.2371756,130679187.15806675,0.25,0.25,0.25,0.0,32789210.8092939,32789210.8092939,32789210.8092939,0.0,32789210.8092939,-0.0036418692865692603,0.75,3.0
2005-03-04,130679187.15806675,131598225.45941997,0.25,0.25,0.25,0.0,32669796.789516687,32669796.789516687,32669796.789516687,0.0,32669796.789516687,0.007032782506074031,0.75,3.0
2005-03-07,131598225.45941997,131447754.95159979,0.25,0.25,0.25,0.0,32899556.36485499,32899556.36485499,32899556.36485499,0.0,32899556.36485499,-0.001143408334685958,0.75,3.0
2005-03-08,131447754.95159979,131776666.72677381,0.25,0.25,0.25,0.0,32861938.737899948,32861938.737899948,32861938.737899948,0.0,32861938.737899948,0.002502224365072886,0.75,3.0
2005-03-09,131776666.72677381,131776599.14944096,0.25,0.25,0.25,0.25,32944166.681693453,32944166.681693453,32944166.681693453,32944166.681693453,0.0,-5.128171362833722e-07,1.0,4.0
2005-03-10,131776599.14944096,131312060.59687728,0.25,0.25,0.25,0.25,32944149.78736024,32944149.78736024,32944149.78736024,32944149.78736024,0.0,-0.0035251976114277217,1.0,4.0
2005-03-11,131312060.59687728,132270610.22966373,0.25,0.25,0.25,0.25,32828015.14921932,32828015.14921932,32828015.14921932,32828015.14921932,0.0,0.007299783648427816,1.0,4.0
2005-03-14,132270610.22966373,131008444.08069983,0.25,0.25,0.25,0.25,33067652.557415932,33067652.557415932,33067652.557415932,33067652.557415932,0.0,-0.009542302305647399,1.0,4.0
2005-03-15,131008444.08069983,131439733.96898311,0.25,0.25,0.25,0.25,32752111.020174958,32752111.020174958,32752111.020174958,32752111.020174958,0.0,0.00329207702075765,1.0,4.0
2005-03-16,131439733.96898311,132263501.11083391,0.25,0.25,0.25,0.25,32859933.49224578,32859933.49224578,32859933.49224578,32859933.49224578,0.0,0.006267261177241967,1.0,4.0
2005-03-17,132263501.11083391,131853604.21912411,0.25,0.25,0.25,0.25,33065875.27770848,33065875.27770848,33065875.27770848,33065875.27770848,0.0,-0.0030990930095394498,1.0,4.0
2005-03-18,131853604.21912411,131886361.13795888,0.0,0.25,0.25,0.25,0.0,32963401.054781027,32963401.054781027,32963401.054781027,32963401.054781027,0.0002484340039757005,0.75,3.0
2005-03-21,131886361.13795888,130563788.44455592,0.0,0.25,0.25,0.25,0.0,32971590.28448972,32971590.28448972,32971590.28448972,32971590.28448972,-0.010028123317615018,0.75,3.0
2005-03-22,130563788.44455592,130326949.81916952,0.0,0.25,0.25,0.25,0.0,32640947.11113898,32640947.11113898,32640947.11113898,32640947.11113898,-0.001813968698426427,0.75,3.0
2005-03-23,130326949.81916952,128794761.78726721,0.0,0.25,0.25,0.25,0.0,32581737.45479238,32581737.45479238,32581737.45479238,32581737.45479238,-0.011756494217260854,0.75,3.0
2005-03-24,128794761.78726721,128849018.51445016,0.0,0.25,0.25,0.25,0.0,32198690.446816802,32198690.446816802,32198690.446816802,32198690.446816802,0.00042126501443096043,0.75,3.0
2005-03-25,128849018.51445016,128836135.12829122,0.0,0.25,0.25,0.25,0.0,32212254.62861254,32212254.62861254,32212254.62861254,32212254.62861254,-9.998823667803358e-05,0.75,3.0
2005-03-28,128836135.12829122,128745819.45837742,0.0,0.25,0.25,0.25,0.0,32209033.782072805,32209033.782072805,32209033.782072805,32209033.782072805,-0.0007010119468723042,0.75,3.0
2005-03-29,128745819.45837742,129034609.48089673,0.0,0.25,0.25,0.25,0.0,32186454.864594355,32186454.864594355,32186454.864594355,32186454.864594355,0.0022431021351546065,0.75,3.0
2005-03-30,129034609.48089673,129307859.29658875,0.0,0.25,0.25,0.25,0.0,32258652.37022418,32258652.37022418,32258652.37022418,32258652.37022418,0.0021176474807129697,0.75,3.0
2005-03-31,129307859.29658875,129868148.68049496,0.0,0.25,0.25,0.25,0.0,32326964.824147187,32326964.824147187,32326964.824147187,32326964.824147187,0.004332987855139747,0.75,3.0
2005-04-01,129868148.68049496,129687623.06668612,0.0,0.25,0.25,0.25,0.0,32467037.17012374,32467037.17012374,32467037.17012374,32467037.17012374,-0.0013900684320447554,0.75,3.0
2005-04-04,129687623.06668612,129155014.74615534,0.0,0.25,0.25,0.25,0.0,32421905.76667153,32421905.76667153,32421905.76667153,32421905.76667153,-0.004106855441840612,0.75,3.0
2005-04-05,129155014.74615534,129052739.8850751,0.0,0.25,0.25,0.25,0.0,32288753.686538834,32288753.686538834,32288753.686538834,32288753.686538834,-0.0007918768100583229,0.75,3.0
2005-04-06,129052739.8850751,129124832.62785062,0.0,0.25,0.25,0.25,0.0,32263184.971268777,32263184.971268777,32263184.971268777,32263184.971268777,0.0005586300828615276,0.75,3.0
2005-04-07,129124832.62785062,128715436.16384287,0.0,0.25,0.25,0.25,0.0,32281208.156962655,32281208.156962655,32281208.156962655,32281208.156962655,-0.003170547877399177,0.75,3.0
2005-04-08,128715436.16384287,128653733.96100783,0.0,0.25,0.25,0.25,0.0,32178859.040960718,32178859.040960718,32178859.040960718,32178859.040960718,-0.0004793691003500966,0.75,3.0
2005-04-11,128653733.96100783,128886525.06283483,0.0,0.0,0.25,0.25,0.0,0.0,32163433.49025196,32163433.49025196,64326866.98050392,0.0018094391407058041,0.5,2.0
2005-04-12,128886525.06283483,128527193.36701852,0.0,0.0,0.25,0.25,0.0,0.0,32221631.265708707,32221631.265708707,64443262.531417415,-0.002787969461052059,0.5,2.0
2005-04-13,128527193.36701852,128140737.47632717,0.0,0.0,0.25,0.25,0.0,0.0,32131798.34175463,32131798.34175463,64263596.68350926,-0.003006802533902758,0.5,2.0
2005-04-14,128140737.47632717,128093073.27254729,0.0,0.0,0.25,0.0,0.0,0.0,32035184.36908179,0.0,96105553.10724537,-0.0003719676093535962,0.25,1.0
2005-04-15,128093073.27254729,127996531.53448918,0.0,0.0,0.25,0.0,0.0,0.0,32023268.318136822,0.0,96069804.95441046,-0.0007536842983905112,0.25,1.0
2005-04-18,127996531.53448918,127803240.39936993,0.0,0.0,0.25,0.0,0.0,0.0,31999132.883622296,0.0,95997398.6508669,-0.001510127913639303,0.25,1.0
2005-04-19,127803240.39936993,128595782.32028736,0.0,0.0,0.25,0.0,0.0,0.0,31950810.09984248,0.0,95852430.29952744,0.0062012662467779145,0.25,1.0
2005-04-20,128595782.32028736,129131801.74168298,0.25,0.0,0.25,0.0,32148945.58007184,0.0,32148945.58007184,0.0,64297891.16014368,0.004168250402338758,0.5,2.0
2005-04-21,129131801.74168298,129269713.54167943,0.25,0.0,0.25,0.0,32282950.435420744,0.0,32282950.435420744,0.0,64565900.87084149,0.001067992532717249,0.5,2.0
2005-04-22,129269713.54167943,129703601.8799516,0.25,0.0,0.25,0.0,32317428.385419857,0.0,32317428.385419857,0.0,64634856.77083971,0.003356457799624346,0.5,2.0
2005-04-25,129703601.8799516,129817007.9169606,0.25,0.0,0.25,0.0,32425900.4699879,0.0,32425900.4699879,0.0,64851800.9399758,0.0008743476307927489,0.5,2.0
2005-04-26,129817007.9169606,129598923.78407755,0.25,0.0,0.25,0.0,32454251.97924015,0.0,32454251.97924015,0.0,64908503.9584803,-0.0016799349821907672,0.5,2.0
2005-04-27,129598923.78407755,129248910.61711003,0.25,0.0,0.25,0.0,32399730.94601939,0.0,32399730.94601939,0.0,64799461.89203878,-0.0027007413082432707,0.5,2.0
2005-04-28,129248910.61711003,128937963.52339974,0.25,0.0,0.25,0.25,32312227.654277507,0.0,32312227.654277507,32312227.654277507,32312227.654277507,-0.0024058004994057247,0.75,3.0
2005-04-29,128937963.52339974,128832886.60615431,0.25,0.0,0.25,0.25,32234490.880849935,0.0,32234490.880849935,32234490.880849935,32234490.880849935,-0.0008149416539091348,0.75,3.0
2005-05-02,128832886.60615431,128811613.62831344,0.25,0.0,0.25,0.25,32208221.651538577,0.0,32208221.651538577,32208221.651538577,32208221.651538577,-0.00016512071103325088,0.75,3.0
2005-05-03,128811613.62831344,128335010.64799024,0.25,0.0,0.25,0.25,32202903.40707836,0.0,32202903.40707836,32202903.40707836,32202903.40707836,-0.0037000000768443175,0.75,3.0
2005-05-04,128335010.64799024,128864575.4134573,0.25,0.0,0.0,0.25,32083752.66199756,0.0,0.0,32083752.66199756,64167505.32399512,0.004126424759644254,0.5,2.0
2005-05-05,128864575.4134573,128795649.42393309,0.25,0.0,0.0,0.25,32216143.853364326,0.0,0.0,32216143.853364326,64432287.70672865,-0.0005348715060214948,0.5,2.0
2005-05-06,128795649.42393309,128730888.37493935,0.25,0.0,0.0,0.25,32198912.355983272,0.0,0.0,32198912.355983272,64397824.711966544,-0.0005028201595581039,0.5,2.0
2005-05-09,128730888.37493935,128925184.63810147,0.25,0.0,0.0,0.0,32182722.093734838,0.0,0.0,0.0,96548166.28120452,0.0015093212329601036,0.25,1.0
2005-05-10,128925184.63810147,128711629.3210766,0.25,0.0,0.0,0.0,32231296.15952537,0.0,0.0,0.0,96693888.47857611,-0.0016564282426611565,0.25,1.0
2005-05-11,128711629.3210766,128473508.59230644,0.25,0.0,0.0,0.0,32177907.33026915,0.0,0.0,0.0,96533721.99080744,-0.0018500327439423536,0.25,1.0
2005-05-12,128473508.59230644,128808272.2573858,0.25,0.0,0.0,0.0,32118377.14807661,0.0,0.0,0.0,96355131.44422983,0.0026057018972035495,0.25,1.0
2005-05-13,128808272.2573858,128812929.74430825,0.25,0.0,0.0,0.0,32202068.06434645,0.0,0.0,0.0,96606204.19303936,3.615829046410557e-05,0.25,1.0
2005-05-16,128812929.74430825,128657124.3152069,0.25,0.0,0.0,0.0,32203232.436077062,0.0,0.0,0.0,96609697.30823119,-0.0012095480586507834,0.25,1.0
2005-05-17,128657124.3152069,128673732.7643396,0.25,0.0,0.0,0.0,32164281.078801725,0.0,0.0,0.0,96492843.23640518,0.00012909078468148483,0.25,1.0
2005-05-18,128673732.7643396,128938616.63994244,0.25,0.0,0.0,0.0,32168433.1910849,0.0,0.0,0.0,96505299.5732547,0.0020585699187570805,0.25,1.0
2005-05-19,128938616.63994244,129180531.29307616,0.25,0.0,0.0,0.0,32234654.15998561,0.0,0.0,0.0,96703962.47995684,0.0018762001597182332,0.25,1.0
2005-05-20,129180531.29307616,129093828.13585916,0.25,0.0,0.0,0.0,32295132.82326904,0.0,0.0,0.0,96885398.46980712,-0.0006711782057955695,0.25,1.0
2005-05-23,129093828.13585916,129387210.54010504,0.25,0.0,0.0,0.0,32273457.03396479,0.0,0.0,0.0,96820371.10189438,0.002272629206852117,0.25,1.0
2005-05-24,129387210.54010504,129407757.1303367,0.25,0.0,0.0,0.0,32346802.63502626,0.0,0.0,0.0,97040407.90507878,0.00015879923638428828,0.25,1.0
2005-05-25,129407757.1303367,129746201.94390036,0.25,0.0,0.0,0.0,32351939.282584175,0.0,0.0,0.0,97055817.84775253,0.0026153363683044106,0.25,1.0
2005-05-26,129746201.94390036,129750206.61200216,0.25,0.0,0.0,0.0,32436550.48597509,0.0,0.0,0.0,97309651.45792527,3.0865397536106176e-05,0.25,1.0
2005-05-27,129750206.61200216,129764099.97511588,0.25,0.0,0.0,0.0,32437551.65300054,0.0,0.0,0.0,97312654.95900163,0.00010707777256407924,0.25,1.0
2005-05-30,129764099.97511588,130233115.81109871,0.25,0.0,0.0,0.0,32441024.99377897,0.0,0.0,0.0,97323074.9813369,0.003614372820161804,0.25,1.0
2005-05-31,130233115.81109871,129757582.49235287,0.25,0.0,0.0,0.0,32558278.952774677,0.0,0.0,0.0,97674836.85832404,-0.003651400918915193,0.25,1.0
2005-06-01,129757582.49235287,129353883.38654065,0.25,0.0,0.0,0.0,32439395.62308822,0.0,0.0,0.0,97318186.86926466,-0.0031111793088162143,0.25,1.0
2005-06-02,129353883.38654065,129664409.9932905,0.25,0.0,0.0,0.0,32338470.846635163,0.0,0.0,0.0,97015412.53990549,0.002400597482039968,0.25,1.0
2005-06-03,129664409.9932905,129785118.22499299,0.25,0.0,0.0,0.0,32416102.498322625,0.0,0.0,0.0,97248307.49496788,0.0009309280141616139,0.25,1.0
2005-06-06,129785118.22499299,129019082.08059713,0.25,0.0,0.0,0.0,32446279.556248248,0.0,0.0,0.0,97338838.66874474,-0.005902341923885807,0.25,1.0
2005-06-07,129019082.08059713,129179682.71174087,0.25,0.0,0.0,0.0,32254770.520149283,0.0,0.0,0.0,96764311.56044784,0.0012447820008780197,0.25,1.0
2005-06-08,129179682.71174087,129347514.07083707,0.25,0.0,0.0,0.0,32294920.677935217,0.0,0.0,0.0,96884762.03380565,0.0012992086338429742,0.25,1.0
2005-06-09,129347514.07083707,128849256.463253,0.25,0.0,0.0,0.0,32336878.517709266,0.0,0.0,0.0,97010635.5531278,-0.003852084913755577,0.25,1.0
2005-06-10,128849256.463253,129056667.18809308,0.25,0.0,0.0,0.0,32212314.11581325,0.0,0.0,0.0,96636942.34743975,0.001609716117370319,0.25,1.0
2005-06-13,129056667.18809308,129222411.46878773,0.25,0.0,0.0,0.0,32264166.79702327,0.0,0.0,0.0,96792500.39106981,0.0012842752281296277,0.25,1.0
2005-06-14,129222411.46878773,129157403.1768995,0.25,0.0,0.0,0.0,32305602.867196932,0.0,0.0,0.0,96916808.6015908,-0.0005030728892095049,0.25,1.0
2005-06-15,129157403.1768995,129460313.8282891,0.25,0.0,0.0,0.0,32289350.794224873,0.0,0.0,0.0,96868052.38267462,0.002345282917888547,0.25,1.0
2005-06-16,129460313.8282891,129962849.33500324,0.25,0.0,0.0,0.0,32365078.457072277,0.0,0.0,0.0,97095235.37121683,0.0038817726595401503,0.25,1.0
2005-06-17,129962849.33500324,130181262.81363016,0.25,0.0,0.0,0.0,32490712.33375081,0.0,0.0,0.0,97472137.00125243,0.001680583949524861,0.25,1.0
2005-06-20,130181262.81363016,130338936.83095932,0.25,0.0,0.0,0.0,32545315.70340754,0.0,0.0,0.0,97635947.11022262,0.0012111882610549296,0.25,1.0
2005-06-21,130338936.83095932,130442202.09636337,0.25,0.0,0.0,0.0,32584734.20773983,0.0,0.0,0.0,97754202.62321949,0.0007922825512838849,0.25,1.0
2005-06-22,130442202.09636337,130348720.70167468,0.25,0.0,0.25,0.0,32610550.52409084,0.0,32610550.52409084,0.0,65221101.04818168,-0.0007166499276025917,0.5,2.0
2005-06-23,130348720.70167468,130201292.75806038,0.25,0.0,0.25,0.0,32587180.17541867,0.0,32587180.17541867,0.0,65174360.35083734,-0.0011310271617602785,0.5,2.0
2005-06-24,130201292.75806038,130389406.7007952,0.25,0.0,0.25,0.25,32550323.189515095,0.0,32550323.189515095,32550323.189515095,32550323.189515095,0.0014447932025095922,0.75,3.0
2005-06-27,130389406.7007952,130028611.22738251,0.25,0.0,0.25,0.25,32597351.6751988,0.0,32597351.6751988,32597351.6751988,32597351.6751988,-0.002767061240186386,0.75,3.0
2005-06-28,130028611.22738251,129242894.15506604,0.25,0.0,0.25,0.25,32507152.806845628,0.0,32507152.806845628,32507152.806845628,32507152.806845628,-0.006042647575020849,0.75,3.0
2005-06-29,129242894.15506604,129652684.31133276,0.25,0.0,0.25,0.25,32310723.53876651,0.0,32310723.53876651,32310723.53876651,32310723.53876651,0.00317069776985221,0.75,3.0
2005-06-30,129652684.31133276,129070823.15641935,0.25,0.0,0.25,0.25,32413171.07783319,0.0,32413171.07783319,32413171.07783319,32413171.07783319,-0.004487845030005044,0.75,3.0
2005-07-01,129070823.15641935,129002362.46523498,0.25,0.0,0.25,0.25,32267705.789104838,0.0,32267705.789104838,32267705.789104838,32267705.789104838,-0.0005304118274771785,0.75,3.0
2005-07-04,129002362.46523498,128704974.93975559,0.25,0.0,0.25,0.25,32250590.616308745,0.0,32250590.616308745,32250590.616308745,32250590.616308745,-0.00230528743657335,0.75,3.0
2005-07-05,128704974.93975559,129314282.81665733,0.25,0.0,0.25,0.25,32176243.734938897,0.0,32176243.734938897,32176243.734938897,32176243.734938897,0.004734143938002089,0.75,3.0
2005-07-06,129314282.81665733,129355769.00436558,0.25,0.0,0.25,0.25,32328570.704164334,0.0,32328570.704164334,32328570.704164334,32328570.704164334,0.000320816748193814,0.75,3.0
2005-07-07,129355769.00436558,129282100.41215783,0.25,0.0,0.25,0.25,32338942.251091395,0.0,32338942.251091395,32338942.251091395,32338942.251091395,-0.000569503724300563,0.75,3.0
2005-07-08,129282100.41215783,129217322.07994978,0.25,0.0,0.25,0.25,32320525.10303946,0.0,32320525.10303946,32320525.10303946,32320525.10303946,-0.0005010618794213939,0.75,3.0
2005-07-11,129217322.07994978,129637941.69054541,0.25,0.0,0.25,0.25,32304330.519987445,0.0,32304330.519987445,32304330.519987445,32304330.519987445,0.003255133319783554,0.75,3.0
2005-07-12,129637941.69054541,130273610.31433544,0.25,0.0,0.25,0.25,32409485.422636352,0.0,32409485.422636352,32409485.422636352,32409485.422636352,0.004903414968647213,0.75,3.0
2005-07-13,130273610.31433544,130006753.88474478,0.25,0.0,0.25,0.25,32568402.57858386,0.0,32568402.57858386,32568402.57858386,32568402.57858386,-0.0020484304453277924,0.75,3.0
2005-07-14,130006753.88474478,129656565.13205026,0.25,0.0,0.25,0.25,32501688.471186195,0.0,32501688.471186195,32501688.471186195,32501688.471186195,-0.0026936196945965274,0.75,3.0
2005-07-15,129656565.13205026,129802045.07706052,0.25,0.0,0.25,0.25,32414141.283012565,0.0,32414141.283012565,32414141.283012565,32414141.283012565,0.0011220407147306266,0.75,3.0
2005-07-18,129802045.07706052,129706645.78459679,0.25,0.0,0.25,0.25,32450511.26926513,0.0,32450511.26926513,32450511.26926513,32450511.26926513,-0.0007349598568121007,0.75,3.0
2005-07-19,129706645.78459679,129178283.61245796,0.25,0.0,0.25,0.25,32426661.446149196,0.0,32426661.446149196,32426661.446149196,32426661.446149196,-0.004073516579993053,0.75,3.0
2005-07-20,129178283.61245796,129046918.24371126,0.25,0.0,0.25,0.25,32294570.90311449,0.0,32294570.90311449,32294570.90311449,32294570.90311449,-0.0010169307492952084,0.75,3.0
2005-07-21,129046918.24371126,129056070.19579677,0.25,0.0,0.25,0.25,32261729.560927816,0.0,32261729.560927816,32261729.560927816,32261729.560927816,7.091957103716462e-05,0.75,3.0
2005-07-22,129056070.19579677,128913124.36998239,0.25,0.0,0.25,0.25,32264017.548949193,0.0,32264017.548949193,32264017.548949193,32264017.548949193,-0.0011076257443567439,0.75,3.0
2005-07-25,128913124.36998239,128387198.7706185,0.25,0.0,0.25,0.25,32228281.092495598,0.0,32228281.092495598,32228281.092495598,32228281.092495598,-0.004079690116380125,0.75,3.0
2005-07-26,128387198.7706185,128259554.67429164,0.25,0.0,0.25,0.0,32096799.692654625,0.0,32096799.692654625,0.0,64193599.38530925,-0.0009942120207397653,0.5,2.0
2005-07-27,128259554.67429164,128391414.56568293,0.25,0.0,0.25,0.0,32064888.66857291,0.0,32064888.66857291,0.0,64129777.33714582,0.0010280707096333996,0.5,2.0
2005-07-28,128391414.56568293,129205795.11783867,0.25,0.0,0.25,0.0,32097853.641420733,0.0,32097853.641420733,0.0,64195707.28284147,0.006342951784670148,0.5,2.0
2005-07-29,129205795.11783867,129764283.4031834,0.25,0.0,0.25,0.0,32301448.779459666,0.0,32301448.779459666,0.0,64602897.55891933,0.0043224708677762624,0.5,2.0
2005-08-01,129764283.4031834,130184035.88807242,0.25,0.0,0.25,0.0,32441070.85079585,0.0,32441070.85079585,0.0,64882141.7015917,0.0032347304965637536,0.5,2.0
2005-08-02,130184035.88807242,130912721.39032568,0.25,0.0,0.25,0.0,32546008.972018104,0.0,32546008.972018104,0.0,65092017.94403621,0.005597349147170028,0.5,2.0
2005-08-03,130912721.39032568,131215405.87766305,0.25,0.0,0.25,0.0,32728180.34758142,0.0,32728180.34758142,0.0,65456360.69516284,0.0023121090458038396,0.5,2.0
2005-08-04,131215405.87766305,131466657.82292952,0.25,0.0,0.25,0.0,32803851.46941576,0.0,32803851.46941576,0.0,65607702.93883152,0.0019148052287452644,0.5,2.0
2005-08-05,131466657.82292952,131536801.61106956,0.25,0.0,0.25,0.0,32866664.45573238,0.0,32866664.45573238,0.0,65733328.91146476,0.0005335481201211856,0.5,2.0
2005-08-08,131536801.61106956,131410410.86955427,0.25,0.0,0.25,0.25,32884200.40276739,0.0,32884200.40276739,32884200.40276739,32884200.40276739,-0.000960877412003569,0.75,3.0
2005-08-09,131410410.86955427,130994561.98868462,0.25,0.0,0.25,0.25,32852602.717388567,0.0,32852602.717388567,32852602.717388567,32852602.717388567,-0.0031645048373104,0.75,3.0
2005-08-10,130994561.98868462,132410442.36241832,0.25,0.0,0.25,0.25,32748640.497171156,0.0,32748640.497171156,32748640.497171156,32748640.497171156,0.010808695813311897,0.75,3.0
2005-08-11,132410442.36241832,133126190.03374735,0.25,0.25,0.25,0.25,33102610.59060458,33102610.59060458,33102610.59060458,33102610.59060458,0.0,0.0054055228466798055,1.0,4.0
2005-08-12,133126190.03374735,132329637.07777396,0.25,0.25,0.25,0.25,33281547.508436836,33281547.508436836,33281547.508436836,33281547.508436836,0.0,-0.005983442895582447,1.0,4.0
2005-08-15,132329637.07777396,132120482.29079343,0.25,0.25,0.25,0.25,33082409.26944349,33082409.26944349,33082409.26944349,33082409.26944349,0.0,-0.001580558910303731,1.0,4.0
2005-08-16,132120482.29079343,132534999.3991406,0.25,0.25,0.25,0.25,33030120.57269836,33030120.57269836,33030120.57269836,33030120.57269836,0.0,0.0031374174629094365,1.0,4.0
2005-08-17,132534999.3991406,131170347.09970134,0.25,0.25,0.25,0.25,33133749.84978515,33133749.84978515,33133749.84978515,33133749.84978515,0.0,-0.010296542842464507,1.0,4.0
2005-08-18,131170347.09970134,130322410.52068163,0.25,0.25,0.25,0.25,32792586.774925336,32792586.774925336,32792586.774925336,32792586.774925336,0.0,-0.006464392278959258,1.0,4.0
2005-08-19,130322410.52068163,129249564.90915385,0.25,0.25,0.25,0.25,32580602.63017041,32580602.63017041,32580602.63017041,32580602.63017041,0.0,-0.008232241924020556,1.0,4.0
2005-08-22,129249564.90915385,130602175.91319463,0.25,0.25,0.25,0.25,32312391.227288462,32312391.227288462,32312391.227288462,32312391.227288462,0.0,0.010465110694890922,1.0,4.0
2005-08-23,130602175.91319463,130728376.32814409,0.25,0.25,0.25,0.25,32650543.978298657,32650543.978298657,32650543.978298657,32650543.978298657,0.0,0.0009662964193898893,1.0,4.0
2005-08-24,130728376.32814409,130483451.8173569,0.25,0.25,0.25,0.25,32682094.082036022,32682094.082036022,32682094.082036022,32682094.082036022,0.0,-0.0018735374649831438,1.0,4.0
2005-08-25,130483451.8173569,130711033.1613702,0.25,0.25,0.25,0.25,32620862.954339225,32620862.954339225,32620862.954339225,32620862.954339225,0.0,0.0017441395122796965,1.0,4.0
2005-08-26,130711033.1613702,130448235.35433945,0.25,0.25,0.25,0.25,32677758.29034255,32677758.29034255,32677758.29034255,32677758.29034255,0.0,-0.0020105250541958553,1.0,4.0
2005-08-29,130448235.35433945,131225802.57447697,0.25,0.25,0.25,0.25,32612058.838584863,32612058.838584863,32612058.838584863,32612058.838584863,0.0,0.005960733911236138,1.0,4.0
2005-08-30,131225802.57447697,131612098.42054799,0.25,0.25,0.25,0.25,32806450.643619243,32806450.643619243,32806450.643619243,32806450.643619243,0.0,0.0029437491597873455,1.0,4.0
2005-08-31,131612098.42054799,132324390.00425427,0.25,0.25,0.25,0.25,32903024.605136998,32903024.605136998,32903024.605136998,32903024.605136998,0.0,0.005412052480389895,1.0,4.0
2005-09-01,132324390.00425427,133845297.05635406,0.25,0.25,0.25,0.25,33081097.501063567,33081097.501063567,33081097.501063567,33081097.501063567,0.0,0.011493777164216623,1.0,4.0
2005-09-02,133845297.05635406,133957032.99125719,0.25,0.0,0.25,0.25,33461324.264088515,0.0,33461324.264088515,33461324.264088515,33461324.264088515,0.0008348140529441939,0.75,3.0
2005-09-05,133957032.99125719,134204507.97303267,0.25,0.0,0.25,0.25,33489258.247814298,0.0,33489258.247814298,33489258.247814298,33489258.247814298,0.0018474205963612267,0.75,3.0
2005-09-06,134204507.97303267,133922218.0621996,0.25,0.0,0.25,0.25,33551126.993258167,0.0,33551126.993258167,33551126.993258167,33551126.993258167,-0.0021034309137351603,0.75,3.0
2005-09-07,133922218.0621996,133488952.78397626,0.25,0.25,0.25,0.25,33480554.5155499,33480554.5155499,33480554.5155499,33480554.5155499,0.0,-0.003235200883710876,1.0,4.0
2005-09-08,133488952.78397626,133899771.96966141,0.0,0.25,0.25,0.25,0.0,33372238.195994064,33372238.195994064,33372238.195994064,33372238.195994064,0.0030775519405711327,0.75,3.0
2005-09-09,133899771.96966141,133960980.12253395,0.0,0.0,0.25,0.25,0.0,0.0,33474942.992415354,33474942.992415354,66949885.98483071,0.0004571191718414913,0.5,2.0
2005-09-12,133960980.12253395,133726034.35322674,0.0,0.0,0.25,0.25,0.0,0.0,33490245.030633487,33490245.030633487,66980490.06126697,-0.0017538373419805353,0.5,2.0
2005-09-13,133726034.35322674,133252883.96789654,0.0,0.0,0.25,0.25,0.0,0.0,33431508.588306684,33431508.588306684,66863017.17661337,-0.0035382069588664466,0.5,2.0
2005-09-14,133252883.96789654,133943405.32614131,0.0,0.0,0.25,0.25,0.0,0.0,33313220.991974134,33313220.991974134,66626441.98394827,0.005182036873671969,0.5,2.0
2005-09-15,133943405.32614131,134078875.37397976,0.0,0.25,0.25,0.25,0.0,33485851.33153533,33485851.33153533,33485851.33153533,33485851.33153533,0.0010113976683554793,0.75,3.0
2005-09-16,134078875.37397976,134189417.33455181,0.25,0.25,0.25,0.25,33519718.84349494,33519718.84349494,33519718.84349494,33519718.84349494,0.0,0.0008244547119277412,1.0,4.0
2005-09-19,134189417.33455181,136332849.8659688,0.25,0.25,0.25,0.25,33547354.333637953,33547354.333637953,33547354.333637953,33547354.333637953,0.0,0.015973186067818834,1.0,4.0
2005-09-20,136332849.8659688,135892053.02342358,0.25,0.25,0.25,0.25,34083212.4664922,34083212.4664922,34083212.4664922,34083212.4664922,0.0,-0.0032332401396916455,1.0,4.0
2005-09-21,135892053.02342358,137120844.95463067,0.25,0.25,0.25,0.25,33973013.255855896,33973013.255855896,33973013.255855896,33973013.255855896,0.0,0.009042412001791622,1.0,4.0
2005-09-22,137120844.95463067,136398956.81445444,0.25,0.25,0.25,0.25,34280211.23865767,34280211.23865767,34280211.23865767,34280211.23865767,0.0,-0.005264612688283071,1.0,4.0
2005-09-23,136398956.81445444,135656409.2315515,0.25,0.25,0.25,0.25,34099739.20361361,34099739.20361361,34099739.20361361,34099739.20361361,0.0,-0.005443938870537429,1.0,4.0
2005-09-26,135656409.2315515,136691091.32108355,0.25,0.25,0.25,0.25,33914102.307887875,33914102.307887875,33914102.307887875,33914102.307887875,0.0,0.007627225985069042,1.0,4.0
2005-09-27,136691091.32108355,136050455.61662948,0.25,0.25,0.25,0.25,34172772.83027089,34172772.83027089,34172772.83027089,34172772.83027089,0.0,-0.004686740725108579,1.0,4.0
2005-09-28,136050455.61662948,137929154.0322443,0.25,0.25,0.25,0.25,34012613.90415737,34012613.90415737,34012613.90415737,34012613.90415737,0.0,0.013808835899151162,1.0,4.0
2005-09-29,137929154.0322443,138709678.62292904,0.25,0.25,0.25,0.25,34482288.50806107,34482288.50806107,34482288.50806107,34482288.50806107,0.0,0.005658880431487712,1.0,4.0
2005-09-30,138709678.62292904,138555893.03506702,0.25,0.25,0.25,0.25,34677419.65573226,34677419.65573226,34677419.65573226,34677419.65573226,0.0,-0.0011086867865944539,1.0,4.0
2005-10-03,138555893.03506702,138232415.24969918,0.25,0.25,0.25,0.25,34638973.258766755,34638973.258766755,34638973.258766755,34638973.258766755,0.0,-0.0023346375118521723,1.0,4.0
2005-10-04,138232415.24969918,137830771.6358881,0.25,0.25,0.25,0.25,34558103.812424794,34558103.812424794,34558103.812424794,34558103.812424794,0.0,-0.0029055675044493134,1.0,4.0
2005-10-05,137830771.6358881,137104148.49151516,0.25,0.25,0.25,0.25,34457692.908972025,34457692.908972025,34457692.908972025,34457692.908972025,0.0,-0.005271849934153361,1.0,4.0
2005-10-06,137104148.49151516,136906856.21842614,0.25,0.25,0.25,0.25,34276037.12287879,34276037.12287879,34276037.12287879,34276037.12287879,0.0,-0.0014389956486344224,1.0,4.0
2005-10-07,136906856.21842614,137527475.87479165,0.25,0.25,0.25,0.25,34226714.054606535,34226714.054606535,34226714.054606535,34226714.054606535,0.0,0.004533152491467324,1.0,4.0
2005-10-10,137527475.87479165,137537207.33908227,0.25,0.25,0.25,0.25,34381868.96869791,34381868.96869791,34381868.96869791,34381868.96869791,0.0,7.07601461358287e-05,1.0,4.0
2005-10-11,137537207.33908227,138020901.69963118,0.25,0.25,0.25,0.25,34384301.83477057,34384301.83477057,34384301.83477057,34384301.83477057,0.0,0.003516825518759037,1.0,4.0
2005-10-12,138020901.69963118,137933273.73166582,0.25,0.0,0.25,0.25,34505225.424907796,0.0,34505225.424907796,34505225.424907796,34505225.424907796,-0.000634889113795778,0.75,3.0
2005-10-13,137933273.73166582,137033556.50857246,0.25,0.0,0.25,0.25,34483318.432916455,0.0,34483318.432916455,34483318.432916455,34483318.432916455,-0.006522843971960429,0.75,3.0
2005-10-14,137033556.50857246,137104978.21619835,0.25,0.0,0.25,0.25,34258389.127143115,0.0,34258389.127143115,34258389.127143115,34258389.127143115,0.0005211986716657513,0.75,3.0
2005-10-17,137104978.21619835,138280554.95568633,0.25,0.0,0.25,0.25,34276244.55404959,0.0,34276244.55404959,34276244.55404959,34276244.55404959,0.008574281946452988,0.75,3.0
2005-10-18,138280554.95568633,137568748.20771646,0.25,0.0,0.25,0.25,34570138.73892158,0.0,34570138.73892158,34570138.73892158,34570138.73892158,-0.005147554898069312,0.75,3.0
2005-10-19,137568748.20771646,136604260.33501598,0.25,0.0,0.25,0.25,34392187.051929116,0.0,34392187.051929116,34392187.051929116,34392187.051929116,-0.00701095187145398,0.75,3.0
2005-10-20,136604260.33501598,135961731.21265674,0.25,0.0,0.25,0.25,34151065.083753996,0.0,34151065.083753996,34151065.083753996,34151065.083753996,-0.0047035804065222175,0.75,3.0
2005-10-21,135961731.21265674,136030724.9036661,0.25,0.0,0.25,0.25,33990432.803164184,0.0,33990432.803164184,33990432.803164184,33990432.803164184,0.0005074493417669967,0.75,3.0
2005-10-24,136030724.9036661,135802078.45347795,0.25,0.0,0.25,0.25,34007681.22591653,0.0,34007681.22591653,34007681.22591653,34007681.22591653,-0.001680844164802353,0.75,3.0
2005-10-25,135802078.45347795,137497877.4488872,0.25,0.0,0.25,0.25,33950519.61336949,0.0,33950519.61336949,33950519.61336949,33950519.61336949,0.012487283071961064,0.75,3.0
2005-10-26,137497877.4488872,136661743.7575211,0.25,0.0,0.25,0.25,34374469.3622218,0.0,34374469.3622218,34374469.3622218,34374469.3622218,-0.0060810661726536375,0.75,3.0
2005-10-27,136661743.7575211,136559225.23292664,0.25,0.0,0.25,0.25,34165435.93938027,0.0,34165435.93938027,34165435.93938027,34165435.93938027,-0.0007501625676337165,0.75,3.0
2005-10-28,136559225.23292664,136223281.17261913,0.25,0.0,0.25,0.25,34139806.30823166,0.0,34139806.30823166,34139806.30823166,34139806.30823166,-0.002460061264513619,0.75,3.0
2005-10-31,136223281.17261913,135461200.07140562,0.25,0.0,0.25,0.25,34055820.29315478,0.0,34055820.29315478,34055820.29315478,34055820.29315478,-0.005594352849626449,0.75,3.0
2005-11-01,135461200.07140562,134980625.7992989,0.25,0.0,0.25,0.25,33865300.017851405,0.0,33865300.017851405,33865300.017851405,33865300.017851405,-0.003547689462764292,0.75,3.0
2005-11-02,134980625.7992989,135221661.50811696,0.25,0.0,0.25,0.25,33745156.44982473,0.0,33745156.44982473,33745156.44982473,33745156.44982473,0.0017857059662506336,0.75,3.0
2005-11-03,135221661.50811696,135877609.15746844,0.25,0.0,0.25,0.25,33805415.37702924,0.0,33805415.37702924,33805415.37702924,33805415.37702924,0.004850906593187182,0.75,3.0
2005-11-04,135877609.15746844,135476608.8177072,0.25,0.0,0.25,0.25,33969402.28936711,0.0,33969402.28936711,33969402.28936711,33969402.28936711,-0.0029511877802948783,0.75,3.0
2005-11-07,135476608.8177072,135995877.11942992,0.25,0.0,0.25,0.25,33869152.2044268,0.0,33869152.2044268,33869152.2044268,33869152.2044268,0.0038329000574662264,0.75,3.0
2005-11-08,135995877.11942992,136227823.36753213,0.25,0.0,0.25,0.25,33998969.27985748,0.0,33998969.27985748,33998969.27985748,33998969.27985748,0.0017055388223167212,0.75,3.0
2005-11-09,136227823.36753213,136862865.41880944,0.25,0.0,0.25,0.25,34056955.84188303,0.0,34056955.84188303,34056955.84188303,34056955.84188303,0.004661617836790921,0.75,3.0
2005-11-10,136862865.41880944,137033073.36439627,0.25,0.0,0.0,0.25,34215716.35470236,0.0,0.0,34215716.35470236,68431432.70940472,0.0012436386237128227,0.5,2.0
2005-11-11,137033073.36439627,137302762.0204247,0.25,0.0,0.0,0.25,34258268.34109907,0.0,0.0,34258268.34109907,68516536.68219814,0.0019680552249695116,0.5,2.0
2005-11-14,137302762.0204247,136464860.51486805,0.25,0.0,0.0,0.25,34325690.50510617,0.0,0.0,34325690.50510617,68651381.01021235,-0.006102583030573178,0.5,2.0
2005-11-15,136464860.51486805,136593819.28959176,0.25,0.0,0.0,0.25,34116215.12871701,0.0,0.0,34116215.12871701,68232430.25743403,0.0009449962007594404,0.5,2.0
2005-11-16,136593819.28959176,137407817.20704886,0.25,0.0,0.0,0.25,34148454.82239794,0.0,0.0,34148454.82239794,68296909.64479588,0.005959258784113464,0.5,2.0
2005-11-17,137407817.20704886,138140698.43721431,0.25,0.0,0.0,0.25,34351954.301762216,0.0,0.0,34351954.301762216,68703908.60352443,0.005333621078203621,0.5,2.0
2005-11-18,138140698.43721431,137533144.7594087,0.25,0.0,0.0,0.25,34535174.60930358,0.0,0.0,34535174.60930358,69070349.21860716,-0.004398078804283473,0.5,2.0
2005-11-21,137533144.7594087,138060292.4435361,0.25,0.0,0.0,0.25,34383286.18985218,0.0,0.0,34383286.18985218,68766572.37970436,0.003832877413292357,0.5,2.0
2005-11-22,138060292.4435361,137945311.7303652,0.25,0.0,0.0,0.25,34515073.110884026,0.0,0.0,34515073.110884026,69030146.22176805,-0.000832829708932753,0.5,2.0
2005-11-23,137945311.7303652,137884396.76901168,0.25,0.0,0.0,0.25,34486327.9325913,0.0,0.0,34486327.9325913,68972655.8651826,-0.00044158776104402664,0.5,2.0
2005-11-24,137884396.76901168,137954388.84858984,0.25,0.0,0.0,0.25,34471099.19225292,0.0,0.0,34471099.19225292,68942198.38450584,0.0005076142131979489,0.5,2.0
2005-11-25,137954388.84858984,138263125.2725041,0.25,0.0,0.0,0.25,34488597.21214746,0.0,0.0,34488597.21214746,68977194.42429492,0.002237960143863904,0.5,2.0
2005-11-28,138263125.2725041,138959112.41960338,0.25,0.0,0.0,0.25,34565781.31812602,0.0,0.0,34565781.31812602,69131562.63625205,0.005033787177365967,0.5,2.0
2005-11-29,138959112.41960338,139278650.79060498,0.25,0.0,0.0,0.25,34739778.104900844,0.0,0.0,34739778.104900844,69479556.20980169,0.0022995136154632667,0.5,2.0
2005-11-30,139278650.79060498,138524338.73310065,0.25,0.0,0.0,0.25,34819662.697651245,0.0,0.0,34819662.697651245,69639325.39530249,-0.005415848396165046,0.5,2.0
2005-12-01,138524338.73310065,139090836.08135307,0.25,0.0,0.0,0.25,34631084.68327516,0.0,0.0,34631084.68327516,69262169.36655033,0.004089514907152175,0.5,2.0
2005-12-02,139090836.08135307,139293922.8626329,0.25,0.0,0.0,0.25,34772709.02033827,0.0,0.0,34772709.02033827,69545418.04067653,0.0014601018082965322,0.5,2.0
2005-12-05,139293922.8626329,139924003.6470268,0.25,0.0,0.0,0.25,34823480.715658225,0.0,0.0,34823480.715658225,69646961.43131645,0.00452339033494864,0.5,2.0
2005-12-06,139924003.6470268,140388864.44613948,0.25,0.0,0.0,0.25,34981000.9117567,0.0,0.0,34981000.9117567,69962001.8235134,0.003322237693293262,0.5,2.0
2005-12-07,140388864.44613948,140351058.4483883,0.25,0.0,0.0,0.25,35097216.11153487,0.0,0.0,35097216.11153487,70194432.22306974,-0.00026929484685500604,0.5,2.0
2005-12-08,140351058.4483883,140333095.71071267,0.25,0.0,0.0,0.25,35087764.61209708,0.0,0.0,35087764.61209708,70175529.22419415,-0.00012798434065408593,0.5,2.0
2005-12-09,140333095.71071267,140261281.6835275,0.25,0.0,0.0,0.25,35083273.92767817,0.0,0.0,35083273.92767817,70166547.85535634,-0.0005117397775733223,0.5,2.0
2005-12-12,140261281.6835275,140280580.0392356,0.25,0.0,0.0,0.25,35065320.420881875,0.0,0.0,35065320.420881875,70130640.84176375,0.00013758861659077248,0.5,2.0
2005-12-13,140280580.0392356,139577650.69014764,0.25,0.0,0.0,0.25,35070145.0098089,0.0,0.0,35070145.0098089,70140290.0196178,-0.005010881398489764,0.5,2.0
2005-12-14,139577650.69014764,138530224.75746715,0.25,0.0,0.0,0.25,34894412.67253691,0.0,0.0,34894412.67253691,69788825.34507382,-0.00750425248957437,0.5,2.0
2005-12-15,138530224.75746715,138049879.77338842,0.25,0.0,0.0,0.25,34632556.18936679,0.0,0.0,34632556.18936679,69265112.37873358,-0.0034674381343109406,0.5,2.0
2005-12-16,138049879.77338842,137497848.4413542,0.25,0.0,0.0,0.25,34512469.943347104,0.0,0.0,34512469.943347104,69024939.88669421,-0.003998781693547421,0.5,2.0
2005-12-19,137497848.4413542,136895157.9535697,0.25,0.0,0.0,0.25,34374462.11033855,0.0,0.0,34374462.11033855,68748924.2206771,-0.004383272135647515,0.5,2.0
2005-12-20,136895157.9535697,136110551.4259974,0.0,0.0,0.0,0.25,0.0,0.0,0.0,34223789.48839243,102671368.46517728,-0.005731441048034941,0.25,1.0
2005-12-21,136110551.4259974,136469401.19000918,0.0,0.0,0.25,0.25,0.0,0.0,34027637.85649935,34027637.85649935,68055275.7129987,0.0026364580868434295,0.5,2.0
2005-12-22,136469401.19000918,136628722.0004897,0.0,0.0,0.25,0.25,0.0,0.0,34117350.297502294,34117350.297502294,68234700.59500459,0.0011674471280100074,0.5,2.0
2005-12-23,136628722.0004897,136278695.40770158,0.0,0.0,0.25,0.25,0.0,0.0,34157180.50012243,34157180.50012243,68314361.00024486,-0.002561881481895706,0.5,2.0
2005-12-26,136278695.40770158,136436575.95677674,0.0,0.0,0.25,0.25,0.0,0.0,34069673.851925395,34069673.851925395,68139347.70385079,0.001158512330946715,0.5,2.0
2005-12-27,136436575.95677674,136040187.7463149,0.0,0.0,0.25,0.25,0.0,0.0,34109143.989194185,34109143.989194185,68218287.97838837,-0.002905292863604386,0.5,2.0
2005-12-28,136040187.7463149,137156066.39104968,0.0,0.0,0.25,0.25,0.0,0.0,34010046.93657873,34010046.93657873,68020093.87315746,0.008202566191805316,0.5,2.0
2005-12-29,137156066.39104968,136943286.52249867,0.0,0.0,0.25,0.25,0.0,0.0,34289016.59776242,34289016.59776242,68578033.19552484,-0.0015513704508288984,0.5,2.0
2005-12-30,136943286.52249867,137209183.39205134,0.0,0.0,0.25,0.25,0.0,0.0,34235821.63062467,34235821.63062467,68471643.26124933,0.0019416568442658377,0.5,2.0
2006-01-02,137209183.39205134,137201221.54388544,0.0,0.0,0.25,0.25,0.0,0.0,34302295.848012835,34302295.848012835,68604591.69602567,-5.8027079303690776e-05,0.5,2.0
2006-01-03,137201221.54388544,138483523.55660868,0.0,0.0,0.25,0.25,0.0,0.0,34300305.38597136,34300305.38597136,68600610.77194272,0.009346141370272454,0.5,2.0
2006-01-04,138483523.55660868,138499727.28257006,0.0,0.0,0.25,0.25,0.0,0.0,34620880.88915217,34620880.88915217,69241761.77830434,0.00011700833099315133,0.5,2.0
2006-01-05,138499727.28257006,137313500.55298984,0.0,0.0,0.25,0.25,0.0,0.0,34624931.820642516,34624931.820642516,69249863.64128503,-0.008564830796815054,0.5,2.0
2006-01-06,137313500.55298984,138573166.50034133,0.0,0.0,0.25,0.25,0.0,0.0,34328375.13824746,34328375.13824746,68656750.27649492,0.009173649657743532,0.5,2.0
2006-01-09,138573166.50034133,138903074.87798885,0.0,0.0,0.25,0.25,0.0,0.0,34643291.62508533,34643291.62508533,69286583.25017066,0.0023807522479230847,0.5,2.0
2006-01-10,138903074.87798885,138381518.7138828,0.0,0.0,0.25,0.25,0.0,0.0,34725768.71949721,34725768.71949721,69451537.43899442,-0.0037548208674585415,0.5,2.0
2006-01-11,138381518.7138828,138574532.8650335,0.0,0.0,0.25,0.25,0.0,0.0,34595379.6784707,34595379.6784707,69190759.3569414,0.0013947971733839215,0.5,2.0
2006-01-12,138574532.8650335,138306248.0838846,0.0,0.0,0.25,0.25,0.0,0.0,34643633.21625838,34643633.21625838,69287266.43251675,-0.0019360323690226222,0.5,2.0
2006-01-13,138306248.0838846,139177245.38779664,0.0,0.0,0.25,0.25,0.0,0.0,34576562.02097115,34576562.02097115,69153124.0419423,0.006297599103286755,0.5,2.0
2006-01-16,139177245.38779664,139480021.7581792,0.0,0.0,0.25,0.25,0.0,0.0,34794311.34694916,34794311.34694916,69588622.69389832,0.0021754732214945838,0.5,2.0
2006-01-17,139480021.7581792,139379078.96874928,0.0,0.0,0.25,0.25,0.0,0.0,34870005.4395448,34870005.4395448,69740010.8790896,-0.0007237078698260069,0.5,2.0
2006-01-18,139379078.96874928,138172509.12414986,0.0,0.0,0.25,0.25,0.0,0.0,34844769.74218732,34844769.74218732,69689539.48437464,-0.008656750019634868,0.5,2.0
2006-01-19,138172509.12414986,139436390.91118002,0.0,0.25,0.25,0.25,0.0,34543127.281037465,34543127.281037465,34543127.281037465,34543127.281037465,0.009147129157903056,0.75,3.0
2006-01-20,139436390.91118002,139530586.23980278,0.0,0.25,0.25,0.25,0.0,34859097.727795005,34859097.727795005,34859097.727795005,34859097.727795005,0.0006755433643057251,0.75,3.0
2006-01-23,139530586.23980278,139973255.07544377,0.0,0.25,0.25,0.25,0.0,34882646.559950694,34882646.559950694,34882646.559950694,34882646.559950694,0.0031725576991428195,0.75,3.0
2006-01-24,139973255.07544377,139891868.0364541,0.0,0.25,0.25,0.25,0.0,34993313.76886094,34993313.76886094,34993313.76886094,34993313.76886094,-0.0005814470696262342,0.75,3.0
2006-01-25,139891868.0364541,140320598.1114854,0.0,0.25,0.25,0.25,0.0,34972967.00911353,34972967.00911353,34972967.00911353,34972967.00911353,0.0030647247838561376,0.75,3.0
2006-01-26,140320598.1114854,140068647.63893968,0.0,0.25,0.25,0.25,0.0,35080149.52787135,35080149.52787135,35080149.52787135,35080149.52787135,-0.0017955344827245423,0.75,3.0
2006-01-27,140068647.63893968,140159204.19417822,0.0,0.25,0.25,0.25,0.0,35017161.90973492,35017161.90973492,35017161.90973492,35017161.90973492,0.0006465155248158716,0.75,3.0
2006-01-30,140159204.19417822,140677118.82151756,0.0,0.25,0.0,0.25,0.0,35039801.048544556,0.0,35039801.048544556,70079602.09708911,0.003695188127793625,0.5,2.0
2006-01-31,140677118.82151756,141116208.7392282,0.0,0.25,0.0,0.25,0.0,35169279.70537939,0.0,35169279.70537939,70338559.41075878,0.0031212603825624963,0.5,2.0
2006-02-01,141116208.7392282,140968719.44430164,0.0,0.25,0.0,0.25,0.0,35279052.18480705,0.0,35279052.18480705,70558104.3696141,-0.0010451619714294258,0.5,2.0
2006-02-02,140968719.44430164,141194514.93313503,0.0,0.25,0.0,0.25,0.0,35242179.86107541,0.0,35242179.86107541,70484359.72215082,0.0016017417886993734,0.5,2.0
2006-02-03,141194514.93313503,140735336.88328537,0.0,0.25,0.0,0.25,0.0,35298628.73328376,0.0,35298628.73328376,70597257.46656752,-0.0032520955227411386,0.5,2.0
2006-02-06,140735336.88328537,140824052.847879,0.25,0.25,0.0,0.25,35183834.22082134,35183834.22082134,0.0,35183834.22082134,35183834.22082134,0.0006303744784950105,0.75,3.0
2006-02-07,140824052.847879,139536373.3617615,0.25,0.25,0.0,0.25,35206013.21196975,35206013.21196975,0.0,35206013.21196975,35206013.21196975,-0.009143888846235876,0.75,3.0
2006-02-08,139536373.3617615,139650234.6187203,0.25,0.25,0.0,0.25,34884093.34044038,34884093.34044038,0.0,34884093.34044038,34884093.34044038,0.0008159969634841113,0.75,3.0
2006-02-09,139650234.6187203,140704179.48294717,0.25,0.25,0.0,0.25,34912558.65468007,34912558.65468007,0.0,34912558.65468007,34912558.65468007,0.007547032535279302,0.75,3.0
2006-02-10,140704179.48294717,139859547.81702626,0.25,0.25,0.0,0.25,35176044.87073679,35176044.87073679,0.0,35176044.87073679,35176044.87073679,-0.0060028896726787295,0.75,3.0
2006-02-13,139859547.81702626,139439020.9098303,0.25,0.25,0.0,0.25,34964886.954256564,34964886.954256564,0.0,34964886.954256564,34964886.954256564,-0.003006780114476887,0.75,3.0
2006-02-14,139439020.9098303,140164929.8937362,0.25,0.25,0.0,0.25,34859755.227457576,34859755.227457576,0.0,34859755.227457576,34859755.227457576,0.005205924275496154,0.75,3.0
2006-02-15,140164929.8937362,139689678.15071934,0.25,0.25,0.0,0.25,35041232.47343405,35041232.47343405,0.0,35041232.47343405,35041232.47343405,-0.0033906608691430806,0.75,3.0
2006-02-16,139689678.15071934,140594635.53798416,0.25,0.25,0.0,0.25,34922419.537679836,34922419.537679836,0.0,34922419.537679836,34922419.537679836,0.006478341129030618,0.75,3.0
2006-02-17,140594635.53798416,140744197.4106273,0.25,0.25,0.0,0.25,35148658.88449604,35148658.88449604,0.0,35148658.88449604,35148658.88449604,0.0010637807912858843,0.75,3.0
2006-02-20,140744197.4106273,141215248.5991288,0.25,0.25,0.0,0.25,35186049.35265683,35186049.35265683,0.0,35186049.35265683,35186049.35265683,0.003346860454411238,0.75,3.0
2006-02-21,141215248.5991288,140791919.05639786,0.25,0.25,0.0,0.25,35303812.1497822,35303812.1497822,0.0,35303812.1497822,35303812.1497822,-0.002997760843325731,0.75,3.0
2006-02-22,140791919.05639786,140593681.17544702,0.25,0.25,0.0,0.25,35197979.764099464,35197979.764099464,0.0,35197979.764099464,35197979.764099464,-0.0014080203059910201,0.75,3.0
2006-02-23,140593681.17544702,140233600.03558022,0.25,0.0,0.0,0.25,35148420.293861754,0.0,0.0,35148420.293861754,70296840.58772351,-0.0025611473919474326,0.5,2.0
2006-02-24,140233600.03558022,140976820.66384992,0.25,0.0,0.0,0.25,35058400.008895054,0.0,0.0,35058400.008895054,70116800.01779011,0.005299875551088573,0.5,2.0
2006-02-27,140976820.66384992,140397939.92086357,0.25,0.0,0.0,0.25,35244205.16596248,0.0,0.0,35244205.16596248,70488410.33192496,-0.0041062122146066915,0.5,2.0
2006-02-28,140397939.92086357,141351004.1333488,0.25,0.0,0.0,0.25,35099484.98021589,0.0,0.0,35099484.98021589,70198969.96043178,0.006788306245963438,0.5,2.0
2006-03-01,141351004.1333488,141517861.60760474,0.25,0.0,0.0,0.25,35337751.0333372,0.0,0.0,35337751.0333372,70675502.0666744,0.0011804477462257768,0.5,2.0
2006-03-02,141517861.60760474,141993521.30751052,0.25,0.0,0.0,0.25,35379465.401901186,0.0,0.0,35379465.401901186,70758930.80380237,0.003361128372789124,0.5,2.0
2006-03-03,141993521.30751052,141733470.53568605,0.25,0.0,0.0,0.25,35498380.32687763,0.0,0.0,35498380.32687763,70996760.65375526,-0.0018314270216689132,0.5,2.0
2006-03-06,141733470.53568605,140967819.60853344,0.25,0.0,0.0,0.25,35433367.63392151,0.0,0.0,35433367.63392151,70866735.26784302,-0.005402047408130134,0.5,2.0
2006-03-07,140967819.60853344,139972373.9146088,0.25,0.0,0.0,0.25,35241954.90213336,0.0,0.0,35241954.90213336,70483909.80426672,-0.007061510185012249,0.5,2.0
2006-03-08,139972373.9146088,139265203.80406108,0.25,0.0,0.0,0.25,34993093.4786522,0.0,0.0,34993093.4786522,69986186.9573044,-0.005052212024203778,0.5,2.0
2006-03-09,139265203.80406108,139702064.39403588,0.25,0.0,0.0,0.25,34816300.95101527,0.0,0.0,34816300.95101527,69632601.90203054,0.003136896927888766,0.5,2.0
2006-03-10,139702064.39403588,139869106.26056948,0.25,0.0,0.0,0.25,34925516.09850897,0.0,0.0,34925516.09850897,69851032.19701794,0.0011957007740590886,0.5,2.0
2006-03-13,139869106.26056948,140341085.60517862,0.25,0.0,0.0,0.25,34967276.56514237,0.0,0.0,34967276.56514237,69934553.13028474,0.003374435979664192,0.5,2.0
2006-03-14,140341085.60517862,140887839.6987717,0.25,0.0,0.0,0.25,35085271.401294656,0.0,0.0,35085271.401294656,70170542.80258931,0.0038958947141911615,0.5,2.0
2006-03-15,140887839.6987717,141015747.93673882,0.25,0.0,0.0,0.25,35221959.92469292,0.0,0.0,35221959.92469292,70443919.84938584,0.0009078728032214656,0.5,2.0
2006-03-16,141015747.93673882,141521499.60172474,0.25,0.0,0.0,0.25,35253936.984184705,0.0,0.0,35253936.984184705,70507873.96836941,0.003586490674877041,0.5,2.0
2006-03-17,141521499.60172474,141196904.08076438,0.25,0.0,0.0,0.25,35380374.900431186,0.0,0.0,35380374.900431186,70760749.80086237,-0.0022936127858582955,0.5,2.0
2006-03-20,141196904.08076438,140802435.37562704,0.25,0.0,0.0,0.25,35299226.020191096,0.0,0.0,35299226.020191096,70598452.04038219,-0.002793748968544618,0.5,2.0
2006-03-21,140802435.37562704,140394242.37089658,0.25,0.0,0.0,0.25,35200608.84390676,0.0,0.0,35200608.84390676,70401217.68781352,-0.002899047900993379,0.5,2.0
2006-03-22,140394242.37089658,140391843.74166387,0.25,0.0,0.0,0.25,35098560.592724144,0.0,0.0,35098560.592724144,70197121.18544829,-1.7084954426843657e-05,0.5,2.0
2006-03-23,140391843.74166387,140361698.66648874,0.25,0.0,0.0,0.25,35097960.93541597,0.0,0.0,35097960.93541597,70195921.87083194,-0.00021472098643149362,0.5,2.0
2006-03-24,140361698.66648874,140992106.02136782,0.25,0.0,0.0,0.25,35090424.666622184,0.0,0.0,35090424.666622184,70180849.33324437,0.004491306110344234,0.5,2.0
2006-03-27,140992106.02136782,140740381.29660287,0.25,0.0,0.0,0.25,35248026.505341955,0.0,0.0,35248026.505341955,70496053.01068391,-0.0017853816917012821,0.5,2.0
2006-03-28,140740381.29660287,140165098.69677272,0.25,0.0,0.0,0.25,35185095.32415072,0.0,0.0,35185095.32415072,70370190.64830144,-0.004087544701316198,0.5,2.0
2006-03-29,140165098.69677272,140877613.76817793,0.25,0.0,0.0,0.25,35041274.67419318,0.0,0.0,35041274.67419318,70082549.34838636,0.005083398635109759,0.5,2.0
2006-03-30,140877613.76817793,142263213.48438787,0.25,0.0,0.0,0.25,35219403.44204448,0.0,0.0,35219403.44204448,70438806.88408896,0.009835485419919743,0.5,2.0
2006-03-31,142263213.48438787,142289648.75067872,0.25,0.0,0.0,0.25,35565803.37109697,0.0,0.0,35565803.37109697,71131606.74219394,0.00018581940927211993,0.5,2.0
2006-04-03,142289648.75067872,142937589.56436974,0.25,0.0,0.0,0.25,35572412.18766968,0.0,0.0,35572412.18766968,71144824.37533936,0.004553674981841782,0.5,2.0
2006-04-04,142937589.56436974,143194724.7524931,0.25,0.0,0.0,0.25,35734397.391092435,0.0,0.0,35734397.391092435,71468794.78218487,0.0017989332890461507,0.5,2.0
2006-04-05,143194724.7524931,143381391.86237153,0.25,0.0,0.0,0.25,35798681.18812328,0.0,0.0,35798681.18812328,71597362.37624656,0.001303589292140861,0.5,2.0
2006-04-06,143381391.86237153,143705923.7372934,0.25,0.0,0.0,0.25,35845347.96559288,0.0,0.0,35845347.96559288,71690695.93118577,0.0022634169658036773,0.5,2.0
2006-04-07,143705923.7372934,142969279.71358323,0.25,0.0,0.0,0.25,35926480.93432335,0.0,0.0,35926480.93432335,71852961.8686467,-0.00512605190205509,0.5,2.0
2006-04-10,142969279.71358323,143750139.63108405,0.25,0.0,0.0,0.25,35742319.92839581,0.0,0.0,35742319.92839581,71484639.85679162,0.005461732192154345,0.5,2.0
2006-04-11,143750139.63108405,143486652.53491527,0.25,0.0,0.0,0.25,35937534.90777101,0.0,0.0,35937534.90777101,71875069.81554203,-0.0018329519320466336,0.5,2.0
2006-04-12,143486652.53491527,143920650.7549205,0.25,0.0,0.0,0.25,35871663.13372882,0.0,0.0,35871663.13372882,71743326.26745763,0.0030246591744804707,0.5,2.0
2006-04-13,143920650.7549205,143763154.98987046,0.25,0.0,0.0,0.25,35980162.68873013,0.0,0.0,35980162.68873013,71960325.37746026,-0.0010943236027903258,0.5,2.0
2006-04-14,143763154.98987046,144156016.34755805,0.25,0.0,0.0,0.25,35940788.747467615,0.0,0.0,35940788.747467615,71881577.49493523,0.002732698497854069,0.5,2.0
2006-04-17,144156016.34755805,145439135.32871574,0.25,0.0,0.25,0.25,36039004.08688951,0.0,36039004.08688951,36039004.08688951,36039004.08688951,0.008900904822897737,0.75,3.0
2006-04-18,145439135.32871574,146800994.65935513,0.25,0.0,0.25,0.25,36359783.832178935,0.0,36359783.832178935,36359783.832178935,36359783.832178935,0.009363774939677216,0.75,3.0
2006-04-19,146800994.65935513,148452863.19973496,0.25,0.0,0.25,0.25,36700248.66483878,0.0,36700248.66483878,36700248.66483878,36700248.66483878,0.011252434250959564,0.75,3.0
2006-04-20,148452863.19973496,146212685.78741693,0.25,0.0,0.25,0.25,37113215.79993374,0.0,37113215.79993374,37113215.79993374,37113215.79993374,-0.015090159691322491,0.75,3.0
2006-04-21,146212685.78741693,148156758.04131344,0.25,0.0,0.25,0.25,36553171.446854234,0.0,36553171.446854234,36553171.446854234,36553171.446854234,0.013296194125884897,0.75,3.0
2006-04-24,148156758.04131344,146944547.34453434,0.25,0.0,0.25,0.25,37039189.51032836,0.0,37039189.51032836,37039189.51032836,37039189.51032836,-0.008181946694872183,0.75,3.0
2006-04-25,146944547.34453434,147636552.51076305,0.25,0.0,0.25,0.25,36736136.836133584,0.0,36736136.836133584,36736136.836133584,36736136.836133584,0.004709294619869214,0.75,3.0
2006-04-26,147636552.51076305,148150621.07482487,0.25,0.0,0.25,0.25,36909138.12769076,0.0,36909138.12769076,36909138.12769076,36909138.12769076,0.0034819870507633577,0.75,3.0
2006-04-27,148150621.07482487,147238732.79504701,0.25,0.0,0.25,0.25,37037655.26870622,0.0,37037655.26870622,37037655.26870622,37037655.26870622,-0.006155143145281233,0.75,3.0
2006-04-28,147238732.79504701,149327329.47694764,0.25,0.25,0.25,0.25,36809683.198761754,36809683.198761754,36809683.198761754,36809683.198761754,0.0,0.014185103622209705,1.0,4.0
2006-05-01,149327329.47694764,149992608.88637698,0.25,0.25,0.25,0.25,37331832.36923691,37331832.36923691,37331832.36923691,37331832.36923691,0.0,0.004455175162909775,1.0,4.0
2006-05-02,149992608.88637698,151231303.92201203,0.25,0.25,0.25,0.25,37498152.221594244,37498152.221594244,37498152.221594244,37498152.221594244,0.0,0.008258373828095772,1.0,4.0
2006-05-03,151231303.92201203,151295649.69497243,0.25,0.25,0.25,0.25,37807825.98050301,37807825.98050301,37807825.98050301,37807825.98050301,0.0,0.0004254791917523981,1.0,4.0
2006-05-04,151295649.69497243,152309509.62080613,0.25,0.25,0.25,0.25,37823912.42374311,37823912.42374311,37823912.42374311,37823912.42374311,0.0,0.006701183595680116,1.0,4.0
2006-05-05,152309509.62080613,153000528.80668372,0.25,0.25,0.25,0.25,38077377.40520153,38077377.40520153,38077377.40520153,38077377.40520153,0.0,0.00453694052064102,1.0,4.0
2006-05-08,153000528.80668372,152221375.32481322,0.25,0.25,0.25,0.25,38250132.20167093,38250132.20167093,38250132.20167093,38250132.20167093,0.0,-0.005092488816525437,1.0,4.0
2006-05-09,152221375.32481322,154289997.82200044,0.25,0.25,0.25,0.25,38055343.831203304,38055343.831203304,38055343.831203304,38055343.831203304,0.0,0.013589566463797609,1.0,4.0
2006-05-10,154289997.82200044,155584140.90966636,0.25,0.25,0.25,0.25,38572499.45550011,38572499.45550011,38572499.45550011,38572499.45550011,0.0,0.008387731582956637,1.0,4.0
2006-05-11,155584140.90966636,156290550.050935,0.25,0.25,0.25,0.25,38896035.22741659,38896035.22741659,38896035.22741659,38896035.22741659,0.0,0.004540367270972817,1.0,4.0
2006-05-12,156290550.050935,154556061.0845336,0.25,0.25,0.25,0.25,39072637.51273375,39072637.51273375,39072637.51273375,39072637.51273375,0.0,-0.011097849267509285,1.0,4.0
2006-05-15,154556061.0845336,150428917.99682838,0.25,0.25,0.25,0.25,38639015.2711334,38639015.2711334,38639015.2711334,38639015.2711334,0.0,-0.026703210852713793,1.0,4.0
2006-05-16,150428917.99682838,152117153.3511897,0.25,0.25,0.25,0.25,37607229.499207094,37607229.499207094,37607229.499207094,37607229.499207094,0.0,0.01122281125758634,1.0,4.0
2006-05-17,152117153.3511897,150763979.86984938,0.25,0.25,0.25,0.25,38029288.337797426,38029288.337797426,38029288.337797426,38029288.337797426,0.0,-0.008895600867683234,1.0,4.0
2006-05-18,150763979.86984938,150268210.64095572,0.25,0.25,0.25,0.25,37690994.967462346,37690994.967462346,37690994.967462346,37690994.967462346,0.0,-0.003288379819381626,1.0,4.0
2006-05-19,150268210.64095572,147774207.8490498,0.25,0.25,0.25,0.25,37567052.66023893,37567052.66023893,37567052.66023893,37567052.66023893,0.0,-0.01659700865051858,1.0,4.0
2006-05-22,147774207.8490498,146122650.5039027,0.25,0.25,0.25,0.25,36943551.96226245,36943551.96226245,36943551.96226245,36943551.96226245,0.0,-0.011176221948245108,1.0,4.0
2006-05-23,146122650.5039027,148388251.34073752,0.25,0.25,0.25,0.25,36530662.625975676,36530662.625975676,36530662.625975676,36530662.625975676,0.0,0.015504788812835624,1.0,4.0
2006-05-24,148388251.34073752,143633747.68484366,0.25,0.25,0.25,0.25,37097062.83518438,37097062.83518438,37097062.83518438,37097062.83518438,0.0,-0.032040970986148304,1.0,4.0
2006-05-25,143633747.68484366,144831403.7268106,0.0,0.25,0.25,0.25,0.0,35908436.921210915,35908436.921210915,35908436.921210915,35908436.921210915,0.008338263543709756,0.75,3.0
2006-05-26,144831403.7268106,145414443.21754795,0.0,0.25,0.25,0.25,0.0,36207850.93170265,36207850.93170265,36207850.93170265,36207850.93170265,0.0040256427524316685,0.75,3.0
2006-05-29,145414443.21754795,145128525.9289919,0.0,0.25,0.25,0.25,0.0,36353610.80438699,36353610.80438699,36353610.80438699,36353610.80438699,-0.001966223452289889,0.75,3.0
2006-05-30,145128525.9289919,145520021.6864689,0.0,0.25,0.25,0.25,0.0,36282131.48224798,36282131.48224798,36282131.48224798,36282131.48224798,0.0026975796451521317,0.75,3.0
2006-05-31,145520021.6864689,144170345.83330488,0.0,0.25,0.25,0.25,0.0,36380005.421617225,36380005.421617225,36380005.421617225,36380005.421617225,-0.00927484642678214,0.75,3.0
2006-06-01,144170345.83330488,142707522.25531152,0.0,0.25,0.25,0.25,0.0,36042586.45832622,36042586.45832622,36042586.45832622,36042586.45832622,-0.010146494201274475,0.75,3.0
2006-06-02,142707522.25531152,144224842.54472455,0.0,0.25,0.25,0.25,0.0,35676880.56382788,35676880.56382788,35676880.56382788,35676880.56382788,0.010632377785233127,0.75,3.0
2006-06-05,144224842.54472455,144029299.5815249,0.0,0.25,0.25,0.25,0.0,36056210.63618114,36056210.63618114,36056210.63618114,36056210.63618114,-0.0013558202577964584,0.75,3.0
2006-06-06,144029299.5815249,142511048.35467222,0.0,0.25,0.25,0.25,0.0,36007324.89538123,36007324.89538123,36007324.89538123,36007324.89538123,-0.010541266473307304,0.75,3.0
2006-06-07,142511048.35467222,142254538.88539082,0.0,0.25,0.25,0.25,0.0,35627762.088668056,35627762.088668056,35627762.088668056,35627762.088668056,-0.0017999268986010342,0.75,3.0
2006-06-08,142254538.88539082,140881679.66642323,0.0,0.25,0.25,0.25,0.0,35563634.721347705,35563634.721347705,35563634.721347705,35563634.721347705,-0.009650723482880569,0.75,3.0
2006-06-09,140881679.66642323,140730947.19578752,0.0,0.25,0.25,0.25,0.0,35220419.91660581,35220419.91660581,35220419.91660581,35220419.91660581,-0.0010699224412472896,0.75,3.0
2006-06-12,140730947.19578752,140314721.48774624,0.0,0.25,0.25,0.25,0.0,35182736.79894688,35182736.79894688,35182736.79894688,35182736.79894688,-0.002957598995352584,0.75,3.0
2006-06-13,140314721.48774624,136467923.00189018,0.0,0.25,0.25,0.25,0.0,35078680.37193656,35078680.37193656,35078680.37193656,35078680.37193656,-0.02741550170266338,0.75,3.0
2006-06-14,136467923.00189018,136415637.6944101,0.0,0.25,0.25,0.25,0.0,34116980.750472546,34116980.750472546,34116980.750472546,34116980.750472546,-0.00038313258038935594,0.75,3.0
2006-06-15,136415637.6944101,138147498.91804537,0.0,0.25,0.25,0.25,0.0,34103909.42360252,34103909.42360252,34103909.42360252,34103909.42360252,0.012695474308560356,0.75,3.0
2006-06-16,138147498.91804537,138644897.83972755,0.0,0.25,0.25,0.25,0.0,34536874.72951134,34536874.72951134,34536874.72951134,34536874.72951134,0.0036004916887946714,0.75,3.0
2006-06-19,138644897.83972755,137936795.71953183,0.0,0.25,0.25,0.0,0.0,34661224.45993189,34661224.45993189,0.0,69322448.91986378,-0.005107307453998677,0.5,2.0
2006-06-20,137936795.71953183,137879184.4373647,0.0,0.25,0.25,0.0,0.0,34484198.92988296,34484198.92988296,0.0,68968397.85976592,-0.0004176643503035482,0.5,2.0
2006-06-21,137879184.4373647,137865645.78737625,0.0,0.25,0.0,0.0,0.0,34469796.109341174,0.0,0.0,103409388.32802352,-9.819212409528655e-05,0.25,1.0
2006-06-22,137865645.78737625,137638230.5883953,0.0,0.25,0.0,0.0,0.0,34466411.44684406,0.0,0.0,103399234.34053218,-0.0016495421878464367,0.25,1.0
2006-06-23,137638230.5883953,137638230.5883953,0.0,0.0,0.0,0.0,0.0,0.0,0.0,0.0,137638230.5883953,0.0,0.0,0.0
2006-06-26,137638230.5883953,137638230.5883953,0.0,0.0,0.0,0.0,0.0,0.0,0.0,0.0,137638230.5883953,0.0,0.0,0.0
2006-06-27,137638230.5883953,137638230.5883953,0.0,0.0,0.0,0.0,0.0,0.0,0.0,0.0,137638230.5883953,0.0,0.0,0.0
2006-06-28,137638230.5883953,137638230.5883953,0.0,0.0,0.0,0.0,0.0,0.0,0.0,0.0,137638230.5883953,0.0,0.0,0.0
2006-06-29,137638230.5883953,137638230.5883953,0.0,0.0,0.0,0.0,0.0,0.0,0.0,0.0,137638230.5883953,0.0,0.0,0.0
2006-06-30,137638230.5883953,137638230.5883953,0.0,0.0,0.0,0.0,0.0,0.0,0.0,0.0,137638230.5883953,0.0,0.0,0.0
2006-07-03,137638230.5883953,137638230.5883953,0.0,0.0,0.0,0.0,0.0,0.0,0.0,0.0,137638230.5883953,0.0,0.0,0.0
2006-07-04,137638230.5883953,137638230.5883953,0.0,0.0,0.0,0.0,0.0,0.0,0.0,0.0,137638230.5883953,0.0,0.0,0.0
2006-07-05,137638230.5883953,137638230.5883953,0.0,0.0,0.0,0.0,0.0,0.0,0.0,0.0,137638230.5883953,0.0,0.0,0.0
2006-07-06,137638230.5883953,137638230.5883953,0.0,0.0,0.0,0.0,0.0,0.0,0.0,0.0,137638230.5883953,0.0,0.0,0.0
2006-07-07,137638230.5883953,137638230.5883953,0.0,0.0,0.0,0.0,0.0,0.0,0.0,0.0,137638230.5883953,0.0,0.0,0.0
2006-07-10,137638230.5883953,137638230.5883953,0.0,0.0,0.0,0.0,0.0,0.0,0.0,0.0,137638230.5883953,0.0,0.0,0.0
2006-07-11,137638230.5883953,137638230.5883953,0.0,0.0,0.0,0.0,0.0,0.0,0.0,0.0,137638230.5883953,0.0,0.0,0.0
2006-07-12,137638230.5883953,137638230.5883953,0.0,0.0,0.0,0.0,0.0,0.0,0.0,0.0,137638230.5883953,0.0,0.0,0.0
2006-07-13,137638230.5883953,137638230.5883953,0.0,0.0,0.0,0.0,0.0,0.0,0.0,0.0,137638230.5883953,0.0,0.0,0.0
2006-07-14,137638230.5883953,137638230.5883953,0.0,0.0,0.0,0.0,0.0,0.0,0.0,0.0,137638230.5883953,0.0,0.0,0.0
2006-07-17,137638230.5883953,137638230.5883953,0.0,0.0,0.0,0.0,0.0,0.0,0.0,0.0,137638230.5883953,0.0,0.0,0.0
2006-07-18,137638230.5883953,137638230.5883953,0.0,0.0,0.0,0.0,0.0,0.0,0.0,0.0,137638230.5883953,0.0,0.0,0.0
2006-07-19,137638230.5883953,137638230.5883953,0.0,0.0,0.0,0.0,0.0,0.0,0.0,0.0,137638230.5883953,0.0,0.0,0.0
2006-07-20,137638230.5883953,137638230.5883953,0.0,0.0,0.0,0.0,0.0,0.0,0.0,0.0,137638230.5883953,0.0,0.0,0.0
2006-07-21,137638230.5883953,137665044.36819166,0.25,0.0,0.0,0.0,34409557.647098824,0.0,0.0,0.0,103228672.94129647,0.0001948134590349926,0.25,1.0
2006-07-24,137665044.36819166,137769362.31303906,0.25,0.0,0.0,0.0,34416261.092047915,0.0,0.0,0.0,103248783.27614374,0.000757766398334303,0.25,1.0
2006-07-25,137769362.31303906,137642725.1765716,0.25,0.0,0.0,0.0,34442340.578259766,0.0,0.0,0.0,103327021.7347793,-0.0009191966511372107,0.25,1.0
2006-07-26,137642725.1765716,137547057.69205633,0.25,0.0,0.0,0.0,34410681.2941429,0.0,0.0,0.0,103232043.8824287,-0.0006950420691871628,0.25,1.0
2006-07-27,137547057.69205633,137908531.78925273,0.25,0.0,0.0,0.0,34386764.42301408,0.0,0.0,0.0,103160293.26904225,0.002628003123161582,0.25,1.0
2006-07-28,137908531.78925273,138043831.80173934,0.25,0.0,0.0,0.0,34477132.94731318,0.0,0.0,0.0,103431398.84193954,0.0009810851492014772,0.25,1.0
2006-07-31,138043831.80173934,138017142.65809423,0.25,0.25,0.0,0.0,34510957.950434834,34510957.950434834,0.0,0.0,69021915.90086967,-0.00019333818321867757,0.5,2.0
2006-08-01,138017142.65809423,138259411.62759045,0.25,0.25,0.25,0.25,34504285.66452356,34504285.66452356,34504285.66452356,34504285.66452356,0.0,0.0017553541888371271,1.0,4.0
2006-08-02,138259411.62759045,138989861.71503744,0.25,0.25,0.25,0.25,34564852.90689761,34564852.90689761,34564852.90689761,34564852.90689761,0.0,0.0052831852735962526,1.0,4.0
2006-08-03,138989861.71503744,137894199.28182772,0.25,0.25,0.25,0.25,34747465.42875936,34747465.42875936,34747465.42875936,34747465.42875936,0.0,-0.00788303851583122,1.0,4.0
2006-08-04,137894199.28182772,138495822.39379412,0.25,0.25,0.25,0.25,34473549.82045693,34473549.82045693,34473549.82045693,34473549.82045693,0.0,0.004362932705652245,1.0,4.0
2006-08-07,138495822.39379412,138367019.6010225,0.25,0.25,0.25,0.25,34623955.59844853,34623955.59844853,34623955.59844853,34623955.59844853,0.0,-0.0009300121154944274,1.0,4.0
2006-08-08,138367019.6010225,137790373.2432097,0.25,0.25,0.25,0.25,34591754.90025563,34591754.90025563,34591754.90025563,34591754.90025563,0.0,-0.004167513035082782,1.0,4.0
2006-08-09,137790373.2432097,139119650.96401414,0.25,0.25,0.25,0.25,34447593.31080242,34447593.31080242,34447593.31080242,34447593.31080242,0.0,0.009647101531963853,1.0,4.0
2006-08-10,139119650.96401414,137983835.1804636,0.25,0.25,0.25,0.25,34779912.741003536,34779912.741003536,34779912.741003536,34779912.741003536,0.0,-0.008164308749195326,1.0,4.0
2006-08-11,137983835.1804636,137304876.10615644,0.25,0.25,0.25,0.25,34495958.7951159,34495958.7951159,34495958.7951159,34495958.7951159,0.0,-0.004920569669767505,1.0,4.0
2006-08-14,137304876.10615644,136423957.70923012,0.25,0.25,0.25,0.25,34326219.02653911,34326219.02653911,34326219.02653911,34326219.02653911,0.0,-0.006415783779195355,1.0,4.0
2006-08-15,136423957.70923012,136745148.40338352,0.25,0.25,0.25,0.25,34105989.42730753,34105989.42730753,34105989.42730753,34105989.42730753,0.0,0.002354356958606557,1.0,4.0
2006-08-16,136745148.40338352,137453617.21692547,0.25,0.25,0.25,0.25,34186287.10084588,34186287.10084588,34186287.10084588,34186287.10084588,0.0,0.005180942957128037,1.0,4.0
2006-08-17,137453617.21692547,135732755.91436738,0.25,0.25,0.25,0.25,34363404.30423137,34363404.30423137,34363404.30423137,34363404.30423137,0.0,-0.01251957814862198,1.0,4.0
2006-08-18,135732755.91436738,135581449.62012926,0.25,0.25,0.25,0.25,33933188.978591844,33933188.978591844,33933188.978591844,33933188.978591844,0.0,-0.0011147367724087254,1.0,4.0
2006-08-21,135581449.62012926,137058576.1668598,0.25,0.25,0.25,0.25,33895362.405032314,33895362.405032314,33895362.405032314,33895362.405032314,0.0,0.010894754045403299,1.0,4.0
2006-08-22,137058576.1668598,137038667.65135014,0.25,0.25,0.25,0.25,34264644.04171495,34264644.04171495,34264644.04171495,34264644.04171495,0.0,-0.00014525552553110166,1.0,4.0
2006-08-23,137038667.65135014,136687224.07702744,0.25,0.25,0.25,0.25,34259666.912837535,34259666.912837535,34259666.912837535,34259666.912837535,0.0,-0.002564557729186623,1.0,4.0
2006-08-24,136687224.07702744,136386936.88275197,0.25,0.25,0.25,0.25,34171806.01925686,34171806.01925686,34171806.01925686,34171806.01925686,0.0,-0.002196892915948462,1.0,4.0
2006-08-25,136386936.88275197,136347186.06489196,0.25,0.25,0.25,0.25,34096734.22068799,34096734.22068799,34096734.22068799,34096734.22068799,0.0,-0.0002914561963817397,1.0,4.0
2006-08-28,136347186.06489196,135752534.58263263,0.25,0.25,0.25,0.25,34086796.51622299,34086796.51622299,34086796.51622299,34086796.51622299,0.0,-0.004361303664721872,1.0,4.0
2006-08-29,135752534.58263263,135592586.46228424,0.25,0.25,0.25,0.25,33938133.64565816,33938133.64565816,33938133.64565816,33938133.64565816,0.0,-0.0011782330314507317,1.0,4.0
2006-08-30,135592586.46228424,136159300.34127733,0.25,0.25,0.25,0.25,33898146.61557106,33898146.61557106,33898146.61557106,33898146.61557106,0.0,0.004179534396231338,1.0,4.0
2006-08-31,136159300.34127733,136932222.6029317,0.25,0.25,0.25,0.25,34039825.08531933,34039825.08531933,34039825.08531933,34039825.08531933,0.0,0.005676602771291367,1.0,4.0
2006-09-01,136932222.6029317,136654734.11515835,0.25,0.25,0.25,0.25,34233055.65073293,34233055.65073293,34233055.65073293,34233055.65073293,0.0,-0.0020264659588413447,1.0,4.0
2006-09-04,136654734.11515835,137014085.33586606,0.25,0.25,0.0,0.25,34163683.52878959,34163683.52878959,0.0,34163683.52878959,34163683.52878959,0.0026296287723548417,0.75,3.0
2006-09-05,137014085.33586606,137758221.0749481,0.25,0.25,0.0,0.25,34253521.333966516,34253521.333966516,0.0,34253521.333966516,34253521.333966516,0.005431089345726059,0.75,3.0
2006-09-06,137758221.0749481,136918547.1691077,0.25,0.25,0.0,0.25,34439555.268737026,34439555.268737026,0.0,34439555.268737026,34439555.268737026,-0.00609527256731629,0.75,3.0
2006-09-07,136918547.1691077,135660492.58573815,0.25,0.25,0.0,0.25,34229636.79227693,34229636.79227693,0.0,34229636.79227693,34229636.79227693,-0.00918834306513433,0.75,3.0
2006-09-08,135660492.58573815,135067060.77845415,0.25,0.25,0.0,0.25,33915123.14643454,33915123.14643454,0.0,33915123.14643454,33915123.14643454,-0.004374389300620923,0.75,3.0
2006-09-11,135067060.77845415,133463393.73483598,0.25,0.25,0.0,0.25,33766765.19461354,33766765.19461354,0.0,33766765.19461354,33766765.19461354,-0.011873117208410972,0.75,3.0
2006-09-12,133463393.73483598,133556983.1199998,0.25,0.25,0.0,0.0,33365848.433708996,33365848.433708996,0.0,0.0,66731696.86741799,0.0007012363656042075,0.5,2.0
2006-09-13,133556983.1199998,133719275.03317688,0.25,0.25,0.0,0.0,33389245.77999995,33389245.77999995,0.0,0.0,66778491.5599999,0.0012151510867183801,0.5,2.0
2006-09-14,133719275.03317688,133952465.16175097,0.25,0.25,0.0,0.0,33429818.75829422,33429818.75829422,0.0,0.0,66859637.51658844,0.0017438781994310038,0.5,2.0
2006-09-15,133952465.16175097,133901410.58345993,0.25,0.25,0.0,0.0,33488116.290437743,33488116.290437743,0.0,0.0,66976232.580875486,-0.00038113952012297503,0.5,2.0
2006-09-18,133901410.58345993,134180051.04921085,0.25,0.25,0.0,0.0,33475352.645864982,33475352.645864982,0.0,0.0,66950705.291729964,0.0020809374937633685,0.5,2.0
2006-09-19,134180051.04921085,133827876.22694567,0.25,0.25,0.0,0.0,33545012.76230271,33545012.76230271,0.0,0.0,67090025.52460542,-0.002624643674759286,0.5,2.0
2006-09-20,133827876.22694567,133692806.23360749,0.25,0.25,0.0,0.0,33456969.056736417,33456969.056736417,0.0,0.0,66913938.113472834,-0.0010092814527605798,0.5,2.0
2006-09-21,133692806.23360749,133256942.01647542,0.25,0.25,0.0,0.0,33423201.55840187,33423201.55840187,0.0,0.0,66846403.11680374,-0.0032601919984420746,0.5,2.0
2006-09-22,133256942.01647542,132941757.08782186,0.25,0.25,0.0,0.0,33314235.504118856,33314235.504118856,0.0,0.0,66628471.00823771,-0.0023652420945890484,0.5,2.0
2006-09-25,132941757.08782186,132863059.45802657,0.25,0.25,0.0,0.0,33235439.271955464,33235439.271955464,0.0,0.0,66470878.54391093,-0.000591970736051689,0.5,2.0
2006-09-26,132863059.45802657,133290781.72017919,0.25,0.25,0.0,0.0,33215764.864506643,33215764.864506643,0.0,0.0,66431529.72901329,0.003219271510812527,0.5,2.0
2006-09-27,133290781.72017919,133430069.32953703,0.25,0.25,0.0,0.0,33322695.430044796,33322695.430044796,0.0,0.0,66645390.86008959,0.001044990565441023,0.5,2.0
2006-09-28,133430069.32953703,133543323.68970253,0.25,0.0,0.0,0.0,33357517.33238426,0.0,0.0,0.0,100072551.99715278,0.0008487918857764121,0.25,1.0
2006-09-29,133543323.68970253,133702919.9959928,0.25,0.0,0.0,0.0,33385830.92242563,0.0,0.0,0.0,100157492.7672769,0.0011950901166809524,0.25,1.0
2006-10-02,133702919.9959928,133885169.57265149,0.25,0.0,0.0,0.0,33425729.9989982,0.0,0.0,0.0,100277189.9969946,0.0013630934662020588,0.25,1.0
2006-10-03,133885169.57265149,133885169.57265149,0.0,0.0,0.0,0.0,0.0,0.0,0.0,0.0,133885169.57265149,0.0,0.0,0.0
2006-10-04,133885169.57265149,133885169.57265149,0.0,0.0,0.0,0.0,0.0,0.0,0.0,0.0,133885169.57265149,0.0,0.0,0.0
2006-10-05,133885169.57265149,133885169.57265149,0.0,0.0,0.0,0.0,0.0,0.0,0.0,0.0,133885169.57265149,0.0,0.0,0.0
2006-10-06,133885169.57265149,133885169.57265149,0.0,0.0,0.0,0.0,0.0,0.0,0.0,0.0,133885169.57265149,0.0,0.0,0.0
2006-10-09,133885169.57265149,133885169.57265149,0.0,0.0,0.0,0.0,0.0,0.0,0.0,0.0,133885169.57265149,0.0,0.0,0.0
2006-10-10,133885169.57265149,133885169.57265149,0.0,0.0,0.0,0.0,0.0,0.0,0.0,0.0,133885169.57265149,0.0,0.0,0.0
2006-10-11,133885169.57265149,133885169.57265149,0.0,0.0,0.0,0.0,0.0,0.0,0.0,0.0,133885169.57265149,0.0,0.0,0.0
2006-10-12,133885169.57265149,133885169.57265149,0.0,0.0,0.0,0.0,0.0,0.0,0.0,0.0,133885169.57265149,0.0,0.0,0.0
2006-10-13,133885169.57265149,133885169.57265149,0.0,0.0,0.0,0.0,0.0,0.0,0.0,0.0,133885169.57265149,0.0,0.0,0.0
2006-10-16,133885169.57265149,133885169.57265149,0.0,0.0,0.0,0.0,0.0,0.0,0.0,0.0,133885169.57265149,0.0,0.0,0.0
2006-10-17,133885169.57265149,133885169.57265149,0.0,0.0,0.0,0.0,0.0,0.0,0.0,0.0,133885169.57265149,0.0,0.0,0.0
2006-10-18,133885169.57265149,133885169.57265149,0.0,0.0,0.0,0.0,0.0,0.0,0.0,0.0,133885169.57265149,0.0,0.0,0.0
2006-10-19,133885169.57265149,133885169.57265149,0.0,0.0,0.0,0.0,0.0,0.0,0.0,0.0,133885169.57265149,0.0,0.0,0.0
2006-10-20,133885169.57265149,133885169.57265149,0.0,0.0,0.0,0.0,0.0,0.0,0.0,0.0,133885169.57265149,0.0,0.0,0.0
2006-10-23,133885169.57265149,133965629.86571445,0.25,0.0,0.0,0.0,33471292.393162873,0.0,0.0,0.0,100413877.17948861,0.0006009649412238027,0.25,1.0
2006-10-24,133965629.86571445,133855595.80199589,0.25,0.0,0.0,0.0,33491407.46642861,0.0,0.0,0.0,100474222.39928584,-0.0008213604028799726,0.25,1.0
2006-10-25,133855595.80199589,133828683.04691908,0.25,0.0,0.0,0.0,33463898.950498972,0.0,0.0,0.0,100391696.85149692,-0.00020105812473175666,0.25,1.0
2006-10-26,133828683.04691908,134076995.69500169,0.25,0.0,0.0,0.0,33457170.76172977,0.0,0.0,0.0,100371512.2851893,0.0018554516298687207,0.25,1.0
2006-10-27,134076995.69500169,134071900.42138284,0.25,0.0,0.0,0.0,33519248.923750423,0.0,0.0,0.0,100557746.77125126,-3.800259390099314e-05,0.25,1.0
2006-10-30,134071900.42138284,133906242.25222327,0.25,0.0,0.0,0.0,33517975.10534571,0.0,0.0,0.0,100553925.31603713,-0.0012355920117408659,0.25,1.0
2006-10-31,133906242.25222327,133973630.6684191,0.25,0.0,0.0,0.0,33476560.563055817,0.0,0.0,0.0,100429681.68916745,0.0005032507451660506,0.25,1.0
2006-11-01,133973630.6684191,133989708.67340878,0.25,0.0,0.0,0.0,33493407.667104773,0.0,0.0,0.0,100480223.00131431,0.00012000872790751682,0.25,1.0
2006-11-02,133989708.67340878,133989708.67340878,0.25,0.0,0.0,0.0,33497427.168352194,0.0,0.0,0.0,100492281.50505659,0.0,0.25,1.0
2006-11-03,133989708.67340878,133997263.0278235,0.25,0.25,0.25,0.0,33497427.168352194,33497427.168352194,33497427.168352194,0.0,33497427.168352194,5.6380109259901445e-05,0.75,3.0
2006-11-06,133997263.0278235,134236342.31798288,0.25,0.25,0.25,0.0,33499315.756955873,33499315.756955873,33499315.756955873,0.0,33499315.756955873,0.0017842102499495138,0.75,3.0
2006-11-07,134236342.31798288,134503853.14355168,0.25,0.25,0.25,0.0,33559085.57949572,33559085.57949572,33559085.57949572,0.0,33559085.57949572,0.0019928345852505136,0.75,3.0
2006-11-08,134503853.14355168,134178160.05151497,0.25,0.25,0.25,0.0,33625963.28588792,33625963.28588792,33625963.28588792,0.0,33625963.28588792,-0.0024214406087617324,0.75,3.0
2006-11-09,134178160.05151497,134524223.58018774,0.25,0.25,0.25,0.0,33544540.012878742,33544540.012878742,33544540.012878742,0.0,33544540.012878742,0.002579134551702722,0.75,3.0
2006-11-10,134524223.58018774,133225704.30086027,0.25,0.25,0.25,0.25,33631055.895046934,33631055.895046934,33631055.895046934,33631055.895046934,0.0,-0.009652679976654532,1.0,4.0
2006-11-13,133225704.30086027,132417090.73989938,0.25,0.25,0.25,0.25,33306426.075215068,33306426.075215068,33306426.075215068,33306426.075215068,0.0,-0.006069501116202247,1.0,4.0
2006-11-14,132417090.73989938,132734574.51942591,0.25,0.25,0.25,0.25,33104272.684974845,33104272.684974845,33104272.684974845,33104272.684974845,0.0,0.0023976042499691264,1.0,4.0
2006-11-15,132734574.51942591,133024585.36689314,0.25,0.25,0.25,0.25,33183643.62985648,33183643.62985648,33183643.62985648,33183643.62985648,0.0,0.002184893035723612,1.0,4.0
2006-11-16,133024585.36689314,132284313.5930139,0.25,0.25,0.25,0.25,33256146.341723286,33256146.341723286,33256146.341723286,33256146.341723286,0.0,-0.005564924497509421,1.0,4.0
2006-11-17,132284313.5930139,132549748.09433213,0.25,0.25,0.25,0.25,33071078.398253474,33071078.398253474,33071078.398253474,33071078.398253474,0.0,0.002006545554107536,1.0,4.0
2006-11-20,132549748.09433213,132824155.44734307,0.25,0.25,0.25,0.25,33137437.023583032,33137437.023583032,33137437.023583032,33137437.023583032,0.0,0.0020702216107996163,1.0,4.0
2006-11-21,132824155.44734307,133508898.77344674,0.25,0.25,0.25,0.25,33206038.861835767,33206038.861835767,33206038.861835767,33206038.861835767,0.0,0.00515526203646835,1.0,4.0
2006-11-22,133508898.77344674,133703159.57147421,0.25,0.25,0.25,0.25,33377224.693361685,33377224.693361685,33377224.693361685,33377224.693361685,0.0,0.0014550400745729497,1.0,4.0
2006-11-23,133703159.57147421,133667076.50010721,0.25,0.25,0.25,0.25,33425789.892868552,33425789.892868552,33425789.892868552,33425789.892868552,0.0,-0.00026987448526016866,1.0,4.0
2006-11-24,133667076.50010721,134190836.49127328,0.25,0.25,0.25,0.25,33416769.125026803,33416769.125026803,33416769.125026803,33416769.125026803,0.0,0.00391839190981072,1.0,4.0
2006-11-27,134190836.49127328,134721752.70306316,0.25,0.25,0.25,0.25,33547709.12281832,33547709.12281832,33547709.12281832,33547709.12281832,0.0,0.003956426725340717,1.0,4.0
2006-11-28,134721752.70306316,134877752.0468359,0.25,0.25,0.25,0.25,33680438.17576579,33680438.17576579,33680438.17576579,33680438.17576579,0.0,0.0011579373088810574,1.0,4.0
2006-11-29,134877752.0468359,135235935.02377275,0.25,0.25,0.25,0.25,33719438.011708975,33719438.011708975,33719438.011708975,33719438.011708975,0.0,0.0026556120005058192,1.0,4.0
2006-11-30,135235935.02377275,136537577.1981444,0.25,0.25,0.25,0.25,33808983.75594319,33808983.75594319,33808983.75594319,33808983.75594319,0.0,0.009624972638691554,1.0,4.0
2006-12-01,136537577.1981444,136274882.6148677,0.25,0.25,0.25,0.25,34134394.2995361,34134394.2995361,34134394.2995361,34134394.2995361,0.0,-0.0019239727895236924,1.0,4.0
2006-12-04,136274882.6148677,135732272.3140663,0.0,0.25,0.25,0.25,0.0,34068720.65371692,34068720.65371692,34068720.65371692,34068720.65371692,-0.003981733760394485,0.75,3.0
2006-12-05,135732272.3140663,135582131.3733606,0.0,0.25,0.25,0.25,0.0,33933068.07851657,33933068.07851657,33933068.07851657,33933068.07851657,-0.001106155066484621,0.75,3.0
2006-12-06,135582131.3733606,134522530.7914028,0.0,0.25,0.25,0.25,0.0,33895532.84334015,33895532.84334015,33895532.84334015,33895532.84334015,-0.00781519342722195,0.75,3.0
2006-12-07,134522530.7914028,134768211.77246162,0.0,0.25,0.25,0.25,0.0,33630632.6978507,33630632.6978507,33630632.6978507,33630632.6978507,0.0018263184584283443,0.75,3.0
2006-12-08,134768211.77246162,133983849.64775889,0.0,0.25,0.25,0.25,0.0,33692052.943115406,33692052.943115406,33692052.943115406,33692052.943115406,-0.0058200826024688845,0.75,3.0
2006-12-11,133983849.64775889,134279721.04013515,0.0,0.25,0.25,0.25,0.0,33495962.41193972,33495962.41193972,33495962.41193972,33495962.41193972,0.0022082616162625857,0.75,3.0
2006-12-12,134279721.04013515,134020912.34465759,0.0,0.25,0.25,0.25,0.0,33569930.26003379,33569930.26003379,33569930.26003379,33569930.26003379,-0.001927384816358152,0.75,3.0
2006-12-13,134020912.34465759,134020742.42082475,0.0,0.25,0.25,0.25,0.0,33505228.086164396,33505228.086164396,33505228.086164396,33505228.086164396,-1.267890434725194e-06,0.75,3.0
2006-12-14,134020742.42082475,134028576.5571674,0.0,0.25,0.25,0.25,0.0,33505185.605206188,33505185.605206188,33505185.605206188,33505185.605206188,5.8454655608886075e-05,0.75,3.0
2006-12-15,134028576.5571674,133141284.99495566,0.0,0.25,0.25,0.25,0.0,33507144.13929185,33507144.13929185,33507144.13929185,33507144.13929185,-0.006620167019630252,0.75,3.0
2006-12-18,133141284.99495566,132751488.89064914,0.0,0.25,0.25,0.25,0.0,33285321.248738915,33285321.248738915,33285321.248738915,33285321.248738915,-0.002927687714004562,0.75,3.0
2006-12-19,132751488.89064914,133524159.44049264,0.0,0.25,0.25,0.25,0.0,33187872.222662285,33187872.222662285,33187872.222662285,33187872.222662285,0.00582042850366804,0.75,3.0
2006-12-20,133524159.44049264,133256188.4218822,0.0,0.25,0.25,0.25,0.0,33381039.86012316,33381039.86012316,33381039.86012316,33381039.86012316,-0.002006910357895658,0.75,3.0
2006-12-21,133256188.4218822,132935805.6881661,0.0,0.25,0.25,0.25,0.0,33314047.10547055,33314047.10547055,33314047.10547055,33314047.10547055,-0.002404261576969269,0.75,3.0
2006-12-22,132935805.6881661,133175033.16920643,0.0,0.25,0.25,0.25,0.0,33233951.422041524,33233951.422041524,33233951.422041524,33233951.422041524,0.0017995714533186324,0.75,3.0
2006-12-25,133175033.16920643,133161093.9779599,0.0,0.25,0.25,0.25,0.0,33293758.292301606,33293758.292301606,33293758.292301606,33293758.292301606,-0.0001046682018003009,0.75,3.0
2006-12-26,133161093.9779599,133173341.357636,0.0,0.25,0.25,0.25,0.0,33290273.494489975,33290273.494489975,33290273.494489975,33290273.494489975,9.197415934528164e-05,0.75,3.0
2006-12-27,133173341.357636,133343624.4835823,0.25,0.25,0.25,0.25,33293335.339409,33293335.339409,33293335.339409,33293335.339409,0.0,0.0012786577569530722,1.0,4.0
2006-12-28,133343624.4835823,134230678.4209417,0.25,0.25,0.25,0.25,33335906.120895576,33335906.120895576,33335906.120895576,33335906.120895576,0.0,0.006652391074524977,1.0,4.0
2006-12-29,134230678.4209417,134380873.03905115,0.25,0.25,0.25,0.25,33557669.60523543,33557669.60523543,33557669.60523543,33557669.60523543,0.0,0.0011189291440397986,1.0,4.0
2007-01-01,134380873.03905115,134386149.49864903,0.25,0.25,0.25,0.25,33595218.25976279,33595218.25976279,33595218.25976279,33595218.25976279,0.0,3.926495994971413e-05,1.0,4.0
2007-01-02,134386149.49864903,134975463.73359296,0.25,0.25,0.0,0.25,33596537.37466226,33596537.37466226,0.0,33596537.37466226,33596537.37466226,0.004385230450775435,0.75,3.0
2007-01-03,134975463.73359296,133961096.40712208,0.25,0.25,0.0,0.25,33743865.93339824,33743865.93339824,0.0,33743865.93339824,33743865.93339824,-0.007515197936070556,0.75,3.0
2007-01-04,133961096.40712208,133426178.12281376,0.25,0.25,0.0,0.25,33490274.10178052,33490274.10178052,0.0,33490274.10178052,33490274.10178052,-0.003993086789037814,0.75,3.0
2007-01-05,133426178.12281376,132175012.87166153,0.25,0.25,0.0,0.25,33356544.53070344,33356544.53070344,0.0,33356544.53070344,33356544.53070344,-0.009377209695690891,0.75,3.0
2007-01-08,132175012.87166153,132446216.074581,0.25,0.25,0.0,0.25,33043753.217915382,33043753.217915382,0.0,33043753.217915382,33043753.217915382,0.002051849264299299,0.75,3.0
2007-01-09,132446216.074581,132645137.57825051,0.25,0.25,0.0,0.25,33111554.01864525,33111554.01864525,0.0,33111554.01864525,33111554.01864525,0.001501904014815425,0.75,3.0
2007-01-10,132645137.57825051,132393730.39611973,0.25,0.25,0.0,0.25,33161284.394562628,33161284.394562628,0.0,33161284.394562628,33161284.394562628,-0.0018953365854250392,0.75,3.0
2007-01-11,132393730.39611973,132692956.76852965,0.25,0.25,0.0,0.25,33098432.599029932,33098432.599029932,0.0,33098432.599029932,33098432.599029932,0.002260124943338715,0.75,3.0
2007-01-12,132692956.76852965,133697674.15994082,0.25,0.25,0.0,0.25,33173239.192132413,33173239.192132413,0.0,33173239.192132413,33173239.192132413,0.0075717462017504955,0.75,3.0
2007-01-15,133697674.15994082,133677150.9132191,0.25,0.25,0.0,0.25,33424418.539985206,33424418.539985206,0.0,33424418.539985206,33424418.539985206,-0.0001535048896750546,0.75,3.0
2007-01-16,133677150.9132191,133558859.42415528,0.25,0.25,0.0,0.25,33419287.728304774,33419287.728304774,0.0,33419287.728304774,33419287.728304774,-0.00088490432550134,0.75,3.0
2007-01-17,133558859.42415528,134185779.64995028,0.25,0.25,0.0,0.25,33389714.85603882,33389714.85603882,0.0,33389714.85603882,33389714.85603882,0.004693962111521399,0.75,3.0
2007-01-18,134185779.64995028,134058980.3393849,0.25,0.25,0.0,0.25,33546444.91248757,33546444.91248757,0.0,33546444.91248757,33546444.91248757,-0.0009449534138129545,0.75,3.0
2007-01-19,134058980.3393849,134638309.21911678,0.25,0.25,0.0,0.25,33514745.084846225,33514745.084846225,0.0,33514745.084846225,33514745.084846225,0.004321447755795571,0.75,3.0
2007-01-22,134638309.21911678,134462049.45515767,0.25,0.25,0.0,0.0,33659577.304779194,33659577.304779194,0.0,0.0,67319154.60955839,-0.0013091353046647825,0.5,2.0
2007-01-23,134462049.45515767,134702376.44573575,0.25,0.25,0.0,0.0,33615512.36378942,33615512.36378942,0.0,0.0,67231024.72757883,0.0017873220849441984,0.5,2.0
2007-01-24,134702376.44573575,134467208.9811313,0.25,0.25,0.0,0.25,33675594.11143394,33675594.11143394,0.0,33675594.11143394,33675594.11143394,-0.001745830109383395,0.75,3.0
2007-01-25,134467208.9811313,134046169.43381505,0.25,0.25,0.0,0.25,33616802.24528282,33616802.24528282,0.0,33616802.24528282,33616802.24528282,-0.00313116893335183,0.75,3.0
2007-01-26,134046169.43381505,133812299.0940494,0.25,0.25,0.0,0.25,33511542.35845376,33511542.35845376,0.0,33511542.35845376,33511542.35845376,-0.0017446999101388694,0.75,3.0
2007-01-29,133812299.0940494,133663622.958538,0.25,0.25,0.0,0.25,33453074.77351235,33453074.77351235,0.0,33453074.77351235,33453074.77351235,-0.00111107974766117,0.75,3.0
2007-01-30,133663622.958538,133936118.31385908,0.25,0.25,0.0,0.25,33415905.7396345,33415905.7396345,0.0,33415905.7396345,33415905.7396345,0.0020386650405668227,0.75,3.0
2007-01-31,133936118.31385908,134453596.13802323,0.25,0.25,0.0,0.25,33484029.57846477,33484029.57846477,0.0,33484029.57846477,33484029.57846477,0.003863616705327755,0.75,3.0
2007-02-01,134453596.13802323,135036205.33110282,0.25,0.25,0.0,0.25,33613399.03450581,33613399.03450581,0.0,33613399.03450581,33613399.03450581,0.004333161847761391,0.75,3.0
2007-02-02,135036205.33110282,134531613.69716194,0.25,0.25,0.0,0.25,33759051.332775705,33759051.332775705,0.0,33759051.332775705,33759051.332775705,-0.0037367136665582834,0.75,3.0
2007-02-05,134531613.69716194,134845415.67769468,0.25,0.25,0.0,0.25,33632903.424290486,33632903.424290486,0.0,33632903.424290486,33632903.424290486,0.002332551969822849,0.75,3.0
2007-02-06,134845415.67769468,135237943.33447585,0.25,0.0,0.0,0.25,33711353.91942367,0.0,0.0,33711353.91942367,67422707.83884734,0.0029109455060702394,0.5,2.0
2007-02-07,135237943.33447585,135018680.600911,0.25,0.0,0.0,0.25,33809485.83361896,0.0,0.0,33809485.83361896,67618971.66723792,-0.0016213107664805049,0.5,2.0
2007-02-08,135018680.600911,135484430.79969493,0.25,0.0,0.0,0.25,33754670.15022775,0.0,0.0,33754670.15022775,67509340.3004555,0.0034495241451854286,0.5,2.0
2007-02-09,135484430.79969493,135573490.65783682,0.25,0.0,0.0,0.25,33871107.69992373,0.0,0.0,33871107.69992373,67742215.39984746,0.0006573438557938294,0.5,2.0
2007-02-12,135573490.65783682,135202256.04479134,0.25,0.0,0.0,0.25,33893372.664459206,0.0,0.0,33893372.664459206,67786745.32891841,-0.0027382537046449495,0.5,2.0
2007-02-13,135202256.04479134,135458881.51304522,0.25,0.0,0.0,0.25,33800564.011197835,0.0,0.0,33800564.011197835,67601128.02239567,0.0018980856959137093,0.5,2.0
2007-02-14,135458881.51304522,135976564.15068778,0.25,0.0,0.0,0.25,33864720.378261305,0.0,0.0,33864720.378261305,67729440.75652261,0.003821695793292945,0.5,2.0
2007-02-15,135976564.15068778,135992845.89316586,0.25,0.0,0.0,0.25,33994141.037671946,0.0,0.0,33994141.037671946,67988282.07534389,0.00011973932846273683,0.5,2.0
2007-02-16,135992845.89316586,135986423.7680225,0.25,0.0,0.0,0.25,33998211.473291464,0.0,0.0,33998211.473291464,67996422.94658293,-4.7223992564959794e-05,0.5,2.0
2007-02-19,135986423.7680225,136072806.2956384,0.25,0.0,0.0,0.25,33996605.94200563,0.0,0.0,33996605.94200563,67993211.88401125,0.0006352290561243978,0.5,2.0
2007-02-20,136072806.2956384,135388131.34782213,0.25,0.0,0.0,0.25,34018201.5739096,0.0,0.0,34018201.5739096,68036403.1478192,-0.005031680954155793,0.5,2.0
2007-02-21,135388131.34782213,136756810.2266261,0.25,0.0,0.0,0.25,33847032.83695553,0.0,0.0,33847032.83695553,67694065.67391106,0.010109297359956304,0.5,2.0
2007-02-22,136756810.2266261,137089778.6945248,0.25,0.0,0.25,0.25,34189202.556656525,0.0,34189202.556656525,34189202.556656525,34189202.556656525,0.0024347487145022495,0.75,3.0
2007-02-23,137089778.6945248,137492741.632204,0.25,0.0,0.25,0.25,34272444.6736312,0.0,34272444.6736312,34272444.6736312,34272444.6736312,0.0029394090611022383,0.75,3.0
2007-02-26,137492741.632204,137690484.5490653,0.25,0.0,0.25,0.25,34373185.408051,0.0,34373185.408051,34373185.408051,34373185.408051,0.001438206224662092,0.75,3.0
2007-02-27,137690484.5490653,135871408.47413915,0.25,0.0,0.25,0.25,34422621.13726632,0.0,34422621.13726632,34422621.13726632,34422621.13726632,-0.01321134195208623,0.75,3.0
2007-02-28,135871408.47413915,135868613.23174432,0.25,0.0,0.25,0.25,33967852.11853479,0.0,33967852.11853479,33967852.11853479,33967852.11853479,-2.057270492905605e-05,0.75,3.0
2007-03-01,135868613.23174432,135419454.5814785,0.25,0.0,0.25,0.25,33967153.30793608,0.0,33967153.30793608,33967153.30793608,33967153.30793608,-0.00330583082863814,0.75,3.0
2007-03-02,135419454.5814785,133822263.70080617,0.25,0.0,0.25,0.25,33854863.64536963,0.0,33854863.64536963,33854863.64536963,33854863.64536963,-0.011794397530314499,0.75,3.0
2007-03-05,133822263.70080617,132419436.76467167,0.25,0.25,0.25,0.25,33455565.925201543,33455565.925201543,33455565.925201543,33455565.925201543,0.0,-0.010482761966057269,1.0,4.0
2007-03-06,132419436.76467167,133706696.50643976,0.25,0.25,0.25,0.25,33104859.191167917,33104859.191167917,33104859.191167917,33104859.191167917,0.0,0.009721078515503412,1.0,4.0
2007-03-07,133706696.50643976,134403940.64970434,0.25,0.25,0.25,0.25,33426674.12660994,33426674.12660994,33426674.12660994,33426674.12660994,0.0,0.0052147286671687665,1.0,4.0
2007-03-08,134403940.64970434,134722483.66449255,0.25,0.25,0.25,0.25,33600985.162426084,33600985.162426084,33600985.162426084,33600985.162426084,0.0,0.002370042226800706,1.0,4.0
2007-03-09,134722483.66449255,134628488.31814864,0.25,0.25,0.25,0.25,33680620.91612314,33680620.91612314,33680620.91612314,33680620.91612314,0.0,-0.0006976960622104011,1.0,4.0
2007-03-12,134628488.31814864,134795568.66418788,0.25,0.25,0.25,0.25,33657122.07953716,33657122.07953716,33657122.07953716,33657122.07953716,0.0,0.0012410474790773562,1.0,4.0
2007-03-13,134795568.66418788,134165880.34490629,0.25,0.25,0.25,0.25,33698892.16604697,33698892.16604697,33698892.16604697,33698892.16604697,0.0,-0.004671431898850498,1.0,4.0
2007-03-14,134165880.34490629,134113344.83558294,0.25,0.25,0.25,0.25,33541470.08622657,33541470.08622657,33541470.08622657,33541470.08622657,0.0,-0.0003915713085046735,1.0,4.0
2007-03-15,134113344.83558294,134645296.38090315,0.25,0.25,0.25,0.25,33528336.208895735,33528336.208895735,33528336.208895735,33528336.208895735,0.0,0.003966432616920923,1.0,4.0
2007-03-16,134645296.38090315,135386559.5550935,0.25,0.25,0.25,0.25,33661324.09522579,33661324.09522579,33661324.09522579,33661324.09522579,0.0,0.005505303149196672,1.0,4.0
2007-03-19,135386559.5550935,135679366.3265348,0.25,0.25,0.25,0.25,33846639.888773374,33846639.888773374,33846639.888773374,33846639.888773374,0.0,0.0021627462312621137,1.0,4.0
2007-03-20,135679366.3265348,136135505.6856609,0.25,0.25,0.25,0.25,33919841.5816337,33919841.5816337,33919841.5816337,33919841.5816337,0.0,0.003361891874025358,1.0,4.0
2007-03-21,136135505.6856609,136619349.35347962,0.25,0.25,0.25,0.25,34033876.421415225,34033876.421415225,34033876.421415225,34033876.421415225,0.0,0.0035541328133449623,1.0,4.0
2007-03-22,136619349.35347962,137497394.3729545,0.25,0.25,0.25,0.25,34154837.338369906,34154837.338369906,34154837.338369906,34154837.338369906,0.0,0.006426944818797742,1.0,4.0
2007-03-23,137497394.3729545,136861763.2498352,0.25,0.25,0.25,0.25,34374348.59323862,34374348.59323862,34374348.59323862,34374348.59323862,0.0,-0.004622859407758445,1.0,4.0
2007-03-26,136861763.2498352,137596131.77752832,0.25,0.25,0.25,0.25,34215440.8124588,34215440.8124588,34215440.8124588,34215440.8124588,0.0,0.005365768423957529,1.0,4.0
2007-03-27,137596131.77752832,137560300.11236116,0.25,0.25,0.25,0.25,34399032.94438208,34399032.94438208,34399032.94438208,34399032.94438208,0.0,-0.00026041186408568007,1.0,4.0
2007-03-28,137560300.11236116,137699277.83075595,0.25,0.25,0.25,0.25,34390075.02809029,34390075.02809029,34390075.02809029,34390075.02809029,0.0,0.0010103039778283363,1.0,4.0
2007-03-29,137699277.83075595,138129716.17042032,0.25,0.25,0.25,0.25,34424819.45768899,34424819.45768899,34424819.45768899,34424819.45768899,0.0,0.0031259302622734797,1.0,4.0
2007-03-30,138129716.17042032,138123953.9400799,0.25,0.25,0.25,0.25,34532429.04260508,34532429.04260508,34532429.04260508,34532429.04260508,0.0,-4.171608036390717e-05,1.0,4.0
2007-04-02,138123953.9400799,138594561.2907626,0.25,0.25,0.25,0.25,34530988.485019974,34530988.485019974,34530988.485019974,34530988.485019974,0.0,0.0034071378443658595,1.0,4.0
2007-04-03,138594561.2907626,138436009.96879953,0.25,0.25,0.25,0.25,34648640.32269065,34648640.32269065,34648640.32269065,34648640.32269065,0.0,-0.0011439938226033286,1.0,4.0
2007-04-04,138436009.96879953,139775879.3266213,0.25,0.25,0.25,0.25,34609002.49219988,34609002.49219988,34609002.49219988,34609002.49219988,0.0,0.00967861872155762,1.0,4.0
2007-04-05,139775879.3266213,139921018.3993362,0.25,0.25,0.25,0.25,34943969.83165532,34943969.83165532,34943969.83165532,34943969.83165532,0.0,0.0010383699491937626,1.0,4.0
2007-04-06,139921018.3993362,139949518.5461427,0.25,0.25,0.25,0.25,34980254.59983405,34980254.59983405,34980254.59983405,34980254.59983405,0.0,0.00020368738830334188,1.0,4.0
2007-04-09,139949518.5461427,139510900.2391823,0.25,0.25,0.25,0.25,34987379.636535674,34987379.636535674,34987379.636535674,34987379.636535674,0.0,-0.003134118012816156,1.0,4.0
2007-04-10,139510900.2391823,140549027.07398194,0.25,0.25,0.25,0.25,34877725.05979557,34877725.05979557,34877725.05979557,34877725.05979557,0.0,0.007441187986170633,1.0,4.0
2007-04-11,140549027.07398194,140428153.5320681,0.25,0.25,0.25,0.25,35137256.768495485,35137256.768495485,35137256.768495485,35137256.768495485,0.0,-0.0008600098088919206,1.0,4.0
2007-04-12,140428153.5320681,140389541.29523528,0.25,0.25,0.25,0.25,35107038.383017026,35107038.383017026,35107038.383017026,35107038.383017026,0.0,-0.00027496079569280796,1.0,4.0
2007-04-13,140389541.29523528,141522067.83339277,0.25,0.25,0.25,0.25,35097385.32380882,35097385.32380882,35097385.32380882,35097385.32380882,0.0,0.008067029265206027,1.0,4.0
2007-04-16,141522067.83339277,141121523.2207726,0.25,0.25,0.25,0.25,35380516.95834819,35380516.95834819,35380516.95834819,35380516.95834819,0.0,-0.002830262578495585,1.0,4.0
2007-04-17,141121523.2207726,141030752.59988362,0.25,0.25,0.25,0.25,35280380.80519315,35280380.80519315,35280380.80519315,35280380.80519315,0.0,-0.000643208908303744,1.0,4.0
2007-04-18,141030752.59988362,141063602.32669827,0.25,0.25,0.25,0.25,35257688.149970904,35257688.149970904,35257688.149970904,35257688.149970904,0.0,0.00023292598393664932,1.0,4.0
2007-04-19,141063602.32669827,140788880.1723805,0.25,0.25,0.25,0.25,35265900.58167457,35265900.58167457,35265900.58167457,35265900.58167457,0.0,-0.0019475055917085038,1.0,4.0
2007-04-20,140788880.1723805,141562330.6330482,0.25,0.25,0.25,0.25,35197220.04309513,35197220.04309513,35197220.04309513,35197220.04309513,0.0,0.005493689982622896,1.0,4.0
2007-04-23,141562330.6330482,141498532.5044461,0.25,0.25,0.25,0.25,35390582.65826205,35390582.65826205,35390582.65826205,35390582.65826205,0.0,-0.0004506716463118232,1.0,4.0
2007-04-24,141498532.5044461,140420444.7631386,0.25,0.25,0.25,0.25,35374633.12611152,35374633.12611152,35374633.12611152,35374633.12611152,0.0,-0.007619073655577485,1.0,4.0
2007-04-25,140420444.7631386,141468465.71969327,0.25,0.25,0.25,0.25,35105111.19078465,35105111.19078465,35105111.19078465,35105111.19078465,0.0,0.007463449915163511,1.0,4.0
2007-04-26,141468465.71969327,140196387.3288097,0.25,0.25,0.25,0.25,35367116.42992332,35367116.42992332,35367116.42992332,35367116.42992332,0.0,-0.008991957214013135,1.0,4.0
2007-04-27,140196387.3288097,140929134.6637552,0.25,0.25,0.25,0.25,35049096.83220243,35049096.83220243,35049096.83220243,35049096.83220243,0.0,0.005226577866282417,1.0,4.0
2007-04-30,140929134.6637552,140766464.31746763,0.25,0.25,0.25,0.25,35232283.6659388,35232283.6659388,35232283.6659388,35232283.6659388,0.0,-0.0011542705252232388,1.0,4.0
2007-05-01,140766464.31746763,140317166.54886577,0.25,0.25,0.25,0.25,35191616.07936691,35191616.07936691,35191616.07936691,35191616.07936691,0.0,-0.003191795508826367,1.0,4.0
2007-05-02,140317166.54886577,140187949.17257538,0.25,0.25,0.25,0.25,35079291.63721644,35079291.63721644,35079291.63721644,35079291.63721644,0.0,-0.0009208949943085021,1.0,4.0
2007-05-03,140187949.17257538,140935470.65815422,0.25,0.25,0.25,0.25,35046987.293143846,35046987.293143846,35046987.293143846,35046987.293143846,0.0,0.005332280627478342,1.0,4.0
2007-05-04,140935470.65815422,141111503.0728701,0.25,0.25,0.25,0.25,35233867.664538555,35233867.664538555,35233867.664538555,35233867.664538555,0.0,0.0012490284659626705,1.0,4.0
2007-05-07,141111503.0728701,141126574.98278314,0.25,0.25,0.25,0.25,35277875.76821753,35277875.76821753,35277875.76821753,35277875.76821753,0.0,0.00010680851372732447,1.0,4.0
2007-05-08,141126574.98278314,140919753.3021156,0.25,0.25,0.25,0.25,35281643.745695785,35281643.745695785,35281643.745695785,35281643.745695785,0.0,-0.0014655048540132831,1.0,4.0
2007-05-09,140919753.3021156,140743307.115832,0.25,0.25,0.25,0.25,35229938.3255289,35229938.3255289,35229938.3255289,35229938.3255289,0.0,-0.0012521039964163705,1.0,4.0
2007-05-10,140743307.115832,139828140.67097634,0.25,0.25,0.25,0.25,35185826.778958,35185826.778958,35185826.778958,35185826.778958,0.0,-0.006502379854570944,1.0,4.0
2007-05-11,139828140.67097634,140701669.8388404,0.25,0.25,0.25,0.25,34957035.167744085,34957035.167744085,34957035.167744085,34957035.167744085,0.0,0.0062471628648736455,1.0,4.0
2007-05-14,140701669.8388404,140677402.28530353,0.25,0.25,0.25,0.25,35175417.4597101,35175417.4597101,35175417.4597101,35175417.4597101,0.0,-0.00017247523476182636,1.0,4.0
2007-05-15,140677402.28530353,141461681.1819688,0.25,0.25,0.25,0.25,35169350.57132588,35169350.57132588,35169350.57132588,35169350.57132588,0.0,0.005575016910496167,1.0,4.0
2007-05-16,141461681.1819688,140817597.1180642,0.25,0.25,0.25,0.25,35365420.2954922,35365420.2954922,35365420.2954922,35365420.2954922,0.0,-0.004553063829886961,1.0,4.0
2007-05-17,140817597.1180642,140829264.1274312,0.25,0.25,0.25,0.25,35204399.27951605,35204399.27951605,35204399.27951605,35204399.27951605,0.0,8.285192764112548e-05,1.0,4.0
2007-05-18,140829264.1274312,140932830.02441955,0.25,0.25,0.25,0.25,35207316.0318578,35207316.0318578,35207316.0318578,35207316.0318578,0.0,0.0007354003987027902,1.0,4.0
2007-05-21,140932830.02441955,141546445.9442568,0.25,0.25,0.25,0.25,35233207.50610489,35233207.50610489,35233207.50610489,35233207.50610489,0.0,0.004353960108024274,1.0,4.0
2007-05-22,141546445.9442568,140798171.61446956,0.25,0.25,0.25,0.25,35386611.4860642,35386611.4860642,35386611.4860642,35386611.4860642,0.0,-0.0052864225929201425,1.0,4.0
2007-05-23,140798171.61446956,140950489.94538623,0.25,0.25,0.25,0.25,35199542.90361739,35199542.90361739,35199542.90361739,35199542.90361739,0.0,0.0010818203757201328,1.0,4.0
2007-05-24,140950489.94538623,139833928.70250905,0.25,0.25,0.25,0.25,35237622.48634656,35237622.48634656,35237622.48634656,35237622.48634656,0.0,-0.007921655634611974,1.0,4.0
2007-05-25,139833928.70250905,140390681.54594237,0.25,0.25,0.25,0.25,34958482.17562726,34958482.17562726,34958482.17562726,34958482.17562726,0.0,0.003981529008012019,1.0,4.0
2007-05-28,140390681.54594237,140649513.5344744,0.25,0.25,0.25,0.25,35097670.38648559,35097670.38648559,35097670.38648559,35097670.38648559,0.0,0.0018436550466303658,1.0,4.0
2007-05-29,140649513.5344744,140178694.43031704,0.25,0.25,0.25,0.25,35162378.3836186,35162378.3836186,35162378.3836186,35162378.3836186,0.0,-0.003347463438200554,1.0,4.0
2007-05-30,140178694.43031704,140371687.65161142,0.25,0.25,0.25,0.25,35044673.60757926,35044673.60757926,35044673.60757926,35044673.60757926,0.0,0.0013767657209155515,1.0,4.0
2007-05-31,140371687.65161142,141291358.59759986,0.25,0.25,0.25,0.0,35092921.912902854,35092921.912902854,35092921.912902854,0.0,35092921.912902854,0.006551684042375994,0.75,3.0
2007-06-01,141291358.59759986,142057060.56632662,0.25,0.25,0.25,0.0,35322839.649399966,35322839.649399966,35322839.649399966,0.0,35322839.649399966,0.0054193120961308905,0.75,3.0
2007-06-04,142057060.56632662,142355913.5927159,0.25,0.25,0.25,0.0,35514265.141581655,35514265.141581655,35514265.141581655,0.0,35514265.141581655,0.002103753415689802,0.75,3.0
2007-06-05,142355913.5927159,141833808.71740857,0.25,0.25,0.25,0.0,35588978.39817897,35588978.39817897,35588978.39817897,0.0,35588978.39817897,-0.003667602294352701,0.75,3.0
2007-06-06,141833808.71740857,141317917.28725943,0.25,0.25,0.25,0.0,35458452.17935214,35458452.17935214,35458452.17935214,0.0,35458452.17935214,-0.003637295189449441,0.75,3.0
2007-06-07,141317917.28725943,141241575.95038104,0.25,0.25,0.25,0.0,35329479.32181486,35329479.32181486,35329479.32181486,0.0,35329479.32181486,-0.0005402098923041054,0.75,3.0
2007-06-08,141241575.95038104,140671466.90175566,0.25,0.25,0.25,0.0,35310393.98759526,35310393.98759526,35310393.98759526,0.0,35310393.98759526,-0.004036410984437633,0.75,3.0
2007-06-11,140671466.90175566,141637984.21940848,0.25,0.25,0.25,0.0,35167866.725438915,35167866.725438915,35167866.725438915,0.0,35167866.725438915,0.006870741728511542,0.75,3.0
2007-06-12,141637984.21940848,141452774.63701057,0.25,0.25,0.25,0.0,35409496.05485212,35409496.05485212,35409496.05485212,0.0,35409496.05485212,-0.0013076265058321046,0.75,3.0
2007-06-13,141452774.63701057,141421493.89653566,0.25,0.25,0.25,0.0,35363193.65925264,35363193.65925264,35363193.65925264,0.0,35363193.65925264,-0.0002211391084776526,0.75,3.0
2007-06-14,141421493.89653566,142036771.02240923,0.25,0.25,0.25,0.0,35355373.474133916,35355373.474133916,35355373.474133916,0.0,35355373.474133916,0.004350662045217085,0.75,3.0
2007-06-15,142036771.02240923,143061181.19668153,0.25,0.25,0.25,0.0,35509192.75560231,35509192.75560231,35509192.75560231,0.0,35509192.75560231,0.007212288528515298,0.75,3.0
2007-06-18,143061181.19668153,143101986.61998144,0.25,0.25,0.25,0.0,35765295.29917038,35765295.29917038,35765295.29917038,0.0,35765295.29917038,0.0002852305772857999,0.75,3.0
2007-06-19,143101986.61998144,142855359.8826711,0.25,0.25,0.25,0.0,35775496.65499536,35775496.65499536,35775496.65499536,0.0,35775496.65499536,-0.0017234333578141081,0.75,3.0
2007-06-20,142855359.8826711,142507492.51978818,0.25,0.25,0.25,0.0,35713839.97066777,35713839.97066777,35713839.97066777,0.0,35713839.97066777,-0.0024351019322523815,0.75,3.0
2007-06-21,142507492.51978818,142258710.80203053,0.25,0.25,0.25,0.0,35626873.129947044,35626873.129947044,35626873.129947044,0.0,35626873.129947044,-0.0017457448261753994,0.75,3.0
2007-06-22,142258710.80203053,141704493.92464387,0.25,0.25,0.25,0.0,35564677.70050763,35564677.70050763,35564677.70050763,0.0,35564677.70050763,-0.0038958379016800493,0.75,3.0
2007-06-25,141704493.92464387,141615327.66015857,0.25,0.25,0.25,0.0,35426123.48116097,35426123.48116097,35426123.48116097,0.0,35426123.48116097,-0.0006292409084267259,0.75,3.0
2007-06-26,141615327.66015857,140982858.06077412,0.25,0.25,0.25,0.0,35403831.91503964,35403831.91503964,35403831.91503964,0.0,35403831.91503964,-0.004466109776635252,0.75,3.0
2007-06-27,140982858.06077412,140628878.5244799,0.25,0.25,0.25,0.0,35245714.51519353,35245714.51519353,35245714.51519353,0.0,35245714.51519353,-0.002510798413106724,0.75,3.0
2007-06-28,140628878.5244799,141485829.4986505,0.25,0.25,0.25,0.0,35157219.631119974,35157219.631119974,35157219.631119974,0.0,35157219.631119974,0.006093705525934551,0.75,3.0
2007-06-29,141485829.4986505,141395679.1272963,0.25,0.25,0.0,0.0,35371457.37466262,35371457.37466262,0.0,0.0,70742914.74932525,-0.0006371689071170972,0.5,2.0
2007-07-02,141395679.1272963,142106013.90670013,0.25,0.25,0.0,0.0,35348919.781824075,35348919.781824075,0.0,0.0,70697839.56364815,0.005023737527116046,0.5,2.0
2007-07-03,142106013.90670013,142065082.49969226,0.25,0.25,0.0,0.0,35526503.47667503,35526503.47667503,0.0,0.0,71053006.95335007,-0.00028803430539361963,0.5,2.0
2007-07-04,142065082.49969226,142277467.4941523,0.25,0.25,0.0,0.0,35516270.624923065,35516270.624923065,0.0,0.0,71032541.24984613,0.0014949837829466572,0.5,2.0
2007-07-05,142277467.4941523,142018850.75260907,0.25,0.25,0.0,0.0,35569366.87353808,35569366.87353808,0.0,0.0,71138733.74707615,-0.001817692893316819,0.5,2.0
2007-07-06,142018850.75260907,142429094.14712948,0.25,0.25,0.0,0.0,35504712.68815227,35504712.68815227,0.0,0.0,71009425.37630454,0.0028886545155547005,0.5,2.0
2007-07-09,142429094.14712948,142506849.78108835,0.25,0.25,0.0,0.0,35607273.53678237,35607273.53678237,0.0,0.0,71214547.07356474,0.0005459252158029892,0.5,2.0
2007-07-10,142506849.78108835,142817777.40973055,0.25,0.25,0.0,0.0,35626712.44527209,35626712.44527209,0.0,0.0,71253424.89054418,0.002181843392930316,0.5,2.0
2007-07-11,142817777.40973055,142844152.86196056,0.25,0.25,0.0,0.0,35704444.35243264,35704444.35243264,0.0,0.0,71408888.70486528,0.0001846790554256572,0.5,2.0
2007-07-12,142844152.86196056,143265563.3007947,0.25,0.25,0.0,0.0,35711038.21549014,35711038.21549014,0.0,0.0,71422076.43098028,0.002950141328090461,0.5,2.0
2007-07-13,143265563.3007947,143553804.07917303,0.25,0.25,0.0,0.0,35816390.82519867,35816390.82519867,0.0,0.0,71632781.65039735,0.0020119334453955195,0.5,2.0
2007-07-16,143553804.07917303,143668936.12969038,0.25,0.25,0.0,0.0,35888451.01979326,35888451.01979326,0.0,0.0,71776902.03958651,0.0008020132329885632,0.5,2.0
2007-07-17,143668936.12969038,143775670.58175352,0.25,0.25,0.0,0.0,35917234.032422595,35917234.032422595,0.0,0.0,71834468.06484519,0.0007429194851613086,0.5,2.0
2007-07-18,143775670.58175352,144028434.4310861,0.25,0.25,0.0,0.0,35943917.64543838,35943917.64543838,0.0,0.0,71887835.29087676,0.0017580432649681454,0.5,2.0
2007-07-19,144028434.4310861,144272451.64105886,0.25,0.25,0.0,0.0,36007108.60777152,36007108.60777152,0.0,0.0,72014217.21554305,0.0016942294133561742,0.5,2.0
2007-07-20,144272451.64105886,144133522.1555034,0.25,0.25,0.0,0.0,36068112.910264716,36068112.910264716,0.0,0.0,72136225.82052943,-0.0009629661378537102,0.5,2.0
2007-07-23,144133522.1555034,144693855.07989284,0.25,0.25,0.0,0.0,36033380.53887585,36033380.53887585,0.0,0.0,72066761.0777517,0.0038875961400908765,0.5,2.0
2007-07-24,144693855.07989284,144561312.1929356,0.25,0.25,0.0,0.0,36173463.76997321,36173463.76997321,0.0,0.0,72346927.53994642,-0.0009160229153066246,0.5,2.0
2007-07-25,144561312.1929356,144124585.78034568,0.25,0.25,0.0,0.0,36140328.0482339,36140328.0482339,0.0,0.0,72280656.0964678,-0.0030210462672544958,0.5,2.0
2007-07-26,144124585.78034568,142656098.4942231,0.25,0.25,0.0,0.25,36031146.44508642,36031146.44508642,0.0,36031146.44508642,36031146.44508642,-0.0101890130554175,0.75,3.0
2007-07-27,142656098.4942231,141310124.5156195,0.25,0.25,0.0,0.25,35664024.62355577,35664024.62355577,0.0,35664024.62355577,35664024.62355577,-0.009435095960220102,0.75,3.0
2007-07-30,141310124.5156195,142075414.36306578,0.25,0.25,0.0,0.25,35327531.12890487,35327531.12890487,0.0,35327531.12890487,35327531.12890487,0.005415675982662682,0.75,3.0
2007-07-31,142075414.36306578,142764135.85380358,0.25,0.25,0.0,0.25,35518853.590766445,35518853.590766445,0.0,35518853.590766445,35518853.590766445,0.0048475768578638,0.75,3.0
2007-08-01,142764135.85380358,142243647.389291,0.25,0.25,0.0,0.25,35691033.963450894,35691033.963450894,0.0,35691033.963450894,35691033.963450894,-0.0036457928414570795,0.75,3.0
2007-08-02,142243647.389291,142680485.2007175,0.25,0.25,0.0,0.25,35560911.84732275,35560911.84732275,0.0,35560911.84732275,35560911.84732275,0.0030710532206124908,0.75,3.0
2007-08-03,142680485.2007175,142777253.31205428,0.25,0.25,0.0,0.25,35670121.30017938,35670121.30017938,0.0,35670121.30017938,35670121.30017938,0.000678215463037174,0.75,3.0
2007-08-06,142777253.31205428,142451254.13055563,0.25,0.25,0.0,0.25,35694313.32801357,35694313.32801357,0.0,35694313.32801357,35694313.32801357,-0.0022832711369377146,0.75,3.0
2007-08-07,142451254.13055563,142224055.12372527,0.25,0.25,0.0,0.25,35612813.53263891,35612813.53263891,0.0,35612813.53263891,35612813.53263891,-0.0015949245811633372,0.75,3.0
2007-08-08,142224055.12372527,143065247.20318398,0.25,0.25,0.0,0.25,35556013.78093132,35556013.78093132,0.0,35556013.78093132,35556013.78093132,0.005914555584334569,0.75,3.0
2007-08-09,143065247.20318398,141397023.26324585,0.25,0.25,0.0,0.25,35766311.800795995,35766311.800795995,0.0,35766311.800795995,35766311.800795995,-0.011660581256109609,0.75,3.0
2007-08-10,141397023.26324585,141269926.816859,0.25,0.25,0.0,0.25,35349255.81581146,35349255.81581146,0.0,35349255.81581146,35349255.81581146,-0.000898862249385679,0.75,3.0
2007-08-13,141269926.816859,141053826.28043374,0.25,0.25,0.0,0.25,35317481.70421475,35317481.70421475,0.0,35317481.70421475,35317481.70421475,-0.0015296995000600722,0.75,3.0
2007-08-14,141053826.28043374,140172624.73727494,0.25,0.25,0.0,0.25,35263456.570108436,35263456.570108436,0.0,35263456.570108436,35263456.570108436,-0.00624727145938514,0.75,3.0
2007-08-15,140172624.73727494,139136118.31718516,0.25,0.25,0.0,0.25,35043156.184318736,35043156.184318736,0.0,35043156.184318736,35043156.184318736,-0.007394499618113698,0.75,3.0
2007-08-16,139136118.31718516,134463512.30729353,0.25,0.25,0.0,0.25,34784029.57929629,34784029.57929629,0.0,34784029.57929629,34784029.57929629,-0.03358298381761407,0.75,3.0
2007-08-17,134463512.30729353,137138553.74429733,0.25,0.25,0.0,0.25,33615878.07682338,33615878.07682338,0.0,33615878.07682338,33615878.07682338,0.019894180890429713,0.75,3.0
2007-08-20,137138553.74429733,137098310.52252904,0.0,0.25,0.0,0.25,0.0,34284638.43607433,0.0,34284638.43607433,68569276.87214866,-0.0002934493668596272,0.5,2.0
2007-08-21,137098310.52252904,137124402.61877647,0.0,0.0,0.0,0.25,0.0,0.0,0.0,34274577.63063226,102823732.89189678,0.000190316686967118,0.25,1.0
2007-08-22,137124402.61877647,137306943.09084618,0.0,0.0,0.0,0.25,0.0,0.0,0.0,34281100.65469412,102843301.96408236,0.0013312034078807322,0.25,1.0
2007-08-23,137306943.09084618,137270580.02329037,0.0,0.0,0.0,0.25,0.0,0.0,0.0,34326735.772711545,102980207.31813464,-0.0002648305084745617,0.25,1.0
2007-08-24,137270580.02329037,137691687.3169537,0.0,0.0,0.0,0.25,0.0,0.0,0.0,34317645.00582259,102952935.01746777,0.003067717012573856,0.25,1.0
2007-08-27,137691687.3169537,137660777.7792441,0.0,0.0,0.0,0.25,0.0,0.0,0.0,34422921.82923842,103268765.48771527,-0.00022448368751870618,0.25,1.0
2007-08-28,137660777.7792441,137397869.61317378,0.0,0.0,0.0,0.25,0.0,0.0,0.0,34415194.444811024,103245583.33443308,-0.0019098262432594437,0.25,1.0
2007-08-29,137397869.61317378,137657110.8765949,0.0,0.0,0.0,0.25,0.0,0.0,0.0,34349467.403293446,103048402.20988034,0.0018867924528301883,0.25,1.0
2007-08-30,137657110.8765949,137543685.5417902,0.0,0.0,0.0,0.25,0.0,0.0,0.0,34414277.719148725,103242833.15744618,-0.0008239700374532144,0.25,1.0
2007-08-31,137543685.5417902,137957164.2297258,0.0,0.0,0.0,0.25,0.0,0.0,0.0,34385921.38544755,103157764.15634264,0.0030061626333984792,0.25,1.0
2007-09-03,137957164.2297258,137905939.97447938,0.0,0.0,0.0,0.25,0.0,0.0,0.0,34489291.05743145,103467873.17229435,-0.00037130551017378055,0.25,1.0
2007-09-04,137905939.97447938,138393113.2712805,0.0,0.0,0.0,0.25,0.0,0.0,0.0,34476484.993619844,103429454.98085953,0.0035326491149784145,0.25,1.0
2007-09-05,138393113.2712805,138393113.2712805,0.0,0.0,0.0,0.25,0.0,0.0,0.0,34598278.317820124,103794834.95346037,0.0,0.25,1.0
2007-09-06,138393113.2712805,139083251.99982604,0.0,0.0,0.0,0.25,0.0,0.0,0.0,34598278.317820124,103794834.95346037,0.004986799647990647,0.25,1.0
2007-09-07,139083251.99982604,139353258.31302673,0.0,0.0,0.0,0.25,0.0,0.0,0.0,34770812.99995651,104312438.99986953,0.0019413287316651928,0.25,1.0
2007-09-10,139353258.31302673,139467596.3888401,0.0,0.0,0.0,0.25,0.0,0.0,0.0,34838314.57825668,104514943.73477004,0.0008204908675799594,0.25,1.0
2007-09-11,139467596.3888401,139938703.68712413,0.0,0.0,0.0,0.25,0.0,0.0,0.0,34866899.09721003,104600697.29163009,0.003377897880813552,0.25,1.0
2007-09-12,139938703.68712413,139889609.2780282,0.0,0.0,0.0,0.25,0.0,0.0,0.0,34984675.92178103,104954027.7653431,-0.0003508279539713721,0.25,1.0
2007-09-13,139889609.2780282,139727426.97384834,0.0,0.0,0.0,0.25,0.0,0.0,0.0,34972402.31950705,104917206.95852114,-0.0011593591905565137,0.25,1.0
2007-09-14,139727426.97384834,139692904.4555363,0.0,0.0,0.0,0.25,0.0,0.0,0.0,34931856.743462086,104795570.23038626,-0.000247070450374115,0.25,1.0
2007-09-17,139692904.4555363,140201255.54227033,0.0,0.0,0.0,0.25,0.0,0.0,0.0,34923226.11388408,104769678.34165223,0.0036390616167326084,0.25,1.0
2007-09-18,140201255.54227033,140474666.54346713,0.0,0.0,0.0,0.25,0.0,0.0,0.0,35050313.88556758,105150941.65670276,0.0019501323304081386,0.25,1.0
2007-09-19,140474666.54346713,140367878.61451218,0.0,0.0,0.0,0.25,0.0,0.0,0.0,35118666.63586678,105355999.90760034,-0.0007601935038009933,0.25,1.0
2007-09-20,140367878.61451218,140976016.17262992,0.0,0.0,0.0,0.25,0.0,0.0,0.0,35091969.653628044,105275908.96088412,0.004332455289061399,0.25,1.0
2007-09-21,140976016.17262992,140865548.45758596,0.0,0.0,0.0,0.25,0.0,0.0,0.0,35244004.04315748,105732012.12947243,-0.0007835922594712219,0.25,1.0
2007-09-24,140865548.45758596,140941109.7356837,0.0,0.0,0.25,0.25,0.0,0.0,35216387.11439649,35216387.11439649,70432774.22879298,0.0005364070840959967,0.5,2.0
2007-09-25,140941109.7356837,140775498.33919746,0.0,0.0,0.25,0.25,0.0,0.0,35235277.43392093,35235277.43392093,70470554.86784185,-0.0011750396800253582,0.5,2.0
2007-09-26,140775498.33919746,141049671.2259855,0.25,0.0,0.25,0.25,35193874.584799364,0.0,35193874.584799364,35193874.584799364,35193874.584799364,0.0019475895310093194,0.75,3.0
2007-09-27,141049671.2259855,142053534.7233748,0.25,0.0,0.25,0.25,35262417.806496374,0.0,35262417.806496374,35262417.806496374,35262417.806496374,0.0071170920758898415,0.75,3.0
2007-09-28,142053534.7233748,142330271.1707785,0.25,0.0,0.25,0.25,35513383.6808437,0.0,35513383.6808437,35513383.6808437,35513383.6808437,0.0019481137723365016,0.75,3.0
2007-10-01,142330271.1707785,142940244.3310779,0.25,0.25,0.25,0.25,35582567.79269463,35582567.79269463,35582567.79269463,35582567.79269463,0.0,0.004285617917270196,1.0,4.0
2007-10-02,142940244.3310779,141436281.0833213,0.25,0.25,0.25,0.25,35735061.082769476,35735061.082769476,35735061.082769476,35735061.082769476,0.0,-0.010521622198106234,1.0,4.0
2007-10-03,141436281.0833213,141423018.16792363,0.25,0.25,0.25,0.25,35359070.270830326,35359070.270830326,35359070.270830326,35359070.270830326,0.0,-9.37730778558521e-05,1.0,4.0
2007-10-04,141423018.16792363,142091010.55295652,0.25,0.25,0.25,0.25,35355754.54198091,35355754.54198091,35355754.54198091,35355754.54198091,0.0,0.004723363945180081,1.0,4.0
2007-10-05,142091010.55295652,142877516.24539772,0.25,0.25,0.25,0.25,35522752.63823913,35522752.63823913,35522752.63823913,35522752.63823913,0.0,0.005535224849062881,1.0,4.0
2007-10-08,142877516.24539772,141312139.05361387,0.25,0.25,0.25,0.25,35719379.06134943,35719379.06134943,35719379.06134943,35719379.06134943,0.0,-0.01095607785549163,1.0,4.0
2007-10-09,141312139.05361387,142210369.78907365,0.25,0.25,0.25,0.25,35328034.76340347,35328034.76340347,35328034.76340347,35328034.76340347,0.0,0.006356359343757445,1.0,4.0
2007-10-10,142210369.78907365,142844253.4478671,0.25,0.25,0.25,0.25,35552592.44726841,35552592.44726841,35552592.44726841,35552592.44726841,0.0,0.004457365941271663,1.0,4.0
2007-10-11,142844253.4478671,144126192.79563376,0.25,0.25,0.25,0.25,35711063.361966774,35711063.361966774,35711063.361966774,35711063.361966774,0.0,0.008974385156029607,1.0,4.0
2007-10-12,144126192.79563376,143815205.69565165,0.25,0.25,0.25,0.25,36031548.19890844,36031548.19890844,36031548.19890844,36031548.19890844,0.0,-0.0021577417258435982,1.0,4.0
2007-10-15,143815205.69565165,144497469.00239694,0.25,0.25,0.25,0.25,35953801.42391291,35953801.42391291,35953801.42391291,35953801.42391291,0.0,0.004744027611302271,1.0,4.0
2007-10-16,144497469.00239694,143506350.07934856,0.25,0.25,0.25,0.25,36124367.250599235,36124367.250599235,36124367.250599235,36124367.250599235,0.0,-0.006859074625258282,1.0,4.0
2007-10-17,143506350.07934856,143689350.00369737,0.25,0.25,0.25,0.25,35876587.51983714,35876587.51983714,35876587.51983714,35876587.51983714,0.0,0.0012752043672465407,1.0,4.0
2007-10-18,143689350.00369737,144973392.49434537,0.25,0.25,0.25,0.25,35922337.50092434,35922337.50092434,35922337.50092434,35922337.50092434,0.0,0.008936239816068281,1.0,4.0
2007-10-19,144973392.49434537,144595236.1356204,0.25,0.25,0.25,0.25,36243348.12358634,36243348.12358634,36243348.12358634,36243348.12358634,0.0,-0.0026084535390845376,1.0,4.0
2007-10-22,144595236.1356204,142894847.53995165,0.25,0.25,0.25,0.25,36148809.0339051,36148809.0339051,36148809.0339051,36148809.0339051,0.0,-0.011759644654363827,1.0,4.0
2007-10-23,142894847.53995165,143930680.27629134,0.25,0.25,0.25,0.25,35723711.88498791,35723711.88498791,35723711.88498791,35723711.88498791,0.0,0.0072489159278474324,1.0,4.0
2007-10-24,143930680.27629134,144211466.67118958,0.25,0.25,0.25,0.25,35982670.069072835,35982670.069072835,35982670.069072835,35982670.069072835,0.0,0.0019508446313130923,1.0,4.0
2007-10-25,144211466.67118958,145616313.59312242,0.25,0.25,0.25,0.25,36052866.667797394,36052866.667797394,36052866.667797394,36052866.667797394,0.0,0.009741575717664541,1.0,4.0
2007-10-26,145616313.59312242,147409035.0150609,0.25,0.25,0.25,0.25,36404078.398280606,36404078.398280606,36404078.398280606,36404078.398280606,0.0,0.01231126772613983,1.0,4.0
2007-10-29,147409035.0150609,148725079.4050331,0.25,0.25,0.25,0.25,36852258.753765225,36852258.753765225,36852258.753765225,36852258.753765225,0.0,0.008927840751672633,1.0,4.0
2007-10-30,148725079.4050331,147778528.59160903,0.25,0.25,0.25,0.25,37181269.85125828,37181269.85125828,37181269.85125828,37181269.85125828,0.0,-0.006364433068119346,1.0,4.0
2007-10-31,147778528.59160903,149800871.91076806,0.25,0.25,0.25,0.25,36944632.14790226,36944632.14790226,36944632.14790226,36944632.14790226,0.0,0.013684960450160155,1.0,4.0
2007-11-01,149800871.91076806,148589396.18763372,0.25,0.25,0.25,0.25,37450217.977692015,37450217.977692015,37450217.977692015,37450217.977692015,0.0,-0.008087240799612788,1.0,4.0
2007-11-02,148589396.18763372,149763625.80487937,0.25,0.25,0.25,0.25,37147349.04690843,37147349.04690843,37147349.04690843,37147349.04690843,0.0,0.007902512880279017,1.0,4.0
2007-11-05,149763625.80487937,149480593.91369447,0.25,0.25,0.25,0.25,37440906.45121984,37440906.45121984,37440906.45121984,37440906.45121984,0.0,-0.001889857364655606,1.0,4.0
2007-11-06,149480593.91369447,151412327.57820404,0.25,0.25,0.25,0.25,37370148.47842362,37370148.47842362,37370148.47842362,37370148.47842362,0.0,0.012922972901919738,1.0,4.0
2007-11-07,151412327.57820404,151791022.07574314,0.25,0.25,0.25,0.25,37853081.89455101,37853081.89455101,37853081.89455101,37853081.89455101,0.0,0.0025010810123336225,1.0,4.0
2007-11-08,151791022.07574314,151515304.36551887,0.25,0.25,0.25,0.25,37947755.518935785,37947755.518935785,37947755.518935785,37947755.518935785,0.0,-0.0018164296310402006,1.0,4.0
2007-11-09,151515304.36551887,151000419.5891192,0.25,0.25,0.25,0.25,37878826.09137972,37878826.09137972,37878826.09137972,37878826.09137972,0.0,-0.003398236096055135,1.0,4.0
2007-11-12,151000419.5891192,146642522.96514857,0.25,0.25,0.25,0.25,37750104.8972798,37750104.8972798,37750104.8972798,37750104.8972798,0.0,-0.028860162348082863,1.0,4.0
2007-11-13,146642522.96514857,147427633.62715897,0.25,0.25,0.25,0.25,36660630.74128714,36660630.74128714,36660630.74128714,36660630.74128714,0.0,0.005353908580780359,1.0,4.0
2007-11-14,147427633.62715897,149552944.55072296,0.25,0.25,0.25,0.25,36856908.40678974,36856908.40678974,36856908.40678974,36856908.40678974,0.0,0.014415960368317715,1.0,4.0
2007-11-15,149552944.55072296,147241626.9657592,0.25,0.25,0.25,0.25,37388236.13768074,37388236.13768074,37388236.13768074,37388236.13768074,0.0,-0.015454845051077387,1.0,4.0
2007-11-16,147241626.9657592,147319687.0642826,0.25,0.25,0.25,0.25,36810406.7414398,36810406.7414398,36810406.7414398,36810406.7414398,0.0,0.0005301496603374589,1.0,4.0
2007-11-19,147319687.0642826,146218665.9358643,0.25,0.25,0.25,0.25,36829921.76607065,36829921.76607065,36829921.76607065,36829921.76607065,0.0,-0.007473686310084826,1.0,4.0
2007-11-20,146218665.9358643,148014408.84724513,0.25,0.25,0.25,0.25,36554666.483966075,36554666.483966075,36554666.483966075,36554666.483966075,0.0,0.012281215259948186,1.0,4.0
2007-11-21,148014408.84724513,146592573.0579293,0.25,0.25,0.25,0.25,37003602.21181128,37003602.21181128,37003602.21181128,37003602.21181128,0.0,-0.009606063358217981,1.0,4.0
2007-11-22,146592573.0579293,146808220.55752686,0.25,0.25,0.25,0.25,36648143.26448233,36648143.26448233,36648143.26448233,36648143.26448233,0.0,0.0014710670199663822,1.0,4.0
2007-11-23,146808220.55752686,147689688.48476076,0.25,0.25,0.25,0.25,36702055.139381714,36702055.139381714,36702055.139381714,36702055.139381714,0.0,0.006004213686988363,1.0,4.0
2007-11-26,147689688.48476076,147543834.69273517,0.25,0.25,0.25,0.25,36922422.12119019,36922422.12119019,36922422.12119019,36922422.12119019,0.0,-0.0009875692306078043,1.0,4.0
2007-11-27,147543834.69273517,146148281.67519826,0.25,0.25,0.25,0.25,36885958.67318379,36885958.67318379,36885958.67318379,36885958.67318379,0.0,-0.00945856545238366,1.0,4.0
2007-11-28,146148281.67519826,146586562.36661094,0.25,0.25,0.25,0.25,36537070.418799564,36537070.418799564,36537070.418799564,36537070.418799564,0.0,0.0029988768009378552,1.0,4.0
2007-11-29,146586562.36661094,145942332.89085296,0.25,0.25,0.25,0.25,36646640.591652736,36646640.591652736,36646640.591652736,36646640.591652736,0.0,-0.004394874027721346,1.0,4.0
2007-11-30,145942332.89085296,145309667.08551642,0.25,0.25,0.25,0.25,36485583.22271324,36485583.22271324,36485583.22271324,36485583.22271324,0.0,-0.004335039688653591,1.0,4.0
2007-12-03,145309667.08551642,145675023.5573037,0.25,0.25,0.25,0.25,36327416.771379106,36327416.771379106,36327416.771379106,36327416.771379106,0.0,0.002514330113854296,1.0,4.0
2007-12-04,145675023.5573037,145264272.84093148,0.25,0.25,0.25,0.25,36418755.889325924,36418755.889325924,36418755.889325924,36418755.889325924,0.0,-0.002819637205760478,1.0,4.0
2007-12-05,145264272.84093148,145008530.539687,0.25,0.25,0.25,0.25,36316068.21023287,36316068.21023287,36316068.21023287,36316068.21023287,0.0,-0.0017605313147059376,1.0,4.0
2007-12-06,145008530.539687,146128333.07929492,0.25,0.0,0.25,0.25,36252132.63492175,0.0,36252132.63492175,36252132.63492175,36252132.63492175,0.007722321820932021,0.75,3.0
2007-12-07,146128333.07929492,146174903.01806587,0.25,0.0,0.25,0.25,36532083.26982373,0.0,36532083.26982373,36532083.26982373,36532083.26982373,0.0003186920550558858,0.75,3.0
2007-12-10,146174903.01806587,146614909.02941987,0.25,0.0,0.25,0.25,36543725.75451647,0.0,36543725.75451647,36543725.75451647,36543725.75451647,0.003010133766256806,0.75,3.0
2007-12-11,146614909.02941987,146565720.52680075,0.25,0.0,0.25,0.25,36653727.25735497,0.0,36653727.25735497,36653727.25735497,36653727.25735497,-0.0003354945478925009,0.75,3.0
2007-12-12,146565720.52680075,147783949.49398744,0.25,0.0,0.25,0.25,36641430.13170019,0.0,36641430.13170019,36641430.13170019,36641430.13170019,0.008311827368691849,0.75,3.0
2007-12-13,147783949.49398744,146372625.64879385,0.25,0.0,0.25,0.25,36945987.37349686,0.0,36945987.37349686,36945987.37349686,36945987.37349686,-0.009549912896670815,0.75,3.0
2007-12-14,146372625.64879385,145922206.64817134,0.25,0.0,0.25,0.25,36593156.41219846,0.0,36593156.41219846,36593156.41219846,36593156.41219846,-0.003077207904319895,0.75,3.0
2007-12-17,145922206.64817134,145397846.08908796,0.25,0.0,0.25,0.25,36480551.662042834,0.0,36480551.662042834,36480551.662042834,36480551.662042834,-0.0035934253677209205,0.75,3.0
2007-12-18,145397846.08908796,145747524.8458131,0.25,0.0,0.25,0.25,36349461.52227199,0.0,36349461.52227199,36349461.52227199,36349461.52227199,0.0024049789328436932,0.75,3.0
2007-12-19,145747524.8458131,146061393.60064617,0.0,0.0,0.25,0.25,0.0,0.0,36436881.211453274,36436881.211453274,72873762.42290655,0.0021535100178553535,0.5,2.0
2007-12-20,146061393.60064617,145677262.81616655,0.0,0.0,0.25,0.25,0.0,0.0,36515348.40016154,36515348.40016154,73030696.80032308,-0.002629926875337668,0.5,2.0
2007-12-21,145677262.81616655,146830201.29006,0.0,0.0,0.25,0.25,0.0,0.0,36419315.70404164,36419315.70404164,72838631.40808327,0.00791433372377659,0.5,2.0
2007-12-24,146830201.29006,146830201.29006,0.0,0.0,0.0,0.25,0.0,0.0,0.0,36707550.322515,110122650.967545,0.0,0.25,1.0
2007-12-25,146830201.29006,146613157.38571402,0.0,0.0,0.0,0.25,0.0,0.0,0.0,36707550.322515,110122650.967545,-0.0014781966001478075,0.25,1.0
2007-12-26,146613157.38571402,147407993.27612603,0.0,0.0,0.0,0.25,0.0,0.0,0.0,36653289.346428506,109959868.03928551,0.005421313506815351,0.25,1.0
2007-12-27,147407993.27612603,147494551.78297633,0.0,0.0,0.25,0.25,0.0,0.0,36851998.31903151,36851998.31903151,73703996.63806301,0.0005872036171616357,0.5,2.0
2007-12-28,147494551.78297633,148001420.30460978,0.0,0.0,0.25,0.25,0.0,0.0,36873637.94574408,36873637.94574408,73747275.89148816,0.003436523691934368,0.5,2.0
2007-12-31,148001420.30460978,147740940.52111286,0.0,0.0,0.25,0.25,0.0,0.0,37000355.076152444,37000355.076152444,74000710.15230489,-0.0017599816472086138,0.5,2.0
2008-01-01,147740940.52111286,147740940.52111286,0.0,0.0,0.25,0.25,0.0,0.0,36935235.130278215,36935235.130278215,73870470.26055643,0.0,0.5,2.0
2008-01-02,147740940.52111286,149717409.8299502,0.0,0.0,0.25,0.25,0.0,0.0,36935235.130278215,36935235.130278215,73870470.26055643,0.013377939126865912,0.5,2.0
2008-01-03,149717409.8299502,150305546.02905422,0.0,0.0,0.25,0.25,0.0,0.0,37429352.45748755,37429352.45748755,74858704.9149751,0.003928308670127445,0.5,2.0
2008-01-04,150305546.02905422,149861524.08979422,0.0,0.0,0.25,0.25,0.0,0.0,37576386.507263556,37576386.507263556,75152773.01452711,-0.002954128779613735,0.5,2.0
2008-01-07,149861524.08979422,149373789.41780958,0.0,0.0,0.25,0.25,0.0,0.0,37465381.022448555,37465381.022448555,74930762.04489711,-0.0032545690092701807,0.5,2.0
2008-01-08,149373789.41780958,150857587.10385382,0.0,0.0,0.25,0.25,0.0,0.0,37343447.354452394,37343447.354452394,74686894.70890479,0.009933454134272213,0.5,2.0
2008-01-09,150857587.10385382,150740760.01700583,0.0,0.0,0.25,0.25,0.0,0.0,37714396.775963455,37714396.775963455,75428793.55192691,-0.0007744196966875949,0.5,2.0
2008-01-10,150740760.01700583,151174883.0906227,0.0,0.0,0.25,0.25,0.0,0.0,37685190.00425146,37685190.00425146,75370380.00850292,0.0028799315697221606,0.5,2.0
2008-01-11,151174883.0906227,151488303.20791492,0.0,0.0,0.25,0.25,0.0,0.0,37793720.77265567,37793720.77265567,75587441.54531135,0.0020732287724302134,0.5,2.0
2008-01-14,151488303.20791492,152303512.1242957,0.0,0.0,0.25,0.25,0.0,0.0,37872075.80197873,37872075.80197873,75744151.60395746,0.005381332413908757,0.5,2.0
2008-01-15,152303512.1242957,150758558.7789008,0.25,0.0,0.25,0.25,38075878.03107393,0.0,38075878.03107393,38075878.03107393,38075878.03107393,-0.010143911482054763,0.75,3.0
2008-01-16,150758558.7789008,149374903.92665166,0.25,0.0,0.25,0.25,37689639.6947252,0.0,37689639.6947252,37689639.6947252,37689639.6947252,-0.009177952240034204,0.75,3.0
2008-01-17,149374903.92665166,149174029.58252487,0.25,0.0,0.25,0.25,37343725.981662914,0.0,37343725.981662914,37343725.981662914,37343725.981662914,-0.0013447663486059747,0.75,3.0
2008-01-18,149174029.58252487,149495539.47606567,0.25,0.0,0.25,0.25,37293507.39563122,0.0,37293507.39563122,37293507.39563122,37293507.39563122,0.0021552672032832954,0.75,3.0
2008-01-21,149495539.47606567,147790322.28821737,0.25,0.0,0.25,0.25,37373884.86901642,0.0,37373884.86901642,37373884.86901642,37373884.86901642,-0.011406475362572832,0.75,3.0
2008-01-22,147790322.28821737,149191122.93495688,0.25,0.0,0.25,0.25,36947580.57205434,0.0,36947580.57205434,36947580.57205434,36947580.57205434,0.009478297530251756,0.75,3.0
2008-01-23,149191122.93495688,147639663.06550932,0.25,0.0,0.25,0.25,37297780.73373922,0.0,37297780.73373922,37297780.73373922,37297780.73373922,-0.010399143319833853,0.75,3.0
2008-01-24,147639663.06550932,150235861.77924716,0.25,0.0,0.25,0.25,36909915.76637733,0.0,36909915.76637733,36909915.76637733,36909915.76637733,0.01758469682083924,0.75,3.0
2008-01-25,150235861.77924716,150703790.67008555,0.25,0.0,0.25,0.25,37558965.44481179,0.0,37558965.44481179,37558965.44481179,37558965.44481179,0.00311462846018698,0.75,3.0
2008-01-28,150703790.67008555,151708311.33248335,0.25,0.0,0.25,0.25,37675947.66752139,0.0,37675947.66752139,37675947.66752139,37675947.66752139,0.0066655301630525465,0.75,3.0
2008-01-29,151708311.33248335,151942962.64127815,0.25,0.0,0.25,0.25,37927077.83312084,0.0,37927077.83312084,37927077.83312084,37927077.83312084,0.0015467267859870515,0.75,3.0
2008-01-30,151942962.64127815,152204992.86793768,0.25,0.0,0.25,0.25,37985740.66031954,0.0,37985740.66031954,37985740.66031954,37985740.66031954,0.0017245301928076051,0.75,3.0
2008-01-31,152204992.86793768,152777138.7521834,0.25,0.0,0.25,0.25,38051248.21698442,0.0,38051248.21698442,38051248.21698442,38051248.21698442,0.0037590480671165494,0.75,3.0
2008-02-01,152777138.7521834,152106912.61441132,0.25,0.25,0.25,0.25,38194284.68804585,38194284.68804585,38194284.68804585,38194284.68804585,0.0,-0.004386953069328292,1.0,4.0
2008-02-04,152106912.61441132,152782109.9416663,0.25,0.25,0.25,0.25,38026728.15360283,38026728.15360283,38026728.15360283,38026728.15360283,0.0,0.004438965433258085,1.0,4.0
2008-02-05,152782109.9416663,151273047.1391609,0.25,0.25,0.25,0.25,38195527.485416576,38195527.485416576,38195527.485416576,38195527.485416576,0.0,-0.009877221901710753,1.0,4.0
2008-02-06,151273047.1391609,151805443.99628094,0.25,0.25,0.25,0.25,37818261.784790225,37818261.784790225,37818261.784790225,37818261.784790225,0.0,0.0035194429357282564,1.0,4.0
2008-02-07,151805443.99628094,152417994.2180431,0.25,0.25,0.25,0.25,37951360.999070235,37951360.999070235,37951360.999070235,37951360.999070235,0.0,0.004035100492029681,1.0,4.0
2008-02-08,152417994.2180431,153684195.8147181,0.25,0.25,0.25,0.25,38104498.55451077,38104498.55451077,38104498.55451077,38104498.55451077,0.0,0.00830742854983127,1.0,4.0
2008-02-11,153684195.8147181,154360863.73622277,0.25,0.25,0.25,0.25,38421048.953679524,38421048.953679524,38421048.953679524,38421048.953679524,0.0,0.004402976623051558,1.0,4.0
2008-02-12,154360863.73622277,153663255.49153578,0.25,0.25,0.25,0.25,38590215.93405569,38590215.93405569,38590215.93405569,38590215.93405569,0.0,-0.004519333643267814,1.0,4.0
2008-02-13,153663255.49153578,153297401.0844983,0.25,0.25,0.25,0.25,38415813.872883946,38415813.872883946,38415813.872883946,38415813.872883946,0.0,-0.0023808841343834763,1.0,4.0
2008-02-14,153297401.0844983,154381954.9086909,0.25,0.25,0.25,0.25,38324350.27112457,38324350.27112457,38324350.27112457,38324350.27112457,0.0,0.007074835036471272,1.0,4.0
2008-02-15,154381954.9086909,154141269.63106784,0.25,0.25,0.25,0.25,38595488.727172725,38595488.727172725,38595488.727172725,38595488.727172725,0.0,-0.0015590246785345263,1.0,4.0
2008-02-18,154141269.63106784,154852084.94081467,0.25,0.25,0.25,0.25,38535317.40776696,38535317.40776696,38535317.40776696,38535317.40776696,0.0,0.004611453580524727,1.0,4.0
2008-02-19,154852084.94081467,157373707.87661037,0.25,0.25,0.25,0.25,38713021.23520367,38713021.23520367,38713021.23520367,38713021.23520367,0.0,0.016284074810871685,1.0,4.0
2008-02-20,157373707.87661037,157889936.3231981,0.25,0.25,0.25,0.25,39343426.96915259,39343426.96915259,39343426.96915259,39343426.96915259,0.0,0.0032802712317898386,1.0,4.0
2008-02-21,157889936.3231981,159063206.78406575,0.25,0.25,0.25,0.25,39472484.08079953,39472484.08079953,39472484.08079953,39472484.08079953,0.0,0.0074309388437904245,1.0,4.0
2008-02-22,159063206.78406575,159184701.31819218,0.25,0.25,0.25,0.25,39765801.69601644,39765801.69601644,39765801.69601644,39765801.69601644,0.0,0.0007638129306129227,1.0,4.0
2008-02-25,159184701.31819218,159510039.3326713,0.25,0.25,0.25,0.25,39796175.329548046,39796175.329548046,39796175.329548046,39796175.329548046,0.0,0.0020437768942935808,1.0,4.0
2008-02-26,159510039.3326713,161062876.57829788,0.25,0.25,0.25,0.25,39877509.83316783,39877509.83316783,39877509.83316783,39877509.83316783,0.0,0.009735043964148427,1.0,4.0
2008-02-27,161062876.57829788,162509952.8190574,0.25,0.25,0.25,0.25,40265719.14457447,40265719.14457447,40265719.14457447,40265719.14457447,0.0,0.008984542381844485,1.0,4.0
2008-02-28,162509952.8190574,164007066.1969115,0.25,0.25,0.25,0.25,40627488.20476435,40627488.20476435,40627488.20476435,40627488.20476435,0.0,0.009212441157502749,1.0,4.0
2008-02-29,164007066.1969115,163139318.53489575,0.25,0.25,0.25,0.25,41001766.54922788,41001766.54922788,41001766.54922788,41001766.54922788,0.0,-0.0052909163131662496,1.0,4.0
2008-03-03,163139318.53489575,164484632.94440746,0.25,0.25,0.25,0.25,40784829.63372394,40784829.63372394,40784829.63372394,40784829.63372394,0.0,0.00824641430155254,1.0,4.0
2008-03-04,164484632.94440746,162305773.86753902,0.25,0.25,0.25,0.25,41121158.236101866,41121158.236101866,41121158.236101866,41121158.236101866,0.0,-0.013246581384930012,1.0,4.0
2008-03-05,162305773.86753902,164912611.17027232,0.25,0.25,0.25,0.25,40576443.466884755,40576443.466884755,40576443.466884755,40576443.466884755,0.0,0.016061272748440714,1.0,4.0
2008-03-06,164912611.17027232,163869695.33126864,0.25,0.25,0.25,0.25,41228152.79256808,41228152.79256808,41228152.79256808,41228152.79256808,0.0,-0.006324051457331253,1.0,4.0
2008-03-07,163869695.33126864,162961238.74769413,0.25,0.25,0.25,0.25,40967423.83281716,40967423.83281716,40967423.83281716,40967423.83281716,0.0,-0.005543774166041016,1.0,4.0
2008-03-10,162961238.74769413,161932950.51569206,0.25,0.25,0.25,0.25,40740309.68692353,40740309.68692353,40740309.68692353,40740309.68692353,0.0,-0.00631001727714009,1.0,4.0
2008-03-11,161932950.51569206,162757772.52190214,0.25,0.25,0.25,0.25,40483237.628923014,40483237.628923014,40483237.628923014,40483237.628923014,0.0,0.005093602034566769,1.0,4.0
2008-03-12,162757772.52190214,164114941.07797092,0.25,0.25,0.25,0.25,40689443.130475536,40689443.130475536,40689443.130475536,40689443.130475536,0.0,0.008338579073918717,1.0,4.0
2008-03-13,164114941.07797092,164867317.14188617,0.25,0.25,0.25,0.25,41028735.26949273,41028735.26949273,41028735.26949273,41028735.26949273,0.0,0.004584445870518233,1.0,4.0
2008-03-14,164867317.14188617,164052304.57939973,0.25,0.25,0.25,0.25,41216829.28547154,41216829.28547154,41216829.28547154,41216829.28547154,0.0,-0.0049434452905240955,1.0,4.0
2008-03-17,164052304.57939973,161038660.78913215,0.25,0.25,0.25,0.25,41013076.14484993,41013076.14484993,41013076.14484993,41013076.14484993,0.0,-0.01837001801342572,1.0,4.0
2008-03-18,161038660.78913215,162189198.45695734,0.25,0.25,0.25,0.25,40259665.19728304,40259665.19728304,40259665.19728304,40259665.19728304,0.0,0.007144481096571759,1.0,4.0
2008-03-19,162189198.45695734,158307466.405421,0.25,0.25,0.25,0.25,40547299.614239335,40547299.614239335,40547299.614239335,40547299.614239335,0.0,-0.02393335739042149,1.0,4.0
2008-03-20,158307466.405421,154508365.824939,0.25,0.25,0.25,0.25,39576866.60135525,39576866.60135525,39576866.60135525,39576866.60135525,0.0,-0.023998240049857122,1.0,4.0
2008-03-21,154508365.824939,154894522.26393458,0.25,0.25,0.25,0.25,38627091.45623475,38627091.45623475,38627091.45623475,38627091.45623475,0.0,0.002499259097938411,1.0,4.0
2008-03-24,154894522.26393458,155645196.15237257,0.25,0.25,0.25,0.25,38723630.565983646,38723630.565983646,38723630.565983646,38723630.565983646,0.0,0.004846355296921817,1.0,4.0
2008-03-25,155645196.15237257,157607192.7578127,0.25,0.25,0.25,0.25,38911299.03809314,38911299.03809314,38911299.03809314,38911299.03809314,0.0,0.01260557122186659,1.0,4.0
2008-03-26,157607192.7578127,159196037.22466195,0.25,0.25,0.25,0.25,39401798.18945318,39401798.18945318,39401798.18945318,39401798.18945318,0.0,0.010081040332281743,1.0,4.0
2008-03-27,159196037.22466195,159175529.82302046,0.25,0.25,0.25,0.25,39799009.30616549,39799009.30616549,39799009.30616549,39799009.30616549,0.0,-0.00012881854346996624,1.0,4.0
2008-03-28,159175529.82302046,157751483.82148993,0.25,0.25,0.25,0.25,39793882.455755115,39793882.455755115,39793882.455755115,39793882.455755115,0.0,-0.008946387696110308,1.0,4.0
2008-03-31,157751483.82148993,156185925.80364037,0.25,0.25,0.25,0.25,39437870.95537248,39437870.95537248,39437870.95537248,39437870.95537248,0.0,-0.009924204704287537,1.0,4.0
2008-04-01,156185925.80364037,154054350.25905302,0.25,0.25,0.25,0.25,39046481.45091009,39046481.45091009,39046481.45091009,39046481.45091009,0.0,-0.013647680055802192,1.0,4.0
2008-04-02,154054350.25905302,156409869.8303162,0.25,0.25,0.25,0.25,38513587.564763255,38513587.564763255,38513587.564763255,38513587.564763255,0.0,0.015290185361868491,1.0,4.0
2008-04-03,156409869.8303162,156520162.87824193,0.25,0.25,0.25,0.25,39102467.45757905,39102467.45757905,39102467.45757905,39102467.45757905,0.0,0.0007051540164659531,1.0,4.0
2008-04-04,156520162.87824193,157957194.72751966,0.25,0.25,0.25,0.25,39130040.71956048,39130040.71956048,39130040.71956048,39130040.71956048,0.0,0.009181129273393485,1.0,4.0
2008-04-07,157957194.72751966,159168901.0853917,0.25,0.25,0.25,0.25,39489298.681879915,39489298.681879915,39489298.681879915,39489298.681879915,0.0,0.007671105833211844,1.0,4.0
2008-04-08,159168901.0853917,158794856.42513412,0.25,0.25,0.25,0.25,39792225.271347925,39792225.271347925,39792225.271347925,39792225.271347925,0.0,-0.002349985818252881,1.0,4.0
2008-04-09,158794856.42513412,160825307.2743905,0.25,0.25,0.25,0.25,39698714.10628353,39698714.10628353,39698714.10628353,39698714.10628353,0.0,0.012786628578323078,1.0,4.0
2008-04-10,160825307.2743905,160930022.51578513,0.25,0.25,0.25,0.25,40206326.81859762,40206326.81859762,40206326.81859762,40206326.81859762,0.0,0.0006511117135066802,1.0,4.0
2008-04-11,160930022.51578513,160346178.21160462,0.25,0.25,0.25,0.25,40232505.62894628,40232505.62894628,40232505.62894628,40232505.62894628,0.0,-0.0036279389951819896,1.0,4.0
2008-04-14,160346178.21160462,160393322.61082503,0.25,0.25,0.25,0.0,40086544.552901156,40086544.552901156,40086544.552901156,0.0,40086544.552901156,0.000294016357272886,0.75,3.0
2008-04-15,160393322.61082503,160897829.01056275,0.25,0.25,0.25,0.0,40098330.65270626,40098330.65270626,40098330.65270626,0.0,40098330.65270626,0.003145432687131633,0.75,3.0
2008-04-16,160897829.01056275,162376980.80372158,0.25,0.25,0.25,0.0,40224457.25264069,40224457.25264069,40224457.25264069,0.0,40224457.25264069,0.009193112189610164,0.75,3.0
2008-04-17,162376980.80372158,162312888.42495954,0.25,0.25,0.25,0.0,40594245.200930394,40594245.200930394,40594245.200930394,0.0,40594245.200930394,-0.00039471345288483173,0.75,3.0
2008-04-18,162312888.42495954,161760166.69305283,0.25,0.25,0.25,0.0,40578222.106239885,40578222.106239885,40578222.106239885,0.0,40578222.106239885,-0.0034052855399848425,0.75,3.0
2008-04-21,161760166.69305283,162009510.78612763,0.25,0.25,0.25,0.0,40440041.67326321,40440041.67326321,40440041.67326321,0.0,40440041.67326321,0.001541443101674811,0.75,3.0
2008-04-22,162009510.78612763,162949493.4001232,0.25,0.25,0.25,0.0,40502377.69653191,40502377.69653191,40502377.69653191,0.0,40502377.69653191,0.005802021186499806,0.75,3.0
2008-04-23,162949493.4001232,163070462.5290081,0.25,0.25,0.25,0.0,40737373.3500308,40737373.3500308,40737373.3500308,0.0,40737373.3500308,0.0007423719237213133,0.75,3.0
2008-04-24,163070462.5290081,161840522.3569666,0.25,0.25,0.25,0.0,40767615.63225202,40767615.63225202,40767615.63225202,0.0,40767615.63225202,-0.007542384764026189,0.75,3.0
2008-04-25,161840522.3569666,161796349.67629752,0.25,0.25,0.25,0.0,40460130.58924165,40460130.58924165,40460130.58924165,0.0,40460130.58924165,-0.00027293955818843973,0.75,3.0
2008-04-28,161796349.67629752,162070787.76276147,0.25,0.25,0.25,0.0,40449087.41907438,40449087.41907438,40449087.41907438,0.0,40449087.41907438,0.0016961945495865272,0.75,3.0
2008-04-29,162070787.76276147,160194155.51322407,0.25,0.25,0.25,0.0,40517696.94069037,40517696.94069037,40517696.94069037,0.0,40517696.94069037,-0.011579090071952958,0.75,3.0
2008-04-30,160194155.51322407,160814608.3107136,0.25,0.25,0.25,0.0,40048538.87830602,40048538.87830602,40048538.87830602,0.0,40048538.87830602,0.0038731300496059606,0.75,3.0
2008-05-01,160814608.3107136,160340420.36328468,0.25,0.25,0.25,0.0,40203652.0776784,40203652.0776784,40203652.0776784,0.0,40203652.0776784,-0.002948662142140457,0.75,3.0
2008-05-02,160340420.36328468,161694686.20864692,0.25,0.25,0.25,0.0,40085105.09082117,40085105.09082117,40085105.09082117,0.0,40085105.09082117,0.008446191186813057,0.75,3.0
2008-05-05,161694686.20864692,162411332.73669946,0.25,0.25,0.25,0.0,40423671.55216173,40423671.55216173,40423671.55216173,0.0,40423671.55216173,0.004432096965312549,0.75,3.0
2008-05-06,162411332.73669946,162877772.77221474,0.25,0.25,0.25,0.0,40602833.184174865,40602833.184174865,40602833.184174865,0.0,40602833.184174865,0.002871967292279287,0.75,3.0
2008-05-07,162877772.77221474,162497923.74865773,0.25,0.25,0.25,0.0,40719443.193053685,40719443.193053685,40719443.193053685,0.0,40719443.193053685,-0.0023321108650484756,0.75,3.0
2008-05-08,162497923.74865773,162437749.74094677,0.25,0.25,0.25,0.0,40624480.93716443,40624480.93716443,40624480.93716443,0.0,40624480.93716443,-0.00037030631729217944,0.75,3.0
2008-05-09,162437749.74094677,162575101.6672446,0.25,0.25,0.25,0.0,40609437.43523669,40609437.43523669,40609437.43523669,0.0,40609437.43523669,0.000845566541748638,0.75,3.0
2008-05-12,162575101.6672446,163142338.97898102,0.25,0.25,0.25,0.0,40643775.41681115,40643775.41681115,40643775.41681115,0.0,40643775.41681115,0.0034890786222443737,0.75,3.0
2008-05-13,163142338.97898102,163334281.2404537,0.25,0.25,0.25,0.0,40785584.744745255,40785584.744745255,40785584.744745255,0.0,40785584.744745255,0.001176532484908288,0.75,3.0
2008-05-14,163334281.2404537,162782713.2850598,0.25,0.25,0.25,0.0,40833570.31011342,40833570.31011342,40833570.31011342,0.0,40833570.31011342,-0.0033769270676367313,0.75,3.0
2008-05-15,162782713.2850598,163055888.67483538,0.25,0.25,0.25,0.0,40695678.32126495,40695678.32126495,40695678.32126495,0.0,40695678.32126495,0.0016781597029729145,0.75,3.0
2008-05-16,163055888.67483538,164188053.78550863,0.25,0.25,0.25,0.0,40763972.168708846,40763972.168708846,40763972.168708846,0.0,40763972.168708846,0.00694341749859162,0.75,3.0
2008-05-19,164188053.78550863,163890150.43053982,0.25,0.25,0.25,0.0,41047013.44637716,41047013.44637716,41047013.44637716,0.0,41047013.44637716,-0.0018144033509161772,0.75,3.0
2008-05-20,163890150.43053982,164457823.9455734,0.25,0.25,0.25,0.0,40972537.607634954,40972537.607634954,40972537.607634954,0.0,40972537.607634954,0.003463743937889563,0.75,3.0
2008-05-21,164457823.9455734,165528331.32705215,0.25,0.25,0.25,0.0,41114455.98639335,41114455.98639335,41114455.98639335,0.0,41114455.98639335,0.006509312575077253,0.75,3.0
2008-05-22,165528331.32705215,164528621.1708924,0.25,0.25,0.25,0.0,41382082.83176304,41382082.83176304,41382082.83176304,0.0,41382082.83176304,-0.006039510868894787,0.75,3.0
2008-05-23,164528621.1708924,165005302.24782985,0.25,0.25,0.25,0.0,41132155.2927231,41132155.2927231,41132155.2927231,0.0,41132155.2927231,0.002897253216766038,0.75,3.0
2008-05-26,165005302.24782985,164948893.60850823,0.25,0.25,0.25,0.0,41251325.56195746,41251325.56195746,41251325.56195746,0.0,41251325.56195746,-0.000341859555742674,0.75,3.0
2008-05-27,164948893.60850823,164218025.3737653,0.25,0.25,0.25,0.0,41237223.40212706,41237223.40212706,41237223.40212706,0.0,41237223.40212706,-0.004430876853758009,0.75,3.0
2008-05-28,164218025.3737653,164436247.01769018,0.25,0.25,0.25,0.0,41054506.34344132,41054506.34344132,41054506.34344132,0.0,41054506.34344132,0.0013288531720450636,0.75,3.0
2008-05-29,164436247.01769018,163563326.47092178,0.25,0.25,0.25,0.0,41109061.754422545,41109061.754422545,41109061.754422545,0.0,41109061.754422545,-0.005308565250059821,0.75,3.0
2008-05-30,163563326.47092178,164604258.4952448,0.25,0.25,0.25,0.0,40890831.617730446,40890831.617730446,40890831.617730446,0.0,40890831.617730446,0.006364091797240651,0.75,3.0
2008-06-02,164604258.4952448,164820043.34149903,0.25,0.25,0.25,0.0,41151064.6238112,41151064.6238112,41151064.6238112,0.0,41151064.6238112,0.0013109311279483338,0.75,3.0
2008-06-03,164820043.34149903,164650038.83141232,0.25,0.25,0.25,0.0,41205010.83537476,41205010.83537476,41205010.83537476,0.0,41205010.83537476,-0.0010314553172060537,0.75,3.0
2008-06-04,164650038.83141232,164716443.63019282,0.25,0.25,0.25,0.0,41162509.70785308,41162509.70785308,41162509.70785308,0.0,41162509.70785308,0.0004033087344031405,0.75,3.0
2008-06-05,164716443.63019282,165286398.2122598,0.25,0.25,0.25,0.0,41179110.907548204,41179110.907548204,41179110.907548204,0.0,41179110.907548204,0.0034602166578255322,0.75,3.0
2008-06-06,165286398.2122598,166914238.9802498,0.25,0.25,0.25,0.0,41321599.55306495,41321599.55306495,41321599.55306495,0.0,41321599.55306495,0.00984860693678824,0.75,3.0
2008-06-09,166914238.9802498,166120343.2883997,0.25,0.25,0.25,0.0,41728559.74506245,41728559.74506245,41728559.74506245,0.0,41728559.74506245,-0.004756308968607764,0.75,3.0
2008-06-10,166120343.2883997,165197989.58882755,0.25,0.25,0.25,0.0,41530085.822099924,41530085.822099924,41530085.822099924,0.0,41530085.822099924,-0.005552322378547275,0.75,3.0
2008-06-11,165197989.58882755,166251397.1181716,0.25,0.25,0.25,0.0,41299497.39720689,41299497.39720689,41299497.39720689,0.0,41299497.39720689,0.006376636495189547,0.75,3.0
2008-06-12,166251397.1181716,165824899.44162935,0.25,0.25,0.25,0.0,41562849.2795429,41562849.2795429,41562849.2795429,0.0,41562849.2795429,-0.0025653779994347647,0.75,3.0
2008-06-13,165824899.44162935,166299927.50009602,0.25,0.25,0.25,0.0,41456224.86040734,41456224.86040734,41456224.86040734,0.0,41456224.86040734,0.0028646364934712953,0.75,3.0
2008-06-16,166299927.50009602,166883427.30286402,0.25,0.25,0.25,0.0,41574981.875024006,41574981.875024006,41574981.875024006,0.0,41574981.875024006,0.003508719525855908,0.75,3.0
2008-06-17,166883427.30286402,167537947.2695407,0.25,0.25,0.25,0.0,41720856.825716004,41720856.825716004,41720856.825716004,0.0,41720856.825716004,0.003922018964104934,0.75,3.0
2008-06-18,167537947.2695407,168206795.21509886,0.25,0.25,0.25,0.0,41884486.817385174,41884486.817385174,41884486.817385174,0.0,41884486.817385174,0.0039922176226864226,0.75,3.0
2008-06-19,168206795.21509886,167974349.10464063,0.25,0.25,0.25,0.0,42051698.803774714,42051698.803774714,42051698.803774714,0.0,42051698.803774714,-0.0013819067782663008,0.75,3.0
2008-06-20,167974349.10464063,168593442.09175357,0.25,0.25,0.25,0.0,41993587.27616016,41993587.27616016,41993587.27616016,0.0,41993587.27616016,0.0036856400421427793,0.75,3.0
2008-06-23,168593442.09175357,168224466.02234444,0.25,0.25,0.25,0.0,42148360.52293839,42148360.52293839,42148360.52293839,0.0,42148360.52293839,-0.0021885552891691418,0.75,3.0
2008-06-24,168224466.02234444,168655000.80359867,0.25,0.25,0.25,0.0,42056116.50558611,42056116.50558611,42056116.50558611,0.0,42056116.50558611,0.002559287548560496,0.75,3.0
2008-06-25,168655000.80359867,168419214.8144131,0.25,0.25,0.25,0.0,42163750.20089967,42163750.20089967,42163750.20089967,0.0,42163750.20089967,-0.0013980373428722215,0.75,3.0
2008-06-26,168419214.8144131,169747958.32678348,0.25,0.25,0.25,0.0,42104803.703603275,42104803.703603275,42104803.703603275,0.0,42104803.703603275,0.007889500695241747,0.75,3.0
2008-06-27,169747958.32678348,169788304.13513383,0.25,0.25,0.25,0.0,42436989.58169587,42436989.58169587,42436989.58169587,0.0,42436989.58169587,0.00023768066931734166,0.75,3.0
2008-06-30,169788304.13513383,169760307.22120127,0.25,0.25,0.25,0.0,42447076.03378346,42447076.03378346,42447076.03378346,0.0,42447076.03378346,-0.00016489306536845993,0.75,3.0
2008-07-01,169760307.22120127,169616701.54696965,0.25,0.25,0.25,0.0,42440076.80530032,42440076.80530032,42440076.80530032,0.0,42440076.80530032,-0.0008459319883563354,0.75,3.0
2008-07-02,169616701.54696965,170718549.73621902,0.25,0.25,0.25,0.0,42404175.38674241,42404175.38674241,42404175.38674241,0.0,42404175.38674241,0.006496106687608472,0.75,3.0
2008-07-03,170718549.73621902,170448436.1326079,0.25,0.25,0.25,0.0,42679637.434054755,42679637.434054755,42679637.434054755,0.0,42679637.434054755,-0.0015822158987905677,0.75,3.0
2008-07-04,170448436.1326079,170502274.62800628,0.25,0.25,0.25,0.25,42612109.03315198,42612109.03315198,42612109.03315198,42612109.03315198,0.0,0.00031586382732473606,1.0,4.0
2008-07-07,170502274.62800628,168852919.66552714,0.25,0.25,0.25,0.25,42625568.65700157,42625568.65700157,42625568.65700157,42625568.65700157,0.0,-0.009673507090023403,1.0,4.0
2008-07-08,168852919.66552714,167242708.15316543,0.25,0.25,0.25,0.25,42213229.916381784,42213229.916381784,42213229.916381784,42213229.916381784,0.0,-0.009536178086534036,1.0,4.0
2008-07-09,167242708.15316543,167894707.53763354,0.25,0.25,0.25,0.25,41810677.03829136,41810677.03829136,41810677.03829136,41810677.03829136,0.0,0.003898522044207625,1.0,4.0
2008-07-10,167894707.53763354,169765823.72461754,0.25,0.25,0.25,0.25,41973676.884408385,41973676.884408385,41973676.884408385,41973676.884408385,0.0,0.011144581115307528,1.0,4.0
2008-07-11,169765823.72461754,171074482.79794356,0.25,0.25,0.25,0.25,42441455.931154385,42441455.931154385,42441455.931154385,42441455.931154385,0.0,0.007708613221521166,1.0,4.0
2008-07-14,171074482.79794356,171698907.5453965,0.25,0.25,0.25,0.25,42768620.69948589,42768620.69948589,42768620.69948589,42768620.69948589,0.0,0.0036500168654052256,1.0,4.0
2008-07-15,171698907.5453965,171460375.65030602,0.25,0.25,0.25,0.25,42924726.88634913,42924726.88634913,42924726.88634913,42924726.88634913,0.0,-0.0013892452695275503,1.0,4.0
2008-07-16,171460375.65030602,169856313.15639183,0.25,0.25,0.25,0.25,42865093.912576504,42865093.912576504,42865093.912576504,42865093.912576504,0.0,-0.009355295576779166,1.0,4.0
2008-07-17,169856313.15639183,168940408.1401962,0.25,0.25,0.25,0.25,42464078.28909796,42464078.28909796,42464078.28909796,42464078.28909796,0.0,-0.005392234172375471,1.0,4.0
2008-07-18,168940408.1401962,168054294.58696952,0.25,0.25,0.25,0.25,42235102.03504905,42235102.03504905,42235102.03504905,42235102.03504905,0.0,-0.005245124970287479,1.0,4.0
2008-07-21,168054294.58696952,168804004.30865005,0.25,0.25,0.25,0.25,42013573.64674238,42013573.64674238,42013573.64674238,42013573.64674238,0.0,0.004461116114426539,1.0,4.0
2008-07-22,168804004.30865005,167295703.82438862,0.25,0.25,0.25,0.25,42201001.07716251,42201001.07716251,42201001.07716251,42201001.07716251,0.0,-0.008935217446047944,1.0,4.0
2008-07-23,167295703.82438862,164955817.93569732,0.25,0.25,0.25,0.25,41823925.956097156,41823925.956097156,41823925.956097156,41823925.956097156,0.0,-0.013986527060775605,1.0,4.0
2008-07-24,164955817.93569732,164974962.87693095,0.25,0.25,0.25,0.25,41238954.48392433,41238954.48392433,41238954.48392433,41238954.48392433,0.0,0.00011606102454111977,1.0,4.0
2008-07-25,164974962.87693095,164886234.3523227,0.25,0.25,0.25,0.25,41243740.71923274,41243740.71923274,41243740.71923274,41243740.71923274,0.0,-0.0005378302444260241,1.0,4.0
2008-07-28,164886234.3523227,165173612.24968264,0.25,0.25,0.25,0.25,41221558.588080674,41221558.588080674,41221558.588080674,41221558.588080674,0.0,0.0017428859267043517,1.0,4.0
2008-07-29,165173612.24968264,164190464.9923296,0.25,0.25,0.25,0.25,41293403.06242066,41293403.06242066,41293403.06242066,41293403.06242066,0.0,-0.005952205342987044,1.0,4.0
2008-07-30,164190464.9923296,163554052.5327368,0.25,0.25,0.0,0.25,41047616.2480824,41047616.2480824,0.0,41047616.2480824,41047616.2480824,-0.0038760622282331403,0.75,3.0
2008-07-31,163554052.5327368,163715697.21127832,0.25,0.25,0.0,0.25,40888513.1331842,40888513.1331842,0.0,40888513.1331842,40888513.1331842,0.0009883257310860372,0.75,3.0
2008-08-01,163715697.21127832,163365648.92521724,0.25,0.25,0.0,0.25,40928924.30281958,40928924.30281958,0.0,40928924.30281958,40928924.30281958,-0.0021381473616995383,0.75,3.0
2008-08-04,163365648.92521724,162521828.8380838,0.25,0.25,0.0,0.25,40841412.23130431,40841412.23130431,0.0,40841412.23130431,40841412.23130431,-0.005165223489056181,0.75,3.0
2008-08-05,162521828.8380838,160814237.10249504,0.25,0.25,0.0,0.25,40630457.20952095,40630457.20952095,0.0,40630457.20952095,40630457.20952095,-0.010506845436067364,0.75,3.0
2008-08-06,160814237.10249504,160578100.24646273,0.25,0.25,0.0,0.25,40203559.27562376,40203559.27562376,0.0,40203559.27562376,40203559.27562376,-0.0014683827768422753,0.75,3.0
2008-08-07,160578100.24646273,159853304.29231957,0.25,0.25,0.0,0.25,40144525.06161568,40144525.06161568,0.0,40144525.06161568,40144525.06161568,-0.0045136662660145155,0.75,3.0
2008-08-08,159853304.29231957,158680271.9458218,0.25,0.0,0.0,0.25,39963326.07307989,0.0,0.0,39963326.07307989,79926652.14615978,-0.007338180162686336,0.5,2.0
2008-08-11,158680271.9458218,157001956.31207162,0.25,0.0,0.0,0.25,39670067.98645545,0.0,0.0,39670067.98645545,79340135.9729109,-0.010576712613167338,0.5,2.0
2008-08-12,157001956.31207162,156344871.2980557,0.25,0.0,0.0,0.25,39250489.078017905,0.0,0.0,39250489.078017905,78500978.15603581,-0.004185202716263242,0.5,2.0
2008-08-13,156344871.2980557,156482783.25511456,0.25,0.0,0.0,0.0,39086217.82451393,0.0,0.0,0.0,117258653.47354178,0.0008821009343884523,0.25,1.0
2008-08-14,156482783.25511456,156392766.5302009,0.25,0.0,0.0,0.0,39120695.81377864,0.0,0.0,0.0,117362087.44133592,-0.0005752500245788383,0.25,1.0
2008-08-15,156392766.5302009,156068869.89572018,0.25,0.0,0.0,0.0,39098191.632550225,0.0,0.0,0.0,117294574.89765067,-0.0020710461338259156,0.25,1.0
2008-08-18,156068869.89572018,156266127.42443165,0.25,0.0,0.0,0.0,39017217.473930046,0.0,0.0,0.0,117051652.42179014,0.0012639133534013691,0.25,1.0
2008-08-19,156266127.42443165,156210438.60036463,0.25,0.0,0.0,0.0,39066531.85610791,0.0,0.0,0.0,117199595.56832373,-0.0003563716909407433,0.25,1.0
2008-08-20,156210438.60036463,156453121.21440983,0.25,0.0,0.0,0.0,39052609.65009116,0.0,0.0,0.0,117157828.95027347,0.0015535620808674322,0.25,1.0
2008-08-21,156453121.21440983,156721851.66924983,0.25,0.0,0.0,0.0,39113280.30360246,0.0,0.0,0.0,117339840.91080737,0.0017176420179672025,0.25,1.0
2008-08-22,156721851.66924983,156577536.09611428,0.25,0.0,0.0,0.0,39180462.91731246,0.0,0.0,0.0,117541388.75193737,-0.0009208388721703431,0.25,1.0
2008-08-25,156577536.09611428,156368488.6614374,0.25,0.0,0.0,0.0,39144384.02402857,0.0,0.0,0.0,117433152.07208571,-0.0013351048936454946,0.25,1.0
2008-08-26,156368488.6614374,156161196.73108682,0.25,0.0,0.0,0.0,39092122.16535935,0.0,0.0,0.0,117276366.49607804,-0.0013256630675724246,0.25,1.0
2008-08-27,156161196.73108682,156521743.51234907,0.25,0.0,0.0,0.0,39040299.182771705,0.0,0.0,0.0,117120897.54831511,0.002308811592185267,0.25,1.0
2008-08-28,156521743.51234907,156521743.51234907,0.0,0.0,0.0,0.0,0.0,0.0,0.0,0.0,156521743.51234907,0.0,0.0,0.0
2008-08-29,156521743.51234907,156521743.51234907,0.0,0.0,0.0,0.0,0.0,0.0,0.0,0.0,156521743.51234907,0.0,0.0,0.0
2008-09-01,156521743.51234907,156521743.51234907,0.0,0.0,0.0,0.0,0.0,0.0,0.0,0.0,156521743.51234907,0.0,0.0,0.0
2008-09-02,156521743.51234907,156521743.51234907,0.0,0.0,0.0,0.0,0.0,0.0,0.0,0.0,156521743.51234907,0.0,0.0,0.0
2008-09-03,156521743.51234907,156521743.51234907,0.0,0.0,0.0,0.0,0.0,0.0,0.0,0.0,156521743.51234907,0.0,0.0,0.0
2008-09-04,156521743.51234907,156521743.51234907,0.0,0.0,0.0,0.0,0.0,0.0,0.0,0.0,156521743.51234907,0.0,0.0,0.0
2008-09-05,156521743.51234907,156521743.51234907,0.0,0.0,0.0,0.0,0.0,0.0,0.0,0.0,156521743.51234907,0.0,0.0,0.0
2008-09-08,156521743.51234907,156521743.51234907,0.0,0.0,0.0,0.0,0.0,0.0,0.0,0.0,156521743.51234907,0.0,0.0,0.0
2008-09-09,156521743.51234907,156521743.51234907,0.0,0.0,0.0,0.0,0.0,0.0,0.0,0.0,156521743.51234907,0.0,0.0,0.0
2008-09-10,156521743.51234907,156521743.51234907,0.0,0.0,0.0,0.0,0.0,0.0,0.0,0.0,156521743.51234907,0.0,0.0,0.0
2008-09-11,156521743.51234907,156521743.51234907,0.0,0.0,0.0,0.0,0.0,0.0,0.0,0.0,156521743.51234907,0.0,0.0,0.0
2008-09-12,156521743.51234907,156521743.51234907,0.0,0.0,0.0,0.0,0.0,0.0,0.0,0.0,156521743.51234907,0.0,0.0,0.0
2008-09-15,156521743.51234907,156521743.51234907,0.0,0.0,0.0,0.0,0.0,0.0,0.0,0.0,156521743.51234907,0.0,0.0,0.0
2008-09-16,156521743.51234907,156521743.51234907,0.0,0.0,0.0,0.0,0.0,0.0,0.0,0.0,156521743.51234907,0.0,0.0,0.0
2008-09-17,156521743.51234907,156521743.51234907,0.0,0.0,0.0,0.0,0.0,0.0,0.0,0.0,156521743.51234907,0.0,0.0,0.0
2008-09-18,156521743.51234907,156521743.51234907,0.0,0.0,0.0,0.0,0.0,0.0,0.0,0.0,156521743.51234907,0.0,0.0,0.0
2008-09-19,156521743.51234907,156521743.51234907,0.0,0.0,0.0,0.0,0.0,0.0,0.0,0.0,156521743.51234907,0.0,0.0,0.0
2008-09-22,156521743.51234907,156521743.51234907,0.0,0.0,0.0,0.0,0.0,0.0,0.0,0.0,156521743.51234907,0.0,0.0,0.0
2008-09-23,156521743.51234907,156521743.51234907,0.0,0.0,0.0,0.0,0.0,0.0,0.0,0.0,156521743.51234907,0.0,0.0,0.0
2008-09-24,156521743.51234907,156521743.51234907,0.0,0.0,0.0,0.0,0.0,0.0,0.0,0.0,156521743.51234907,0.0,0.0,0.0
2008-09-25,156521743.51234907,156521743.51234907,0.0,0.0,0.0,0.0,0.0,0.0,0.0,0.0,156521743.51234907,0.0,0.0,0.0
2008-09-26,156521743.51234907,156521743.51234907,0.0,0.0,0.0,0.0,0.0,0.0,0.0,0.0,156521743.51234907,0.0,0.0,0.0
2008-09-29,156521743.51234907,156521743.51234907,0.0,0.0,0.0,0.0,0.0,0.0,0.0,0.0,156521743.51234907,0.0,0.0,0.0
2008-09-30,156521743.51234907,156521743.51234907,0.0,0.0,0.0,0.0,0.0,0.0,0.0,0.0,156521743.51234907,0.0,0.0,0.0
2008-10-01,156521743.51234907,156521743.51234907,0.0,0.0,0.0,0.0,0.0,0.0,0.0,0.0,156521743.51234907,0.0,0.0,0.0
2008-10-02,156521743.51234907,156521743.51234907,0.0,0.0,0.0,0.0,0.0,0.0,0.0,0.0,156521743.51234907,0.0,0.0,0.0
2008-10-03,156521743.51234907,156521743.51234907,0.0,0.0,0.0,0.0,0.0,0.0,0.0,0.0,156521743.51234907,0.0,0.0,0.0
2008-10-06,156521743.51234907,156521743.51234907,0.0,0.0,0.0,0.0,0.0,0.0,0.0,0.0,156521743.51234907,0.0,0.0,0.0
2008-10-07,156521743.51234907,156521743.51234907,0.0,0.0,0.0,0.0,0.0,0.0,0.0,0.0,156521743.51234907,0.0,0.0,0.0
2008-10-08,156521743.51234907,156521743.51234907,0.0,0.0,0.0,0.0,0.0,0.0,0.0,0.0,156521743.51234907,0.0,0.0,0.0
2008-10-09,156521743.51234907,156521743.51234907,0.0,0.0,0.0,0.0,0.0,0.0,0.0,0.0,156521743.51234907,0.0,0.0,0.0
2008-10-10,156521743.51234907,153815926.89510164,0.0,0.0,0.0,0.25,0.0,0.0,0.0,39130435.87808727,117391307.6342618,-0.01728716123733917,0.25,1.0
2008-10-13,153815926.89510164,153045580.69023645,0.0,0.0,0.0,0.25,0.0,0.0,0.0,38453981.72377541,115361945.17132622,-0.0050082343253734785,0.25,1.0
2008-10-14,153045580.69023645,153219189.2390406,0.0,0.0,0.0,0.25,0.0,0.0,0.0,38261395.17255911,114784185.51767734,0.0011343584572724996,0.25,1.0
2008-10-15,153219189.2390406,153696597.4196474,0.0,0.0,0.0,0.25,0.0,0.0,0.0,38304797.30976015,114914391.92928046,0.0031158511083228535,0.25,1.0
2008-10-16,153696597.4196474,151761059.3513965,0.0,0.0,0.0,0.25,0.0,0.0,0.0,38424149.35491185,115272448.06473555,-0.0125932395430082,0.25,1.0
2008-10-17,151761059.3513965,150759032.71977296,0.0,0.0,0.0,0.25,0.0,0.0,0.0,37940264.837849125,113820794.51354738,-0.006602659706686553,0.25,1.0
2008-10-20,150759032.71977296,151412414.8811103,0.0,0.0,0.0,0.25,0.0,0.0,0.0,37689758.17994324,113069274.53982973,0.004333950341482096,0.25,1.0
2008-10-21,151412414.8811103,150211648.86395872,0.0,0.0,0.0,0.25,0.0,0.0,0.0,37853103.72027758,113559311.16083273,-0.007930433036778622,0.25,1.0
2008-10-22,150211648.86395872,148209053.985856,0.0,0.0,0.0,0.25,0.0,0.0,0.0,37552912.21598968,112658736.64796904,-0.013331821421628975,0.25,1.0
2008-10-23,148209053.985856,147745964.09438068,0.0,0.0,0.0,0.25,0.0,0.0,0.0,37052263.496464,111156790.489392,-0.003124572210814497,0.25,1.0
2008-10-24,147745964.09438068,148428503.46439126,0.0,0.0,0.0,0.25,0.0,0.0,0.0,36936491.02359517,110809473.07078551,0.00461968199398366,0.25,1.0
2008-10-27,148428503.46439126,148428503.46439126,0.0,0.0,0.0,0.0,0.0,0.0,0.0,0.0,148428503.46439126,0.0,0.0,0.0
2008-10-28,148428503.46439126,148428503.46439126,0.0,0.0,0.0,0.0,0.0,0.0,0.0,0.0,148428503.46439126,0.0,0.0,0.0
2008-10-29,148428503.46439126,148428503.46439126,0.0,0.0,0.0,0.0,0.0,0.0,0.0,0.0,148428503.46439126,0.0,0.0,0.0
2008-10-30,148428503.46439126,148428503.46439126,0.0,0.0,0.0,0.0,0.0,0.0,0.0,0.0,148428503.46439126,0.0,0.0,0.0
2008-10-31,148428503.46439126,148428503.46439126,0.0,0.0,0.0,0.0,0.0,0.0,0.0,0.0,148428503.46439126,0.0,0.0,0.0
2008-11-03,148428503.46439126,148428503.46439126,0.0,0.0,0.0,0.0,0.0,0.0,0.0,0.0,148428503.46439126,0.0,0.0,0.0
2008-11-04,148428503.46439126,148428503.46439126,0.0,0.0,0.0,0.0,0.0,0.0,0.0,0.0,148428503.46439126,0.0,0.0,0.0
2008-11-05,148428503.46439126,148428503.46439126,0.0,0.0,0.0,0.0,0.0,0.0,0.0,0.0,148428503.46439126,0.0,0.0,0.0
2008-11-06,148428503.46439126,148428503.46439126,0.0,0.0,0.0,0.0,0.0,0.0,0.0,0.0,148428503.46439126,0.0,0.0,0.0
2008-11-07,148428503.46439126,148428503.46439126,0.0,0.0,0.0,0.0,0.0,0.0,0.0,0.0,148428503.46439126,0.0,0.0,0.0
2008-11-10,148428503.46439126,148428503.46439126,0.0,0.0,0.0,0.0,0.0,0.0,0.0,0.0,148428503.46439126,0.0,0.0,0.0
2008-11-11,148428503.46439126,148428503.46439126,0.0,0.0,0.0,0.0,0.0,0.0,0.0,0.0,148428503.46439126,0.0,0.0,0.0
2008-11-12,148428503.46439126,148428503.46439126,0.0,0.0,0.0,0.0,0.0,0.0,0.0,0.0,148428503.46439126,0.0,0.0,0.0
2008-11-13,148428503.46439126,148428503.46439126,0.0,0.0,0.0,0.0,0.0,0.0,0.0,0.0,148428503.46439126,0.0,0.0,0.0
2008-11-14,148428503.46439126,148428503.46439126,0.0,0.0,0.0,0.0,0.0,0.0,0.0,0.0,148428503.46439126,0.0,0.0,0.0
2008-11-17,148428503.46439126,148428503.46439126,0.0,0.0,0.0,0.0,0.0,0.0,0.0,0.0,148428503.46439126,0.0,0.0,0.0
2008-11-18,148428503.46439126,148428503.46439126,0.0,0.0,0.0,0.0,0.0,0.0,0.0,0.0,148428503.46439126,0.0,0.0,0.0
2008-11-19,148428503.46439126,148428503.46439126,0.0,0.0,0.0,0.0,0.0,0.0,0.0,0.0,148428503.46439126,0.0,0.0,0.0
2008-11-20,148428503.46439126,148428503.46439126,0.0,0.0,0.0,0.0,0.0,0.0,0.0,0.0,148428503.46439126,0.0,0.0,0.0
2008-11-21,148428503.46439126,148428503.46439126,0.0,0.0,0.0,0.0,0.0,0.0,0.0,0.0,148428503.46439126,0.0,0.0,0.0
2008-11-24,148428503.46439126,148428503.46439126,0.0,0.0,0.0,0.0,0.0,0.0,0.0,0.0,148428503.46439126,0.0,0.0,0.0
2008-11-25,148428503.46439126,148428503.46439126,0.0,0.0,0.0,0.0,0.0,0.0,0.0,0.0,148428503.46439126,0.0,0.0,0.0
2008-11-26,148428503.46439126,148428503.46439126,0.0,0.0,0.0,0.0,0.0,0.0,0.0,0.0,148428503.46439126,0.0,0.0,0.0
2008-11-27,148428503.46439126,148428503.46439126,0.0,0.0,0.0,0.0,0.0,0.0,0.0,0.0,148428503.46439126,0.0,0.0,0.0
2008-11-28,148428503.46439126,148428503.46439126,0.0,0.0,0.0,0.0,0.0,0.0,0.0,0.0,148428503.46439126,0.0,0.0,0.0
2008-12-01,148428503.46439126,148428503.46439126,0.0,0.0,0.0,0.0,0.0,0.0,0.0,0.0,148428503.46439126,0.0,0.0,0.0
2008-12-02,148428503.46439126,148428503.46439126,0.0,0.0,0.0,0.0,0.0,0.0,0.0,0.0,148428503.46439126,0.0,0.0,0.0
2008-12-03,148428503.46439126,148428503.46439126,0.0,0.0,0.0,0.0,0.0,0.0,0.0,0.0,148428503.46439126,0.0,0.0,0.0
2008-12-04,148428503.46439126,148428503.46439126,0.0,0.0,0.0,0.0,0.0,0.0,0.0,0.0,148428503.46439126,0.0,0.0,0.0
2008-12-05,148428503.46439126,148428503.46439126,0.0,0.0,0.0,0.0,0.0,0.0,0.0,0.0,148428503.46439126,0.0,0.0,0.0
2008-12-08,148428503.46439126,148428503.46439126,0.0,0.0,0.0,0.0,0.0,0.0,0.0,0.0,148428503.46439126,0.0,0.0,0.0
2008-12-09,148428503.46439126,148428503.46439126,0.0,0.0,0.0,0.0,0.0,0.0,0.0,0.0,148428503.46439126,0.0,0.0,0.0
2008-12-10,148428503.46439126,148428503.46439126,0.0,0.0,0.0,0.0,0.0,0.0,0.0,0.0,148428503.46439126,0.0,0.0,0.0
2008-12-11,148428503.46439126,148428503.46439126,0.0,0.0,0.0,0.0,0.0,0.0,0.0,0.0,148428503.46439126,0.0,0.0,0.0
2008-12-12,148428503.46439126,148428503.46439126,0.0,0.0,0.0,0.0,0.0,0.0,0.0,0.0,148428503.46439126,0.0,0.0,0.0
2008-12-15,148428503.46439126,148428503.46439126,0.0,0.0,0.0,0.0,0.0,0.0,0.0,0.0,148428503.46439126,0.0,0.0,0.0
2008-12-16,148428503.46439126,148428503.46439126,0.0,0.0,0.0,0.0,0.0,0.0,0.0,0.0,148428503.46439126,0.0,0.0,0.0
2008-12-17,148428503.46439126,148428503.46439126,0.0,0.0,0.0,0.0,0.0,0.0,0.0,0.0,148428503.46439126,0.0,0.0,0.0
2008-12-18,148428503.46439126,147793590.664401,0.0,0.0,0.0,0.25,0.0,0.0,0.0,37107125.866097815,111321377.59829345,-0.004277566539923949,0.25,1.0
2008-12-19,147793590.664401,147152554.0481906,0.0,0.0,0.0,0.25,0.0,0.0,0.0,36948397.66610025,110845192.99830075,-0.004337377644921148,0.25,1.0
2008-12-22,147152554.0481906,147582645.0203565,0.0,0.0,0.0,0.25,0.0,0.0,0.0,36788138.51204765,110364415.53614295,0.0029227557411273253,0.25,1.0
2008-12-23,147582645.0203565,147241119.2366734,0.0,0.0,0.0,0.25,0.0,0.0,0.0,36895661.25508913,110686983.76526737,-0.0023141324214373815,0.25,1.0
2008-12-24,147241119.2366734,147582847.6138592,0.0,0.0,0.0,0.25,0.0,0.0,0.0,36810279.80916835,110430839.42750506,0.002320875981909054,0.25,1.0
2008-12-25,147582847.6138592,147321793.0485045,0.0,0.0,0.0,0.25,0.0,0.0,0.0,36895711.9034648,110687135.71039441,-0.0017688679245282946,0.25,1.0
2008-12-26,147321793.0485045,148515939.41139767,0.0,0.0,0.0,0.25,0.0,0.0,0.0,36830448.262126125,110491344.78637838,0.008105700712589037,0.25,1.0
2008-12-29,148515939.41139767,148984910.1392066,0.0,0.0,0.0,0.25,0.0,0.0,0.0,37128984.85284942,111386954.55854824,0.00315771310249624,0.25,1.0
2008-12-30,148984910.1392066,148592543.06915247,0.0,0.25,0.0,0.25,0.0,37246227.53480165,0.0,37246227.53480165,74492455.0696033,-0.0026336027567323284,0.5,2.0
2008-12-31,148592543.06915247,149276375.4800184,0.0,0.25,0.0,0.25,0.0,37148135.76728812,0.0,37148135.76728812,74296271.53457624,0.004602064119379801,0.5,2.0
2009-01-01,149276375.4800184,149250989.78042993,0.0,0.25,0.0,0.25,0.0,37319093.8700046,0.0,37319093.8700046,74638187.7400092,-0.00017005838671274587,0.5,2.0
2009-01-02,149250989.78042993,149461630.09211263,0.0,0.25,0.0,0.25,0.0,37312747.44510748,0.0,37312747.44510748,74625494.89021496,0.0014113160119914592,0.5,2.0
2009-01-05,149461630.09211263,149316061.97272432,0.0,0.25,0.0,0.25,0.0,37365407.52302816,0.0,37365407.52302816,74730815.04605632,-0.0009739497642210215,0.5,2.0
2009-01-06,149316061.97272432,149445241.31855312,0.0,0.25,0.0,0.25,0.0,37329015.49318108,0.0,37329015.49318108,74658030.98636216,0.0008651403212898146,0.5,2.0
2009-01-07,149445241.31855312,148609038.34266612,0.0,0.25,0.0,0.25,0.0,37361310.32963828,0.0,37361310.32963828,74722620.65927656,-0.0055953804116423145,0.5,2.0
2009-01-08,148609038.34266612,148972833.3793485,0.0,0.25,0.0,0.25,0.0,37152259.58566653,0.0,37152259.58566653,74304519.17133306,0.0024480007457117203,0.5,2.0
2009-01-09,148972833.3793485,148547768.05224276,0.0,0.25,0.0,0.25,0.0,37243208.34483712,0.0,37243208.34483712,74486416.68967424,-0.0028533076633062426,0.5,2.0
2009-01-12,148547768.05224276,146045025.3385539,0.0,0.25,0.0,0.25,0.0,37136942.01306069,0.0,37136942.01306069,74273884.02612138,-0.01684806676333675,0.5,2.0
2009-01-13,146045025.3385539,145089974.74104327,0.0,0.25,0.0,0.25,0.0,36511256.33463848,0.0,36511256.33463848,73022512.66927695,-0.006539425737348364,0.5,2.0
2009-01-14,145089974.74104327,144341457.78334454,0.0,0.25,0.0,0.25,0.0,36272493.68526082,0.0,36272493.68526082,72544987.37052163,-0.005158984685431828,0.5,2.0
2009-01-15,144341457.78334454,144413531.73465985,0.0,0.25,0.0,0.25,0.0,36085364.445836134,0.0,36085364.445836134,72170728.89167227,0.0004993295233548245,0.5,2.0
2009-01-16,144413531.73465985,146392751.05051035,0.0,0.25,0.0,0.25,0.0,36103382.93366496,0.0,36103382.93366496,72206765.86732993,0.013705220640175486,0.5,2.0
2009-01-19,146392751.05051035,145912954.98910758,0.0,0.25,0.0,0.25,0.0,36598187.76262759,0.0,36598187.76262759,73196375.52525517,-0.003277457783665866,0.5,2.0
2009-01-20,145912954.98910758,146186965.81256112,0.0,0.25,0.0,0.25,0.0,36478238.747276895,0.0,36478238.747276895,72956477.49455379,0.0018779060671753334,0.5,2.0
2009-01-21,146186965.81256112,145587726.85476053,0.0,0.25,0.0,0.25,0.0,36546741.45314028,0.0,36546741.45314028,73093482.90628056,-0.004099127131271946,0.5,2.0
2009-01-22,145587726.85476053,146007394.88628286,0.0,0.25,0.0,0.25,0.0,36396931.71369013,0.0,36396931.71369013,72793863.42738026,0.0028825783641843183,0.5,2.0
2009-01-23,146007394.88628286,147694458.55394864,0.25,0.25,0.0,0.25,36501848.721570715,36501848.721570715,0.0,36501848.721570715,36501848.721570715,0.01155464535874881,0.75,3.0
2009-01-26,147694458.55394864,148679122.74251947,0.25,0.25,0.0,0.25,36923614.63848716,36923614.63848716,0.0,36923614.63848716,36923614.63848716,0.006666900019212052,0.75,3.0
2009-01-27,148679122.74251947,148334141.68514773,0.25,0.25,0.0,0.25,37169780.68562987,37169780.68562987,0.0,37169780.68562987,37169780.68562987,-0.0023203059784605573,0.75,3.0
2009-01-28,148334141.68514773,149066642.32859635,0.25,0.25,0.0,0.25,37083535.42128693,37083535.42128693,0.0,37083535.42128693,37083535.42128693,0.004938179674126492,0.75,3.0
2009-01-29,149066642.32859635,149193566.3540642,0.25,0.25,0.0,0.25,37266660.58214909,37266660.58214909,0.0,37266660.58214909,37266660.58214909,0.0008514582705100582,0.75,3.0
2009-01-30,149193566.3540642,148248847.3195684,0.25,0.25,0.0,0.25,37298391.58851605,37298391.58851605,0.0,37298391.58851605,37298391.58851605,-0.006332170063243908,0.75,3.0
2009-02-02,148248847.3195684,147065374.2380117,0.25,0.25,0.0,0.25,37062211.8298921,37062211.8298921,0.0,37062211.8298921,37062211.8298921,-0.007983017088865396,0.75,3.0
2009-02-03,147065374.2380117,147676954.3069916,0.25,0.25,0.0,0.25,36766343.55950292,36766343.55950292,0.0,36766343.55950292,36766343.55950292,0.004158559226797753,0.75,3.0
2009-02-04,147676954.3069916,148051039.367249,0.25,0.0,0.0,0.25,36919238.5767479,0.0,0.0,36919238.5767479,73838477.1534958,0.002533130927658056,0.5,2.0
2009-02-05,148051039.367249,148810149.72283992,0.25,0.0,0.0,0.25,37012759.84181225,0.0,0.0,37012759.84181225,74025519.6836245,0.005127355801318456,0.5,2.0
2009-02-06,148810149.72283992,149461211.2833355,0.25,0.0,0.0,0.25,37202537.43070998,0.0,0.0,37202537.43070998,74405074.86141996,0.00437511528419382,0.5,2.0
2009-02-09,149461211.2833355,148776222.70137137,0.25,0.0,0.0,0.25,37365302.82083388,0.0,0.0,37365302.82083388,74730605.64166775,-0.004583052526354575,0.5,2.0
2009-02-10,148776222.70137137,149185740.71153784,0.25,0.0,0.0,0.25,37194055.67534284,0.0,0.0,37194055.67534284,74388111.35068569,0.0027525770094891655,0.5,2.0
2009-02-11,149185740.71153784,149852966.4559239,0.25,0.0,0.0,0.25,37296435.17788446,0.0,0.0,37296435.17788446,74592870.35576892,0.00447244985481679,0.5,2.0
2009-02-12,149852966.4559239,150342150.6311533,0.25,0.0,0.0,0.25,37463241.61398097,0.0,0.0,37463241.61398097,74926483.22796194,0.0032644277040273506,0.5,2.0
2009-02-13,150342150.6311533,150636505.98888046,0.25,0.0,0.0,0.25,37585537.65778832,0.0,0.0,37585537.65778832,75171075.31557664,0.001957903066381911,0.5,2.0
2009-02-16,150636505.98888046,150316302.4248664,0.25,0.0,0.0,0.25,37659126.497220114,0.0,0.0,37659126.497220114,75318252.99444023,-0.002125670413768793,0.5,2.0
2009-02-17,150316302.4248664,150778450.53147757,0.25,0.0,0.0,0.25,37579075.6062166,0.0,0.0,37579075.6062166,75158151.2124332,0.003074504223134128,0.5,2.0
2009-02-18,150778450.53147757,150826271.45748097,0.25,0.0,0.0,0.25,37694612.63286939,0.0,0.0,37694612.63286939,75389225.26573879,0.00031716021642910763,0.5,2.0
2009-02-19,150826271.45748097,150513637.59482336,0.25,0.0,0.0,0.25,37706567.86437024,0.0,0.0,37706567.86437024,75413135.72874048,-0.0020728077385760157,0.5,2.0
2009-02-20,150513637.59482336,150647839.22953752,0.25,0.0,0.0,0.25,37628409.39870584,0.0,0.0,37628409.39870584,75256818.79741168,0.0008916244192798684,0.5,2.0
2009-02-23,150647839.22953752,150593520.22757328,0.25,0.0,0.0,0.25,37661959.80738438,0.0,0.0,37661959.80738438,75323919.61476876,-0.00036056940638559687,0.5,2.0
2009-02-24,150593520.22757328,149503474.22401565,0.25,0.0,0.0,0.25,37648380.05689332,0.0,0.0,37648380.05689332,75296760.11378664,-0.007238332711197448,0.5,2.0
2009-02-25,149503474.22401565,149090930.8187934,0.25,0.0,0.0,0.25,37375868.55600391,0.0,0.0,37375868.55600391,74751737.11200783,-0.0027594235342255913,0.5,2.0
2009-02-26,149090930.8187934,149475215.40370464,0.25,0.0,0.0,0.25,37272732.70469835,0.0,0.0,37272732.70469835,74545465.4093967,0.0025775181816949655,0.5,2.0
2009-02-27,149475215.40370464,148744072.50998306,0.25,0.0,0.0,0.25,37368803.85092616,0.0,0.0,37368803.85092616,74737607.70185232,-0.004891398829879046,0.5,2.0
2009-03-02,148744072.50998306,147502807.63591284,0.25,0.0,0.0,0.25,37186018.127495766,0.0,0.0,37186018.127495766,74372036.25499153,-0.0083449703448647,0.5,2.0
2009-03-03,147502807.63591284,147139361.55149582,0.25,0.0,0.0,0.25,36875701.90897821,0.0,0.0,36875701.90897821,73751403.81795642,-0.002463994348596593,0.5,2.0
2009-03-04,147139361.55149582,147605028.45886758,0.25,0.0,0.0,0.25,36784840.387873955,0.0,0.0,36784840.387873955,73569680.77574791,0.003164801739395706,0.5,2.0
2009-03-05,147605028.45886758,148609621.42167652,0.25,0.0,0.0,0.25,36901257.114716895,0.0,0.0,36901257.114716895,73802514.22943379,0.006805953518642466,0.5,2.0
2009-03-06,148609621.42167652,148887348.0039666,0.0,0.0,0.0,0.25,0.0,0.0,0.0,37152405.35541913,111457216.06625739,0.0018688331188331242,0.25,1.0
2009-03-09,148887348.0039666,148212943.1733281,0.0,0.0,0.0,0.25,0.0,0.0,0.0,37221837.00099165,111665511.00297496,-0.004529631561578512,0.25,1.0
2009-03-10,148212943.1733281,147240765.25149947,0.0,0.0,0.0,0.25,0.0,0.0,0.0,37053235.793332025,111159707.37999608,-0.006559332140727514,0.25,1.0
2009-03-11,147240765.25149947,147695692.73975077,0.0,0.0,0.0,0.25,0.0,0.0,0.0,36810191.31287487,110430573.9386246,0.0030896843511662997,0.25,1.0
2009-03-12,147695692.73975077,148422597.57891533,0.0,0.0,0.0,0.25,0.0,0.0,0.0,36923923.18493769,110771769.55481309,0.004921638713225207,0.25,1.0
2009-03-13,148422597.57891533,148525852.25770345,0.0,0.0,0.0,0.25,0.0,0.0,0.0,37105649.39472883,111316948.18418649,0.0006956803106293319,0.25,1.0
2009-03-16,148525852.25770345,148259865.84873626,0.0,0.0,0.0,0.25,0.0,0.0,0.0,37131463.06442586,111394389.1932776,-0.0017908425026620656,0.25,1.0
2009-03-17,148259865.84873626,147943853.75208333,0.0,0.0,0.0,0.25,0.0,0.0,0.0,37064966.462184064,111194899.38655218,-0.0021314743193907304,0.25,1.0
2009-03-18,147943853.75208333,149026921.73737505,0.0,0.0,0.0,0.25,0.0,0.0,0.0,36985963.43802083,110957890.3140625,0.007320804195804165,0.25,1.0
2009-03-19,149026921.73737505,149732901.18350354,0.0,0.0,0.0,0.25,0.0,0.0,0.0,37256730.43434376,111770191.3030313,0.004737261146496807,0.25,1.0
2009-03-20,149732901.18350354,149435728.52448955,0.0,0.0,0.0,0.25,0.0,0.0,0.0,37433225.295875885,112299675.88762766,-0.0019846851070479676,0.25,1.0
2009-03-23,149435728.52448955,148936291.19734254,0.0,0.0,0.0,0.25,0.0,0.0,0.0,37358932.13112239,112076796.39336717,-0.003342154731524938,0.25,1.0
2009-03-24,148936291.19734254,148391353.99564925,0.0,0.0,0.0,0.25,0.0,0.0,0.0,37234072.799335636,111702218.39800692,-0.00365886109632782,0.25,1.0
2009-03-25,148391353.99564925,148729973.20744056,0.0,0.0,0.0,0.25,0.0,0.0,0.0,37097838.49891231,111293515.49673694,0.002281933567377825,0.25,1.0
2009-03-26,148729973.20744056,148739923.56424367,0.0,0.0,0.0,0.25,0.0,0.0,0.0,37182493.30186014,111547479.90558042,6.690216227789314e-05,0.25,1.0
2009-03-27,148739923.56424367,148290257.6815651,0.0,0.0,0.0,0.25,0.0,0.0,0.0,37184980.89106092,111554942.67318276,-0.0030231687088662085,0.25,1.0
2009-03-30,148290257.6815651,146686382.64282587,0.25,0.25,0.0,0.25,37072564.42039128,37072564.42039128,0.0,37072564.42039128,37072564.42039128,-0.010815781588183443,0.75,3.0
2009-03-31,146686382.64282587,147685071.07193816,0.25,0.25,0.0,0.25,36671595.66070647,36671595.66070647,0.0,36671595.66070647,36671595.66070647,0.0068083240660724575,0.75,3.0
2009-04-01,147685071.07193816,148785461.6423981,0.25,0.25,0.0,0.25,36921267.76798454,36921267.76798454,0.0,36921267.76798454,36921267.76798454,0.007450926234269878,0.75,3.0
2009-04-02,148785461.6423981,149799080.39758396,0.25,0.25,0.0,0.25,37196365.41059952,37196365.41059952,0.0,37196365.41059952,37196365.41059952,0.00681261962020252,0.75,3.0
2009-04-03,149799080.39758396,149312410.22864962,0.25,0.25,0.0,0.25,37449770.09939599,37449770.09939599,0.0,37449770.09939599,37449770.09939599,-0.0032488194696701223,0.75,3.0
2009-04-06,149312410.22864962,148184344.66659337,0.25,0.25,0.0,0.25,37328102.557162404,37328102.557162404,0.0,37328102.557162404,37328102.557162404,-0.007555069001490083,0.75,3.0
2009-04-07,148184344.66659337,148601484.35729027,0.25,0.25,0.25,0.25,37046086.16664834,37046086.16664834,37046086.16664834,37046086.16664834,0.0,0.0028150051318543146,1.0,4.0
2009-04-08,148601484.35729027,148833487.1464497,0.25,0.25,0.25,0.25,37150371.08932257,37150371.08932257,37150371.08932257,37150371.08932257,0.0,0.001561241397842389,1.0,4.0
2009-04-09,148833487.1464497,150357668.21573475,0.25,0.25,0.25,0.25,37208371.78661243,37208371.78661243,37208371.78661243,37208371.78661243,0.0,0.010240847664781755,1.0,4.0
2009-04-10,150357668.21573475,150455985.9040546,0.25,0.25,0.25,0.25,37589417.05393369,37589417.05393369,37589417.05393369,37589417.05393369,0.0,0.0006538920793767722,1.0,4.0
2009-04-13,150455985.9040546,151508678.8699271,0.25,0.25,0.25,0.25,37613996.47601365,37613996.47601365,37613996.47601365,37613996.47601365,0.0,0.006996683844428836,1.0,4.0
2009-04-14,151508678.8699271,151008444.96598092,0.25,0.25,0.25,0.0,37877169.71748178,37877169.71748178,37877169.71748178,0.0,37877169.71748178,-0.0033016848122321973,0.75,3.0
2009-04-15,151008444.96598092,151254195.856332,0.25,0.25,0.25,0.0,37752111.24149523,37752111.24149523,37752111.24149523,0.0,37752111.24149523,0.00162739832468628,0.75,3.0
2009-04-16,151254195.856332,151221233.98944315,0.25,0.25,0.25,0.0,37813548.964083,37813548.964083,37813548.964083,0.0,37813548.964083,-0.0002179236529753492,0.75,3.0
2009-04-17,151221233.98944315,150956054.19145045,0.25,0.25,0.25,0.0,37805308.49736079,37805308.49736079,37805308.49736079,0.0,37805308.49736079,-0.0017535883751036707,0.75,3.0
2009-04-20,150956054.19145045,147969717.3723592,0.25,0.25,0.25,0.0,37739013.54786261,37739013.54786261,37739013.54786261,0.0,37739013.54786261,-0.019782822458407706,0.75,3.0
2009-04-21,147969717.3723592,148509355.63009083,0.25,0.25,0.25,0.0,36992429.3430898,36992429.3430898,36992429.3430898,0.0,36992429.3430898,0.0036469506552727626,0.75,3.0
2009-04-22,148509355.63009083,148947298.85167822,0.25,0.25,0.25,0.0,37127338.90752271,37127338.90752271,37127338.90752271,0.0,37127338.90752271,0.0029489268183091055,0.75,3.0
2009-04-23,148947298.85167822,149181038.7361914,0.25,0.25,0.25,0.0,37236824.712919556,37236824.712919556,37236824.712919556,0.0,37236824.712919556,0.0015692791095590075,0.75,3.0
2009-04-24,149181038.7361914,150466404.85277176,0.25,0.25,0.25,0.0,37295259.68404785,37295259.68404785,37295259.68404785,0.0,37295259.68404785,0.00861614939451777,0.75,3.0
2009-04-27,150466404.85277176,148719664.74389464,0.25,0.25,0.25,0.0,37616601.21319294,37616601.21319294,37616601.21319294,0.0,37616601.21319294,-0.01160883793685552,0.75,3.0
2009-04-28,148719664.74389464,148154304.89361647,0.25,0.25,0.25,0.0,37179916.18597366,37179916.18597366,37179916.18597366,0.0,37179916.18597366,-0.0038015137490510775,0.75,3.0
2009-04-29,148154304.89361647,150351296.3541432,0.25,0.25,0.25,0.0,37038576.22340412,37038576.22340412,37038576.22340412,0.0,37038576.22340412,0.014829076091338156,0.75,3.0
2009-04-30,150351296.3541432,151004159.9452314,0.25,0.25,0.25,0.0,37587824.0885358,37587824.0885358,37587824.0885358,0.0,37587824.0885358,0.004342254486123048,0.75,3.0
2009-05-01,151004159.9452314,152120528.16155633,0.25,0.25,0.25,0.0,37751039.98630785,37751039.98630785,37751039.98630785,0.0,37751039.98630785,0.007392963324519053,0.75,3.0
2009-05-04,152120528.16155633,154365527.35141858,0.25,0.25,0.25,0.0,38030132.04038908,38030132.04038908,38030132.04038908,0.0,38030132.04038908,0.014758029156183516,0.75,3.0
2009-05-05,154365527.35141858,153965441.3481366,0.25,0.25,0.25,0.0,38591381.837854646,38591381.837854646,38591381.837854646,0.0,38591381.837854646,-0.0025918092604390597,0.75,3.0
2009-05-06,153965441.3481366,155608907.7296576,0.25,0.25,0.25,0.0,38491360.33703415,38491360.33703415,38491360.33703415,0.0,38491360.33703415,0.01067425499599517,0.75,3.0
2009-05-07,155608907.7296576,155964302.53022546,0.25,0.25,0.25,0.0,38902226.9324144,38902226.9324144,38902226.9324144,0.0,38902226.9324144,0.002283897533586543,0.75,3.0
2009-05-08,155964302.53022546,158204807.45065126,0.25,0.25,0.25,0.0,38991075.632556364,38991075.632556364,38991075.632556364,0.0,38991075.632556364,0.014365498284401201,0.75,3.0
2009-05-11,158204807.45065126,158351822.53933764,0.25,0.25,0.25,0.0,39551201.862662815,39551201.862662815,39551201.862662815,0.0,39551201.862662815,0.000929270678024452,0.75,3.0
2009-05-12,158351822.53933764,158510426.35736838,0.25,0.25,0.25,0.0,39587955.63483441,39587955.63483441,39587955.63483441,0.0,39587955.63483441,0.001001591364642146,0.75,3.0
2009-05-13,158510426.35736838,156911590.09962568,0.25,0.25,0.25,0.0,39627606.589342095,39627606.589342095,39627606.589342095,0.0,39627606.589342095,-0.010086631488442716,0.75,3.0
2009-05-14,156911590.09962568,157406316.111565,0.25,0.25,0.25,0.0,39227897.52490642,39227897.52490642,39227897.52490642,0.0,39227897.52490642,0.0031528965554756816,0.75,3.0
2009-05-15,157406316.111565,156115360.50669324,0.25,0.25,0.25,0.0,39351579.02789125,39351579.02789125,39351579.02789125,0.0,39351579.02789125,-0.008201421879136972,0.75,3.0
2009-05-18,156115360.50669324,157827478.7500318,0.25,0.25,0.25,0.0,39028840.12667331,39028840.12667331,39028840.12667331,0.0,39028840.12667331,0.010967006947821267,0.75,3.0
2009-05-19,157827478.7500318,159230314.76204368,0.25,0.25,0.25,0.0,39456869.68750795,39456869.68750795,39456869.68750795,0.0,39456869.68750795,0.008888414255376231,0.75,3.0
2009-05-20,159230314.76204368,160081124.22652304,0.25,0.25,0.25,0.0,39807578.69051092,39807578.69051092,39807578.69051092,0.0,39807578.69051092,0.005343263095038353,0.75,3.0
2009-05-21,160081124.22652304,159157527.50979325,0.25,0.25,0.25,0.0,40020281.05663076,40020281.05663076,40020281.05663076,0.0,40020281.05663076,-0.0057695541631932745,0.75,3.0
2009-05-22,159157527.50979325,160518617.14887553,0.25,0.25,0.25,0.25,39789381.87744831,39789381.87744831,39789381.87744831,39789381.87744831,0.0,0.008551839554045149,1.0,4.0
2009-05-25,160518617.14887553,160398869.93329298,0.25,0.25,0.25,0.25,40129654.28721888,40129654.28721888,40129654.28721888,40129654.28721888,0.0,-0.0007460020383271426,1.0,4.0
2009-05-26,160398869.93329298,160764254.96067542,0.25,0.25,0.25,0.25,40099717.483323246,40099717.483323246,40099717.483323246,40099717.483323246,0.0,0.002277977566390338,1.0,4.0
2009-05-27,160764254.96067542,160392063.24714452,0.25,0.25,0.25,0.25,40191063.740168855,40191063.740168855,40191063.740168855,40191063.740168855,0.0,-0.002315139728181065,1.0,4.0
2009-05-28,160392063.24714452,161937686.44739726,0.25,0.25,0.25,0.25,40098015.81178613,40098015.81178613,40098015.81178613,40098015.81178613,0.0,0.009636531689670519,1.0,4.0
2009-05-29,161937686.44739726,164912554.6718616,0.25,0.25,0.25,0.25,40484421.611849315,40484421.611849315,40484421.611849315,40484421.611849315,0.0,0.018370450323993426,1.0,4.0
2009-06-01,164912554.6718616,166997023.88284954,0.25,0.25,0.25,0.25,41228138.6679654,41228138.6679654,41228138.6679654,41228138.6679654,0.0,0.01263984549348332,1.0,4.0
2009-06-02,166997023.88284954,168333052.22703996,0.25,0.25,0.25,0.25,41749255.970712386,41749255.970712386,41749255.970712386,41749255.970712386,0.0,0.008000312299742879,1.0,4.0
2009-06-03,168333052.22703996,164758698.03274786,0.25,0.25,0.25,0.25,42083263.05675999,42083263.05675999,42083263.05675999,42083263.05675999,0.0,-0.021233822751999726,1.0,4.0
2009-06-04,164758698.03274786,166840101.47342765,0.25,0.25,0.25,0.25,41189674.508186966,41189674.508186966,41189674.508186966,41189674.508186966,0.0,0.012633041323657945,1.0,4.0
2009-06-05,166840101.47342765,164978840.80303514,0.25,0.25,0.25,0.25,41710025.36835691,41710025.36835691,41710025.36835691,41710025.36835691,0.0,-0.011155955036918741,1.0,4.0
2009-06-08,164978840.80303514,163590070.6529967,0.25,0.25,0.25,0.25,41244710.200758785,41244710.200758785,41244710.200758785,41244710.200758785,0.0,-0.008417868274977564,1.0,4.0
2009-06-09,163590070.6529967,165593232.8429393,0.25,0.25,0.25,0.25,40897517.66324917,40897517.66324917,40897517.66324917,40897517.66324917,0.0,0.012245010849048943,1.0,4.0
2009-06-10,165593232.8429393,165924888.36523607,0.25,0.25,0.25,0.25,41398308.21073482,41398308.21073482,41398308.21073482,41398308.21073482,0.0,0.002002832583208991,1.0,4.0
2009-06-11,165924888.36523607,167970691.3657703,0.25,0.25,0.25,0.25,41481222.09130902,41481222.09130902,41481222.09130902,41481222.09130902,0.0,0.012329693397358288,1.0,4.0
2009-06-12,167970691.3657703,166287586.30729544,0.25,0.25,0.25,0.25,41992672.84144258,41992672.84144258,41992672.84144258,41992672.84144258,0.0,-0.010020230581832684,1.0,4.0
2009-06-15,166287586.30729544,163540933.67805842,0.25,0.25,0.25,0.25,41571896.57682386,41571896.57682386,41571896.57682386,41571896.57682386,0.0,-0.016517484499181362,1.0,4.0
2009-06-16,163540933.67805842,163491269.06111956,0.25,0.25,0.25,0.25,40885233.419514604,40885233.419514604,40885233.419514604,40885233.419514604,0.0,-0.0003036830952466152,1.0,4.0
2009-06-17,163491269.06111956,163362117.3724509,0.25,0.25,0.25,0.25,40872817.26527989,40872817.26527989,40872817.26527989,40872817.26527989,0.0,-0.0007899607692223864,1.0,4.0
2009-06-18,163362117.3724509,163781930.52913573,0.25,0.25,0.25,0.25,40840529.34311272,40840529.34311272,40840529.34311272,40840529.34311272,0.0,0.0025698317543699223,1.0,4.0
2009-06-19,163781930.52913573,163508172.3115664,0.25,0.25,0.25,0.25,40945482.63228393,40945482.63228393,40945482.63228393,40945482.63228393,0.0,-0.0016714799775828515,1.0,4.0
2009-06-22,163508172.3115664,159928133.62764192,0.25,0.25,0.25,0.25,40877043.0778916,40877043.0778916,40877043.0778916,40877043.0778916,0.0,-0.021895166665447746,1.0,4.0
2009-06-23,159928133.62764192,161532886.74862608,0.25,0.25,0.25,0.25,39982033.40691048,39982033.40691048,39982033.40691048,39982033.40691048,0.0,0.010034214022158816,1.0,4.0
2009-06-24,161532886.74862608,162979704.07351252,0.25,0.25,0.25,0.25,40383221.68715652,40383221.68715652,40383221.68715652,40383221.68715652,0.0,0.008956797306160724,1.0,4.0
2009-06-25,162979704.07351252,164018906.9731798,0.25,0.25,0.25,0.25,40744926.01837813,40744926.01837813,40744926.01837813,40744926.01837813,0.0,0.006376271852834736,1.0,4.0
2009-06-26,164018906.9731798,164448654.91883445,0.25,0.25,0.25,0.25,41004726.74329495,41004726.74329495,41004726.74329495,41004726.74329495,0.0,0.002620112239407446,1.0,4.0
2009-06-29,164448654.91883445,164120599.45198527,0.25,0.25,0.25,0.25,41112163.72970861,41112163.72970861,41112163.72970861,41112163.72970861,0.0,-0.00199488081560234,1.0,4.0
2009-06-30,164120599.45198527,163201660.14247856,0.25,0.25,0.25,0.25,41030149.86299632,41030149.86299632,41030149.86299632,41030149.86299632,0.0,-0.005599171052111329,1.0,4.0
2009-07-01,163201660.14247856,164582501.87490228,0.25,0.25,0.25,0.25,40800415.03561964,40800415.03561964,40800415.03561964,40800415.03561964,0.0,0.008460953958545625,1.0,4.0
2009-07-02,164582501.87490228,162137264.26139346,0.25,0.25,0.25,0.25,41145625.46872557,41145625.46872557,41145625.46872557,41145625.46872557,0.0,-0.014857214987334694,1.0,4.0
2009-07-03,162137264.26139346,162539476.27501988,0.25,0.25,0.25,0.25,40534316.065348364,40534316.065348364,40534316.065348364,40534316.065348364,0.0,0.0024806882949375275,1.0,4.0
2009-07-06,162539476.27501988,160841735.0706138,0.25,0.25,0.25,0.25,40634869.06875497,40634869.06875497,40634869.06875497,40634869.06875497,0.0,-0.010445100742994262,1.0,4.0
2009-07-07,160841735.0706138,159723150.24042284,0.25,0.25,0.25,0.25,40210433.76765345,40210433.76765345,40210433.76765345,40210433.76765345,0.0,-0.006954568288509544,1.0,4.0
2009-07-08,159723150.24042284,157223508.04754272,0.25,0.25,0.25,0.25,39930787.56010571,39930787.56010571,39930787.56010571,39930787.56010571,0.0,-0.015649842800605496,1.0,4.0
2009-07-09,157223508.04754272,157601382.64311525,0.25,0.25,0.25,0.25,39305877.01188568,39305877.01188568,39305877.01188568,39305877.01188568,0.0,0.0024034230012108804,1.0,4.0
2009-07-10,157601382.64311525,157392974.60954624,0.25,0.25,0.25,0.25,39400345.66077881,39400345.66077881,39400345.66077881,39400345.66077881,0.0,-0.0013223743984590863,1.0,4.0
2009-07-13,157392974.60954624,158097723.7834658,0.25,0.25,0.25,0.25,39348243.65238656,39348243.65238656,39348243.65238656,39348243.65238656,0.0,0.004477640604149458,1.0,4.0
2009-07-14,158097723.7834658,159744301.78455943,0.25,0.25,0.25,0.25,39524430.94586645,39524430.94586645,39524430.94586645,39524430.94586645,0.0,0.010414938062921208,1.0,4.0
2009-07-15,159744301.78455943,161694701.8524519,0.25,0.25,0.25,0.0,39936075.44613986,39936075.44613986,39936075.44613986,0.0,39936075.44613986,0.012209512615497742,0.75,3.0
2009-07-16,161694701.8524519,162086622.20557815,0.25,0.25,0.25,0.0,40423675.46311297,40423675.46311297,40423675.46311297,0.0,40423675.46311297,0.002423829282198142,0.75,3.0
2009-07-17,162086622.20557815,162134500.48906463,0.25,0.25,0.0,0.0,40521655.55139454,40521655.55139454,0.0,0.0,81043311.10278907,0.0002953870148874882,0.5,2.0
2009-07-20,162134500.48906463,163288894.14494142,0.25,0.25,0.0,0.0,40533625.12226616,40533625.12226616,0.0,0.0,81067250.24453232,0.007119975405571799,0.5,2.0
2009-07-21,163288894.14494142,163535577.81793675,0.25,0.25,0.0,0.0,40822223.536235355,40822223.536235355,0.0,0.0,81644447.07247071,0.0015107192334608555,0.5,2.0
2009-07-22,163535577.81793675,163413857.63010982,0.25,0.25,0.0,0.0,40883894.45448419,40883894.45448419,0.0,0.0,81767788.90896837,-0.000744304019046238,0.5,2.0
2009-07-23,163413857.63010982,163757504.16236824,0.25,0.25,0.0,0.0,40853464.407527454,40853464.407527454,0.0,0.0,81706928.81505491,0.002102921608008901,0.5,2.0
2009-07-24,163757504.16236824,163593314.10309023,0.25,0.25,0.0,0.0,40939376.04059206,40939376.04059206,0.0,0.0,81878752.08118412,-0.0010026414369092296,0.5,2.0
2009-07-27,163593314.10309023,164374742.9669896,0.25,0.25,0.0,0.0,40898328.52577256,40898328.52577256,0.0,0.0,81796657.05154511,0.00477665525748161,0.5,2.0
2009-07-28,164374742.9669896,164629817.5446276,0.25,0.25,0.0,0.0,41093685.7417474,41093685.7417474,0.0,0.0,82187371.4834948,0.0015517869292683284,0.5,2.0
2009-07-29,164629817.5446276,163859140.2992806,0.25,0.25,0.0,0.0,41157454.3861569,41157454.3861569,0.0,0.0,82314908.7723138,-0.004681273762197374,0.5,2.0
2009-07-30,163859140.2992806,164575958.0603834,0.25,0.25,0.0,0.0,40964785.07482015,40964785.07482015,0.0,0.0,81929570.1496403,0.004374597351075815,0.5,2.0
2009-07-31,164575958.0603834,165171824.4603414,0.25,0.25,0.0,0.0,41143989.51509585,41143989.51509585,0.0,0.0,82287979.0301917,0.003620616321974246,0.5,2.0
2009-08-03,165171824.4603414,166465487.538041,0.25,0.25,0.0,0.0,41292956.11508535,41292956.11508535,0.0,0.0,82585912.2301707,0.007832226119232621,0.5,2.0
2009-08-04,166465487.538041,166617397.74126863,0.25,0.25,0.0,0.0,41616371.88451025,41616371.88451025,0.0,0.0,83232743.7690205,0.0009125627508400347,0.5,2.0
2009-08-05,166617397.74126863,166524938.4015007,0.25,0.25,0.0,0.0,41654349.43531716,41654349.43531716,0.0,0.0,83308698.87063432,-0.0005549200805037846,0.5,2.0
2009-08-06,166524938.4015007,165983912.26998982,0.25,0.25,0.0,0.25,41631234.600375175,41631234.600375175,0.0,41631234.600375175,41631234.600375175,-0.003248919571472386,0.75,3.0
2009-08-07,165983912.26998982,166033470.42557523,0.25,0.25,0.0,0.25,41495978.067497455,41495978.067497455,0.0,41495978.067497455,41495978.067497455,0.00029857204175759433,0.75,3.0
2009-08-10,166033470.42557523,165065053.03738374,0.25,0.25,0.25,0.25,41508367.60639381,41508367.60639381,41508367.60639381,41508367.60639381,0.0,-0.005832663653354053,1.0,4.0
2009-08-11,165065053.03738374,164197665.34444326,0.25,0.25,0.25,0.25,41266263.259345934,41266263.259345934,41266263.259345934,41266263.259345934,0.0,-0.0052548233377056885,1.0,4.0
2009-08-12,164197665.34444326,164987496.49825665,0.25,0.25,0.25,0.25,41049416.336110815,41049416.336110815,41049416.336110815,41049416.336110815,0.0,0.00481024594446311,1.0,4.0
2009-08-13,164987496.49825665,166518042.94224247,0.25,0.25,0.25,0.25,41246874.12456416,41246874.12456416,41246874.12456416,41246874.12456416,0.0,0.009276742034824259,1.0,4.0
2009-08-14,166518042.94224247,164202358.06765625,0.25,0.25,0.25,0.25,41629510.73556062,41629510.73556062,41629510.73556062,41629510.73556062,0.0,-0.013906510271619155,1.0,4.0
2009-08-17,164202358.06765625,161438389.52906308,0.25,0.25,0.25,0.25,41050589.51691406,41050589.51691406,41050589.51691406,41050589.51691406,0.0,-0.016832696991198576,1.0,4.0
2009-08-18,161438389.52906308,162849519.01688728,0.25,0.25,0.25,0.25,40359597.38226577,40359597.38226577,40359597.38226577,40359597.38226577,0.0,0.008740978474454708,1.0,4.0
2009-08-19,162849519.01688728,163549886.02892518,0.25,0.25,0.25,0.25,40712379.75422182,40712379.75422182,40712379.75422182,40712379.75422182,0.0,0.004300700525650847,1.0,4.0
2009-08-20,163549886.02892518,163282625.05387247,0.25,0.25,0.25,0.25,40887471.507231295,40887471.507231295,40887471.507231295,40887471.507231295,0.0,-0.001634125107280393,1.0,4.0
2009-08-21,163282625.05387247,164915055.4994038,0.25,0.25,0.25,0.25,40820656.26346812,40820656.26346812,40820656.26346812,40820656.26346812,0.0,0.009997575951469162,1.0,4.0
2009-08-24,164915055.4994038,164809473.8022529,0.25,0.25,0.25,0.25,41228763.87485095,41228763.87485095,41228763.87485095,41228763.87485095,0.0,-0.0006402186679148325,1.0,4.0
2009-08-25,164809473.8022529,163845585.31474537,0.25,0.25,0.25,0.25,41202368.45056322,41202368.45056322,41202368.45056322,41202368.45056322,0.0,-0.005848501698779984,1.0,4.0
2009-08-26,163845585.31474537,163276593.02905658,0.25,0.25,0.25,0.25,40961396.32868634,40961396.32868634,40961396.32868634,40961396.32868634,0.0,-0.003472734920478615,1.0,4.0
2009-08-27,163276593.02905658,163441585.84957024,0.25,0.25,0.25,0.25,40819148.257264145,40819148.257264145,40819148.257264145,40819148.257264145,0.0,0.0010105111666820765,1.0,4.0
2009-08-28,163441585.84957024,164502019.15925258,0.25,0.25,0.25,0.25,40860396.46239256,40860396.46239256,40860396.46239256,40860396.46239256,0.0,0.006488148681195127,1.0,4.0
2009-08-31,164502019.15925258,163599610.58504832,0.25,0.25,0.25,0.25,41125504.789813146,41125504.789813146,41125504.789813146,41125504.789813146,0.0,-0.0054856990741897205,1.0,4.0
2009-09-01,163599610.58504832,162163218.10449964,0.25,0.25,0.25,0.25,40899902.64626208,40899902.64626208,40899902.64626208,40899902.64626208,0.0,-0.008779926036571989,1.0,4.0
2009-09-02,162163218.10449964,163491418.03654242,0.25,0.25,0.25,0.25,40540804.52612491,40540804.52612491,40540804.52612491,40540804.52612491,0.0,0.008190512913889614,1.0,4.0
2009-09-03,163491418.03654242,164867492.0526834,0.25,0.25,0.25,0.25,40872854.509135604,40872854.509135604,40872854.509135604,40872854.509135604,0.0,0.008416796628636591,1.0,4.0
2009-09-04,164867492.0526834,165511892.70571443,0.25,0.25,0.25,0.25,41216873.01317085,41216873.01317085,41216873.01317085,41216873.01317085,0.0,0.003908597413643772,1.0,4.0
2009-09-07,165511892.70571443,166099284.96628058,0.25,0.25,0.25,0.25,41377973.17642861,41377973.17642861,41377973.17642861,41377973.17642861,0.0,0.003548942924666565,1.0,4.0
2009-09-08,166099284.96628058,167753701.42387635,0.25,0.25,0.25,0.25,41524821.241570145,41524821.241570145,41524821.241570145,41524821.241570145,0.0,0.009960406861062865,1.0,4.0
2009-09-09,167753701.42387635,167537154.28794357,0.25,0.25,0.25,0.25,41938425.35596909,41938425.35596909,41938425.35596909,41938425.35596909,0.0,-0.00129086353442448,1.0,4.0
2009-09-10,167537154.28794357,168135502.18140087,0.25,0.25,0.25,0.25,41884288.57198589,41884288.57198589,41884288.57198589,41884288.57198589,0.0,0.00357143402608448,1.0,4.0
2009-09-11,168135502.18140087,167677119.73444158,0.25,0.25,0.25,0.25,42033875.54535022,42033875.54535022,42033875.54535022,42033875.54535022,0.0,-0.0027262680457856847,1.0,4.0
2009-09-14,167677119.73444158,167718902.52442256,0.25,0.25,0.25,0.25,41919279.933610395,41919279.933610395,41919279.933610395,41919279.933610395,0.0,0.00024918599536494224,1.0,4.0
2009-09-15,167718902.52442256,169024906.89249265,0.25,0.25,0.25,0.25,41929725.63110564,41929725.63110564,41929725.63110564,41929725.63110564,0.0,0.007786864500141266,1.0,4.0
2009-09-16,169024906.89249265,170991443.86064398,0.25,0.25,0.25,0.25,42256226.72312316,42256226.72312316,42256226.72312316,42256226.72312316,0.0,0.011634598736398882,1.0,4.0
2009-09-17,170991443.86064398,170817815.180406,0.25,0.25,0.25,0.25,42747860.965160996,42747860.965160996,42747860.965160996,42747860.965160996,0.0,-0.0010154232066691693,1.0,4.0
2009-09-18,170817815.180406,169679000.93889695,0.25,0.25,0.25,0.25,42704453.7951015,42704453.7951015,42704453.7951015,42704453.7951015,0.0,-0.006666835308169278,1.0,4.0
2009-09-21,169679000.93889695,168046220.20926797,0.25,0.25,0.25,0.25,42419750.23472424,42419750.23472424,42419750.23472424,42419750.23472424,0.0,-0.009622762513889271,1.0,4.0
2009-09-22,168046220.20926797,170643552.2386606,0.25,0.25,0.25,0.25,42011555.05231699,42011555.05231699,42011555.05231699,42011555.05231699,0.0,0.015456057423714531,1.0,4.0
2009-09-23,170643552.2386606,169809948.23654446,0.25,0.25,0.25,0.25,42660888.05966515,42660888.05966515,42660888.05966515,42660888.05966515,0.0,-0.004885060063390179,1.0,4.0
2009-09-24,169809948.23654446,168152205.00333703,0.25,0.25,0.25,0.25,42452487.059136115,42452487.059136115,42452487.059136115,42452487.059136115,0.0,-0.009762344611861151,1.0,4.0
2009-09-25,168152205.00333703,168022273.1204883,0.25,0.25,0.25,0.25,42038051.25083426,42038051.25083426,42038051.25083426,42038051.25083426,0.0,-0.0007727040085269976,1.0,4.0
2009-09-28,168022273.1204883,168371073.31964862,0.25,0.25,0.25,0.25,42005568.28012207,42005568.28012207,42005568.28012207,42005568.28012207,0.0,0.002075916440615,1.0,4.0
2009-09-29,168371073.31964862,168591927.50384605,0.25,0.25,0.25,0.25,42092768.329912156,42092768.329912156,42092768.329912156,42092768.329912156,0.0,0.001311710971742458,1.0,4.0
2009-09-30,168591927.50384605,171597791.5584929,0.25,0.25,0.25,0.25,42147981.87596151,42147981.87596151,42147981.87596151,42147981.87596151,0.0,0.017829228831720223,1.0,4.0
2009-10-01,171597791.5584929,169771407.06678146,0.25,0.25,0.25,0.25,42899447.889623225,42899447.889623225,42899447.889623225,42899447.889623225,0.0,-0.010643403246182737,1.0,4.0
2009-10-02,169771407.06678146,169067816.1052077,0.25,0.25,0.25,0.25,42442851.766695365,42442851.766695365,42442851.766695365,42442851.766695365,0.0,-0.004144343112482934,1.0,4.0
2009-10-05,169067816.1052077,171098765.69319782,0.25,0.25,0.25,0.25,42266954.02630193,42266954.02630193,42266954.02630193,42266954.02630193,0.0,0.012012632769363263,1.0,4.0
2009-10-06,171098765.69319782,173630950.7927728,0.25,0.25,0.25,0.25,42774691.423299454,42774691.423299454,42774691.423299454,42774691.423299454,0.0,0.014799552114335479,1.0,4.0
2009-10-07,173630950.7927728,173769408.42436957,0.25,0.25,0.25,0.25,43407737.6981932,43407737.6981932,43407737.6981932,43407737.6981932,0.0,0.0007974248310259613,1.0,4.0
2009-10-08,173769408.42436957,176402513.60269904,0.25,0.25,0.25,0.25,43442352.10609239,43442352.10609239,43442352.10609239,43442352.10609239,0.0,0.01515286955399564,1.0,4.0
2009-10-09,176402513.60269904,175654774.0471607,0.25,0.25,0.25,0.25,44100628.40067476,44100628.40067476,44100628.40067476,44100628.40067476,0.0,-0.004238825968332749,1.0,4.0
2009-10-12,175654774.0471607,176950136.96524954,0.25,0.25,0.25,0.25,43913693.51179018,43913693.51179018,43913693.51179018,43913693.51179018,0.0,0.0073744817077446845,1.0,4.0
2009-10-13,176950136.96524954,177633836.96212485,0.25,0.25,0.25,0.25,44237534.241312385,44237534.241312385,44237534.241312385,44237534.241312385,0.0,0.0038638003259052756,1.0,4.0
2009-10-14,177633836.96212485,178671072.2854016,0.25,0.25,0.25,0.25,44408459.24053121,44408459.24053121,44408459.24053121,44408459.24053121,0.0,0.005839176482450914,1.0,4.0
2009-10-15,178671072.2854016,178897817.95344514,0.25,0.25,0.25,0.25,44667768.0713504,44667768.0713504,44667768.0713504,44667768.0713504,0.0,0.001269067595236567,1.0,4.0
2009-10-16,178897817.95344514,178957122.9595483,0.25,0.25,0.25,0.25,44724454.488361284,44724454.488361284,44724454.488361284,44724454.488361284,0.0,0.00033150212105187427,1.0,4.0
2009-10-19,178957122.9595483,180449762.50722304,0.25,0.25,0.25,0.25,44739280.73988707,44739280.73988707,44739280.73988707,44739280.73988707,0.0,0.00834076634106462,1.0,4.0
2009-10-20,180449762.50722304,178841589.72668567,0.25,0.25,0.25,0.25,45112440.62680576,45112440.62680576,45112440.62680576,45112440.62680576,0.0,-0.008912024921468142,1.0,4.0
2009-10-21,178841589.72668567,180720142.9196963,0.25,0.25,0.25,0.25,44710397.43167142,44710397.43167142,44710397.43167142,44710397.43167142,0.0,0.010504006343723227,1.0,4.0
2009-10-22,180720142.9196963,180682704.8618033,0.25,0.25,0.25,0.25,45180035.729924075,45180035.729924075,45180035.729924075,45180035.729924075,0.0,-0.00020716040441415284,1.0,4.0
2009-10-23,180682704.8618033,180417168.97657326,0.25,0.25,0.25,0.25,45170676.21545082,45170676.21545082,45170676.21545082,45170676.21545082,0.0,-0.0014696253602861364,1.0,4.0
2009-10-26,180417168.97657326,178368010.96275213,0.25,0.25,0.25,0.25,45104292.244143315,45104292.244143315,45104292.244143315,45104292.244143315,0.0,-0.011357888084848694,1.0,4.0
2009-10-27,178368010.96275213,177860044.75886858,0.25,0.25,0.25,0.25,44592002.74068803,44592002.74068803,44592002.74068803,44592002.74068803,0.0,-0.002847854843151393,1.0,4.0
2009-10-28,177860044.75886858,174728169.25927043,0.25,0.25,0.25,0.25,44465011.189717144,44465011.189717144,44465011.189717144,44465011.189717144,0.0,-0.017608651250729912,1.0,4.0
2009-10-29,174728169.25927043,178401529.41314176,0.25,0.25,0.25,0.25,43682042.31481761,43682042.31481761,43682042.31481761,43682042.31481761,0.0,0.02102328530908254,1.0,4.0
2009-10-30,178401529.41314176,176152429.0594448,0.25,0.25,0.25,0.25,44600382.35328544,44600382.35328544,44600382.35328544,44600382.35328544,0.0,-0.012606956684146575,1.0,4.0
2009-11-02,176152429.0594448,177089835.3916915,0.25,0.25,0.25,0.25,44038107.2648612,44038107.2648612,44038107.2648612,44038107.2648612,0.0,0.005321563473475482,1.0,4.0
2009-11-03,177089835.3916915,179049307.63621905,0.25,0.25,0.25,0.25,44272458.84792288,44272458.84792288,44272458.84792288,44272458.84792288,0.0,0.011064848754269524,1.0,4.0
2009-11-04,179049307.63621905,180494168.00074127,0.25,0.25,0.25,0.25,44762326.90905476,44762326.90905476,44762326.90905476,44762326.90905476,0.0,0.008069622740221938,1.0,4.0
2009-11-05,180494168.00074127,180205112.40944123,0.25,0.25,0.25,0.25,45123542.00018532,45123542.00018532,45123542.00018532,45123542.00018532,0.0,-0.0016014677620987683,1.0,4.0
2009-11-06,180205112.40944123,179930358.6128122,0.25,0.25,0.25,0.25,45051278.10236031,45051278.10236031,45051278.10236031,45051278.10236031,0.0,-0.0015246725964398744,1.0,4.0
2009-11-09,179930358.6128122,182163927.9693416,0.25,0.25,0.25,0.25,44982589.65320305,44982589.65320305,44982589.65320305,44982589.65320305,0.0,0.012413521396551885,1.0,4.0
2009-11-10,182163927.9693416,181554021.0068484,0.25,0.25,0.25,0.25,45540981.9923354,45540981.9923354,45540981.9923354,45540981.9923354,0.0,-0.003348121493053524,1.0,4.0
2009-11-11,181554021.0068484,182153419.25331333,0.25,0.25,0.25,0.25,45388505.2517121,45388505.2517121,45388505.2517121,45388505.2517121,0.0,0.0033014870347725656,1.0,4.0
2009-11-12,182153419.25331333,180465456.93953025,0.25,0.25,0.25,0.25,45538354.81332833,45538354.81332833,45538354.81332833,45538354.81332833,0.0,-0.009266706717350748,1.0,4.0
2009-11-13,180465456.93953025,181641071.42417333,0.25,0.25,0.25,0.25,45116364.23488256,45116364.23488256,45116364.23488256,45116364.23488256,0.0,0.006514346316353448,1.0,4.0
2009-11-16,181641071.42417333,184580322.17924026,0.25,0.25,0.25,0.25,45410267.85604333,45410267.85604333,45410267.85604333,45410267.85604333,0.0,0.01618164180612608,1.0,4.0
2009-11-17,184580322.17924026,184226247.90477812,0.25,0.25,0.25,0.25,46145080.544810064,46145080.544810064,46145080.544810064,46145080.544810064,0.0,-0.0019182666401367232,1.0,4.0
2009-11-18,184226247.90477812,184158445.70048103,0.25,0.25,0.25,0.25,46056561.97619453,46056561.97619453,46056561.97619453,46056561.97619453,0.0,-0.00036803769858104185,1.0,4.0
2009-11-19,184158445.70048103,182882462.90749323,0.25,0.25,0.25,0.25,46039611.42512026,46039611.42512026,46039611.42512026,46039611.42512026,0.0,-0.006928722644972157,1.0,4.0
2009-11-20,182882462.90749323,183046861.92089295,0.25,0.25,0.25,0.25,45720615.72687331,45720615.72687331,45720615.72687331,45720615.72687331,0.0,0.0008989326302045186,1.0,4.0
2009-11-23,183046861.92089295,184563058.95085233,0.25,0.25,0.25,0.25,45761715.48022324,45761715.48022324,45761715.48022324,45761715.48022324,0.0,0.00828310856601644,1.0,4.0
2009-11-24,184563058.95085233,183745708.7608656,0.25,0.25,0.25,0.25,46140764.73771308,46140764.73771308,46140764.73771308,46140764.73771308,0.0,-0.004428568721351639,1.0,4.0
2009-11-25,183745708.7608656,186418148.43112236,0.25,0.25,0.25,0.25,45936427.1902164,45936427.1902164,45936427.1902164,45936427.1902164,0.0,0.014544229023246424,1.0,4.0
2009-11-26,186418148.43112236,185090057.27349028,0.25,0.25,0.25,0.25,46604537.10778059,46604537.10778059,46604537.10778059,46604537.10778059,0.0,-0.007124258924408322,1.0,4.0
2009-11-27,185090057.27349028,183902629.12983337,0.25,0.25,0.25,0.25,46272514.31837257,46272514.31837257,46272514.31837257,46272514.31837257,0.0,-0.006415407511070947,1.0,4.0
2009-11-30,183902629.12983337,184334883.99676734,0.25,0.25,0.25,0.25,45975657.28245834,45975657.28245834,45975657.28245834,45975657.28245834,0.0,0.002350455069507401,1.0,4.0
2009-12-01,184334883.99676734,186646935.26853693,0.25,0.25,0.25,0.25,46083720.999191836,46083720.999191836,46083720.999191836,46083720.999191836,0.0,0.012542668113812605,1.0,4.0
2009-12-02,186646935.26853693,187440505.51540643,0.25,0.25,0.25,0.25,46661733.81713423,46661733.81713423,46661733.81713423,46661733.81713423,0.0,0.004251718602975019,1.0,4.0
2009-12-03,187440505.51540643,187129175.74565753,0.25,0.25,0.25,0.25,46860126.37885161,46860126.37885161,46860126.37885161,46860126.37885161,0.0,-0.001660952465385418,1.0,4.0
2009-12-04,187129175.74565753,183766995.52210867,0.25,0.25,0.25,0.25,46782293.93641438,46782293.93641438,46782293.93641438,46782293.93641438,0.0,-0.017967162042752033,1.0,4.0
2009-12-07,183766995.52210867,183458358.31274137,0.25,0.25,0.25,0.25,45941748.88052717,45941748.88052717,45941748.88052717,45941748.88052717,0.0,-0.0016795029406146411,1.0,4.0
2009-12-08,183458358.31274137,180923378.1613062,0.25,0.25,0.25,0.25,45864589.57818534,45864589.57818534,45864589.57818534,45864589.57818534,0.0,-0.013817741392375127,1.0,4.0
2009-12-09,180923378.1613062,180255140.5483563,0.25,0.25,0.25,0.25,45230844.54032655,45230844.54032655,45230844.54032655,45230844.54032655,0.0,-0.0036934840579535833,1.0,4.0
2009-12-10,180255140.5483563,181207499.403881,0.25,0.25,0.25,0.25,45063785.13708907,45063785.13708907,45063785.13708907,45063785.13708907,0.0,0.00528339359769453,1.0,4.0
2009-12-11,181207499.403881,180552207.6149908,0.25,0.25,0.25,0.25,45301874.85097025,45301874.85097025,45301874.85097025,45301874.85097025,0.0,-0.003616250933575732,1.0,4.0
2009-12-14,180552207.6149908,181902337.7212009,0.25,0.25,0.25,0.25,45138051.9037477,45138051.9037477,45138051.9037477,45138051.9037477,0.0,0.0074777823214939865,1.0,4.0
2009-12-15,181902337.7212009,181562394.776578,0.25,0.25,0.25,0.25,45475584.43030023,45475584.43030023,45475584.43030023,45475584.43030023,0.0,-0.0018688211975809166,1.0,4.0
2009-12-16,181562394.776578,182185134.73991996,0.25,0.25,0.25,0.25,45390598.6941445,45390598.6941445,45390598.6941445,45390598.6941445,0.0,0.003429895073306627,1.0,4.0
2009-12-17,182185134.73991996,178830929.36099464,0.25,0.25,0.25,0.25,45546283.68497999,45546283.68497999,45546283.68497999,45546283.68497999,0.0,-0.018410971804662613,1.0,4.0
2009-12-18,178830929.36099464,179565909.56919003,0.25,0.25,0.25,0.25,44707732.34024866,44707732.34024866,44707732.34024866,44707732.34024866,0.0,0.004109916616894221,1.0,4.0
2009-12-21,179565909.56919003,178460510.9928044,0.0,0.25,0.25,0.25,0.0,44891477.39229751,44891477.39229751,44891477.39229751,44891477.39229751,-0.00615594897181565,0.75,3.0
2009-12-22,178460510.9928044,177648651.30459508,0.0,0.25,0.25,0.25,0.0,44615127.7482011,44615127.7482011,44615127.7482011,44615127.7482011,-0.004549239961786661,0.75,3.0
2009-12-23,177648651.30459508,178608519.59144655,0.0,0.0,0.25,0.25,0.0,0.0,44412162.82614877,44412162.82614877,88824325.65229754,0.005403183642557929,0.5,2.0
2009-12-24,178608519.59144655,179577628.21347535,0.0,0.0,0.25,0.25,0.0,0.0,44652129.89786164,44652129.89786164,89304259.79572327,0.005425881275123834,0.5,2.0
2009-12-25,179577628.21347535,179575597.71112105,0.0,0.0,0.25,0.25,0.0,0.0,44894407.05336884,44894407.05336884,89788814.10673767,-1.1307100859336838e-05,0.5,2.0
2009-12-28,179575597.71112105,180298801.28494474,0.0,0.0,0.25,0.25,0.0,0.0,44893899.42778026,44893899.42778026,89787798.85556053,0.004027293145848598,0.5,2.0
2009-12-29,180298801.28494474,179749509.69562414,0.0,0.0,0.25,0.25,0.0,0.0,45074700.321236186,45074700.321236186,90149400.64247237,-0.0030465626249643885,0.5,2.0
2009-12-30,179749509.69562414,179535075.7844309,0.0,0.0,0.25,0.25,0.0,0.0,44937377.423906036,44937377.423906036,89874754.84781207,-0.0011929596445429402,0.5,2.0
2009-12-31,179535075.7844309,179610919.04987013,0.0,0.0,0.25,0.25,0.0,0.0,44883768.94610772,44883768.94610772,89767537.89221545,0.0004224426068714371,0.5,2.0
2010-01-01,179610919.04987013,179626064.27586526,0.0,0.0,0.25,0.25,0.0,0.0,44902729.76246753,44902729.76246753,89805459.52493507,8.432241244138439e-05,0.5,2.0
2010-01-04,179626064.27586526,181610057.95607364,0.0,0.0,0.25,0.25,0.0,0.0,44906516.068966314,44906516.068966314,89813032.13793263,0.011045132499042098,0.5,2.0
2010-01-05,181610057.95607364,181418808.1761255,0.0,0.0,0.25,0.25,0.0,0.0,45402514.48901841,45402514.48901841,90805028.97803682,-0.0010530792297549774,0.5,2.0
2010-01-06,181418808.1761255,183169161.56671607,0.0,0.0,0.25,0.25,0.0,0.0,45354702.044031374,45354702.044031374,90709404.08806275,0.009648136310604016,0.5,2.0
2010-01-07,183169161.56671607,182479856.06909025,0.0,0.0,0.25,0.0,0.0,0.0,45792290.39167902,0.0,137376871.17503706,-0.0037632180642741264,0.25,1.0
2010-01-08,182479856.06909025,182340964.08738473,0.0,0.0,0.25,0.0,0.0,0.0,45619964.01727256,0.0,136859892.0518177,-0.0007611359669909556,0.25,1.0
2010-01-11,182340964.08738473,182212317.18443438,0.0,0.0,0.25,0.0,0.0,0.0,45585241.02184618,0.0,136755723.06553856,-0.0007055293559196096,0.25,1.0
2010-01-12,182212317.18443438,181302114.63725102,0.0,0.0,0.25,0.0,0.0,0.0,45553079.296108596,0.0,136659237.88832578,-0.004995285506753461,0.25,1.0
2010-01-13,181302114.63725102,181570280.6562612,0.0,0.0,0.25,0.0,0.0,0.0,45325528.659312755,0.0,135976585.97793826,0.0014791113691462465,0.25,1.0
2010-01-14,181570280.6562612,181395901.86337578,0.0,0.0,0.25,0.0,0.0,0.0,45392570.1640653,0.0,136177710.4921959,-0.0009603928145902607,0.25,1.0
2010-01-15,181395901.86337578,180950206.7331673,0.0,0.0,0.25,0.0,0.0,0.0,45348975.465843946,0.0,136046926.39753184,-0.0024570297654473994,0.25,1.0
2010-01-18,180950206.7331673,180950206.7331673,0.0,0.0,0.25,0.0,0.0,0.0,45237551.68329182,0.0,135712655.04987547,0.0,0.25,1.0
2010-01-19,180950206.7331673,181080625.5819831,0.0,0.0,0.25,0.0,0.0,0.0,45237551.68329182,0.0,135712655.04987547,0.0007207444035038924,0.25,1.0
2010-01-20,181080625.5819831,180373972.5119273,0.0,0.0,0.25,0.0,0.0,0.0,45270156.39549577,0.0,135810469.18648732,-0.003902422292747565,0.25,1.0
2010-01-21,180373972.5119273,180141960.14070278,0.0,0.0,0.25,0.0,0.0,0.0,45093493.12798183,0.0,135280479.38394547,-0.001286285199541104,0.25,1.0
2010-01-22,180141960.14070278,179901011.79796687,0.0,0.0,0.25,0.0,0.0,0.0,45035490.035175696,0.0,135106470.1055271,-0.0013375470242896481,0.25,1.0
2010-01-25,179901011.79796687,179912399.91363433,0.0,0.25,0.25,0.0,0.0,44975252.94949172,44975252.94949172,0.0,89950505.89898343,6.330212128125012e-05,0.5,2.0
2010-01-26,179912399.91363433,179168099.7485877,0.0,0.25,0.25,0.0,0.0,44978099.97840858,44978099.97840858,0.0,89956199.95681717,-0.004137014265853389,0.5,2.0
2010-01-27,179168099.7485877,178180289.8616446,0.0,0.25,0.25,0.0,0.0,44792024.937146924,44792024.937146924,0.0,89584049.87429385,-0.005513313409748782,0.5,2.0
2010-01-28,178180289.8616446,177920897.19035953,0.0,0.25,0.25,0.0,0.0,44545072.46541115,44545072.46541115,0.0,89090144.9308223,-0.0014557876827256955,0.5,2.0
2010-01-29,177920897.19035953,177161610.60769874,0.0,0.25,0.25,0.0,0.0,44480224.29758988,44480224.29758988,0.0,88960448.59517977,-0.004267551449273571,0.5,2.0
2010-02-01,177161610.60769874,177573625.48291394,0.0,0.25,0.25,0.0,0.0,44290402.651924685,44290402.651924685,0.0,88580805.30384937,0.002325644217175016,0.5,2.0
2010-02-02,177573625.48291394,178283370.34315935,0.0,0.25,0.25,0.0,0.0,44393406.370728485,44393406.370728485,0.0,88786812.74145697,0.003996904711019017,0.5,2.0
2010-02-03,178283370.34315935,177672221.4208245,0.0,0.0,0.25,0.0,0.0,0.0,44570842.58578984,0.0,133712527.75736952,-0.003427963702719583,0.25,1.0
2010-02-04,177672221.4208245,177672221.4208245,0.0,0.0,0.0,0.0,0.0,0.0,0.0,0.0,177672221.4208245,0.0,0.0,0.0
2010-02-05,177672221.4208245,177672221.4208245,0.0,0.0,0.0,0.0,0.0,0.0,0.0,0.0,177672221.4208245,0.0,0.0,0.0
2010-02-08,177672221.4208245,177672221.4208245,0.0,0.0,0.0,0.0,0.0,0.0,0.0,0.0,177672221.4208245,0.0,0.0,0.0
2010-02-09,177672221.4208245,177672221.4208245,0.0,0.0,0.0,0.0,0.0,0.0,0.0,0.0,177672221.4208245,0.0,0.0,0.0
2010-02-10,177672221.4208245,177672221.4208245,0.0,0.0,0.0,0.0,0.0,0.0,0.0,0.0,177672221.4208245,0.0,0.0,0.0
2010-02-11,177672221.4208245,177672221.4208245,0.0,0.0,0.0,0.0,0.0,0.0,0.0,0.0,177672221.4208245,0.0,0.0,0.0
2010-02-12,177672221.4208245,177672221.4208245,0.0,0.0,0.0,0.0,0.0,0.0,0.0,0.0,177672221.4208245,0.0,0.0,0.0
2010-02-15,177672221.4208245,177672221.4208245,0.0,0.0,0.0,0.0,0.0,0.0,0.0,0.0,177672221.4208245,0.0,0.0,0.0
2010-02-16,177672221.4208245,177672221.4208245,0.0,0.0,0.0,0.0,0.0,0.0,0.0,0.0,177672221.4208245,0.0,0.0,0.0
2010-02-17,177672221.4208245,177672221.4208245,0.0,0.0,0.0,0.0,0.0,0.0,0.0,0.0,177672221.4208245,0.0,0.0,0.0
2010-02-18,177672221.4208245,177672221.4208245,0.0,0.0,0.0,0.0,0.0,0.0,0.0,0.0,177672221.4208245,0.0,0.0,0.0
2010-02-19,177672221.4208245,177672221.4208245,0.0,0.0,0.0,0.0,0.0,0.0,0.0,0.0,177672221.4208245,0.0,0.0,0.0
2010-02-22,177672221.4208245,177672221.4208245,0.0,0.0,0.0,0.0,0.0,0.0,0.0,0.0,177672221.4208245,0.0,0.0,0.0
2010-02-23,177672221.4208245,177672221.4208245,0.0,0.0,0.0,0.0,0.0,0.0,0.0,0.0,177672221.4208245,0.0,0.0,0.0
2010-02-24,177672221.4208245,177672221.4208245,0.0,0.0,0.0,0.0,0.0,0.0,0.0,0.0,177672221.4208245,0.0,0.0,0.0
2010-02-25,177672221.4208245,177672221.4208245,0.0,0.0,0.0,0.0,0.0,0.0,0.0,0.0,177672221.4208245,0.0,0.0,0.0
2010-02-26,177672221.4208245,177672221.4208245,0.0,0.0,0.0,0.0,0.0,0.0,0.0,0.0,177672221.4208245,0.0,0.0,0.0
2010-03-01,177672221.4208245,177672221.4208245,0.0,0.0,0.0,0.0,0.0,0.0,0.0,0.0,177672221.4208245,0.0,0.0,0.0
2010-03-02,177672221.4208245,177672221.4208245,0.0,0.0,0.0,0.0,0.0,0.0,0.0,0.0,177672221.4208245,0.0,0.0,0.0
2010-03-03,177672221.4208245,177672221.4208245,0.0,0.0,0.0,0.0,0.0,0.0,0.0,0.0,177672221.4208245,0.0,0.0,0.0
2010-03-04,177672221.4208245,177672221.4208245,0.0,0.0,0.0,0.0,0.0,0.0,0.0,0.0,177672221.4208245,0.0,0.0,0.0
2010-03-05,177672221.4208245,177672221.4208245,0.0,0.0,0.0,0.0,0.0,0.0,0.0,0.0,177672221.4208245,0.0,0.0,0.0
2010-03-08,177672221.4208245,177672221.4208245,0.0,0.0,0.0,0.0,0.0,0.0,0.0,0.0,177672221.4208245,0.0,0.0,0.0
2010-03-09,177672221.4208245,177601856.4977339,0.0,0.0,0.0,0.25,0.0,0.0,0.0,44418055.355206124,133254166.06561837,-0.0003960378416383026,0.25,1.0
2010-03-10,177601856.4977339,177073491.5683216,0.0,0.0,0.0,0.25,0.0,0.0,0.0,44400464.12443347,133201392.37330042,-0.002974996657307105,0.25,1.0
2010-03-11,177073491.5683216,176940855.95911232,0.0,0.25,0.0,0.25,0.0,44268372.8920804,0.0,44268372.8920804,88536745.7841608,-0.0007490427168660441,0.5,2.0
2010-03-12,176940855.95911232,176716486.49729946,0.0,0.25,0.0,0.25,0.0,44235213.98977808,0.0,44235213.98977808,88470427.97955616,-0.0012680477925611777,0.5,2.0
2010-03-15,176716486.49729946,176764258.606438,0.0,0.25,0.0,0.25,0.0,44179121.624324866,0.0,44179121.624324866,88358243.24864973,0.0002703319315895125,0.5,2.0
2010-03-16,176764258.606438,177690695.93669355,0.0,0.25,0.0,0.25,0.0,44191064.6516095,0.0,44191064.6516095,88382129.303219,0.005241089672535226,0.5,2.0
2010-03-17,177690695.93669355,177796295.85671318,0.25,0.25,0.0,0.25,44422673.98417339,44422673.98417339,0.0,44422673.98417339,44422673.98417339,0.0005942906546846372,0.75,3.0
2010-03-18,177796295.85671318,177371869.41775203,0.25,0.25,0.0,0.25,44449073.964178294,44449073.964178294,0.0,44449073.964178294,44449073.964178294,-0.0023871500635941068,0.75,3.0
2010-03-19,177371869.41775203,176168852.51354483,0.25,0.25,0.0,0.25,44342967.35443801,44342967.35443801,0.0,44342967.35443801,44342967.35443801,-0.006782456023924688,0.75,3.0
2010-03-22,176168852.51354483,176237855.01100907,0.25,0.25,0.0,0.25,44042213.12838621,44042213.12838621,0.0,44042213.12838621,44042213.12838621,0.0003916838673792833,0.75,3.0
2010-03-23,176237855.01100907,176859050.74626288,0.25,0.25,0.0,0.25,44059463.75275227,44059463.75275227,0.0,44059463.75275227,44059463.75275227,0.003524757693033842,0.75,3.0
2010-03-24,176859050.74626288,175054959.06994298,0.25,0.25,0.0,0.25,44214762.68656572,44214762.68656572,0.0,44214762.68656572,44214762.68656572,-0.010200731422607384,0.75,3.0
2010-03-25,175054959.06994298,174943509.528083,0.25,0.25,0.0,0.25,43763739.767485745,43763739.767485745,0.0,43763739.767485745,43763739.767485745,-0.0006366545823786596,0.75,3.0
2010-03-26,174943509.528083,175262575.779398,0.25,0.25,0.0,0.25,43735877.38202075,43735877.38202075,0.0,43735877.38202075,43735877.38202075,0.001823824457253015,0.75,3.0
2010-03-29,175262575.779398,176519747.81658903,0.25,0.25,0.0,0.25,43815643.9448495,43815643.9448495,0.0,43815643.9448495,43815643.9448495,0.007173077490162161,0.75,3.0
2010-03-30,176519747.81658903,176555514.98998106,0.25,0.25,0.0,0.25,44129936.95414726,44129936.95414726,0.0,44129936.95414726,44129936.95414726,0.00020262420400235515,0.75,3.0
2010-03-31,176555514.98998106,177236882.43816945,0.25,0.25,0.0,0.25,44138878.747495264,44138878.747495264,0.0,44138878.747495264,44138878.747495264,0.003859224948181722,0.75,3.0
2010-04-01,177236882.43816945,178273266.09025967,0.25,0.25,0.0,0.25,44309220.60954236,44309220.60954236,0.0,44309220.60954236,44309220.60954236,0.0058474491191286004,0.75,3.0
2010-04-02,178273266.09025967,178155396.06839448,0.25,0.25,0.0,0.25,44568316.52256492,44568316.52256492,0.0,44568316.52256492,44568316.52256492,-0.0006611760947123624,0.75,3.0
2010-04-05,178155396.06839448,178538963.5145531,0.25,0.25,0.0,0.25,44538849.01709862,44538849.01709862,0.0,44538849.01709862,44538849.01709862,0.0021529937045037806,0.75,3.0
2010-04-06,178538963.5145531,179070109.4694187,0.25,0.25,0.0,0.25,44634740.878638275,44634740.878638275,0.0,44634740.878638275,44634740.878638275,0.002974958207497047,0.75,3.0
2010-04-07,179070109.4694187,179086124.02873284,0.25,0.25,0.0,0.25,44767527.367354676,44767527.367354676,0.0,44767527.367354676,44767527.367354676,8.94317837944747e-05,0.75,3.0
2010-04-08,179086124.02873284,179154168.1777984,0.25,0.25,0.0,0.25,44771531.00718321,44771531.00718321,0.0,44771531.00718321,44771531.00718321,0.00037995210089325493,0.75,3.0
2010-04-09,179154168.1777984,180275435.87432843,0.25,0.25,0.0,0.25,44788542.0444496,44788542.0444496,0.0,44788542.0444496,44788542.0444496,0.006258674905164796,0.75,3.0
2010-04-12,180275435.87432843,180248685.47109565,0.25,0.25,0.0,0.25,45068858.96858211,45068858.96858211,0.0,45068858.96858211,45068858.96858211,-0.00014838629069488518,0.75,3.0
2010-04-13,180248685.47109565,179930410.09274128,0.25,0.25,0.0,0.25,45062171.36777391,45062171.36777391,0.0,45062171.36777391,45062171.36777391,-0.001765757001348095,0.75,3.0
2010-04-14,179930410.09274128,181135695.80814257,0.25,0.25,0.25,0.25,44982602.52318532,44982602.52318532,44982602.52318532,44982602.52318532,0.0,0.006698621510283109,1.0,4.0
2010-04-15,181135695.80814257,181252398.11009556,0.25,0.25,0.25,0.25,45283923.95203564,45283923.95203564,45283923.95203564,45283923.95203564,0.0,0.0006442810812760658,1.0,4.0
2010-04-16,181252398.11009556,179344926.81892794,0.25,0.25,0.25,0.25,45313099.52752389,45313099.52752389,45313099.52752389,45313099.52752389,0.0,-0.01052384029704792,1.0,4.0
2010-04-19,179344926.81892794,178403984.02525476,0.25,0.25,0.25,0.25,44836231.704731986,44836231.704731986,44836231.704731986,44836231.704731986,0.0,-0.005246553723948916,1.0,4.0
2010-04-20,178403984.02525476,179612263.2549543,0.25,0.25,0.25,0.25,44600996.00631369,44600996.00631369,44600996.00631369,44600996.00631369,0.0,0.006772714389206014,1.0,4.0
2010-04-21,179612263.2549543,179959627.26395652,0.25,0.25,0.25,0.25,44903065.81373858,44903065.81373858,44903065.81373858,44903065.81373858,0.0,0.001933965992673592,1.0,4.0
2010-04-22,179959627.26395652,179454672.3744122,0.25,0.25,0.25,0.25,44989906.81598913,44989906.81598913,44989906.81598913,44989906.81598913,0.0,-0.0028059342932715836,1.0,4.0
2010-04-23,179454672.3744122,180305289.20460954,0.25,0.25,0.25,0.25,44863668.09360305,44863668.09360305,44863668.09360305,44863668.09360305,0.0,0.004740009379207655,1.0,4.0
2010-04-26,180305289.20460954,180571417.34679005,0.25,0.25,0.25,0.25,45076322.301152386,45076322.301152386,45076322.301152386,45076322.301152386,0.0,0.0014759863304869003,1.0,4.0
2010-04-27,180571417.34679005,179617975.47801837,0.25,0.25,0.25,0.25,45142854.33669751,45142854.33669751,45142854.33669751,45142854.33669751,0.0,-0.005280137259711354,1.0,4.0
2010-04-28,179617975.47801837,180206844.56322086,0.25,0.25,0.25,0.25,44904493.86950459,44904493.86950459,44904493.86950459,44904493.86950459,0.0,0.0032784529701738174,1.0,4.0
2010-04-29,180206844.56322086,180967815.7167644,0.25,0.25,0.25,0.25,45051711.140805215,45051711.140805215,45051711.140805215,45051711.140805215,0.0,0.004222764986468369,1.0,4.0
2010-04-30,180967815.7167644,181706106.09735268,0.25,0.25,0.25,0.25,45241953.9291911,45241953.9291911,45241953.9291911,45241953.9291911,0.0,0.00407967780162527,1.0,4.0
2010-05-03,181706106.09735268,181953371.14046174,0.25,0.25,0.25,0.25,45426526.52433817,45426526.52433817,45426526.52433817,45426526.52433817,0.0,0.0013607965545011647,1.0,4.0
2010-05-04,181953371.14046174,178900705.56212708,0.25,0.25,0.25,0.25,45488342.785115436,45488342.785115436,45488342.785115436,45488342.785115436,0.0,-0.01677718615050075,1.0,4.0
2010-05-05,178900705.56212708,177495077.82842094,0.25,0.25,0.25,0.25,44725176.39053177,44725176.39053177,44725176.39053177,44725176.39053177,0.0,-0.007857027334182393,1.0,4.0
2010-05-06,177495077.82842094,176295123.37376916,0.25,0.25,0.25,0.25,44373769.457105234,44373769.457105234,44373769.457105234,44373769.457105234,0.0,-0.00676049425895478,1.0,4.0
2010-05-07,176295123.37376916,176063323.1999898,0.25,0.25,0.25,0.25,44073780.84344229,44073780.84344229,44073780.84344229,44073780.84344229,0.0,-0.0013148416663115448,1.0,4.0
2010-05-10,176063323.1999898,178941121.80697277,0.25,0.25,0.25,0.25,44015830.79999745,44015830.79999745,44015830.79999745,44015830.79999745,0.0,0.016345247577282757,1.0,4.0
2010-05-11,178941121.80697277,179414001.53131363,0.25,0.25,0.25,0.25,44735280.45174319,44735280.45174319,44735280.45174319,44735280.45174319,0.0,0.002642655414058448,1.0,4.0
2010-05-12,179414001.53131363,180340845.84455305,0.25,0.25,0.25,0.25,44853500.38282841,44853500.38282841,44853500.38282841,44853500.38282841,0.0,0.005165953076843116,1.0,4.0
2010-05-13,180340845.84455305,180356631.9441836,0.25,0.25,0.0,0.25,45085211.46113826,45085211.46113826,0.0,45085211.46113826,45085211.46113826,8.753479865647451e-05,0.75,3.0
2010-05-14,180356631.9441836,179363006.3849254,0.25,0.25,0.0,0.25,45089157.9860459,45089157.9860459,0.0,45089157.9860459,45089157.9860459,-0.005509226628082592,0.75,3.0
2010-05-17,179363006.3849254,178954385.1224372,0.25,0.0,0.0,0.25,44840751.59623135,0.0,0.0,44840751.59623135,89681503.1924627,-0.002278180270971014,0.5,2.0
2010-05-18,178954385.1224372,178548698.95890006,0.25,0.0,0.0,0.25,44738596.2806093,0.0,0.0,44738596.2806093,89477192.5612186,-0.002266980846876515,0.5,2.0
2010-05-19,178548698.95890006,177238499.53306362,0.25,0.0,0.0,0.25,44637174.739725016,0.0,0.0,44637174.739725016,89274349.47945003,-0.007338050814573754,0.5,2.0
2010-05-20,177238499.53306362,175557142.31321228,0.25,0.0,0.0,0.25,44309624.883265905,0.0,0.0,44309624.883265905,88619249.76653181,-0.00948641082090465,0.5,2.0
2010-05-21,175557142.31321228,175357822.711068,0.0,0.0,0.0,0.25,0.0,0.0,0.0,43889285.57830307,131667856.7349092,-0.0011353545604465554,0.25,1.0
2010-05-24,175357822.711068,175903450.89749485,0.0,0.0,0.0,0.25,0.0,0.0,0.0,43839455.677767,131518367.033301,0.0031115132361436704,0.25,1.0
2010-05-25,175903450.89749485,176369139.75955385,0.0,0.0,0.0,0.25,0.0,0.0,0.0,43975862.72437371,131927588.17312114,0.002647411745949124,0.25,1.0
2010-05-26,176369139.75955385,176638229.55430472,0.0,0.0,0.0,0.25,0.0,0.0,0.0,44092284.93988846,132276854.81966539,0.0015257192676547682,0.25,1.0
2010-05-27,176638229.55430472,176672122.7525975,0.0,0.0,0.0,0.25,0.0,0.0,0.0,44159557.38857618,132478672.16572854,0.00019187917801438692,0.25,1.0
2010-05-28,176672122.7525975,176748611.75950408,0.0,0.0,0.0,0.25,0.0,0.0,0.0,44168030.68814938,132504092.06444813,0.0004329432720615589,0.25,1.0
2010-05-31,176748611.75950408,176805722.2532892,0.0,0.0,0.0,0.25,0.0,0.0,0.0,44187152.93987602,132561458.81962806,0.0003231170712832965,0.25,1.0
2010-06-01,176805722.2532892,177150233.93769294,0.0,0.0,0.0,0.25,0.0,0.0,0.0,44201430.5633223,132604291.68996689,0.0019485324344322708,0.25,1.0
2010-06-02,177150233.93769294,177069663.80649462,0.0,0.0,0.0,0.25,0.0,0.0,0.0,44287558.484423235,132862675.4532697,-0.0004548124459527736,0.25,1.0
2010-06-03,177069663.80649462,176454612.46312687,0.0,0.0,0.0,0.25,0.0,0.0,0.0,44267415.951623656,132802247.85487098,-0.0034734992440031143,0.25,1.0
2010-06-04,176454612.46312687,176947465.67600718,0.0,0.0,0.0,0.25,0.0,0.0,0.0,44113653.11578172,132340959.34734514,0.0027930877294766177,0.25,1.0
2010-06-07,176947465.67600718,177684245.20244023,0.0,0.0,0.0,0.25,0.0,0.0,0.0,44236866.419001795,132710599.2570054,0.0041638320369171145,0.25,1.0
2010-06-08,177684245.20244023,177549228.9561361,0.0,0.0,0.0,0.25,0.0,0.0,0.0,44421061.30061006,133263183.90183017,-0.00075986616680776,0.25,1.0
2010-06-09,177549228.9561361,177435082.16658744,0.0,0.0,0.0,0.25,0.0,0.0,0.0,44387307.23903403,133161921.71710208,-0.0006429021979976746,0.25,1.0
2010-06-10,177435082.16658744,176828358.91457057,0.0,0.0,0.0,0.25,0.0,0.0,0.0,44358770.54164686,133076311.62494057,-0.0034194097616345176,0.25,1.0
2010-06-11,176828358.91457057,177193562.6101415,0.0,0.0,0.0,0.25,0.0,0.0,0.0,44207089.72864264,132621269.18592793,0.002065300485807997,0.25,1.0
2010-06-14,177193562.6101415,176997456.15051937,0.0,0.0,0.0,0.25,0.0,0.0,0.0,44298390.65253537,132895171.9576061,-0.0011067358019859752,0.25,1.0
2010-06-15,176997456.15051937,177472145.31146845,0.0,0.0,0.0,0.25,0.0,0.0,0.0,44249364.03762984,132748092.11288953,0.0026818982107030265,0.25,1.0
2010-06-16,177472145.31146845,177287016.3772262,0.0,0.0,0.0,0.25,0.0,0.0,0.0,44368036.32786711,133104108.98360133,-0.0010431436094794633,0.25,1.0
2010-06-17,177287016.3772262,177866145.30957878,0.0,0.0,0.0,0.25,0.0,0.0,0.0,44321754.09430655,132965262.28291965,0.00326661785045973,0.25,1.0
2010-06-18,177866145.30957878,178281827.2162019,0.0,0.0,0.0,0.25,0.0,0.0,0.0,44466536.327394694,133399608.98218408,0.002337049053936835,0.25,1.0
2010-06-21,178281827.2162019,177460848.48051304,0.0,0.0,0.0,0.25,0.0,0.0,0.0,44570456.804050475,133711370.41215143,-0.00460494907702097,0.25,1.0
2010-06-22,177460848.48051304,177685614.4803921,0.0,0.0,0.0,0.25,0.0,0.0,0.0,44365212.12012826,133095636.36038478,0.0012665666923357688,0.25,1.0
2010-06-23,177685614.4803921,177593540.11366603,0.0,0.0,0.0,0.25,0.0,0.0,0.0,44421403.620098025,133264210.86029407,-0.0005181869505605508,0.25,1.0
2010-06-24,177593540.11366603,177809552.23482293,0.0,0.0,0.0,0.25,0.0,0.0,0.0,44398385.02841651,133195155.08524951,0.0012163287077820994,0.25,1.0
2010-06-25,177809552.23482293,178250375.771851,0.0,0.0,0.0,0.25,0.0,0.0,0.0,44452388.05870573,133357164.1761172,0.002479189287006911,0.25,1.0
2010-06-28,178250375.771851,177656293.02576503,0.0,0.0,0.0,0.25,0.0,0.0,0.0,44562593.94296275,133687781.82888825,-0.0033328555045871455,0.25,1.0
2010-06-29,177656293.02576503,177715084.4766348,0.0,0.0,0.0,0.25,0.0,0.0,0.0,44414073.25644126,133242219.76932377,0.0003309280513987267,0.25,1.0
2010-06-30,177715084.4766348,177779547.70191208,0.0,0.0,0.0,0.25,0.0,0.0,0.0,44428771.1191587,133286313.3574761,0.0003627335601090187,0.25,1.0
2010-07-01,177779547.70191208,176216582.17624834,0.0,0.0,0.0,0.25,0.0,0.0,0.0,44444886.92547802,133334660.77643406,-0.008791593554307059,0.25,1.0
2010-07-02,176216582.17624834,176692886.91412973,0.0,0.0,0.0,0.25,0.0,0.0,0.0,44054145.544062085,132162436.63218626,0.002702950721203967,0.25,1.0
2010-07-05,176692886.91412973,176593723.65485385,0.0,0.0,0.0,0.25,0.0,0.0,0.0,44173221.72853243,132519665.1855973,-0.0005612181735649702,0.25,1.0
2010-07-06,176593723.65485385,175997374.91934314,0.0,0.0,0.0,0.25,0.0,0.0,0.0,44148430.91371346,132445292.7411404,-0.0033769531734674785,0.25,1.0
2010-07-07,175997374.91934314,176708410.00183052,0.25,0.0,0.0,0.25,43999343.729835786,0.0,0.0,43999343.729835786,87998687.45967157,0.004040032317602749,0.5,2.0
2010-07-08,176708410.00183052,176712564.87295052,0.25,0.0,0.0,0.25,44177102.50045763,0.0,0.0,44177102.50045763,88354205.00091526,2.3512582790985448e-05,0.5,2.0
2010-07-09,176712564.87295052,177273435.85943538,0.25,0.0,0.0,0.25,44178141.21823763,0.0,0.0,44178141.21823763,88356282.43647526,0.0031739168456305644,0.5,2.0
2010-07-12,177273435.85943538,176702003.86612025,0.25,0.0,0.0,0.25,44318358.964858845,0.0,0.0,44318358.964858845,88636717.92971769,-0.0032234496417627434,0.5,2.0
2010-07-13,176702003.86612025,177373380.82389623,0.25,0.0,0.0,0.25,44175500.96653006,0.0,0.0,44175500.96653006,88351001.93306012,0.0037994869502706585,0.5,2.0
2010-07-14,177373380.82389623,177100567.6210035,0.25,0.0,0.0,0.25,44343345.20597406,0.0,0.0,44343345.20597406,88686690.41194811,-0.0015380729714094266,0.5,2.0
2010-07-15,177100567.6210035,177096757.4347713,0.25,0.0,0.0,0.25,44275141.90525088,0.0,0.0,44275141.90525088,88550283.81050175,-2.151425194957257e-05,0.5,2.0
2010-07-16,177096757.4347713,176059356.20769215,0.25,0.0,0.0,0.25,44274189.358692825,0.0,0.0,44274189.358692825,88548378.71738565,-0.00585782169084173,0.5,2.0
2010-07-19,176059356.20769215,175438386.14013612,0.25,0.0,0.0,0.25,44014839.05192304,0.0,0.0,44014839.05192304,88029678.10384607,-0.003527049518592451,0.5,2.0
2010-07-20,175438386.14013612,176253720.07997414,0.25,0.0,0.0,0.25,43859596.53503403,0.0,0.0,43859596.53503403,87719193.07006806,0.004647409029325922,0.5,2.0
2010-07-21,176253720.07997414,175837994.18828648,0.25,0.0,0.0,0.25,44063430.019993536,0.0,0.0,44063430.019993536,88126860.03998707,-0.0023586786792301195,0.5,2.0
2010-07-22,175837994.18828648,176421571.81684566,0.25,0.0,0.0,0.0,43959498.54707162,0.0,0.0,0.0,131878495.64121486,0.003318836928577873,0.25,1.0
2010-07-23,176421571.81684566,176127124.0945468,0.25,0.25,0.0,0.0,44105392.954211414,44105392.954211414,0.0,0.0,88210785.90842283,-0.0016690006741609809,0.5,2.0
2010-07-26,176127124.0945468,176667854.34791133,0.25,0.25,0.0,0.0,44031781.0236367,44031781.0236367,0.0,0.0,88063562.0472734,0.0030701134543834607,0.5,2.0
2010-07-27,176667854.34791133,176733931.97639716,0.25,0.25,0.0,0.0,44166963.58697783,44166963.58697783,0.0,0.0,88333927.17395566,0.00037402179773859956,0.5,2.0
2010-07-28,176733931.97639716,176645682.3386207,0.25,0.25,0.25,0.0,44183482.99409929,44183482.99409929,44183482.99409929,0.0,44183482.99409929,-0.0004993361308129607,0.75,3.0
2010-07-29,176645682.3386207,178047252.6426429,0.25,0.25,0.25,0.0,44161420.58465517,44161420.58465517,44161420.58465517,0.0,44161420.58465517,0.007934359252186385,0.75,3.0
2010-07-30,178047252.6426429,179129488.91138583,0.25,0.25,0.25,0.0,44511813.16066072,44511813.16066072,44511813.16066072,0.0,44511813.16066072,0.006078365448946688,0.75,3.0
2010-08-02,179129488.91138583,180063011.8668109,0.25,0.25,0.25,0.0,44782372.22784646,44782372.22784646,44782372.22784646,0.0,44782372.22784646,0.0052114420752179536,0.75,3.0
2010-08-03,180063011.8668109,179892442.3147346,0.25,0.25,0.25,0.0,45015752.96670272,45015752.96670272,45015752.96670272,0.0,45015752.96670272,-0.0009472770132404607,0.75,3.0
2010-08-04,179892442.3147346,180639112.59910017,0.25,0.25,0.25,0.0,44973110.57868365,44973110.57868365,44973110.57868365,0.0,44973110.57868365,0.004150648436131776,0.75,3.0
2010-08-05,180639112.59910017,180494569.3030261,0.25,0.25,0.25,0.0,45159778.14977504,45159778.14977504,45159778.14977504,0.0,45159778.14977504,-0.0008001771819753645,0.75,3.0
2010-08-06,180494569.3030261,179940608.88432723,0.25,0.25,0.25,0.0,45123642.32575653,45123642.32575653,45123642.32575653,0.0,45123642.32575653,-0.003069125131232281,0.75,3.0
2010-08-09,179940608.88432723,180175494.46133047,0.25,0.25,0.25,0.0,44985152.22108181,44985152.22108181,44985152.22108181,0.0,44985152.22108181,0.001305350573500813,0.75,3.0
2010-08-10,180175494.46133047,179296741.20481184,0.25,0.25,0.25,0.0,45043873.61533262,45043873.61533262,45043873.61533262,0.0,45043873.61533262,-0.004877207409064277,0.75,3.0
2010-08-11,179296741.20481184,177905854.44424695,0.25,0.25,0.25,0.0,44824185.30120296,44824185.30120296,44824185.30120296,0.0,44824185.30120296,-0.007757457002389501,0.75,3.0
2010-08-12,177905854.44424695,177976377.5150012,0.25,0.25,0.25,0.0,44476463.61106174,44476463.61106174,44476463.61106174,0.0,44476463.61106174,0.0003964066892263307,0.75,3.0
2010-08-13,177976377.5150012,177973681.85373673,0.25,0.25,0.25,0.0,44494094.3787503,44494094.3787503,44494094.3787503,0.0,44494094.3787503,-1.5146174464825135e-05,0.75,3.0
2010-08-16,177973681.85373673,178161981.1015375,0.25,0.25,0.25,0.0,44493420.46343418,44493420.46343418,44493420.46343418,0.0,44493420.46343418,0.00105801737559999,0.75,3.0
2010-08-17,178161981.1015375,178918361.40668732,0.25,0.25,0.25,0.0,44540495.275384374,44540495.275384374,44540495.275384374,0.0,44540495.275384374,0.004245464158364576,0.75,3.0
2010-08-18,178918361.40668732,178697059.69912636,0.25,0.25,0.25,0.0,44729590.35167183,44729590.35167183,44729590.35167183,0.0,44729590.35167183,-0.0012368865096966386,0.75,3.0
2010-08-19,178697059.69912636,178240655.848457,0.25,0.25,0.25,0.0,44674264.92478159,44674264.92478159,44674264.92478159,0.0,44674264.92478159,-0.0025540646915948317,0.75,3.0
2010-08-20,178240655.848457,177611323.93191823,0.25,0.25,0.25,0.0,44560163.96211425,44560163.96211425,44560163.96211425,0.0,44560163.96211425,-0.0035307989276803786,0.75,3.0
2010-08-23,177611323.93191823,177401776.3207444,0.25,0.25,0.25,0.0,44402830.98297956,44402830.98297956,44402830.98297956,0.0,44402830.98297956,-0.0011798099723312194,0.75,3.0
2010-08-24,177401776.3207444,176469626.28784487,0.25,0.25,0.25,0.0,44350444.0801861,44350444.0801861,44350444.0801861,0.0,44350444.0801861,-0.005254457155007303,0.75,3.0
2010-08-25,176469626.28784487,176134113.36637563,0.25,0.25,0.25,0.0,44117406.57196122,44117406.57196122,44117406.57196122,0.0,44117406.57196122,-0.0019012502521083274,0.75,3.0
2010-08-26,176134113.36637563,177199202.90812865,0.25,0.25,0.25,0.0,44033528.34159391,44033528.34159391,44033528.34159391,0.0,44033528.34159391,0.006047037234277908,0.75,3.0
2010-08-27,177199202.90812865,178294333.37594348,0.25,0.25,0.25,0.0,44299800.72703216,44299800.72703216,44299800.72703216,0.0,44299800.72703216,0.0061802223138816,0.75,3.0
2010-08-30,178294333.37594348,178289739.84164187,0.25,0.25,0.25,0.25,44573583.34398587,44573583.34398587,44573583.34398587,44573583.34398587,0.0,-2.576377058449708e-05,1.0,4.0
2010-08-31,178289739.84164187,178029966.78235298,0.25,0.25,0.25,0.25,44572434.96041047,44572434.96041047,44572434.96041047,44572434.96041047,0.0,-0.0014570275301294677,1.0,4.0
2010-09-01,178029966.78235298,179673679.76435447,0.25,0.25,0.25,0.25,44507491.695588246,44507491.695588246,44507491.695588246,44507491.695588246,0.0,0.009232788230595701,1.0,4.0
2010-09-02,179673679.76435447,180974118.35089532,0.25,0.25,0.25,0.25,44918419.94108862,44918419.94108862,44918419.94108862,44918419.94108862,0.0,0.0072377801147413545,1.0,4.0
2010-09-03,180974118.35089532,181318905.9251322,0.25,0.25,0.25,0.25,45243529.58772383,45243529.58772383,45243529.58772383,45243529.58772383,0.0,0.0019051761510358312,1.0,4.0
2010-09-06,181318905.9251322,181709621.28662598,0.25,0.25,0.25,0.25,45329726.48128305,45329726.48128305,45329726.48128305,45329726.48128305,0.0,0.002154851748637332,1.0,4.0
2010-09-07,181709621.28662598,181926734.45536852,0.25,0.25,0.25,0.25,45427405.321656495,45427405.321656495,45427405.321656495,45427405.321656495,0.0,0.001194835844162856,1.0,4.0
2010-09-08,181926734.45536852,182193394.3298306,0.25,0.25,0.25,0.25,45481683.61384213,45481683.61384213,45481683.61384213,45481683.61384213,0.0,0.0014657541963822296,1.0,4.0
2010-09-09,182193394.3298306,182212127.51796573,0.25,0.25,0.25,0.25,45548348.58245765,45548348.58245765,45548348.58245765,45548348.58245765,0.0,0.00010282034759862002,1.0,4.0
2010-09-10,182212127.51796573,182476116.81350777,0.25,0.25,0.25,0.25,45553031.87949143,45553031.87949143,45553031.87949143,45553031.87949143,0.0,0.0014488020042244532,1.0,4.0
2010-09-13,182476116.81350777,183693066.96041015,0.25,0.25,0.25,0.25,45619029.20337694,45619029.20337694,45619029.20337694,45619029.20337694,0.0,0.006669092745688471,1.0,4.0
2010-09-14,183693066.96041015,185128009.97049242,0.25,0.25,0.25,0.25,45923266.74010254,45923266.74010254,45923266.74010254,45923266.74010254,0.0,0.007811634014426583,1.0,4.0
2010-09-15,185128009.97049242,184726065.96044746,0.25,0.25,0.25,0.25,46282002.492623106,46282002.492623106,46282002.492623106,46282002.492623106,0.0,-0.0021711679940222828,1.0,4.0
2010-09-16,184726065.96044746,185103998.2269143,0.25,0.25,0.25,0.25,46181516.490111865,46181516.490111865,46181516.490111865,46181516.490111865,0.0,0.0020459065400535714,1.0,4.0
2010-09-17,185103998.2269143,185095714.36570963,0.25,0.25,0.25,0.25,46275999.55672857,46275999.55672857,46275999.55672857,46275999.55672857,0.0,-4.4752470416853374e-05,1.0,4.0
2010-09-20,185095714.36570963,185433783.82104632,0.25,0.25,0.25,0.25,46273928.59142741,46273928.59142741,46273928.59142741,46273928.59142741,0.0,0.0018264574979232617,1.0,4.0
2010-09-21,185433783.82104632,186038695.86127347,0.25,0.25,0.25,0.25,46358445.95526158,46358445.95526158,46358445.95526158,46358445.95526158,0.0,0.003262145806240596,1.0,4.0
2010-09-22,186038695.86127347,186699813.14620352,0.25,0.25,0.25,0.25,46509673.96531837,46509673.96531837,46509673.96531837,46509673.96531837,0.0,0.0035536546946287606,1.0,4.0
2010-09-23,186699813.14620352,186597299.53993663,0.25,0.25,0.25,0.25,46674953.28655088,46674953.28655088,46674953.28655088,46674953.28655088,0.0,-0.000549082532753209,1.0,4.0
2010-09-24,186597299.53993663,187999833.44161975,0.25,0.25,0.25,0.25,46649324.88498416,46649324.88498416,46649324.88498416,46649324.88498416,0.0,0.007516367627726062,1.0,4.0
2010-09-27,187999833.44161975,187961378.7747021,0.25,0.25,0.25,0.25,46999958.36040494,46999958.36040494,46999958.36040494,46999958.36040494,0.0,-0.00020454628184318757,1.0,4.0
2010-09-28,187961378.7747021,188674745.4948399,0.25,0.25,0.25,0.25,46990344.693675525,46990344.693675525,46990344.693675525,46990344.693675525,0.0,0.0037952835033885912,1.0,4.0
2010-09-29,188674745.4948399,189281715.46432102,0.25,0.25,0.25,0.25,47168686.37370998,47168686.37370998,47168686.37370998,47168686.37370998,0.0,0.003217017560506963,1.0,4.0
2010-09-30,189281715.46432102,189660940.79876348,0.25,0.25,0.25,0.25,47320428.866080254,47320428.866080254,47320428.866080254,47320428.866080254,0.0,0.0020034969226277177,1.0,4.0
2010-10-01,189660940.79876348,189691654.2980194,0.25,0.25,0.25,0.25,47415235.19969087,47415235.19969087,47415235.19969087,47415235.19969087,0.0,0.0001619389797740678,1.0,4.0
2010-10-04,189691654.2980194,189226265.68495366,0.25,0.25,0.25,0.25,47422913.57450485,47422913.57450485,47422913.57450485,47422913.57450485,0.0,-0.0024533952997985164,1.0,4.0
2010-10-05,189226265.68495366,191819209.79450512,0.25,0.25,0.25,0.25,47306566.421238415,47306566.421238415,47306566.421238415,47306566.421238415,0.0,0.013702876290273946,1.0,4.0
2010-10-06,191819209.79450512,192180063.6557329,0.25,0.25,0.25,0.25,47954802.44862628,47954802.44862628,47954802.44862628,47954802.44862628,0.0,0.0018812185787564772,1.0,4.0
2010-10-07,192180063.6557329,191445655.65894002,0.25,0.25,0.25,0.25,48045015.913933225,48045015.913933225,48045015.913933225,48045015.913933225,0.0,-0.0038214577663398808,1.0,4.0
2010-10-08,191445655.65894002,193968945.31789702,0.25,0.25,0.25,0.25,47861413.914735004,47861413.914735004,47861413.914735004,47861413.914735004,0.0,0.013180187611319949,1.0,4.0
2010-10-11,193968945.31789702,194433539.55576587,0.25,0.25,0.25,0.25,48492236.329474255,48492236.329474255,48492236.329474255,48492236.329474255,0.0,0.0023951990722403393,1.0,4.0
2010-10-12,194433539.55576587,194551964.07974648,0.25,0.25,0.25,0.25,48608384.88894147,48608384.88894147,48608384.88894147,48608384.88894147,0.0,0.000609074567336304,1.0,4.0
2010-10-13,194551964.07974648,196514939.2523375,0.25,0.25,0.25,0.25,48637991.01993662,48637991.01993662,48637991.01993662,48637991.01993662,0.0,0.010089721694027054,1.0,4.0
2010-10-14,196514939.2523375,196899364.17358428,0.25,0.25,0.25,0.25,49128734.81308437,49128734.81308437,49128734.81308437,49128734.81308437,0.0,0.0019562121979601887,1.0,4.0
2010-10-15,196899364.17358428,195554248.0351526,0.25,0.25,0.25,0.25,49224841.04339607,49224841.04339607,49224841.04339607,49224841.04339607,0.0,-0.0068314905133256,1.0,4.0
2010-10-18,195554248.0351526,195648899.8670748,0.25,0.25,0.25,0.25,48888562.00878815,48888562.00878815,48888562.00878815,48888562.00878815,0.0,0.00048401828583727324,1.0,4.0
2010-10-19,195648899.8670748,192225247.78138056,0.25,0.25,0.25,0.25,48912224.9667687,48912224.9667687,48912224.9667687,48912224.9667687,0.0,-0.01749895904357382,1.0,4.0
2010-10-20,192225247.78138056,194502699.8693855,0.25,0.25,0.25,0.25,48056311.94534514,48056311.94534514,48056311.94534514,48056311.94534514,0.0,0.01184783015910118,1.0,4.0
2010-10-21,194502699.8693855,192689363.69356892,0.25,0.25,0.25,0.25,48625674.96734638,48625674.96734638,48625674.96734638,48625674.96734638,0.0,-0.009322935758908746,1.0,4.0
2010-10-22,192689363.69356892,192370311.28999117,0.25,0.25,0.25,0.25,48172340.92339223,48172340.92339223,48172340.92339223,48172340.92339223,0.0,-0.0016557862741461704,1.0,4.0
2010-10-25,192370311.28999117,194232877.18414292,0.25,0.25,0.25,0.25,48092577.82249779,48092577.82249779,48092577.82249779,48092577.82249779,0.0,0.00968218994740816,1.0,4.0
2010-10-26,194232877.18414292,193940520.5172743,0.25,0.25,0.25,0.25,48558219.29603573,48558219.29603573,48558219.29603573,48558219.29603573,0.0,-0.0015051863057737869,1.0,4.0
2010-10-27,193940520.5172743,191670208.22353575,0.25,0.25,0.25,0.25,48485130.12931857,48485130.12931857,48485130.12931857,48485130.12931857,0.0,-0.011706229764070042,1.0,4.0
2010-10-28,191670208.22353575,193607574.8786173,0.25,0.25,0.25,0.25,47917552.05588394,47917552.05588394,47917552.05588394,47917552.05588394,0.0,0.01010781317053755,1.0,4.0
2010-10-29,193607574.8786173,194593479.6034693,0.25,0.25,0.25,0.25,48401893.71965432,48401893.71965432,48401893.71965432,48401893.71965432,0.0,0.005092283839979617,1.0,4.0
2010-11-01,194593479.6034693,194750956.2825548,0.25,0.25,0.25,0.25,48648369.90086733,48648369.90086733,48648369.90086733,48648369.90086733,0.0,0.0008092597933210266,1.0,4.0
2010-11-02,194750956.2825548,195800900.4836199,0.25,0.25,0.25,0.25,48687739.0706387,48687739.0706387,48687739.0706387,48687739.0706387,0.0,0.005391214611248363,1.0,4.0
2010-11-03,195800900.4836199,195689442.53292692,0.25,0.25,0.25,0.25,48950225.120904975,48950225.120904975,48950225.120904975,48950225.120904975,0.0,-0.0005692412568976402,1.0,4.0
2010-11-04,195689442.53292692,200052419.36456475,0.25,0.25,0.25,0.25,48922360.63323173,48922360.63323173,48922360.63323173,48922360.63323173,0.0,0.02229541244108607,1.0,4.0
2010-11-05,200052419.36456475,200150915.0234205,0.25,0.25,0.25,0.25,50013104.84114119,50013104.84114119,50013104.84114119,50013104.84114119,0.0,0.0004923492511044458,1.0,4.0
2010-11-08,200150915.0234205,200156656.72025263,0.25,0.25,0.25,0.25,50037728.75585513,50037728.75585513,50037728.75585513,50037728.75585513,0.0,2.8686837786617847e-05,1.0,4.0
2010-11-09,200156656.72025263,200524291.34223884,0.25,0.25,0.25,0.25,50039164.18006316,50039164.18006316,50039164.18006316,50039164.18006316,0.0,0.0018367344259753449,1.0,4.0
2010-11-10,200524291.34223884,199412931.9256901,0.25,0.25,0.25,0.25,50131072.83555971,50131072.83555971,50131072.83555971,50131072.83555971,0.0,-0.0055422682664013345,1.0,4.0
2010-11-11,199412931.9256901,199133639.43464315,0.25,0.25,0.25,0.25,49853232.98142253,49853232.98142253,49853232.98142253,49853232.98142253,0.0,-0.0014005736155117965,1.0,4.0
2010-11-12,199133639.43464315,195187561.2214016,0.25,0.25,0.25,0.25,49783409.85866079,49783409.85866079,49783409.85866079,49783409.85866079,0.0,-0.019816231071981577,1.0,4.0
2010-11-15,195187561.2214016,195205637.21408105,0.25,0.25,0.25,0.25,48796890.3053504,48796890.3053504,48796890.3053504,48796890.3053504,0.0,9.260832281693387e-05,1.0,4.0
2010-11-16,195205637.21408105,191522120.77378815,0.25,0.25,0.25,0.25,48801409.30352026,48801409.30352026,48801409.30352026,48801409.30352026,0.0,-0.018869928619188403,1.0,4.0
2010-11-17,191522120.77378815,192052210.58452266,0.25,0.25,0.25,0.25,47880530.19344704,47880530.19344704,47880530.19344704,47880530.19344704,0.0,0.0027677732921547182,1.0,4.0
2010-11-18,192052210.58452266,194606170.0538954,0.25,0.25,0.25,0.25,48013052.646130666,48013052.646130666,48013052.646130666,48013052.646130666,0.0,0.013298256039852907,1.0,4.0
2010-11-19,194606170.0538954,193844476.49099913,0.25,0.25,0.25,0.25,48651542.51347385,48651542.51347385,48651542.51347385,48651542.51347385,0.0,-0.0039140257612866325,1.0,4.0
2010-11-22,193844476.49099913,194410727.6406861,0.0,0.25,0.25,0.25,0.0,48461119.12274978,48461119.12274978,48461119.12274978,48461119.12274978,0.0029211621601882287,0.75,3.0
2010-11-23,194410727.6406861,194343037.9544814,0.0,0.25,0.25,0.25,0.0,48602681.91017152,48602681.91017152,48602681.91017152,48602681.91017152,-0.00034817876063819586,0.75,3.0
2010-11-24,194343037.9544814,195206661.52742028,0.0,0.25,0.25,0.25,0.0,48585759.48862035,48585759.48862035,48585759.48862035,48585759.48862035,0.0044438101926818074,0.75,3.0
2010-11-25,195206661.52742028,195212898.07129562,0.0,0.25,0.25,0.25,0.0,48801665.38185507,48801665.38185507,48801665.38185507,48801665.38185507,3.194841726475439e-05,0.75,3.0
2010-11-26,195212898.07129562,193660183.21090016,0.0,0.25,0.25,0.25,0.0,48803224.517823905,48803224.517823905,48803224.517823905,48803224.517823905,-0.007953956299692838,0.75,3.0
2010-11-29,193660183.21090016,193582315.43431163,0.0,0.25,0.25,0.25,0.0,48415045.80272504,48415045.80272504,48415045.80272504,48415045.80272504,-0.00040208459631432825,0.75,3.0
2010-11-30,193582315.43431163,194359201.31584463,0.0,0.25,0.25,0.25,0.0,48395578.85857791,48395578.85857791,48395578.85857791,48395578.85857791,0.004013206887158005,0.75,3.0
2010-12-01,194359201.31584463,195954528.33776125,0.0,0.25,0.25,0.25,0.0,48589800.32896116,48589800.32896116,48589800.32896116,48589800.32896116,0.008208137361730095,0.75,3.0
2010-12-02,195954528.33776125,196751273.3497678,0.0,0.25,0.25,0.25,0.0,48988632.08444031,48988632.08444031,48988632.08444031,48988632.08444031,0.0040659688692328555,0.75,3.0
2010-12-03,196751273.3497678,199180420.10002318,0.0,0.25,0.25,0.25,0.0,49187818.33744195,49187818.33744195,49187818.33744195,49187818.33744195,0.01234628223186679,0.75,3.0
2010-12-06,199180420.10002318,199721966.48693,0.0,0.25,0.25,0.25,0.0,49795105.025005795,49795105.025005795,49795105.025005795,49795105.025005795,0.0027188736053215257,0.75,3.0
2010-12-07,199721966.48693,198841658.0391575,0.0,0.25,0.25,0.25,0.0,49930491.6217325,49930491.6217325,49930491.6217325,49930491.6217325,-0.004407669638232442,0.75,3.0
2010-12-08,198841658.0391575,197601586.02287373,0.0,0.25,0.25,0.25,0.0,49710414.50978938,49710414.50978938,49710414.50978938,49710414.50978938,-0.006236479963567576,0.75,3.0
2010-12-09,197601586.02287373,198014239.20273134,0.0,0.25,0.25,0.25,0.0,49400396.50571843,49400396.50571843,49400396.50571843,49400396.50571843,0.002088309047326292,0.75,3.0
2010-12-10,198014239.20273134,197959220.0055907,0.0,0.25,0.25,0.25,0.0,49503559.800682835,49503559.800682835,49503559.800682835,49503559.800682835,-0.0002778547510630114,0.75,3.0
2010-12-13,197959220.0055907,199542085.83244294,0.0,0.25,0.25,0.25,0.0,49489805.00139768,49489805.00139768,49489805.00139768,49489805.00139768,0.007995918688745662,0.75,3.0
2010-12-14,199542085.83244294,199704210.80329219,0.0,0.25,0.25,0.25,0.0,49885521.458110735,49885521.458110735,49885521.458110735,49885521.458110735,0.0008124850964290886,0.75,3.0
2010-12-15,199704210.80329219,198542751.27928802,0.0,0.25,0.25,0.25,0.0,49926052.700823046,49926052.700823046,49926052.700823046,49926052.700823046,-0.005815899020517823,0.75,3.0
2010-12-16,198542751.27928802,197805981.03422213,0.0,0.0,0.25,0.25,0.0,0.0,49635687.819822006,49635687.819822006,99271375.63964401,-0.0037108896714617423,0.5,2.0
2010-12-17,197805981.03422213,198533137.46807393,0.0,0.0,0.25,0.25,0.0,0.0,49451495.25855553,49451495.25855553,98902990.51711106,0.0036761094383997994,0.5,2.0
2010-12-20,198533137.46807393,199460836.07687458,0.0,0.0,0.25,0.25,0.0,0.0,49633284.36701848,49633284.36701848,99266568.73403697,0.004672764560273046,0.5,2.0
2010-12-21,199460836.07687458,199752717.7493766,0.0,0.0,0.25,0.25,0.0,0.0,49865209.019218646,49865209.019218646,99730418.03843729,0.0014633532990381282,0.5,2.0
2010-12-22,199752717.7493766,200003820.90819576,0.0,0.0,0.25,0.25,0.0,0.0,49938179.43734415,49938179.43734415,99876358.8746883,0.00125707004965106,0.5,2.0
2010-12-23,200003820.90819576,199878758.2696381,0.0,0.0,0.25,0.25,0.0,0.0,50000955.22704894,50000955.22704894,100001910.45409788,-0.0006253012466949093,0.5,2.0
2010-12-24,199878758.2696381,200047134.3975283,0.0,0.0,0.25,0.25,0.0,0.0,49969689.56740952,49969689.56740952,99939379.13481905,0.0008423913043478226,0.5,2.0
2010-12-27,200047134.3975283,200004452.70049846,0.0,0.25,0.25,0.25,0.0,50011783.59938207,50011783.59938207,50011783.59938207,50011783.59938207,-0.00021335820259749116,0.75,3.0
2010-12-28,200004452.70049846,201541637.88275924,0.25,0.25,0.25,0.25,50001113.175124615,50001113.175124615,50001113.175124615,50001113.175124615,0.0,0.007685754799482913,1.0,4.0
2010-12-29,201541637.88275924,202278945.20402488,0.25,0.25,0.25,0.25,50385409.47068981,50385409.47068981,50385409.47068981,50385409.47068981,0.0,0.0036583374483368236,1.0,4.0
2010-12-30,202278945.20402488,202289222.44292474,0.25,0.25,0.25,0.25,50569736.30100622,50569736.30100622,50569736.30100622,50569736.30100622,0.0,5.080725969511257e-05,1.0,4.0
2010-12-31,202289222.44292474,204357266.61990094,0.25,0.25,0.25,0.25,50572305.610731184,50572305.610731184,50572305.610731184,50572305.610731184,0.0,0.010223204934013158,1.0,4.0
2011-01-03,204357266.61990094,204289196.98264542,0.25,0.25,0.25,0.25,51089316.654975235,51089316.654975235,51089316.654975235,51089316.654975235,0.0,-0.0003330913472342212,1.0,4.0
2011-01-04,204289196.98264542,201324973.52064037,0.25,0.25,0.25,0.25,51072299.245661356,51072299.245661356,51072299.245661356,51072299.245661356,0.0,-0.014509937411212398,1.0,4.0
2011-01-05,201324973.52064037,200642129.87481463,0.25,0.25,0.25,0.25,50331243.38016009,50331243.38016009,50331243.38016009,50331243.38016009,0.0,-0.0033917483453972386,1.0,4.0
2011-01-06,200642129.87481463,199324824.73507017,0.25,0.25,0.25,0.25,50160532.46870366,50160532.46870366,50160532.46870366,50160532.46870366,0.0,-0.006565446352500004,1.0,4.0
2011-01-07,199324824.73507017,199167186.90139255,0.25,0.25,0.25,0.25,49831206.18376754,49831206.18376754,49831206.18376754,49831206.18376754,0.0,-0.0007908590105981383,1.0,4.0
2011-01-10,199167186.90139255,199154430.44734353,0.25,0.25,0.25,0.25,49791796.72534814,49791796.72534814,49791796.72534814,49791796.72534814,0.0,-6.404897436906865e-05,1.0,4.0
2011-01-11,199154430.44734353,199769719.66211188,0.25,0.25,0.25,0.25,49788607.61183588,49788607.61183588,49788607.61183588,49788607.61183588,0.0,0.0030895080435132394,1.0,4.0
2011-01-12,199769719.66211188,201437541.61086664,0.25,0.25,0.25,0.25,49942429.91552797,49942429.91552797,49942429.91552797,49942429.91552797,0.0,0.008348722476938408,1.0,4.0
2011-01-13,201437541.61086664,201022311.0490516,0.25,0.25,0.25,0.25,50359385.40271666,50359385.40271666,50359385.40271666,50359385.40271666,0.0,-0.002061336523939361,1.0,4.0
2011-01-14,201022311.0490516,199704872.08266595,0.25,0.25,0.25,0.25,50255577.7622629,50255577.7622629,50255577.7622629,50255577.7622629,0.0,-0.006553695256563907,1.0,4.0
2011-01-17,199704872.08266595,200162170.58499768,0.25,0.25,0.25,0.25,49926218.02066649,49926218.02066649,49926218.02066649,49926218.02066649,0.0,0.0022898715367467015,1.0,4.0
2011-01-18,200162170.58499768,200841238.378789,0.25,0.25,0.25,0.25,50040542.64624942,50040542.64624942,50040542.64624942,50040542.64624942,0.0,0.0033925880789896223,1.0,4.0
2011-01-19,200841238.378789,201245583.08833206,0.25,0.25,0.25,0.25,50210309.59469725,50210309.59469725,50210309.59469725,50210309.59469725,0.0,0.002013255409132886,1.0,4.0
2011-01-20,201245583.08833206,199107198.78701797,0.25,0.25,0.25,0.25,50311395.772083014,50311395.772083014,50311395.772083014,50311395.772083014,0.0,-0.010625745263564246,1.0,4.0
2011-01-21,199107198.78701797,199515361.622312,0.25,0.25,0.25,0.25,49776799.69675449,49776799.69675449,49776799.69675449,49776799.69675449,0.0,0.0020499652337062635,1.0,4.0
2011-01-24,199515361.622312,199487844.77657685,0.25,0.25,0.25,0.25,49878840.405578,49878840.405578,49878840.405578,49878840.405578,0.0,-0.0001379184315003501,1.0,4.0
2011-01-25,199487844.77657685,198438024.6163603,0.25,0.25,0.25,0.0,49871961.19414421,49871961.19414421,49871961.19414421,0.0,49871961.19414421,-0.00526257708279082,0.75,3.0
2011-01-26,198438024.6163603,199386018.5482836,0.25,0.25,0.25,0.0,49609506.15409008,49609506.15409008,49609506.15409008,0.0,49609506.15409008,0.004777279625495567,0.75,3.0
2011-01-27,199386018.5482836,198785820.50863945,0.25,0.25,0.25,0.0,49846504.6370709,49846504.6370709,49846504.6370709,0.0,49846504.6370709,-0.003010231329228452,0.75,3.0
2011-01-28,198785820.50863945,199128036.37554497,0.25,0.25,0.25,0.0,49696455.12715986,49696455.12715986,49696455.12715986,0.0,49696455.12715986,0.001721530570087254,0.75,3.0
2011-01-31,199128036.37554497,200640242.57883242,0.25,0.25,0.25,0.0,49782009.09388624,49782009.09388624,49782009.09388624,0.0,49782009.09388624,0.007594140086007395,0.75,3.0
2011-02-01,200640242.57883242,201651320.6007854,0.25,0.25,0.25,0.0,50160060.644708104,50160060.644708104,50160060.644708104,0.0,50160060.644708104,0.005039258370891142,0.75,3.0
2011-02-02,201651320.6007854,201609171.8358323,0.25,0.25,0.25,0.0,50412830.15019635,50412830.15019635,50412830.15019635,0.0,50412830.15019635,-0.00020901804574124938,0.75,3.0
2011-02-03,201609171.8358323,201492041.33316222,0.25,0.25,0.25,0.0,50402292.958958074,50402292.958958074,50402292.958958074,0.0,50402292.958958074,-0.0005809780458075897,0.75,3.0
2011-02-04,201492041.33316222,201461145.5941512,0.25,0.25,0.25,0.0,50373010.333290555,50373010.333290555,50373010.333290555,0.0,50373010.333290555,-0.0001533347858634626,0.75,3.0
2011-02-07,201461145.5941512,200972131.30269837,0.25,0.25,0.25,0.0,50365286.3985378,50365286.3985378,50365286.3985378,0.0,50365286.3985378,-0.002427337986243533,0.75,3.0
2011-02-08,200972131.30269837,201568562.20065302,0.25,0.25,0.25,0.0,50243032.82567459,50243032.82567459,50243032.82567459,0.0,50243032.82567459,0.0029677293766484647,0.75,3.0
2011-02-09,201568562.20065302,201718243.8494461,0.25,0.25,0.25,0.0,50392140.550163254,50392140.550163254,50392140.550163254,0.0,50392140.550163254,0.0007425842956802209,0.75,3.0
2011-02-10,201718243.8494461,201001102.9969995,0.25,0.25,0.25,0.0,50429560.96236152,50429560.96236152,50429560.96236152,0.0,50429560.96236152,-0.0035551610938168166,0.75,3.0
2011-02-11,201001102.9969995,200762388.36131167,0.25,0.25,0.25,0.0,50250275.749249876,50250275.749249876,50250275.749249876,0.0,50250275.749249876,-0.0011876284862546715,0.75,3.0
2011-02-14,200762388.36131167,200851170.0079115,0.25,0.25,0.25,0.0,50190597.09032792,50190597.09032792,50190597.09032792,0.0,50190597.09032792,0.00044222250653871975,0.75,3.0
2011-02-15,200851170.0079115,200262216.71898696,0.25,0.25,0.25,0.0,50212792.501977876,50212792.501977876,50212792.501977876,0.0,50212792.501977876,-0.0029322870705774384,0.75,3.0
2011-02-16,200262216.71898696,200303655.23903698,0.25,0.25,0.25,0.0,50065554.17974674,50065554.17974674,50065554.17974674,0.0,50065554.17974674,0.00020692130911634243,0.75,3.0
2011-02-17,200303655.23903698,201487806.75614887,0.25,0.25,0.25,0.0,50075913.809759244,50075913.809759244,50075913.809759244,0.0,50075913.809759244,0.005911781867878385,0.75,3.0
2011-02-18,201487806.75614887,201606617.08097297,0.25,0.25,0.25,0.0,50371951.68903722,50371951.68903722,50371951.68903722,0.0,50371951.68903722,0.0005896650856291596,0.75,3.0
2011-02-21,201606617.08097297,201330025.88453692,0.25,0.25,0.25,0.0,50401654.27024324,50401654.27024324,50401654.27024324,0.0,50401654.27024324,-0.0013719351102695343,0.75,3.0
2011-02-22,201330025.88453692,200549926.53087473,0.25,0.25,0.25,0.0,50332506.47113423,50332506.47113423,50332506.47113423,0.0,50332506.47113423,-0.0038747293168758246,0.75,3.0
2011-02-23,200549926.53087473,200946751.05167562,0.25,0.25,0.25,0.0,50137481.63271868,50137481.63271868,50137481.63271868,0.0,50137481.63271868,0.0019786819554869772,0.75,3.0
2011-02-24,200946751.05167562,201316271.5443714,0.25,0.25,0.25,0.0,50236687.762918904,50236687.762918904,50236687.762918904,0.0,50236687.762918904,0.001838897572425724,0.75,3.0
2011-02-25,201316271.5443714,202654186.81386578,0.25,0.25,0.25,0.0,50329067.88609285,50329067.88609285,50329067.88609285,0.0,50329067.88609285,0.006645837712127123,0.75,3.0
2011-02-28,202654186.81386578,202988139.60570988,0.25,0.25,0.25,0.0,50663546.703466445,50663546.703466445,50663546.703466445,0.0,50663546.703466445,0.0016478948552433315,0.75,3.0
2011-03-01,202988139.60570988,203222585.13788924,0.25,0.25,0.25,0.0,50747034.90142747,50747034.90142747,50747034.90142747,0.0,50747034.90142747,0.0011549715792988635,0.75,3.0
2011-03-02,203222585.13788924,203758477.73288465,0.25,0.25,0.25,0.25,50805646.28447231,50805646.28447231,50805646.28447231,50805646.28447231,0.0,0.0026369736150723133,1.0,4.0
2011-03-03,203758477.73288465,203311031.04538295,0.25,0.25,0.25,0.25,50939619.43322116,50939619.43322116,50939619.43322116,50939619.43322116,0.0,-0.002195965991109633,1.0,4.0
2011-03-04,203311031.04538295,203895733.72955528,0.25,0.25,0.25,0.25,50827757.76134574,50827757.76134574,50827757.76134574,50827757.76134574,0.0,0.00287590241004565,1.0,4.0
2011-03-07,203895733.72955528,203893994.51548758,0.25,0.25,0.25,0.25,50973933.43238882,50973933.43238882,50973933.43238882,50973933.43238882,0.0,-8.529918875177511e-06,1.0,4.0
2011-03-08,203893994.51548758,203144706.8818611,0.25,0.25,0.25,0.25,50973498.628871895,50973498.628871895,50973498.628871895,50973498.628871895,0.0,-0.003674888195736248,1.0,4.0
2011-03-09,203144706.8818611,203123778.30781808,0.25,0.25,0.25,0.25,50786176.72046527,50786176.72046527,50786176.72046527,50786176.72046527,0.0,-0.00010302298476891347,1.0,4.0
2011-03-10,203123778.30781808,200958798.0735242,0.25,0.25,0.25,0.25,50780944.57695452,50780944.57695452,50780944.57695452,50780944.57695452,0.0,-0.010658428335322684,1.0,4.0
2011-03-11,200958798.0735242,201076508.34054393,0.25,0.25,0.25,0.25,50239699.51838105,50239699.51838105,50239699.51838105,50239699.51838105,0.0,0.0005857432874207813,1.0,4.0
2011-03-14,201076508.34054393,201594119.06479114,0.25,0.25,0.25,0.25,50269127.08513598,50269127.08513598,50269127.08513598,50269127.08513598,0.0,0.002574197893722069,1.0,4.0
2011-03-15,201594119.06479114,197769062.44408113,0.25,0.25,0.25,0.25,50398529.766197786,50398529.766197786,50398529.766197786,50398529.766197786,0.0,-0.018974048640182206,1.0,4.0
2011-03-16,197769062.44408113,197367408.31143594,0.25,0.25,0.25,0.25,49442265.61102028,49442265.61102028,49442265.61102028,49442265.61102028,0.0,-0.0020309249974765353,1.0,4.0
2011-03-17,197367408.31143594,199024256.06626025,0.25,0.25,0.25,0.25,49341852.077858984,49341852.077858984,49341852.077858984,49341852.077858984,0.0,0.008394738366376497,1.0,4.0
2011-03-18,199024256.06626025,201177937.1818123,0.25,0.25,0.25,0.25,49756064.01656506,49756064.01656506,49756064.01656506,49756064.01656506,0.0,0.010821199175014118,1.0,4.0
2011-03-21,201177937.1818123,202196526.669203,0.25,0.25,0.25,0.25,50294484.29545307,50294484.29545307,50294484.29545307,50294484.29545307,0.0,0.005063127207981077,1.0,4.0
2011-03-22,202196526.669203,203177863.17899108,0.25,0.25,0.25,0.25,50549131.66730075,50549131.66730075,50549131.66730075,50549131.66730075,0.0,0.004853379659649437,1.0,4.0
2011-03-23,203177863.17899108,203691834.0177992,0.25,0.25,0.25,0.25,50794465.79474777,50794465.79474777,50794465.79474777,50794465.79474777,0.0,0.0025296596330249554,1.0,4.0
2011-03-24,203691834.0177992,204320413.9953277,0.25,0.25,0.25,0.25,50922958.5044498,50922958.5044498,50922958.5044498,50922958.5044498,0.0,0.003085936068863676,1.0,4.0
2011-03-25,204320413.9953277,204674855.9596756,0.25,0.25,0.25,0.25,51080103.49883193,51080103.49883193,51080103.49883193,51080103.49883193,0.0,0.0017347359346874258,1.0,4.0
2011-03-28,204674855.9596756,203629811.71931955,0.25,0.25,0.25,0.25,51168713.9899189,51168713.9899189,51168713.9899189,51168713.9899189,0.0,-0.0051058750497518235,1.0,4.0
2011-03-29,203629811.71931955,203930612.6199087,0.25,0.25,0.25,0.25,50907452.92982989,50907452.92982989,50907452.92982989,50907452.92982989,0.0,0.001477194807820159,1.0,4.0
2011-03-30,203930612.6199087,204994240.86619312,0.25,0.25,0.25,0.25,50982653.15497717,50982653.15497717,50982653.15497717,50982653.15497717,0.0,0.005215637969306852,1.0,4.0
2011-03-31,204994240.86619312,206350861.72082436,0.25,0.25,0.25,0.25,51248560.21654828,51248560.21654828,51248560.21654828,51248560.21654828,0.0,0.00661784862296097,1.0,4.0
2011-04-01,206350861.72082436,207356698.37433252,0.25,0.25,0.25,0.25,51587715.43020609,51587715.43020609,51587715.43020609,51587715.43020609,0.0,0.004874400063659273,1.0,4.0
2011-04-04,207356698.37433252,207727564.67826352,0.25,0.25,0.25,0.25,51839174.59358313,51839174.59358313,51839174.59358313,51839174.59358313,0.0,0.0017885426747175082,1.0,4.0
2011-04-05,207727564.67826352,208601653.65406632,0.25,0.25,0.25,0.25,51931891.16956588,51931891.16956588,51931891.16956588,51931891.16956588,0.0,0.004207862240895477,1.0,4.0
2011-04-06,208601653.65406632,209142903.98181862,0.25,0.25,0.25,0.25,52150413.41351658,52150413.41351658,52150413.41351658,52150413.41351658,0.0,0.0025946598134350407,1.0,4.0
2011-04-07,209142903.98181862,210201877.73246014,0.25,0.25,0.25,0.25,52285725.995454654,52285725.995454654,52285725.995454654,52285725.995454654,0.0,0.005063397946953985,1.0,4.0
2011-04-08,210201877.73246014,212524694.5330689,0.25,0.25,0.25,0.25,52550469.433115035,52550469.433115035,52550469.433115035,52550469.433115035,0.0,0.011050409376290982,1.0,4.0
2011-04-11,212524694.5330689,211401684.71875626,0.25,0.25,0.25,0.25,53131173.633267224,53131173.633267224,53131173.633267224,53131173.633267224,0.0,-0.00528413799996269,1.0,4.0
2011-04-12,211401684.71875626,209126829.49938977,0.25,0.25,0.25,0.25,52850421.179689065,52850421.179689065,52850421.179689065,52850421.179689065,0.0,-0.010760818781519688,1.0,4.0
2011-04-13,209126829.49938977,209901598.9011923,0.25,0.25,0.25,0.25,52281707.37484744,52281707.37484744,52281707.37484744,52281707.37484744,0.0,0.003704782421543984,1.0,4.0
2011-04-14,209901598.9011923,210994169.7616207,0.25,0.25,0.25,0.25,52475399.72529808,52475399.72529808,52475399.72529808,52475399.72529808,0.0,0.0052051573982658805,1.0,4.0
2011-04-15,210994169.7616207,211857184.2808736,0.25,0.25,0.25,0.25,52748542.440405175,52748542.440405175,52748542.440405175,52748542.440405175,0.0,0.004090229224001207,1.0,4.0
2011-04-18,211857184.2808736,211045736.19677648,0.25,0.25,0.25,0.25,52964296.0702184,52964296.0702184,52964296.0702184,52964296.0702184,0.0,-0.0038301655280252866,1.0,4.0
2011-04-19,211045736.19677648,212088630.87117553,0.25,0.25,0.25,0.25,52761434.04919412,52761434.04919412,52761434.04919412,52761434.04919412,0.0,0.004941557660405327,1.0,4.0
2011-04-20,212088630.87117553,214152121.2471452,0.25,0.25,0.25,0.25,53022157.71779388,53022157.71779388,53022157.71779388,53022157.71779388,0.0,0.009729377607341272,1.0,4.0
2011-04-21,214152121.2471452,215045391.38881743,0.25,0.25,0.25,0.25,53538030.3117863,53538030.3117863,53538030.3117863,53538030.3117863,0.0,0.0041711944596677375,1.0,4.0
2011-04-22,215045391.38881743,215122556.68528622,0.25,0.25,0.25,0.25,53761347.84720436,53761347.84720436,53761347.84720436,53761347.84720436,0.0,0.00035883259794800004,1.0,4.0
2011-04-25,215122556.68528622,214948703.1765327,0.25,0.25,0.25,0.25,53780639.171321556,53780639.171321556,53780639.171321556,53780639.171321556,0.0,-0.0008081602944494948,1.0,4.0
2011-04-26,214948703.1765327,215198754.2924396,0.25,0.25,0.25,0.25,53737175.79413317,53737175.79413317,53737175.79413317,53737175.79413317,0.0,0.0011633059991134898,1.0,4.0
2011-04-27,215198754.2924396,215740394.91293862,0.25,0.25,0.25,0.25,53799688.5731099,53799688.5731099,53799688.5731099,53799688.5731099,0.0,0.002516931951023066,1.0,4.0
2011-04-28,215740394.91293862,216324024.65748766,0.25,0.25,0.25,0.25,53935098.728234656,53935098.728234656,53935098.728234656,53935098.728234656,0.0,0.0027052409206191896,1.0,4.0
2011-04-29,216324024.65748766,218275941.5206165,0.25,0.25,0.25,0.25,54081006.164371915,54081006.164371915,54081006.164371915,54081006.164371915,0.0,0.009023116439421608,1.0,4.0
2011-05-02,218275941.5206165,217120984.14132875,0.25,0.25,0.25,0.25,54568985.380154125,54568985.380154125,54568985.380154125,54568985.380154125,0.0,-0.005291272007541092,1.0,4.0
2011-05-03,217120984.14132875,215588098.5497639,0.25,0.25,0.25,0.25,54280246.03533219,54280246.03533219,54280246.03533219,54280246.03533219,0.0,-0.007060052705762848,1.0,4.0
2011-05-04,215588098.5497639,212239803.79436198,0.25,0.25,0.25,0.25,53897024.63744097,53897024.63744097,53897024.63744097,53897024.63744097,0.0,-0.015530981431375351,1.0,4.0
2011-05-05,212239803.79436198,207527172.20308208,0.25,0.25,0.25,0.25,53059950.948590495,53059950.948590495,53059950.948590495,53059950.948590495,0.0,-0.022204277930099936,1.0,4.0
2011-05-06,207527172.20308208,208649746.98152566,0.25,0.25,0.25,0.25,51881793.05077052,51881793.05077052,51881793.05077052,51881793.05077052,0.0,0.005409290583620635,1.0,4.0
2011-05-09,208649746.98152566,210106163.0785638,0.25,0.25,0.25,0.25,52162436.745381415,52162436.745381415,52162436.745381415,52162436.745381415,0.0,0.006980195845466719,1.0,4.0
2011-05-10,210106163.0785638,211639110.8974341,0.25,0.25,0.25,0.25,52526540.76964095,52526540.76964095,52526540.76964095,52526540.76964095,0.0,0.007296063077869119,1.0,4.0
2011-05-11,211639110.8974341,208687077.04544765,0.25,0.25,0.25,0.25,52909777.72435852,52909777.72435852,52909777.72435852,52909777.72435852,0.0,-0.013948432496567659,1.0,4.0
2011-05-12,208687077.04544765,208287693.6865596,0.25,0.25,0.25,0.25,52171769.26136191,52171769.26136191,52171769.26136191,52171769.26136191,0.0,-0.0019137905640466968,1.0,4.0
2011-05-13,208287693.6865596,207340780.64094216,0.25,0.25,0.25,0.25,52071923.4216399,52071923.4216399,52071923.4216399,52071923.4216399,0.0,-0.004546178551683461,1.0,4.0
2011-05-16,207340780.64094216,207090976.79635057,0.25,0.25,0.25,0.25,51835195.16023554,51835195.16023554,51835195.16023554,51835195.16023554,0.0,-0.0012047984184268834,1.0,4.0
2011-05-17,207090976.79635057,207201973.0364303,0.25,0.25,0.25,0.25,51772744.19908764,51772744.19908764,51772744.19908764,51772744.19908764,0.0,0.0005359781570246913,1.0,4.0
2011-05-18,207201973.0364303,209329795.3967049,0.25,0.25,0.25,0.25,51800493.259107575,51800493.259107575,51800493.259107575,51800493.259107575,0.0,0.010269315147402147,1.0,4.0
2011-05-19,209329795.3967049,209068821.47403988,0.25,0.25,0.0,0.25,52332448.84917623,52332448.84917623,0.0,52332448.84917623,52332448.84917623,-0.0012467117840078146,0.75,3.0
2011-05-20,209068821.47403988,209693078.3661032,0.25,0.25,0.0,0.25,52267205.36850997,52267205.36850997,0.0,52267205.36850997,52267205.36850997,0.0029858918592545747,0.75,3.0
2011-05-23,209693078.3661032,208870167.91067415,0.25,0.25,0.0,0.25,52423269.5915258,52423269.5915258,0.0,52423269.5915258,52423269.5915258,-0.003924356787744554,0.75,3.0
2011-05-24,208870167.91067415,209755925.59736907,0.25,0.25,0.0,0.25,52217541.97766854,52217541.97766854,0.0,52217541.97766854,52217541.97766854,0.0042407094108037335,0.75,3.0
2011-05-25,209755925.59736907,209338834.24596584,0.25,0.25,0.0,0.25,52438981.39934227,52438981.39934227,0.0,52438981.39934227,52438981.39934227,-0.0019884603985101945,0.75,3.0
2011-05-26,209338834.24596584,210015354.15133023,0.25,0.25,0.0,0.25,52334708.56149146,52334708.56149146,0.0,52334708.56149146,52334708.56149146,0.003231698064055877,0.75,3.0
2011-05-27,210015354.15133023,211806621.36804336,0.25,0.25,0.0,0.25,52503838.53783256,52503838.53783256,0.0,52503838.53783256,52503838.53783256,0.008529220275115657,0.75,3.0
2011-05-30,211806621.36804336,211889006.6564445,0.25,0.25,0.0,0.25,52951655.34201084,52951655.34201084,0.0,52951655.34201084,52951655.34201084,0.00038896465025051175,0.75,3.0
2011-05-31,211889006.6564445,212127567.10515139,0.25,0.25,0.0,0.25,52972251.66411112,52972251.66411112,0.0,52972251.66411112,52972251.66411112,0.0011258745910008305,0.75,3.0
2011-06-01,212127567.10515139,212145675.51420066,0.25,0.25,0.0,0.25,53031891.776287846,53031891.776287846,0.0,53031891.776287846,53031891.776287846,8.53656566016936e-05,0.75,3.0
2011-06-02,212145675.51420066,212241901.09387112,0.25,0.25,0.0,0.25,53036418.878550164,53036418.878550164,0.0,53036418.878550164,53036418.878550164,0.00045358256508049033,0.75,3.0
2011-06-03,212241901.09387112,212748237.39449787,0.25,0.25,0.0,0.25,53060475.27346778,53060475.27346778,0.0,53060475.27346778,53060475.27346778,0.0023856566399808876,0.75,3.0
2011-06-06,212748237.39449787,212732176.4888735,0.25,0.25,0.0,0.25,53187059.34862447,53187059.34862447,0.0,53187059.34862447,53187059.34862447,-7.549254377395287e-05,0.75,3.0
2011-06-07,212732176.4888735,212903551.14068666,0.25,0.25,0.0,0.25,53183044.12221838,53183044.12221838,0.0,53183044.12221838,53183044.12221838,0.0008055887672548945,0.75,3.0
2011-06-08,212903551.14068666,212188113.15032086,0.25,0.25,0.0,0.25,53225887.785171665,53225887.785171665,0.0,53225887.785171665,53225887.785171665,-0.003360385425854512,0.75,3.0
2011-06-09,212188113.15032086,212304802.27825662,0.25,0.25,0.0,0.25,53047028.287580214,53047028.287580214,0.0,53047028.287580214,53047028.287580214,0.0005499324453351051,0.75,3.0
2011-06-10,212304802.27825662,211137660.4712452,0.25,0.25,0.0,0.25,53076200.569564156,53076200.569564156,0.0,53076200.569564156,53076200.569564156,-0.005497481896249046,0.75,3.0
2011-06-13,211137660.4712452,211121220.57902646,0.25,0.25,0.0,0.25,52784415.1178113,52784415.1178113,0.0,52784415.1178113,52784415.1178113,-7.786338155912897e-05,0.75,3.0
2011-06-14,211121220.57902646,212071362.32617763,0.25,0.25,0.0,0.25,52780305.144756615,52780305.144756615,0.0,52780305.144756615,52780305.144756615,0.004500455920751656,0.75,3.0
2011-06-15,212071362.32617763,211655338.85103014,0.25,0.25,0.0,0.25,53017840.58154441,53017840.58154441,0.0,53017840.58154441,53017840.58154441,-0.0019617145407289927,0.75,3.0
2011-06-16,211655338.85103014,210918948.64550817,0.25,0.25,0.0,0.25,52913834.712757535,52913834.712757535,0.0,52913834.712757535,52913834.712757535,-0.0034791950418991135,0.75,3.0
2011-06-17,210918948.64550817,211822100.60900855,0.25,0.25,0.0,0.25,52729737.16137704,52729737.16137704,0.0,52729737.16137704,52729737.16137704,0.004281985896953722,0.75,3.0
2011-06-20,211822100.60900855,211722090.62299457,0.25,0.25,0.0,0.25,52955525.15225214,52955525.15225214,0.0,52955525.15225214,52955525.15225214,-0.00047214141360343853,0.75,3.0
2011-06-21,211722090.62299457,212454492.8487268,0.25,0.25,0.0,0.25,52930522.65574864,52930522.65574864,0.0,52930522.65574864,52930522.65574864,0.0034592622034721465,0.75,3.0
2011-06-22,212454492.8487268,212560842.2858452,0.25,0.25,0.0,0.25,53113623.2121817,53113623.2121817,0.0,53113623.2121817,53113623.2121817,0.0005005751381971235,0.75,3.0
2011-06-23,212560842.2858452,210836187.68586937,0.25,0.25,0.0,0.25,53140210.5714613,53140210.5714613,0.0,53140210.5714613,53140210.5714613,-0.008113698560041405,0.75,3.0
2011-06-24,210836187.68586937,209924365.3912901,0.25,0.25,0.0,0.25,52709046.92146734,52709046.92146734,0.0,52709046.92146734,52709046.92146734,-0.004324790277169116,0.75,3.0
2011-06-27,209924365.3912901,210112611.7360701,0.25,0.0,0.0,0.25,52481091.347822525,0.0,0.0,52481091.347822525,104962182.69564505,0.0008967341376933669,0.5,2.0
2011-06-28,210112611.7360701,210855936.9109642,0.25,0.0,0.0,0.25,52528152.934017524,0.0,0.0,52528152.934017524,105056305.86803505,0.003537746586234569,0.5,2.0
2011-06-29,210855936.9109642,211540429.41082406,0.25,0.0,0.0,0.25,52713984.22774105,0.0,0.0,52713984.22774105,105427968.4554821,0.003246256709143136,0.5,2.0
2011-06-30,211540429.41082406,211311705.36114353,0.25,0.0,0.0,0.25,52885107.352706015,0.0,0.0,52885107.352706015,105770214.70541203,-0.0010812309037927792,0.5,2.0
2011-07-01,211311705.36114353,211162112.97065747,0.25,0.0,0.0,0.25,52827926.34028588,0.0,0.0,52827926.34028588,105655852.68057176,-0.0007079228773927138,0.5,2.0
2011-07-04,211162112.97065747,211574377.22999063,0.25,0.0,0.0,0.25,52790528.24266437,0.0,0.0,52790528.24266437,105581056.48532873,0.0019523590360666643,0.5,2.0
2011-07-05,211574377.22999063,211886964.1153712,0.25,0.0,0.0,0.25,52893594.30749766,0.0,0.0,52893594.30749766,105787188.61499532,0.001477432614823443,0.5,2.0
2011-07-06,211886964.1153712,212176304.30455303,0.25,0.0,0.0,0.25,52971741.0288428,0.0,0.0,52971741.0288428,105943482.0576856,0.0013655403030093938,0.5,2.0
2011-07-07,212176304.30455303,212824898.94317487,0.25,0.0,0.0,0.25,53044076.07613826,0.0,0.0,53044076.07613826,106088152.15227652,0.003056866508952205,0.5,2.0
2011-07-08,212824898.94317487,212937564.62269512,0.25,0.0,0.0,0.25,53206224.73579372,0.0,0.0,53206224.73579372,106412449.47158743,0.0005293820416676365,0.5,2.0
2011-07-11,212937564.62269512,212847309.49951372,0.25,0.0,0.0,0.25,53234391.15567378,0.0,0.0,53234391.15567378,106468782.31134756,-0.0004238572153358877,0.5,2.0
2011-07-12,212847309.49951372,213242985.72198117,0.25,0.0,0.0,0.25,53211827.37487843,0.0,0.0,53211827.37487843,106423654.74975686,0.0018589674607486228,0.5,2.0
2011-07-13,213242985.72198117,213889390.93853992,0.25,0.0,0.0,0.25,53310746.43049529,0.0,0.0,53310746.43049529,106621492.86099058,0.0030313082250759127,0.5,2.0
2011-07-14,213889390.93853992,213948268.07022974,0.25,0.0,0.0,0.25,53472347.73463498,0.0,0.0,53472347.73463498,106944695.46926996,0.00027526906047761757,0.5,2.0
2011-07-15,213948268.07022974,214326077.81484282,0.25,0.0,0.0,0.25,53487067.017557435,0.0,0.0,53487067.017557435,106974134.03511487,0.0017658929797416123,0.5,2.0
2011-07-18,214326077.81484282,214753563.6018409,0.25,0.0,0.0,0.25,53581519.453710705,0.0,0.0,53581519.453710705,107163038.90742141,0.001994557971463473,0.5,2.0
2011-07-19,214753563.6018409,214572740.43816307,0.25,0.0,0.0,0.25,53688390.90046023,0.0,0.0,53688390.90046023,107376781.80092046,-0.0008420030878421303,0.5,2.0
2011-07-20,214572740.43816307,214943969.07734817,0.25,0.0,0.0,0.25,53643185.10954077,0.0,0.0,53643185.10954077,107286370.21908154,0.0017300829472889356,0.5,2.0
2011-07-21,214943969.07734817,215074144.93343478,0.25,0.0,0.0,0.25,53735992.26933704,0.0,0.0,53735992.26933704,107471984.53867409,0.000605626929871067,0.5,2.0
2011-07-22,215074144.93343478,215566354.04112044,0.25,0.25,0.0,0.25,53768536.233358696,53768536.233358696,0.0,53768536.233358696,53768536.233358696,0.002288555455319863,0.75,3.0
2011-07-25,215566354.04112044,216365231.89207134,0.25,0.25,0.0,0.25,53891588.51028011,53891588.51028011,0.0,53891588.51028011,53891588.51028011,0.0037059487066267716,0.75,3.0
2011-07-26,216365231.89207134,217090770.0150714,0.25,0.25,0.0,0.25,54091307.973017834,54091307.973017834,0.0,54091307.973017834,54091307.973017834,0.0033533027310135854,0.75,3.0
2011-07-27,217090770.0150714,216753953.9976807,0.25,0.25,0.0,0.25,54272692.50376785,54272692.50376785,0.0,54272692.50376785,54272692.50376785,-0.0015514985614880072,0.75,3.0
2011-07-28,216753953.9976807,216448790.6886003,0.25,0.25,0.0,0.25,54188488.49942017,54188488.49942017,0.0,54188488.49942017,54188488.49942017,-0.0014078788573501366,0.75,3.0
2011-07-29,216448790.6886003,216884958.93075415,0.25,0.25,0.25,0.25,54112197.672150075,54112197.672150075,54112197.672150075,54112197.672150075,0.0,0.0020151105523215085,1.0,4.0
2011-08-01,216884958.93075415,215891032.2292253,0.25,0.25,0.25,0.25,54221239.73268854,54221239.73268854,54221239.73268854,54221239.73268854,0.0,-0.004582736887006528,1.0,4.0
2011-08-02,215891032.2292253,216938210.73469803,0.25,0.25,0.25,0.25,53972758.05730633,53972758.05730633,53972758.05730633,53972758.05730633,0.0,0.004850495616514877,1.0,4.0
2011-08-03,216938210.73469803,216031146.51741877,0.25,0.25,0.25,0.25,54234552.68367451,54234552.68367451,54234552.68367451,54234552.68367451,0.0,-0.004181210005408165,1.0,4.0
2011-08-04,216031146.51741877,212490353.27868223,0.25,0.25,0.25,0.25,54007786.62935469,54007786.62935469,54007786.62935469,54007786.62935469,0.0,-0.016390197875707835,1.0,4.0
2011-08-05,212490353.27868223,212410384.6289577,0.25,0.25,0.25,0.25,53122588.31967056,53122588.31967056,53122588.31967056,53122588.31967056,0.0,-0.00037634014199078303,1.0,4.0
2011-08-08,212410384.6289577,210859557.06653157,0.25,0.25,0.25,0.25,53102596.15723942,53102596.15723942,53102596.15723942,53102596.15723942,0.0,-0.007301091070171212,1.0,4.0
2011-08-09,210859557.06653157,211920531.1788694,0.25,0.25,0.25,0.25,52714889.26663289,52714889.26663289,52714889.26663289,52714889.26663289,0.0,0.005031662434930889,1.0,4.0
2011-08-10,211920531.1788694,213283264.38234568,0.25,0.25,0.25,0.25,52980132.79471735,52980132.79471735,52980132.79471735,52980132.79471735,0.0,0.006430397262104343,1.0,4.0
2011-08-11,213283264.38234568,213544157.9489495,0.25,0.25,0.25,0.25,53320816.09558642,53320816.09558642,53320816.09558642,53320816.09558642,0.0,0.0012232256823305476,1.0,4.0
2011-08-12,213544157.9489495,213878441.23203918,0.25,0.25,0.0,0.25,53386039.48723737,53386039.48723737,0.0,53386039.48723737,53386039.48723737,0.0015654058921603098,0.75,3.0
2011-08-15,213878441.23203918,216006592.92085966,0.25,0.25,0.0,0.25,53469610.308009796,53469610.308009796,0.0,53469610.308009796,53469610.308009796,0.009950286137122233,0.75,3.0
2011-08-16,216006592.92085966,216711366.21939287,0.25,0.25,0.0,0.25,54001648.230214916,54001648.230214916,0.0,54001648.230214916,54001648.230214916,0.0032627397571676764,0.75,3.0
2011-08-17,216711366.21939287,217482488.65725315,0.25,0.25,0.0,0.25,54177841.55484822,54177841.55484822,0.0,54177841.55484822,54177841.55484822,0.0035582925405011068,0.75,3.0
2011-08-18,217482488.65725315,217171872.2562986,0.25,0.25,0.0,0.25,54370622.16431329,54370622.16431329,0.0,54370622.16431329,54370622.16431329,-0.0014282363737525006,0.75,3.0
2011-08-19,217171872.2562986,217987294.52749664,0.25,0.0,0.0,0.25,54292968.06407465,0.0,0.0,54292968.06407465,108585936.1281493,0.0037547324279438576,0.5,2.0
2011-08-22,217987294.52749664,219322887.0400101,0.0,0.0,0.0,0.25,0.0,0.0,0.0,54496823.63187416,163490470.8956225,0.006126928247852437,0.25,1.0
2011-08-23,219322887.0400101,217333913.05439726,0.0,0.0,0.0,0.25,0.0,0.0,0.0,54830721.76000252,164492165.28000757,-0.009068702370537446,0.25,1.0
2011-08-24,217333913.05439726,215268882.54559,0.0,0.0,0.0,0.25,0.0,0.0,0.0,54333478.263599314,163000434.79079795,-0.009501648775312677,0.25,1.0
2011-08-25,215268882.54559,215737568.66892916,0.0,0.0,0.0,0.25,0.0,0.0,0.0,53817220.6363975,161451661.9091925,0.00217721259940995,0.25,1.0
2011-08-26,215737568.66892916,217339384.70613116,0.0,0.0,0.0,0.25,0.0,0.0,0.0,53934392.16723229,161803176.50169688,0.007424835864634105,0.25,1.0
2011-08-29,217339384.70613116,216187057.15265137,0.0,0.0,0.0,0.25,0.0,0.0,0.0,54334846.17653279,163004538.52959836,-0.0053019730180882685,0.25,1.0
2011-08-30,216187057.15265137,217611058.23365012,0.0,0.0,0.0,0.25,0.0,0.0,0.0,54046764.28816284,162140292.86448854,0.006586893312458042,0.25,1.0
2011-08-31,217611058.23365012,217315558.55909067,0.0,0.0,0.0,0.25,0.0,0.0,0.0,54402764.55841253,163208293.6752376,-0.0013579258193863464,0.25,1.0
2011-09-01,217315558.55909067,217331926.71624982,0.0,0.0,0.0,0.25,0.0,0.0,0.0,54328889.63977267,162986668.91931802,7.531976664565398e-05,0.25,1.0
2011-09-02,217331926.71624982,219023714.31729656,0.0,0.0,0.0,0.25,0.0,0.0,0.0,54332981.679062456,162998945.03718737,0.007784349159410786,0.25,1.0
2011-09-05,219023714.31729656,219525048.49789923,0.0,0.0,0.0,0.25,0.0,0.0,0.0,54755928.57932414,164267785.73797244,0.002288949313846267,0.25,1.0
2011-09-06,219525048.49789923,218804446.7243987,0.0,0.0,0.0,0.25,0.0,0.0,0.0,54881262.12447481,164643786.3734244,-0.0032825492053468186,0.25,1.0
2011-09-07,218804446.7243987,217126002.80165216,0.0,0.0,0.0,0.25,0.0,0.0,0.0,54701111.681099676,164103335.04329902,-0.007670977203039581,0.25,1.0
2011-09-08,217126002.80165216,218693489.34888175,0.0,0.0,0.0,0.25,0.0,0.0,0.0,54281500.70041304,162844502.10123911,0.007219248394958466,0.25,1.0
2011-09-09,218693489.34888175,217545001.57722488,0.0,0.0,0.25,0.25,0.0,0.0,54673372.33722044,54673372.33722044,109346744.67444088,-0.005251586478757397,0.5,2.0
2011-09-12,217545001.57722488,216069157.36303777,0.0,0.0,0.25,0.25,0.0,0.0,54386250.39430622,54386250.39430622,108772500.78861244,-0.00678408698654126,0.5,2.0
2011-09-13,216069157.36303777,216772883.49951723,0.0,0.0,0.25,0.25,0.0,0.0,54017289.34075944,54017289.34075944,108034578.68151888,0.0032569485856654423,0.5,2.0
2011-09-14,216772883.49951723,216189448.6924528,0.0,0.0,0.25,0.25,0.0,0.0,54193220.87487931,54193220.87487931,108386441.74975862,-0.0026914565957036063,0.5,2.0
2011-09-15,216189448.6924528,214792150.74092206,0.0,0.0,0.25,0.25,0.0,0.0,54047362.1731132,54047362.1731132,108094724.3462264,-0.006463303181454189,0.5,2.0
2011-09-16,214792150.74092206,215201240.46101198,0.0,0.0,0.25,0.25,0.0,0.0,53698037.685230516,53698037.685230516,107396075.37046103,0.0019045841232035454,0.5,2.0
2011-09-19,215201240.46101198,213289007.3801804,0.0,0.0,0.25,0.25,0.0,0.0,53800310.115252994,53800310.115252994,107600620.23050599,-0.008885790233992719,0.5,2.0
2011-09-20,213289007.3801804,214220821.70578575,0.0,0.0,0.25,0.25,0.0,0.0,53322251.8450451,53322251.8450451,106644503.6900902,0.004368787388767947,0.5,2.0
2011-09-21,214220821.70578575,213151862.41532055,0.0,0.0,0.25,0.25,0.0,0.0,53555205.42644644,53555205.42644644,107110410.85289288,-0.0049899878170263645,0.5,2.0
2011-09-22,213151862.41532055,211898819.3594621,0.0,0.0,0.0,0.25,0.0,0.0,0.0,53287965.60383014,159863896.81149042,-0.005878639959602749,0.25,1.0
2011-09-23,211898819.3594621,209352646.34085438,0.0,0.0,0.0,0.25,0.0,0.0,0.0,52974704.83986553,158924114.51959658,-0.012015984922919581,0.25,1.0
2011-09-26,209352646.34085438,208409337.4903803,0.0,0.0,0.0,0.25,0.0,0.0,0.0,52338161.585213594,157014484.75564077,-0.004505836763764981,0.25,1.0
2011-09-27,208409337.4903803,209172835.50587168,0.0,0.0,0.0,0.25,0.0,0.0,0.0,52102334.37259507,156307003.11778522,0.0036634539732494087,0.25,1.0
2011-09-28,209172835.50587168,207856255.007116,0.0,0.0,0.0,0.25,0.0,0.0,0.0,52293208.87646792,156879626.62940377,-0.006294223126877968,0.25,1.0
2011-09-29,207856255.007116,208034833.44092456,0.0,0.0,0.0,0.25,0.0,0.0,0.0,51964063.751779,155892191.255337,0.0008591439011658153,0.25,1.0
2011-09-30,208034833.44092456,208327941.86797744,0.0,0.0,0.0,0.25,0.0,0.0,0.0,52008708.36023114,156026125.08069342,0.0014089391771794912,0.25,1.0
2011-10-03,208327941.86797744,209434827.19087386,0.0,0.0,0.0,0.25,0.0,0.0,0.0,52081985.46699436,156245956.4009831,0.005313187050049573,0.25,1.0
2011-10-04,209434827.19087386,208346165.1813549,0.0,0.0,0.0,0.25,0.0,0.0,0.0,52358706.797718465,157076120.3931554,-0.00519809443405897,0.25,1.0
2011-10-05,208346165.1813549,208892428.8055618,0.0,0.0,0.0,0.25,0.0,0.0,0.0,52086541.29533873,156259623.8860162,0.002621903905605294,0.25,1.0
2011-10-06,208892428.8055618,209226929.12959298,0.0,0.0,0.0,0.25,0.0,0.0,0.0,52223107.20139045,156669321.60417137,0.00160130420209037,0.25,1.0
2011-10-07,209226929.12959298,209226929.12959298,0.0,0.0,0.0,0.0,0.0,0.0,0.0,0.0,209226929.12959298,0.0,0.0,0.0
2011-10-10,209226929.12959298,209226929.12959298,0.0,0.0,0.0,0.0,0.0,0.0,0.0,0.0,209226929.12959298,0.0,0.0,0.0
2011-10-11,209226929.12959298,209226929.12959298,0.0,0.0,0.0,0.0,0.0,0.0,0.0,0.0,209226929.12959298,0.0,0.0,0.0
2011-10-12,209226929.12959298,209226929.12959298,0.0,0.0,0.0,0.0,0.0,0.0,0.0,0.0,209226929.12959298,0.0,0.0,0.0
2011-10-13,209226929.12959298,209226929.12959298,0.0,0.0,0.0,0.0,0.0,0.0,0.0,0.0,209226929.12959298,0.0,0.0,0.0
2011-10-14,209226929.12959298,209226929.12959298,0.0,0.0,0.0,0.0,0.0,0.0,0.0,0.0,209226929.12959298,0.0,0.0,0.0
2011-10-17,209226929.12959298,209226929.12959298,0.0,0.0,0.0,0.0,0.0,0.0,0.0,0.0,209226929.12959298,0.0,0.0,0.0
2011-10-18,209226929.12959298,209226929.12959298,0.0,0.0,0.0,0.0,0.0,0.0,0.0,0.0,209226929.12959298,0.0,0.0,0.0
2011-10-19,209226929.12959298,209226929.12959298,0.0,0.0,0.0,0.0,0.0,0.0,0.0,0.0,209226929.12959298,0.0,0.0,0.0
2011-10-20,209226929.12959298,209226929.12959298,0.0,0.0,0.0,0.0,0.0,0.0,0.0,0.0,209226929.12959298,0.0,0.0,0.0
2011-10-21,209226929.12959298,209226929.12959298,0.0,0.0,0.0,0.0,0.0,0.0,0.0,0.0,209226929.12959298,0.0,0.0,0.0
2011-10-24,209226929.12959298,209226929.12959298,0.0,0.0,0.0,0.0,0.0,0.0,0.0,0.0,209226929.12959298,0.0,0.0,0.0
2011-10-25,209226929.12959298,209226929.12959298,0.0,0.0,0.0,0.0,0.0,0.0,0.0,0.0,209226929.12959298,0.0,0.0,0.0
2011-10-26,209226929.12959298,209226929.12959298,0.0,0.0,0.0,0.0,0.0,0.0,0.0,0.0,209226929.12959298,0.0,0.0,0.0
2011-10-27,209226929.12959298,209226929.12959298,0.0,0.0,0.0,0.0,0.0,0.0,0.0,0.0,209226929.12959298,0.0,0.0,0.0
2011-10-28,209226929.12959298,209226929.12959298,0.0,0.0,0.0,0.0,0.0,0.0,0.0,0.0,209226929.12959298,0.0,0.0,0.0
2011-10-31,209226929.12959298,209226929.12959298,0.0,0.0,0.0,0.0,0.0,0.0,0.0,0.0,209226929.12959298,0.0,0.0,0.0
2011-11-01,209226929.12959298,209226929.12959298,0.0,0.0,0.0,0.0,0.0,0.0,0.0,0.0,209226929.12959298,0.0,0.0,0.0
2011-11-02,209226929.12959298,209226929.12959298,0.0,0.0,0.0,0.0,0.0,0.0,0.0,0.0,209226929.12959298,0.0,0.0,0.0
2011-11-03,209226929.12959298,209226929.12959298,0.0,0.0,0.0,0.0,0.0,0.0,0.0,0.0,209226929.12959298,0.0,0.0,0.0
2011-11-04,209226929.12959298,209268548.19461638,0.0,0.25,0.0,0.0,0.0,52306732.282398246,0.0,0.0,156920196.84719473,0.0001989182998407002,0.25,1.0
2011-11-07,209268548.19461638,209183705.2342618,0.0,0.25,0.0,0.0,0.0,52317137.048654094,0.0,0.0,156951411.1459623,-0.00040542623861300475,0.25,1.0
2011-11-08,209183705.2342618,209210752.43264428,0.0,0.25,0.0,0.0,0.0,52295926.30856545,0.0,0.0,156887778.92569637,0.00012929878238904235,0.25,1.0
2011-11-09,209210752.43264428,208417347.8208942,0.0,0.25,0.0,0.0,0.0,52302688.10816107,0.0,0.0,156908064.32448322,-0.0037923701460110537,0.25,1.0
2011-11-10,208417347.8208942,208002662.9437785,0.0,0.25,0.0,0.0,0.0,52104336.95522355,0.0,0.0,156313010.86567065,-0.0019896850307877245,0.25,1.0
2011-11-11,208002662.9437785,208811747.30935624,0.0,0.25,0.0,0.0,0.0,52000665.73594463,0.0,0.0,156001997.2078339,0.0038897788813234135,0.25,1.0
2011-11-14,208811747.30935624,208568063.26380667,0.0,0.25,0.0,0.0,0.0,52202936.82733906,0.0,0.0,156608810.4820172,-0.001167003526811039,0.25,1.0
2011-11-15,208568063.26380667,208313780.1282942,0.0,0.25,0.0,0.0,0.0,52142015.81595167,0.0,0.0,156426047.447855,-0.0012191853898112504,0.25,1.0
2011-11-16,208313780.1282942,208212856.92259592,0.0,0.25,0.0,0.0,0.0,52078445.03207355,0.0,0.0,156235335.09622064,-0.00048447685811345287,0.25,1.0
2011-11-17,208212856.92259592,207861605.24814186,0.0,0.25,0.0,0.0,0.0,52053214.23064898,0.0,0.0,156159642.69194692,-0.0016869835976778824,0.25,1.0
2011-11-18,207861605.24814186,207888298.18714967,0.0,0.25,0.0,0.25,0.0,51965401.312035464,0.0,51965401.312035464,103930802.62407093,0.00012841688091430603,0.5,2.0
2011-11-21,207888298.18714967,205251052.60419288,0.0,0.25,0.0,0.25,0.0,51972074.54678742,0.0,51972074.54678742,103944149.09357484,-0.012685877973673265,0.5,2.0
2011-11-22,205251052.60419288,206025089.56773525,0.0,0.25,0.0,0.25,0.0,51312763.15104822,0.0,51312763.15104822,102625526.30209644,0.003771171712502963,0.5,2.0
2011-11-23,206025089.56773525,205048643.4504431,0.0,0.25,0.0,0.25,0.0,51506272.39193381,0.0,51506272.39193381,103012544.78386763,-0.004739452458634386,0.5,2.0
2011-11-24,205048643.4504431,205382849.1888694,0.0,0.25,0.0,0.25,0.0,51262160.86261077,0.0,51262160.86261077,102524321.72522154,0.0016298851472628106,0.5,2.0
2011-11-25,205382849.1888694,204962384.36523625,0.0,0.0,0.0,0.25,0.0,0.0,0.0,51345712.29721735,154037136.89165205,-0.002047224611469195,0.25,1.0
2011-11-28,204962384.36523625,205839871.0510567,0.0,0.0,0.0,0.25,0.0,0.0,0.0,51240596.09130906,153721788.27392718,0.004281208420452376,0.25,1.0
2011-11-29,205839871.0510567,205939644.5161616,0.0,0.0,0.0,0.25,0.0,0.0,0.0,51459967.76276418,154379903.28829253,0.0004847139895465813,0.25,1.0
2011-11-30,205939644.5161616,206860309.37212977,0.0,0.0,0.0,0.25,0.0,0.0,0.0,51484911.1290404,154454733.3871212,0.00447055669213775,0.25,1.0
2011-12-01,206860309.37212977,206814408.8539738,0.0,0.0,0.0,0.25,0.0,0.0,0.0,51715077.34303244,155145232.02909732,-0.00022189137343600618,0.25,1.0
2011-12-02,206814408.8539738,206867451.8663318,0.0,0.0,0.0,0.25,0.0,0.0,0.0,51703602.21349345,155110806.64048034,0.00025647638697845476,0.25,1.0
2011-12-05,206867451.8663318,206159176.10489914,0.0,0.0,0.0,0.25,0.0,0.0,0.0,51716862.96658295,155150588.89974883,-0.0034238144040673324,0.25,1.0
2011-12-06,206159176.10489914,206335097.19766456,0.0,0.0,0.0,0.25,0.0,0.0,0.0,51539794.026224785,154619382.07867435,0.0008533265222009923,0.25,1.0
2011-12-07,206335097.19766456,206733192.4504222,0.0,0.0,0.0,0.25,0.0,0.0,0.0,51583774.29941614,154751322.89824843,0.0019293627606953856,0.25,1.0
2011-12-08,206733192.4504222,205735659.60819575,0.0,0.0,0.0,0.25,0.0,0.0,0.0,51683298.11260555,155049894.33781666,-0.004825218584411206,0.25,1.0
2011-12-09,205735659.60819575,205832007.6841361,0.0,0.0,0.0,0.25,0.0,0.0,0.0,51433914.90204894,154301744.7061468,0.00046831004466507675,0.25,1.0
2011-12-12,205832007.6841361,204479614.17071888,0.0,0.0,0.0,0.25,0.0,0.0,0.0,51458001.92103402,154374005.76310205,-0.006570375174557552,0.25,1.0
2011-12-13,204479614.17071888,203406289.14329097,0.0,0.0,0.0,0.25,0.0,0.0,0.0,51119903.54267972,153359710.62803915,-0.005249056399978386,0.25,1.0
2011-12-14,203406289.14329097,201610977.7343646,0.0,0.0,0.0,0.25,0.0,0.0,0.0,50851572.28582274,152554716.85746822,-0.008826233527428728,0.25,1.0
2011-12-15,201610977.7343646,201502736.24749407,0.0,0.0,0.0,0.25,0.0,0.0,0.0,50402744.43359115,151208233.30077344,-0.000536882902344521,0.25,1.0
2011-12-16,201502736.24749407,201502736.24749407,0.0,0.0,0.0,0.0,0.0,0.0,0.0,0.0,201502736.24749407,0.0,0.0,0.0
2011-12-19,201502736.24749407,201502736.24749407,0.0,0.0,0.0,0.0,0.0,0.0,0.0,0.0,201502736.24749407,0.0,0.0,0.0
2011-12-20,201502736.24749407,201502736.24749407,0.0,0.0,0.0,0.0,0.0,0.0,0.0,0.0,201502736.24749407,0.0,0.0,0.0
2011-12-21,201502736.24749407,201502736.24749407,0.0,0.0,0.0,0.0,0.0,0.0,0.0,0.0,201502736.24749407,0.0,0.0,0.0
2011-12-22,201502736.24749407,201502736.24749407,0.0,0.0,0.0,0.0,0.0,0.0,0.0,0.0,201502736.24749407,0.0,0.0,0.0
2011-12-23,201502736.24749407,201502736.24749407,0.0,0.0,0.0,0.0,0.0,0.0,0.0,0.0,201502736.24749407,0.0,0.0,0.0
2011-12-26,201502736.24749407,201502736.24749407,0.0,0.0,0.0,0.0,0.0,0.0,0.0,0.0,201502736.24749407,0.0,0.0,0.0
2011-12-27,201502736.24749407,201522578.09897548,0.0,0.25,0.0,0.0,0.0,50375684.06187352,0.0,0.0,151127052.18562055,9.846938980051512e-05,0.25,1.0
2011-12-28,201522578.09897548,201295296.9958563,0.0,0.25,0.0,0.0,0.0,50380644.52474387,0.0,0.0,151141933.57423162,-0.001127819548872172,0.25,1.0
2011-12-29,201295296.9958563,201295296.9958563,0.0,0.0,0.0,0.0,0.0,0.0,0.0,0.0,201295296.9958563,0.0,0.0,0.0
2011-12-30,201295296.9958563,201295296.9958563,0.0,0.0,0.0,0.0,0.0,0.0,0.0,0.0,201295296.9958563,0.0,0.0,0.0
2012-01-02,201295296.9958563,201295296.9958563,0.0,0.0,0.0,0.0,0.0,0.0,0.0,0.0,201295296.9958563,0.0,0.0,0.0
2012-01-03,201295296.9958563,201295296.9958563,0.0,0.0,0.0,0.0,0.0,0.0,0.0,0.0,201295296.9958563,0.0,0.0,0.0
2012-01-04,201295296.9958563,201295296.9958563,0.0,0.0,0.0,0.0,0.0,0.0,0.0,0.0,201295296.9958563,0.0,0.0,0.0
2012-01-05,201295296.9958563,201295296.9958563,0.0,0.0,0.0,0.0,0.0,0.0,0.0,0.0,201295296.9958563,0.0,0.0,0.0
2012-01-06,201295296.9958563,201295296.9958563,0.0,0.0,0.0,0.0,0.0,0.0,0.0,0.0,201295296.9958563,0.0,0.0,0.0
2012-01-09,201295296.9958563,201295296.9958563,0.0,0.0,0.0,0.0,0.0,0.0,0.0,0.0,201295296.9958563,0.0,0.0,0.0
2012-01-10,201295296.9958563,201295296.9958563,0.0,0.0,0.0,0.0,0.0,0.0,0.0,0.0,201295296.9958563,0.0,0.0,0.0
2012-01-11,201295296.9958563,201295296.9958563,0.0,0.0,0.0,0.0,0.0,0.0,0.0,0.0,201295296.9958563,0.0,0.0,0.0
2012-01-12,201295296.9958563,201295296.9958563,0.0,0.0,0.0,0.0,0.0,0.0,0.0,0.0,201295296.9958563,0.0,0.0,0.0
2012-01-13,201295296.9958563,201295296.9958563,0.0,0.0,0.0,0.0,0.0,0.0,0.0,0.0,201295296.9958563,0.0,0.0,0.0
2012-01-16,201295296.9958563,201511825.48697966,0.0,0.25,0.0,0.0,0.0,50323824.24896408,0.0,0.0,150971472.74689224,0.001075675857085845,0.25,1.0
2012-01-17,201511825.48697966,201844091.05491087,0.0,0.25,0.0,0.0,0.0,50377956.371744916,0.0,0.0,151133869.11523473,0.0016488638675581924,0.25,1.0
2012-01-18,201844091.05491087,201801447.04187763,0.0,0.25,0.0,0.0,0.0,50461022.76372772,0.0,0.0,151383068.29118314,-0.00021127204076343276,0.25,1.0
2012-01-19,201801447.04187763,201964711.31642184,0.0,0.25,0.0,0.0,0.0,50450361.76046941,0.0,0.0,151351085.28140822,0.0008090342112875293,0.25,1.0
2012-01-20,201964711.31642184,202154901.73115042,0.0,0.25,0.0,0.0,0.0,50491177.82910546,0.0,0.0,151473533.48731637,0.0009417012184401163,0.25,1.0
2012-01-23,202154901.73115042,202625165.02337027,0.0,0.25,0.0,0.0,0.0,50538725.432787605,0.0,0.0,151616176.29836282,0.0023262522362444416,0.25,1.0
2012-01-24,202625165.02337027,202224173.49320182,0.0,0.25,0.0,0.0,0.0,50656291.25584257,0.0,0.0,151968873.7675277,-0.001978981880765923,0.25,1.0
2012-01-25,202224173.49320182,202299285.6874478,0.0,0.25,0.0,0.0,0.0,50556043.373300456,0.0,0.0,151668130.11990136,0.0003714303436057609,0.25,1.0
2012-01-26,202299285.6874478,203926647.34225178,0.25,0.25,0.0,0.0,50574821.42186195,50574821.42186195,0.0,0.0,101149642.8437239,0.008044327241561622,0.5,2.0
2012-01-27,203926647.34225178,203627529.91320243,0.25,0.25,0.0,0.0,50981661.835562944,50981661.835562944,0.0,0.0,101963323.67112589,-0.0014667893232576112,0.5,2.0
2012-01-30,203627529.91320243,203115536.1756736,0.25,0.25,0.0,0.0,50906882.47830061,50906882.47830061,0.0,0.0,101813764.95660122,-0.002514364033915528,0.5,2.0
2012-01-31,203115536.1756736,203516970.93756247,0.25,0.25,0.0,0.0,50778884.0439184,50778884.0439184,0.0,0.0,101557768.0878368,0.0019763862944567334,0.5,2.0
2012-02-01,203516970.93756247,204636916.19958442,0.25,0.25,0.0,0.0,50879242.73439062,50879242.73439062,0.0,0.0,101758485.46878123,0.005502957600354297,0.5,2.0
2012-02-02,204636916.19958442,204902232.09394568,0.25,0.25,0.0,0.0,51159229.049896106,51159229.049896106,0.0,0.0,102318458.09979221,0.0012965201943451188,0.5,2.0
2012-02-03,204902232.09394568,204151488.05561155,0.25,0.25,0.0,0.25,51225558.02348642,51225558.02348642,0.0,51225558.02348642,51225558.02348642,-0.003663913421840831,0.75,3.0
2012-02-06,204151488.05561155,204122247.24946696,0.25,0.25,0.25,0.25,51037872.01390289,51037872.01390289,51037872.01390289,51037872.01390289,0.0,-0.00014323092338486276,1.0,4.0
2012-02-07,204122247.24946696,205215250.5226795,0.25,0.25,0.25,0.25,51030561.81236674,51030561.81236674,51030561.81236674,51030561.81236674,0.0,0.0053546504016133145,1.0,4.0
2012-02-08,205215250.5226795,204953629.78396797,0.25,0.25,0.25,0.25,51303812.63066988,51303812.63066988,51303812.63066988,51303812.63066988,0.0,-0.0012748601190467057,1.0,4.0
2012-02-09,204953629.78396797,205058039.3064373,0.25,0.25,0.25,0.25,51238407.44599199,51238407.44599199,51238407.44599199,51238407.44599199,0.0,0.000509429974865,1.0,4.0
2012-02-10,205058039.3064373,203437808.31678036,0.25,0.25,0.25,0.25,51264509.82660933,51264509.82660933,51264509.82660933,51264509.82660933,0.0,-0.007901328790312495,1.0,4.0
2012-02-13,203437808.31678036,204041750.52503404,0.25,0.25,0.25,0.25,50859452.07919509,50859452.07919509,50859452.07919509,50859452.07919509,0.0,0.0029686822388159118,1.0,4.0
2012-02-14,204041750.52503404,203608253.14966106,0.25,0.25,0.25,0.25,51010437.63125851,51010437.63125851,51010437.63125851,51010437.63125851,0.0,-0.0021245523244998454,1.0,4.0
2012-02-15,203608253.14966106,203995949.35820505,0.25,0.25,0.25,0.25,50902063.287415266,50902063.287415266,50902063.287415266,50902063.287415266,0.0,0.0019041281605564064,1.0,4.0
2012-02-16,203995949.35820505,203948545.16129616,0.25,0.25,0.25,0.25,50998987.33955126,50998987.33955126,50998987.33955126,50998987.33955126,0.0,-0.0002323781283796178,1.0,4.0
2012-02-17,203948545.16129616,204478681.6534629,0.25,0.25,0.25,0.25,50987136.29032404,50987136.29032404,50987136.29032404,50987136.29032404,0.0,0.0025993639314634276,1.0,4.0
2012-02-20,204478681.6534629,205105215.48391986,0.25,0.25,0.25,0.25,51119670.41336572,51119670.41336572,51119670.41336572,51119670.41336572,0.0,0.003064054528279958,1.0,4.0
2012-02-21,205105215.48391986,206154088.8469883,0.25,0.25,0.25,0.25,51276303.870979965,51276303.870979965,51276303.870979965,51276303.870979965,0.0,0.005113830775067135,1.0,4.0
2012-02-22,206154088.8469883,206788769.54295772,0.25,0.25,0.25,0.25,51538522.21174707,51538522.21174707,51538522.21174707,51538522.21174707,0.0,0.003078671393418303,1.0,4.0
2012-02-23,206788769.54295772,207322049.06281474,0.25,0.25,0.25,0.25,51697192.38573943,51697192.38573943,51697192.38573943,51697192.38573943,0.0,0.0025788611298168673,1.0,4.0
2012-02-24,207322049.06281474,207477408.3384106,0.25,0.25,0.25,0.25,51830512.265703686,51830512.265703686,51830512.265703686,51830512.265703686,0.0,0.0007493620495174769,1.0,4.0
2012-02-27,207477408.3384106,207319264.13020796,0.25,0.25,0.25,0.25,51869352.08460265,51869352.08460265,51869352.08460265,51869352.08460265,0.0,-0.0007622237498970952,1.0,4.0
2012-02-28,207319264.13020796,208026667.06156665,0.25,0.25,0.25,0.25,51829816.03255199,51829816.03255199,51829816.03255199,51829816.03255199,0.0,0.003412142785314959,1.0,4.0
2012-02-29,208026667.06156665,205018594.7501751,0.25,0.25,0.25,0.25,52006666.76539166,52006666.76539166,52006666.76539166,52006666.76539166,0.0,-0.014460032234719672,1.0,4.0
2012-03-01,205018594.7501751,205965620.68800637,0.25,0.25,0.25,0.25,51254648.68754377,51254648.68754377,51254648.68754377,51254648.68754377,0.0,0.004619219729728702,1.0,4.0
2012-03-02,205965620.68800637,204892652.60211477,0.25,0.25,0.25,0.25,51491405.17200159,51491405.17200159,51491405.17200159,51491405.17200159,0.0,-0.005209452346015081,1.0,4.0
2012-03-05,204892652.60211477,203642430.83412865,0.25,0.25,0.25,0.25,51223163.15052869,51223163.15052869,51223163.15052869,51223163.15052869,0.0,-0.006101837972755236,1.0,4.0
2012-03-06,203642430.83412865,200663441.38412222,0.25,0.25,0.25,0.25,50910607.70853216,50910607.70853216,50910607.70853216,50910607.70853216,0.0,-0.014628530202690837,1.0,4.0
2012-03-07,200663441.38412222,200449200.01051888,0.25,0.25,0.25,0.25,50165860.346030556,50165860.346030556,50165860.346030556,50165860.346030556,0.0,-0.0010676652016209376,1.0,4.0
2012-03-08,200449200.01051888,201293000.75266162,0.25,0.25,0.25,0.25,50112300.00262972,50112300.00262972,50112300.00262972,50112300.00262972,0.0,0.004209549063295959,1.0,4.0
2012-03-09,201293000.75266162,202048171.58956265,0.25,0.25,0.25,0.25,50323250.188165404,50323250.188165404,50323250.188165404,50323250.188165404,0.0,0.0037516000758961165,1.0,4.0
2012-03-12,202048171.58956265,199823673.4464779,0.25,0.25,0.25,0.25,50512042.89739066,50512042.89739066,50512042.89739066,50512042.89739066,0.0,-0.011009741516511184,1.0,4.0
2012-03-13,199823673.4464779,200286397.38548142,0.25,0.25,0.25,0.25,49955918.36161947,49955918.36161947,49955918.36161947,49955918.36161947,0.0,0.002315661257861118,1.0,4.0
2012-03-14,200286397.38548142,197944472.48364022,0.25,0.25,0.25,0.25,50071599.346370354,50071599.346370354,50071599.346370354,50071599.346370354,0.0,-0.011692880457247479,1.0,4.0
2012-03-15,197944472.48364022,199452777.12884247,0.25,0.25,0.25,0.25,49486118.120910056,49486118.120910056,49486118.120910056,49486118.120910056,0.0,0.007619837150678044,1.0,4.0
2012-03-16,199452777.12884247,200084843.71430802,0.25,0.25,0.25,0.25,49863194.28221062,49863194.28221062,49863194.28221062,49863194.28221062,0.0,0.0031690036838005753,1.0,4.0
2012-03-19,200084843.71430802,200315704.45560992,0.25,0.25,0.25,0.25,50021210.928577006,50021210.928577006,50021210.928577006,50021210.928577006,0.0,0.0011538142370819682,1.0,4.0
2012-03-20,200315704.45560992,198220590.75909165,0.25,0.25,0.25,0.25,50078926.11390248,50078926.11390248,50078926.11390248,50078926.11390248,0.0,-0.010459058625543582,1.0,4.0
2012-03-21,198220590.75909165,197894673.64709285,0.25,0.25,0.25,0.25,49555147.68977291,49555147.68977291,49555147.68977291,49555147.68977291,0.0,-0.001644214209788497,1.0,4.0
2012-03-22,197894673.64709285,197071069.1757051,0.25,0.25,0.25,0.25,49473668.41177321,49473668.41177321,49473668.41177321,49473668.41177321,0.0,-0.0041618324344417645,1.0,4.0
2012-03-23,197071069.1757051,198547271.5144033,0.25,0.25,0.25,0.25,49267767.293926276,49267767.293926276,49267767.293926276,49267767.293926276,0.0,0.007490710558747782,1.0,4.0
2012-03-26,198547271.5144033,199863540.47199234,0.0,0.25,0.25,0.25,0.0,49636817.87860083,49636817.87860083,49636817.87860083,49636817.87860083,0.006629499098876057,0.75,3.0
2012-03-27,199863540.47199234,199526722.780779,0.0,0.25,0.25,0.0,0.0,49965885.117998086,49965885.117998086,0.0,99931770.23599617,-0.0016852382901748342,0.5,2.0
2012-03-28,199526722.780779,198409066.4495442,0.0,0.25,0.25,0.0,0.0,49881680.69519475,49881680.69519475,0.0,99763361.3903895,-0.005601537055579225,0.5,2.0
2012-03-29,198409066.4495442,197612550.0440362,0.0,0.0,0.25,0.0,0.0,0.0,49602266.61238605,0.0,148806799.83715814,-0.004014516169857318,0.25,1.0
2012-03-30,197612550.0440362,197612550.0440362,0.0,0.0,0.0,0.0,0.0,0.0,0.0,0.0,197612550.0440362,0.0,0.0,0.0
2012-04-02,197612550.0440362,197612550.0440362,0.0,0.0,0.0,0.0,0.0,0.0,0.0,0.0,197612550.0440362,0.0,0.0,0.0
2012-04-03,197612550.0440362,197612550.0440362,0.0,0.0,0.0,0.0,0.0,0.0,0.0,0.0,197612550.0440362,0.0,0.0,0.0
2012-04-04,197612550.0440362,197612550.0440362,0.0,0.0,0.0,0.0,0.0,0.0,0.0,0.0,197612550.0440362,0.0,0.0,0.0
2012-04-05,197612550.0440362,197612550.0440362,0.0,0.0,0.0,0.0,0.0,0.0,0.0,0.0,197612550.0440362,0.0,0.0,0.0
2012-04-06,197612550.0440362,197612550.0440362,0.0,0.0,0.0,0.0,0.0,0.0,0.0,0.0,197612550.0440362,0.0,0.0,0.0
2012-04-09,197612550.0440362,197612550.0440362,0.0,0.0,0.0,0.0,0.0,0.0,0.0,0.0,197612550.0440362,0.0,0.0,0.0
2012-04-10,197612550.0440362,197612550.0440362,0.0,0.0,0.0,0.0,0.0,0.0,0.0,0.0,197612550.0440362,0.0,0.0,0.0
2012-04-11,197612550.0440362,197612550.0440362,0.0,0.0,0.0,0.0,0.0,0.0,0.0,0.0,197612550.0440362,0.0,0.0,0.0
2012-04-12,197612550.0440362,197612550.0440362,0.0,0.0,0.0,0.0,0.0,0.0,0.0,0.0,197612550.0440362,0.0,0.0,0.0
2012-04-13,197612550.0440362,197612550.0440362,0.0,0.0,0.0,0.0,0.0,0.0,0.0,0.0,197612550.0440362,0.0,0.0,0.0
2012-04-16,197612550.0440362,197612550.0440362,0.0,0.0,0.0,0.0,0.0,0.0,0.0,0.0,197612550.0440362,0.0,0.0,0.0
2012-04-17,197612550.0440362,197612550.0440362,0.0,0.0,0.0,0.0,0.0,0.0,0.0,0.0,197612550.0440362,0.0,0.0,0.0
2012-04-18,197612550.0440362,197612550.0440362,0.0,0.0,0.0,0.0,0.0,0.0,0.0,0.0,197612550.0440362,0.0,0.0,0.0
2012-04-19,197612550.0440362,197612550.0440362,0.0,0.0,0.0,0.0,0.0,0.0,0.0,0.0,197612550.0440362,0.0,0.0,0.0
2012-04-20,197612550.0440362,197612550.0440362,0.0,0.0,0.0,0.0,0.0,0.0,0.0,0.0,197612550.0440362,0.0,0.0,0.0
2012-04-23,197612550.0440362,197612550.0440362,0.0,0.0,0.0,0.0,0.0,0.0,0.0,0.0,197612550.0440362,0.0,0.0,0.0
2012-04-24,197612550.0440362,197612550.0440362,0.0,0.0,0.0,0.0,0.0,0.0,0.0,0.0,197612550.0440362,0.0,0.0,0.0
2012-04-25,197612550.0440362,197612550.0440362,0.0,0.0,0.0,0.0,0.0,0.0,0.0,0.0,197612550.0440362,0.0,0.0,0.0
2012-04-26,197612550.0440362,197612550.0440362,0.0,0.0,0.0,0.0,0.0,0.0,0.0,0.0,197612550.0440362,0.0,0.0,0.0
2012-04-27,197612550.0440362,197612550.0440362,0.0,0.0,0.0,0.0,0.0,0.0,0.0,0.0,197612550.0440362,0.0,0.0,0.0
2012-04-30,197612550.0440362,197612550.0440362,0.0,0.0,0.0,0.0,0.0,0.0,0.0,0.0,197612550.0440362,0.0,0.0,0.0
2012-05-01,197612550.0440362,197612550.0440362,0.0,0.0,0.0,0.0,0.0,0.0,0.0,0.0,197612550.0440362,0.0,0.0,0.0
2012-05-02,197612550.0440362,197612550.0440362,0.0,0.0,0.0,0.0,0.0,0.0,0.0,0.0,197612550.0440362,0.0,0.0,0.0
2012-05-03,197612550.0440362,197612550.0440362,0.0,0.0,0.0,0.0,0.0,0.0,0.0,0.0,197612550.0440362,0.0,0.0,0.0
2012-05-04,197612550.0440362,197612550.0440362,0.0,0.0,0.0,0.0,0.0,0.0,0.0,0.0,197612550.0440362,0.0,0.0,0.0
2012-05-07,197612550.0440362,197612550.0440362,0.0,0.0,0.0,0.0,0.0,0.0,0.0,0.0,197612550.0440362,0.0,0.0,0.0
2012-05-08,197612550.0440362,197612550.0440362,0.0,0.0,0.0,0.0,0.0,0.0,0.0,0.0,197612550.0440362,0.0,0.0,0.0
2012-05-09,197612550.0440362,197612550.0440362,0.0,0.0,0.0,0.0,0.0,0.0,0.0,0.0,197612550.0440362,0.0,0.0,0.0
2012-05-10,197612550.0440362,197612550.0440362,0.0,0.0,0.0,0.0,0.0,0.0,0.0,0.0,197612550.0440362,0.0,0.0,0.0
2012-05-11,197612550.0440362,197612550.0440362,0.0,0.0,0.0,0.0,0.0,0.0,0.0,0.0,197612550.0440362,0.0,0.0,0.0
2012-05-14,197612550.0440362,197612550.0440362,0.0,0.0,0.0,0.0,0.0,0.0,0.0,0.0,197612550.0440362,0.0,0.0,0.0
2012-05-15,197612550.0440362,197612550.0440362,0.0,0.0,0.0,0.0,0.0,0.0,0.0,0.0,197612550.0440362,0.0,0.0,0.0
2012-05-16,197612550.0440362,197612550.0440362,0.0,0.0,0.0,0.0,0.0,0.0,0.0,0.0,197612550.0440362,0.0,0.0,0.0
2012-05-17,197612550.0440362,197612550.0440362,0.0,0.0,0.0,0.0,0.0,0.0,0.0,0.0,197612550.0440362,0.0,0.0,0.0
2012-05-18,197612550.0440362,197612550.0440362,0.0,0.0,0.0,0.0,0.0,0.0,0.0,0.0,197612550.0440362,0.0,0.0,0.0
2012-05-21,197612550.0440362,197612550.0440362,0.0,0.0,0.0,0.0,0.0,0.0,0.0,0.0,197612550.0440362,0.0,0.0,0.0
2012-05-22,197612550.0440362,197612550.0440362,0.0,0.0,0.0,0.0,0.0,0.0,0.0,0.0,197612550.0440362,0.0,0.0,0.0
2012-05-23,197612550.0440362,197612550.0440362,0.0,0.0,0.0,0.0,0.0,0.0,0.0,0.0,197612550.0440362,0.0,0.0,0.0
2012-05-24,197612550.0440362,197612550.0440362,0.0,0.0,0.0,0.0,0.0,0.0,0.0,0.0,197612550.0440362,0.0,0.0,0.0
2012-05-25,197612550.0440362,197612550.0440362,0.0,0.0,0.0,0.0,0.0,0.0,0.0,0.0,197612550.0440362,0.0,0.0,0.0
2012-05-28,197612550.0440362,197612550.0440362,0.0,0.0,0.0,0.0,0.0,0.0,0.0,0.0,197612550.0440362,0.0,0.0,0.0
2012-05-29,197612550.0440362,197612550.0440362,0.0,0.0,0.0,0.0,0.0,0.0,0.0,0.0,197612550.0440362,0.0,0.0,0.0
2012-05-30,197612550.0440362,197612550.0440362,0.0,0.0,0.0,0.0,0.0,0.0,0.0,0.0,197612550.0440362,0.0,0.0,0.0
2012-05-31,197612550.0440362,197612550.0440362,0.0,0.0,0.0,0.0,0.0,0.0,0.0,0.0,197612550.0440362,0.0,0.0,0.0
2012-06-01,197612550.0440362,197612550.0440362,0.0,0.0,0.0,0.0,0.0,0.0,0.0,0.0,197612550.0440362,0.0,0.0,0.0
2012-06-04,197612550.0440362,197612550.0440362,0.0,0.0,0.0,0.0,0.0,0.0,0.0,0.0,197612550.0440362,0.0,0.0,0.0
2012-06-05,197612550.0440362,197612550.0440362,0.0,0.0,0.0,0.0,0.0,0.0,0.0,0.0,197612550.0440362,0.0,0.0,0.0
2012-06-06,197612550.0440362,197612550.0440362,0.0,0.0,0.0,0.0,0.0,0.0,0.0,0.0,197612550.0440362,0.0,0.0,0.0
2012-06-07,197612550.0440362,197612550.0440362,0.0,0.0,0.0,0.0,0.0,0.0,0.0,0.0,197612550.0440362,0.0,0.0,0.0
2012-06-08,197612550.0440362,197612550.0440362,0.0,0.0,0.0,0.0,0.0,0.0,0.0,0.0,197612550.0440362,0.0,0.0,0.0
2012-06-11,197612550.0440362,197612550.0440362,0.0,0.0,0.0,0.0,0.0,0.0,0.0,0.0,197612550.0440362,0.0,0.0,0.0
2012-06-12,197612550.0440362,197612550.0440362,0.0,0.0,0.0,0.0,0.0,0.0,0.0,0.0,197612550.0440362,0.0,0.0,0.0
2012-06-13,197612550.0440362,197612550.0440362,0.0,0.0,0.0,0.0,0.0,0.0,0.0,0.0,197612550.0440362,0.0,0.0,0.0
2012-06-14,197612550.0440362,197612550.0440362,0.0,0.0,0.0,0.0,0.0,0.0,0.0,0.0,197612550.0440362,0.0,0.0,0.0
2012-06-15,197612550.0440362,197612550.0440362,0.0,0.0,0.0,0.0,0.0,0.0,0.0,0.0,197612550.0440362,0.0,0.0,0.0
2012-06-18,197612550.0440362,197612550.0440362,0.0,0.0,0.0,0.0,0.0,0.0,0.0,0.0,197612550.0440362,0.0,0.0,0.0
2012-06-19,197612550.0440362,197612550.0440362,0.0,0.0,0.0,0.0,0.0,0.0,0.0,0.0,197612550.0440362,0.0,0.0,0.0
2012-06-20,197612550.0440362,197612550.0440362,0.0,0.0,0.0,0.0,0.0,0.0,0.0,0.0,197612550.0440362,0.0,0.0,0.0
2012-06-21,197612550.0440362,197612550.0440362,0.0,0.0,0.0,0.0,0.0,0.0,0.0,0.0,197612550.0440362,0.0,0.0,0.0
2012-06-22,197612550.0440362,197612550.0440362,0.0,0.0,0.0,0.0,0.0,0.0,0.0,0.0,197612550.0440362,0.0,0.0,0.0
2012-06-25,197612550.0440362,197612550.0440362,0.0,0.0,0.0,0.0,0.0,0.0,0.0,0.0,197612550.0440362,0.0,0.0,0.0
2012-06-26,197612550.0440362,197612550.0440362,0.0,0.0,0.0,0.0,0.0,0.0,0.0,0.0,197612550.0440362,0.0,0.0,0.0
2012-06-27,197612550.0440362,197612550.0440362,0.0,0.0,0.0,0.0,0.0,0.0,0.0,0.0,197612550.0440362,0.0,0.0,0.0
2012-06-28,197612550.0440362,197612550.0440362,0.0,0.0,0.0,0.0,0.0,0.0,0.0,0.0,197612550.0440362,0.0,0.0,0.0
2012-06-29,197612550.0440362,197612550.0440362,0.0,0.0,0.0,0.0,0.0,0.0,0.0,0.0,197612550.0440362,0.0,0.0,0.0
2012-07-02,197612550.0440362,197612550.0440362,0.0,0.0,0.0,0.0,0.0,0.0,0.0,0.0,197612550.0440362,0.0,0.0,0.0
2012-07-03,197612550.0440362,197612550.0440362,0.0,0.0,0.0,0.0,0.0,0.0,0.0,0.0,197612550.0440362,0.0,0.0,0.0
2012-07-04,197612550.0440362,197612550.0440362,0.0,0.0,0.0,0.0,0.0,0.0,0.0,0.0,197612550.0440362,0.0,0.0,0.0
2012-07-05,197612550.0440362,197612550.0440362,0.0,0.0,0.0,0.0,0.0,0.0,0.0,0.0,197612550.0440362,0.0,0.0,0.0
2012-07-06,197612550.0440362,197277014.4426776,0.0,0.25,0.0,0.0,0.0,49403137.51100905,0.0,0.0,148209412.53302717,-0.0016979468221215155,0.25,1.0
2012-07-09,197277014.4426776,197127611.63713393,0.0,0.25,0.0,0.0,0.0,49319253.6106694,0.0,0.0,147957760.83200818,-0.0007573249522543068,0.25,1.0
2012-07-10,197127611.63713393,197238479.02345422,0.0,0.25,0.0,0.0,0.0,49281902.90928348,0.0,0.0,147845708.72785044,0.0005624142929523401,0.25,1.0
2012-07-11,197238479.02345422,197407579.95449996,0.0,0.25,0.0,0.0,0.0,49309619.755863555,0.0,0.0,147928859.26759067,0.00085734250174202,0.25,1.0
2012-07-12,197407579.95449996,196776108.8572046,0.0,0.25,0.0,0.0,0.0,49351894.98862499,0.0,0.0,148055684.96587497,-0.003198818897637762,0.25,1.0
2012-07-13,196776108.8572046,197316206.19294062,0.0,0.25,0.0,0.0,0.0,49194027.21430115,0.0,0.0,147582081.64290345,0.0027447302361689463,0.25,1.0
2012-07-16,197316206.19294062,197890135.38486844,0.0,0.25,0.25,0.0,0.0,49329051.548235156,49329051.548235156,0.0,98658103.09647031,0.002908677411761318,0.5,2.0
2012-07-17,197890135.38486844,197879613.31018478,0.0,0.25,0.25,0.0,0.0,49472533.84621711,49472533.84621711,0.0,98945067.69243422,-5.3171294583320705e-05,0.5,2.0
2012-07-18,197879613.31018478,198988403.90831876,0.0,0.25,0.25,0.0,0.0,49469903.327546194,49469903.327546194,0.0,98939806.65509239,0.005603359434485644,0.5,2.0
2012-07-19,198988403.90831876,200243123.44849643,0.0,0.25,0.25,0.0,0.0,49747100.97707969,49747100.97707969,0.0,99494201.95415938,0.00630549074988207,0.5,2.0
2012-07-20,200243123.44849643,200189894.5144545,0.0,0.25,0.25,0.0,0.0,50060780.86212411,50060780.86212411,0.0,100121561.72424822,-0.000265821532970667,0.5,2.0
2012-07-23,200189894.5144545,198784771.1279998,0.0,0.25,0.25,0.0,0.0,50047473.62861363,50047473.62861363,0.0,100094947.25722726,-0.007018952629265884,0.5,2.0
2012-07-24,198784771.1279998,198243221.2118779,0.0,0.25,0.25,0.0,0.0,49696192.78199995,49696192.78199995,0.0,99392385.5639999,-0.002724302837933096,0.5,2.0
2012-07-25,198243221.2118779,198508885.73123145,0.0,0.25,0.25,0.0,0.0,49560805.30296948,49560805.30296948,0.0,99121610.60593896,0.0013400938389191153,0.5,2.0
2012-07-26,198508885.73123145,198949236.1575721,0.0,0.25,0.25,0.0,0.0,49627221.43280786,49627221.43280786,0.0,99254442.86561573,0.0022182907567012966,0.5,2.0
2012-07-27,198949236.1575721,199586276.81635508,0.0,0.25,0.25,0.0,0.0,49737309.03939302,49737309.03939302,0.0,99474618.07878605,0.003202026160474658,0.5,2.0
2012-07-30,199586276.81635508,200570810.04114008,0.0,0.25,0.25,0.0,0.0,49896569.20408877,49896569.20408877,0.0,99793138.40817754,0.004932870338028694,0.5,2.0
2012-07-31,200570810.04114008,200000415.85833636,0.0,0.25,0.25,0.25,0.0,50142702.51028502,50142702.51028502,50142702.51028502,50142702.51028502,-0.002843854410752744,0.75,3.0
2012-08-01,200000415.85833636,199224565.3374511,0.0,0.25,0.25,0.25,0.0,50000103.96458409,50000103.96458409,50000103.96458409,50000103.96458409,-0.003879244538345372,0.75,3.0
2012-08-02,199224565.3374511,197762364.30877087,0.0,0.25,0.25,0.25,0.0,49806141.334362775,49806141.334362775,49806141.334362775,49806141.334362775,-0.0073394615076886605,0.75,3.0
2012-08-03,197762364.30877087,199399669.60517964,0.0,0.25,0.25,0.25,0.0,49440591.07719272,49440591.07719272,49440591.07719272,49440591.07719272,0.00827915514729799,0.75,3.0
2012-08-06,199399669.60517964,199790202.0815836,0.0,0.25,0.25,0.25,0.0,49849917.40129491,49849917.40129491,49849917.40129491,49849917.40129491,0.0019585412412025383,0.75,3.0
2012-08-07,199790202.0815836,199969882.22239906,0.0,0.25,0.25,0.25,0.0,49947550.5203959,49947550.5203959,49947550.5203959,49947550.5203959,0.0008993441066848795,0.75,3.0
2012-08-08,199969882.22239906,200126557.59807932,0.0,0.25,0.25,0.25,0.0,49992470.555599764,49992470.555599764,49992470.555599764,49992470.555599764,0.0007834948640217942,0.75,3.0
2012-08-09,200126557.59807932,200862724.86459848,0.25,0.25,0.25,0.25,50031639.39951983,50031639.39951983,50031639.39951983,50031639.39951983,0.0,0.0036785086165206926,1.0,4.0
2012-08-10,200862724.86459848,200317679.1825254,0.25,0.25,0.25,0.25,50215681.21614962,50215681.21614962,50215681.21614962,50215681.21614962,0.0,-0.002713523290299391,1.0,4.0
2012-08-13,200317679.1825254,199002870.95941493,0.25,0.25,0.25,0.25,50079419.79563135,50079419.79563135,50079419.79563135,50079419.79563135,0.0,-0.006563615495527225,1.0,4.0
2012-08-14,199002870.95941493,198696016.4400047,0.25,0.25,0.25,0.25,49750717.73985373,49750717.73985373,49750717.73985373,49750717.73985373,0.0,-0.001541960263843567,1.0,4.0
2012-08-15,198696016.4400047,199138764.05886954,0.25,0.25,0.25,0.25,49674004.11000118,49674004.11000118,49674004.11000118,49674004.11000118,0.0,0.002228266206829088,1.0,4.0
2012-08-16,199138764.05886954,199731581.27767304,0.25,0.25,0.25,0.25,49784691.014717385,49784691.014717385,49784691.014717385,49784691.014717385,0.0,0.002976905182700801,1.0,4.0
2012-08-17,199731581.27767304,199579325.96219522,0.25,0.25,0.25,0.25,49932895.31941826,49932895.31941826,49932895.31941826,49932895.31941826,0.0,-0.0007622996548860561,1.0,4.0
2012-08-20,199579325.96219522,200163264.23482823,0.25,0.25,0.25,0.25,49894831.490548804,49894831.490548804,49894831.490548804,49894831.490548804,0.0,0.002925845499366142,1.0,4.0
2012-08-21,200163264.23482823,201589100.4384864,0.25,0.25,0.25,0.25,50040816.05870706,50040816.05870706,50040816.05870706,50040816.05870706,0.0,0.0071233660637418095,1.0,4.0
2012-08-22,201589100.4384864,201880524.1674504,0.25,0.25,0.25,0.25,50397275.1096216,50397275.1096216,50397275.1096216,50397275.1096216,0.0,0.0014456323696575013,1.0,4.0
2012-08-23,201880524.1674504,202470692.6597907,0.25,0.25,0.25,0.25,50470131.0418626,50470131.0418626,50470131.0418626,50470131.0418626,0.0,0.0029233552606132696,1.0,4.0
2012-08-24,202470692.6597907,201836246.89965823,0.25,0.25,0.25,0.25,50617673.16494767,50617673.16494767,50617673.16494767,50617673.16494767,0.0,-0.003133518988837153,1.0,4.0
2012-08-27,201836246.89965823,201227910.64891562,0.25,0.25,0.25,0.25,50459061.72491456,50459061.72491456,50459061.72491456,50459061.72491456,0.0,-0.0030140089309381723,1.0,4.0
2012-08-28,201227910.64891562,200895798.21737728,0.25,0.25,0.25,0.25,50306977.662228905,50306977.662228905,50306977.662228905,50306977.662228905,0.0,-0.0016504292593773617,1.0,4.0
2012-08-29,200895798.21737728,200619002.9379689,0.25,0.25,0.25,0.25,50223949.55434432,50223949.55434432,50223949.55434432,50223949.55434432,0.0,-0.0013778052197430113,1.0,4.0
2012-08-30,200619002.9379689,200385174.049475,0.25,0.25,0.25,0.25,50154750.73449223,50154750.73449223,50154750.73449223,50154750.73449223,0.0,-0.0011655370880603866,1.0,4.0
2012-08-31,200385174.049475,202436948.12299967,0.25,0.25,0.25,0.25,50096293.51236875,50096293.51236875,50096293.51236875,50096293.51236875,0.0,0.010239151091178511,1.0,4.0
2012-09-03,202436948.12299967,201864118.70205313,0.25,0.25,0.25,0.25,50609237.03074992,50609237.03074992,50609237.03074992,50609237.03074992,0.0,-0.002829668330104035,1.0,4.0
2012-09-04,201864118.70205313,201968254.29621032,0.25,0.25,0.25,0.25,50466029.67551328,50466029.67551328,50466029.67551328,50466029.67551328,0.0,0.000515869758462989,1.0,4.0
2012-09-05,201968254.29621032,201451797.72533104,0.25,0.25,0.25,0.25,50492063.57405258,50492063.57405258,50492063.57405258,50492063.57405258,0.0,-0.0025571175662182366,1.0,4.0
2012-09-06,201451797.72533104,202321241.8496159,0.25,0.25,0.25,0.25,50362949.43133276,50362949.43133276,50362949.43133276,50362949.43133276,0.0,0.004315891613289602,1.0,4.0
2012-09-07,202321241.8496159,204318910.69080564,0.25,0.25,0.25,0.25,50580310.462403975,50580310.462403975,50580310.462403975,50580310.462403975,0.0,0.009873747427245505,1.0,4.0
2012-09-10,204318910.69080564,204437356.64621952,0.25,0.25,0.25,0.25,51079727.67270141,51079727.67270141,51079727.67270141,51079727.67270141,0.0,0.0005797111731526694,1.0,4.0
2012-09-11,204437356.64621952,205469004.3386989,0.25,0.25,0.25,0.25,51109339.16155488,51109339.16155488,51109339.16155488,51109339.16155488,0.0,0.005046277790925646,1.0,4.0
2012-09-12,205469004.3386989,205714489.41781557,0.25,0.25,0.25,0.25,51367251.08467472,51367251.08467472,51367251.08467472,51367251.08467472,0.0,0.0011947547996679908,1.0,4.0
2012-09-13,205714489.41781557,207024791.51633644,0.25,0.25,0.25,0.25,51428622.35445389,51428622.35445389,51428622.35445389,51428622.35445389,0.0,0.006369517782773115,1.0,4.0
2012-09-14,207024791.51633644,208743657.35266998,0.25,0.25,0.25,0.25,51756197.87908411,51756197.87908411,51756197.87908411,51756197.87908411,0.0,0.008302705312459469,1.0,4.0
2012-09-17,208743657.35266998,206439518.9332686,0.25,0.25,0.25,0.25,52185914.338167496,52185914.338167496,52185914.338167496,52185914.338167496,0.0,-0.011038124217151918,1.0,4.0
2012-09-18,206439518.9332686,206166942.2868178,0.25,0.25,0.25,0.25,51609879.73331715,51609879.73331715,51609879.73331715,51609879.73331715,0.0,-0.0013203704787691506,1.0,4.0
2012-09-19,206166942.2868178,206180247.8429779,0.25,0.25,0.25,0.25,51541735.57170445,51541735.57170445,51541735.57170445,51541735.57170445,0.0,6.453777706802444e-05,1.0,4.0
2012-09-20,206180247.8429779,205574279.18623617,0.25,0.25,0.25,0.25,51545061.96074448,51545061.96074448,51545061.96074448,51545061.96074448,0.0,-0.0029390238060203744,1.0,4.0
2012-09-21,205574279.18623617,206502229.5928031,0.0,0.25,0.25,0.25,0.0,51393569.79655904,51393569.79655904,51393569.79655904,51393569.79655904,0.004513942163583029,0.75,3.0
2012-09-24,206502229.5928031,205548342.23242322,0.0,0.25,0.25,0.25,0.0,51625557.39820077,51625557.39820077,51625557.39820077,51625557.39820077,-0.004619259376815621,0.75,3.0
2012-09-25,205548342.23242322,205784364.88878763,0.0,0.25,0.25,0.25,0.0,51387085.558105804,51387085.558105804,51387085.558105804,51387085.558105804,0.0011482586227697655,0.75,3.0
2012-09-26,205784364.88878763,205083207.7678006,0.0,0.0,0.25,0.25,0.0,0.0,51446091.22219691,51446091.22219691,102892182.44439381,-0.0034072419513794527,0.5,2.0
2012-09-27,205083207.7678006,206287122.39210564,0.0,0.0,0.25,0.25,0.0,0.0,51270801.94195015,51270801.94195015,102541603.8839003,0.005870371530701357,0.5,2.0
2012-09-28,206287122.39210564,206689405.94279334,0.25,0.25,0.25,0.25,51571780.59802641,51571780.59802641,51571780.59802641,51571780.59802641,0.0,0.0019501147043151368,1.0,4.0
2012-10-01,206689405.94279334,207031681.79116,0.25,0.25,0.25,0.25,51672351.485698335,51672351.485698335,51672351.485698335,51672351.485698335,0.0,0.0016559912531820264,1.0,4.0
2012-10-02,207031681.79116,206524407.94694188,0.25,0.25,0.25,0.25,51757920.44779,51757920.44779,51757920.44779,51757920.44779,0.0,-0.0024502232693534576,1.0,4.0
2012-10-03,206524407.94694188,205607317.80487606,0.25,0.25,0.25,0.25,51631101.98673547,51631101.98673547,51631101.98673547,51631101.98673547,0.0,-0.004440589619322116,1.0,4.0
2012-10-04,205607317.80487606,206734450.48100305,0.25,0.25,0.25,0.25,51401829.451219015,51401829.451219015,51401829.451219015,51401829.451219015,0.0,0.005481967705043778,1.0,4.0
2012-10-05,206734450.48100305,206080569.20935395,0.25,0.25,0.25,0.25,51683612.62025076,51683612.62025076,51683612.62025076,51683612.62025076,0.0,-0.0031629042480715297,1.0,4.0
2012-10-08,206080569.20935395,205470775.8688224,0.25,0.0,0.25,0.25,51520142.30233849,0.0,51520142.30233849,51520142.30233849,51520142.30233849,-0.002959004543082816,0.75,3.0
2012-10-09,205470775.8688224,205304523.59455404,0.25,0.0,0.25,0.25,51367693.9672056,0.0,51367693.9672056,51367693.9672056,51367693.9672056,-0.0008091285661688818,0.75,3.0
2012-10-10,205304523.59455404,204936710.50454214,0.25,0.0,0.25,0.25,51326130.89863851,0.0,51326130.89863851,51326130.89863851,51326130.89863851,-0.0017915488834444881,0.75,3.0
2012-10-11,204936710.50454214,205759219.1237426,0.25,0.0,0.25,0.25,51234177.626135536,0.0,51234177.626135536,51234177.626135536,51234177.626135536,0.004013476244326686,0.75,3.0
2012-10-12,205759219.1237426,204735431.48695695,0.25,0.0,0.25,0.25,51439804.78093565,0.0,51439804.78093565,51439804.78093565,51439804.78093565,-0.004975658641909825,0.75,3.0
2012-10-15,204735431.48695695,203716186.3795863,0.0,0.0,0.25,0.25,0.0,0.0,51183857.87173924,51183857.87173924,102367715.74347848,-0.004978352305548883,0.5,2.0
2012-10-16,203716186.3795863,204103327.1075762,0.0,0.0,0.25,0.25,0.0,0.0,50929046.59489658,50929046.59489658,101858093.18979315,0.0019003925749352946,0.5,2.0
2012-10-17,204103327.1075762,204579041.49421716,0.0,0.0,0.25,0.25,0.0,0.0,51025831.77689405,51025831.77689405,102051663.5537881,0.0023307527289362917,0.5,2.0
2012-10-18,204579041.49421716,204623068.34218964,0.0,0.0,0.25,0.25,0.0,0.0,51144760.37355429,51144760.37355429,102289520.74710858,0.00021520703025543209,0.5,2.0
2012-10-19,204623068.34218964,203605512.03568065,0.0,0.0,0.25,0.25,0.0,0.0,51155767.08554741,51155767.08554741,102311534.17109482,-0.0049728328030315405,0.5,2.0
2012-10-22,203605512.03568065,203375346.39663154,0.0,0.0,0.25,0.25,0.0,0.0,50901378.00892016,50901378.00892016,101802756.01784033,-0.0011304489586154154,0.5,2.0
2012-10-23,203375346.39663154,202422783.2774512,0.0,0.0,0.25,0.25,0.0,0.0,50843836.599157885,50843836.599157885,101687673.19831577,-0.00468376888377936,0.5,2.0
2012-10-24,202422783.2774512,202123736.72815534,0.0,0.0,0.25,0.25,0.0,0.0,50605695.8193628,50605695.8193628,101211391.6387256,-0.0014773364166519865,0.5,2.0
2012-10-25,202123736.72815534,202327763.7630732,0.0,0.0,0.25,0.25,0.0,0.0,50530934.182038836,50530934.182038836,101061868.36407767,0.0010094165001129363,0.5,2.0
2012-10-26,202327763.7630732,202118011.2787369,0.0,0.0,0.25,0.25,0.0,0.0,50581940.9407683,50581940.9407683,101163881.8815366,-0.0010366964989635408,0.5,2.0
2012-10-29,202118011.2787369,201887463.4647002,0.0,0.0,0.25,0.25,0.0,0.0,50529502.81968422,50529502.81968422,101059005.63936844,-0.001140659422572493,0.5,2.0
2012-10-30,201887463.4647002,201795445.26511818,0.0,0.0,0.25,0.25,0.0,0.0,50471865.86617505,50471865.86617505,100943731.7323501,-0.0004557895671323531,0.5,2.0
2012-10-31,201795445.26511818,202121521.49203962,0.0,0.0,0.0,0.25,0.0,0.0,0.0,50448861.316279545,151346583.94883865,0.0016158750584932546,0.25,1.0
2012-11-01,202121521.49203962,201932104.14777675,0.0,0.0,0.0,0.25,0.0,0.0,0.0,50530380.373009905,151591141.1190297,-0.0009371458460465665,0.25,1.0
2012-11-02,201932104.14777675,200866017.61030307,0.0,0.0,0.0,0.25,0.0,0.0,0.0,50483026.03694419,151449078.11083257,-0.005279430638198579,0.25,1.0
2012-11-05,200866017.61030307,201074604.63991326,0.0,0.0,0.0,0.25,0.0,0.0,0.0,50216504.40257577,150649513.2077273,0.0010384386174016602,0.25,1.0
2012-11-06,201074604.63991326,202000339.96190366,0.0,0.0,0.0,0.25,0.0,0.0,0.0,50268651.159978315,150805953.47993493,0.004603939536015456,0.25,1.0
2012-11-07,202000339.96190366,202045954.8405372,0.0,0.0,0.0,0.25,0.0,0.0,0.0,50500084.990475915,151500254.97142774,0.00022581585081582478,0.25,1.0
2012-11-08,202045954.8405372,202453269.98049545,0.0,0.0,0.0,0.25,0.0,0.0,0.0,50511488.7101343,151534466.1304029,0.002015952956245848,0.25,1.0
2012-11-09,202453269.98049545,202443623.22366664,0.0,0.0,0.0,0.25,0.0,0.0,0.0,50613317.49512386,151839952.4853716,-4.7649301143593004e-05,0.25,1.0
2012-11-12,202443623.22366664,202443623.22366664,0.0,0.0,0.0,0.0,0.0,0.0,0.0,0.0,202443623.22366664,0.0,0.0,0.0
2012-11-13,202443623.22366664,202482585.1568365,0.0,0.25,0.0,0.0,0.0,50610905.80591666,0.0,0.0,151832717.41774997,0.00019245818934393588,0.25,1.0
2012-11-14,202482585.1568365,202244003.35589316,0.0,0.25,0.0,0.0,0.0,50620646.28920913,0.0,0.0,151861938.86762738,-0.0011782830644845588,0.25,1.0
2012-11-15,202244003.35589316,201973144.19064564,0.0,0.25,0.0,0.0,0.0,50561000.83897329,0.0,0.0,151683002.51691988,-0.0013392692033043219,0.25,1.0
2012-11-16,201973144.19064564,201884202.13065097,0.0,0.25,0.0,0.0,0.0,50493286.04766141,0.0,0.0,151479858.1429842,-0.0004403657741284539,0.25,1.0
2012-11-19,201884202.13065097,202388118.9314647,0.0,0.25,0.0,0.0,0.0,50471050.53266274,0.0,0.0,151413151.59798822,0.0024960685159883256,0.25,1.0
2012-11-20,202388118.9314647,202225913.69169503,0.0,0.25,0.0,0.0,0.0,50597029.732866175,0.0,0.0,151791089.19859853,-0.000801456333632794,0.25,1.0
2012-11-21,202225913.69169503,202089073.63236195,0.0,0.25,0.0,0.0,0.0,50556478.42292376,0.0,0.0,151669435.2687713,-0.0006766692598144386,0.25,1.0
2012-11-22,202089073.63236195,202320800.70146403,0.0,0.25,0.0,0.0,0.0,50522268.40809049,0.0,0.0,151566805.22427148,0.001146658079712204,0.25,1.0
2012-11-23,202320800.70146403,202573048.27264565,0.0,0.25,0.0,0.0,0.0,50580200.17536601,0.0,0.0,151740600.526098,0.0012467703286416776,0.25,1.0
2012-11-26,202573048.27264565,202626111.09440565,0.0,0.25,0.0,0.0,0.0,50643262.06816141,0.0,0.0,151929786.20448422,0.00026194413428881624,0.25,1.0
2012-11-27,202626111.09440565,202620770.8329892,0.0,0.25,0.0,0.0,0.0,50656527.77360141,0.0,0.0,151969583.32080424,-2.635524803581979e-05,0.25,1.0
2012-11-28,202620770.8329892,202658942.41598916,0.0,0.25,0.0,0.0,0.0,50655192.7082473,0.0,0.0,151965578.12474188,0.00018838928922754183,0.25,1.0
2012-11-29,202658942.41598916,202598393.24934807,0.0,0.25,0.0,0.0,0.0,50664735.60399729,0.0,0.0,151994206.81199187,-0.0002987737225865206,0.25,1.0
2012-11-30,202598393.24934807,202558706.4216732,0.0,0.25,0.0,0.0,0.0,50649598.31233702,0.0,0.0,151948794.93701106,-0.00019588915310905786,0.25,1.0
2012-12-03,202558706.4216732,202524246.39553815,0.0,0.25,0.0,0.0,0.0,50639676.6054183,0.0,0.0,151919029.8162549,-0.00017012364831811566,0.25,1.0
2012-12-04,202524246.39553815,202800377.7937331,0.0,0.25,0.0,0.0,0.0,50631061.59888454,0.0,0.0,151893184.79665363,0.0013634485900302917,0.25,1.0
2012-12-05,202800377.7937331,202654348.87491813,0.0,0.25,0.0,0.0,0.0,50700094.44843327,0.0,0.0,152100283.3452998,-0.0007200623608477619,0.25,1.0
2012-12-06,202654348.87491813,202917965.7915638,0.0,0.25,0.0,0.0,0.0,50663587.21872953,0.0,0.0,151990761.6561886,0.001300820427043492,0.25,1.0
2012-12-07,202917965.7915638,202858192.65828443,0.0,0.25,0.0,0.0,0.0,50729491.44789095,0.0,0.0,152188474.34367287,-0.000294567970096804,0.25,1.0
2012-12-10,202858192.65828443,202901505.93454176,0.0,0.25,0.0,0.0,0.0,50714548.16457111,0.0,0.0,152143644.49371332,0.00021351504560768175,0.25,1.0
2012-12-11,202901505.93454176,202994084.3120277,0.0,0.25,0.0,0.0,0.0,50725376.48363544,0.0,0.0,152176129.45090634,0.0004562725005886614,0.25,1.0
2012-12-12,202994084.3120277,203137966.85649082,0.0,0.25,0.0,0.0,0.0,50748521.07800692,0.0,0.0,152245563.23402077,0.0007088016626234928,0.25,1.0
2012-12-13,203137966.85649082,203168608.3869245,0.0,0.25,0.0,0.0,0.0,50784491.714122705,0.0,0.0,152353475.1423681,0.00015084098215534247,0.25,1.0
2012-12-14,203168608.3869245,203153519.23229444,0.0,0.25,0.0,0.0,0.0,50792152.09673113,0.0,0.0,152376456.29019338,-7.426912429953081e-05,0.25,1.0
2012-12-17,203153519.23229444,203148456.85178155,0.0,0.25,0.0,0.0,0.0,50788379.80807361,0.0,0.0,152365139.42422083,-2.491898999373854e-05,0.25,1.0
2012-12-18,203148456.85178155,203137503.31245214,0.0,0.25,0.0,0.0,0.0,50787114.21294539,0.0,0.0,152361342.63883615,-5.391889015127216e-05,0.25,1.0
2012-12-19,203137503.31245214,202929470.70147836,0.0,0.25,0.0,0.0,0.0,50784375.828113034,0.0,0.0,152353127.48433912,-0.001024097508246835,0.25,1.0
2012-12-20,202929470.70147836,202834484.93527207,0.0,0.25,0.0,0.0,0.0,50732367.67536959,0.0,0.0,152197103.02610877,-0.00046807280321572997,0.25,1.0
2012-12-21,202834484.93527207,202627632.33319366,0.0,0.25,0.0,0.0,0.0,50708621.23381802,0.0,0.0,152125863.70145404,-0.0010198098323588867,0.25,1.0
2012-12-24,202627632.33319366,202373940.46964127,0.0,0.25,0.0,0.0,0.0,50656908.083298415,0.0,0.0,151970724.24989524,-0.0012520102052774318,0.25,1.0
2012-12-25,202373940.46964127,202373940.46964127,0.0,0.25,0.0,0.0,0.0,50593485.11741032,0.0,0.0,151780455.35223097,0.0,0.25,1.0
2012-12-26,202373940.46964127,202286161.64333224,0.0,0.25,0.0,0.0,0.0,50593485.11741032,0.0,0.0,151780455.35223097,-0.000433745699200877,0.25,1.0
2012-12-27,202286161.64333224,202317072.84485853,0.0,0.25,0.0,0.0,0.0,50571540.41083306,0.0,0.0,151714621.23249918,0.000152809274125143,0.25,1.0
2012-12-28,202317072.84485853,202427200.43261704,0.0,0.25,0.0,0.0,0.0,50579268.21121463,0.0,0.0,151737804.6336439,0.0005443316582724456,0.25,1.0
2012-12-31,202427200.43261704,202435880.54898617,0.0,0.25,0.0,0.0,0.0,50606800.10815426,0.0,0.0,151820400.32446277,4.288018779396996e-05,0.25,1.0
2013-01-01,202435880.54898617,202435880.54898617,0.0,0.25,0.0,0.0,0.0,50608970.13724654,0.0,0.0,151826910.41173962,0.0,0.25,1.0
2013-01-02,202435880.54898617,203000158.99999383,0.0,0.25,0.0,0.0,0.0,50608970.13724654,0.0,0.0,151826910.41173962,0.00278744286574778,0.25,1.0
2013-01-03,203000158.99999383,203132586.94414985,0.0,0.25,0.0,0.0,0.0,50750039.74999846,0.0,0.0,152250119.24999538,0.0006523538937526219,0.25,1.0
2013-01-04,203132586.94414985,202802766.78103024,0.0,0.25,0.0,0.0,0.0,50783146.73603746,0.0,0.0,152349440.2081124,-0.0016236693879662645,0.25,1.0
2013-01-07,202802766.78103024,202936654.386716,0.0,0.25,0.0,0.0,0.0,50700691.69525756,0.0,0.0,152102075.0857727,0.0006601862874500708,0.25,1.0
2013-01-08,202936654.386716,202958181.2393895,0.0,0.25,0.0,0.0,0.0,50734163.596679,0.0,0.0,152202490.790037,0.00010607671018580955,0.25,1.0
2013-01-09,202958181.2393895,203074370.28559145,0.0,0.25,0.0,0.0,0.0,50739545.30984738,0.0,0.0,152218635.92954212,0.0005724777660718328,0.25,1.0
2013-01-10,203074370.28559145,203513364.05916634,0.25,0.25,0.0,0.0,50768592.57139786,50768592.57139786,0.0,0.0,101537185.14279573,0.0021617389380921836,0.5,2.0
2013-01-11,203513364.05916634,203377192.62383768,0.25,0.25,0.0,0.0,50878341.014791586,50878341.014791586,0.0,0.0,101756682.02958317,-0.0006691031616433141,0.5,2.0
2013-01-14,203377192.62383768,203564412.47341165,0.25,0.25,0.0,0.0,50844298.15595942,50844298.15595942,0.0,0.0,101688596.31191884,0.0009205547935761671,0.5,2.0
2013-01-15,203564412.47341165,203404839.56938744,0.25,0.25,0.0,0.0,50891103.11835291,50891103.11835291,0.0,0.0,101782206.23670582,-0.0007838939138983814,0.5,2.0
2013-01-16,203404839.56938744,203367046.2822175,0.25,0.25,0.0,0.0,50851209.89234686,50851209.89234686,0.0,0.0,101702419.78469372,-0.00018580328398243307,0.5,2.0
2013-01-17,203367046.2822175,203213996.037502,0.25,0.25,0.0,0.0,50841761.570554376,50841761.570554376,0.0,0.0,101683523.14110875,-0.0007525813425207084,0.5,2.0
2013-01-18,203213996.037502,203067695.7417093,0.25,0.25,0.0,0.0,50803499.0093755,50803499.0093755,0.0,0.0,101606998.018751,-0.0007199321830455019,0.5,2.0
2013-01-21,203067695.7417093,203118800.8906071,0.25,0.25,0.0,0.0,50766923.93542732,50766923.93542732,0.0,0.0,101533847.87085465,0.0002516655773885379,0.5,2.0
2013-01-22,203118800.8906071,203245698.91001838,0.25,0.25,0.0,0.0,50779700.22265177,50779700.22265177,0.0,0.0,101559400.44530354,0.0006247477774332377,0.5,2.0
2013-01-23,203245698.91001838,203428251.63153186,0.25,0.25,0.0,0.0,50811424.727504596,50811424.727504596,0.0,0.0,101622849.45500919,0.0008981873785890437,0.5,2.0
2013-01-24,203428251.63153186,203339959.44894654,0.25,0.25,0.0,0.0,50857062.907882966,50857062.907882966,0.0,0.0,101714125.81576593,-0.0004340212427584589,0.5,2.0
2013-01-25,203339959.44894654,203205695.50533256,0.25,0.25,0.0,0.0,50834989.862236634,50834989.862236634,0.0,0.0,101669979.72447327,-0.0006602929595237172,0.5,2.0
2013-01-28,203205695.50533256,203631299.7368879,0.25,0.25,0.0,0.0,50801423.87633314,50801423.87633314,0.0,0.0,101602847.75266628,0.0020944503080827515,0.5,2.0
2013-01-29,203631299.7368879,204301979.6517095,0.25,0.25,0.0,0.0,50907824.934221976,50907824.934221976,0.0,0.0,101815649.86844395,0.0032935993419880294,0.5,2.0
2013-01-30,204301979.6517095,204090666.35292867,0.25,0.25,0.0,0.0,51075494.912927374,51075494.912927374,0.0,0.0,102150989.82585475,-0.0010343184101350988,0.5,2.0
2013-01-31,204090666.35292867,204252313.95653883,0.25,0.25,0.0,0.0,51022666.58823217,51022666.58823217,0.0,0.0,102045333.17646433,0.0007920381980164315,0.5,2.0
2013-02-01,204252313.95653883,204355569.7700986,0.25,0.25,0.0,0.0,51063078.48913471,51063078.48913471,0.0,0.0,102126156.97826941,0.0005055306917193525,0.5,2.0
2013-02-04,204355569.7700986,204239337.39530328,0.25,0.25,0.0,0.0,51088892.44252465,51088892.44252465,0.0,0.0,102177784.8850493,-0.000568775174202979,0.5,2.0
2013-02-05,204239337.39530328,204175336.7548504,0.25,0.25,0.0,0.0,51059834.34882582,51059834.34882582,0.0,0.0,102119668.69765164,-0.00031336098750164854,0.5,2.0
2013-02-06,204175336.7548504,203633482.37134486,0.25,0.25,0.25,0.0,51043834.1887126,51043834.1887126,51043834.1887126,0.0,51043834.1887126,-0.002653867955443312,0.75,3.0
2013-02-07,203633482.37134486,203700435.54236785,0.25,0.25,0.25,0.0,50908370.592836216,50908370.592836216,50908370.592836216,0.0,50908370.592836216,0.0003287925455249807,0.75,3.0
2013-02-08,203700435.54236785,203698883.66881582,0.25,0.25,0.25,0.0,50925108.88559196,50925108.88559196,50925108.88559196,0.0,50925108.88559196,-7.618410573811962e-06,0.75,3.0
2013-02-11,203698883.66881582,203195248.78254405,0.25,0.25,0.25,0.0,50924720.917203955,50924720.917203955,50924720.917203955,0.0,50924720.917203955,-0.002472447944735029,0.75,3.0
2013-02-12,203195248.78254405,203103962.6904986,0.25,0.0,0.25,0.0,50798812.19563601,0.0,50798812.19563601,0.0,101597624.39127202,-0.00044925308338847336,0.5,2.0
2013-02-13,203103962.6904986,203325482.51347703,0.25,0.0,0.25,0.0,50775990.67262465,0.0,50775990.67262465,0.0,101551981.3452493,0.0010906720875554776,0.5,2.0
2013-02-14,203325482.51347703,203204516.74983263,0.25,0.0,0.25,0.0,50831370.62836926,0.0,50831370.62836926,0.0,101662741.25673851,-0.000594936562545112,0.5,2.0
2013-02-15,203204516.74983263,203059986.21546534,0.25,0.0,0.25,0.0,50801129.18745816,0.0,50801129.18745816,0.0,101602258.37491632,-0.0007112565049191555,0.5,2.0
2013-02-18,203059986.21546534,202931376.15519708,0.25,0.0,0.25,0.0,50764996.553866334,0.0,50764996.553866334,0.0,101529993.10773267,-0.0006333599379435839,0.5,2.0
2013-02-19,202931376.15519708,203174106.21798682,0.25,0.0,0.25,0.0,50732844.03879927,0.0,50732844.03879927,0.0,101465688.07759854,0.0011961189412329487,0.5,2.0
2013-02-20,203174106.21798682,202811478.84719658,0.25,0.0,0.25,0.0,50793526.554496706,0.0,50793526.554496706,0.0,101587053.10899341,-0.0017848109561814096,0.5,2.0
2013-02-21,202811478.84719658,201797243.3686722,0.25,0.0,0.25,0.0,50702869.711799145,0.0,50702869.711799145,0.0,101405739.42359829,-0.005000878077954102,0.5,2.0
2013-02-22,201797243.3686722,201875653.69546676,0.25,0.0,0.25,0.0,50449310.84216805,0.0,50449310.84216805,0.0,100898621.6843361,0.000388559950005557,0.5,2.0
2013-02-25,201875653.69546676,202112581.88051015,0.25,0.0,0.25,0.0,50468913.42386669,0.0,50468913.42386669,0.0,100937826.84773338,0.0011736342679579126,0.5,2.0
2013-02-26,202112581.88051015,201675687.91290557,0.25,0.0,0.25,0.0,50528145.47012754,0.0,50528145.47012754,0.0,101056290.94025508,-0.0021616366657611907,0.5,2.0
2013-02-27,201675687.91290557,201744844.41441706,0.25,0.0,0.25,0.0,50418921.97822639,0.0,50418921.97822639,0.0,100837843.95645279,0.00034290946135928646,0.5,2.0
2013-02-28,201744844.41441706,201747363.4764956,0.25,0.0,0.0,0.0,50436211.103604265,0.0,0.0,0.0,151308633.3108128,1.2486376471387839e-05,0.25,1.0
2013-03-01,201747363.4764956,201671704.4817219,0.25,0.0,0.0,0.0,50436840.8691239,0.0,0.0,0.0,151310522.6073717,-0.0003750185056694,0.25,1.0
2013-03-04,201671704.4817219,201699549.42250213,0.25,0.0,0.0,0.0,50417926.12043048,0.0,0.0,0.0,151253778.36129144,0.00013807063738469072,0.25,1.0
2013-03-05,201699549.42250213,202027488.55142617,0.25,0.0,0.0,0.0,50424887.35562553,0.0,0.0,0.0,151274662.0668766,0.0016258793332109556,0.25,1.0
2013-03-06,202027488.55142617,202031460.41601166,0.25,0.0,0.0,0.0,50506872.13785654,0.0,0.0,0.0,151520616.41356963,1.9660020594225447e-05,0.25,1.0
2013-03-07,202031460.41601166,202236492.0997403,0.25,0.0,0.0,0.0,50507865.104002915,0.0,0.0,0.0,151523595.31200874,0.0010148502778052904,0.25,1.0
2013-03-08,202236492.0997403,202548510.5639773,0.25,0.0,0.0,0.0,50559123.024935074,0.0,0.0,0.0,151677369.07480523,0.0015428395785422322,0.25,1.0
2013-03-11,202548510.5639773,202286350.00506127,0.25,0.0,0.0,0.0,50637127.640994325,0.0,0.0,0.0,151911382.922983,-0.0012943099812784686,0.25,1.0
2013-03-12,202286350.00506127,202240341.55443555,0.25,0.0,0.0,0.0,50571587.50126532,0.0,0.0,0.0,151714762.50379595,-0.0002274421908573243,0.25,1.0
2013-03-13,202240341.55443555,202247322.70541134,0.25,0.0,0.0,0.0,50560085.38860889,0.0,0.0,0.0,151680256.16582668,3.4519082207529195e-05,0.25,1.0
2013-03-14,202247322.70541134,202108636.92868254,0.25,0.0,0.0,0.0,50561830.676352836,0.0,0.0,0.0,151685492.02905852,-0.000685723671758065,0.25,1.0
2013-03-15,202108636.92868254,201900656.39502048,0.25,0.0,0.0,0.0,50527159.232170634,0.0,0.0,0.0,151581477.6965119,-0.001029053170723493,0.25,1.0
2013-03-18,201900656.39502048,201591870.07050064,0.25,0.0,0.0,0.0,50475164.09875512,0.0,0.0,0.0,151425492.29626536,-0.0015293973285341322,0.25,1.0
2013-03-19,201591870.07050064,201617766.14409667,0.25,0.0,0.0,0.0,50397967.51762516,0.0,0.0,0.0,151193902.5528755,0.00012845792633864317,0.25,1.0
2013-03-20,201617766.14409667,201648414.80461267,0.25,0.0,0.0,0.0,50404441.53602417,0.0,0.0,0.0,151213324.60807252,0.00015201368957790118,0.25,1.0
2013-03-21,201648414.80461267,201480930.1382158,0.25,0.0,0.0,0.0,50412103.70115317,0.0,0.0,0.0,151236311.1034595,-0.0008305776495151906,0.25,1.0
2013-03-22,201480930.1382158,200901089.13040528,0.25,0.0,0.0,0.0,50370232.53455395,0.0,0.0,0.0,151110697.60366186,-0.002877895230147892,0.25,1.0
2013-03-25,200901089.13040528,200953678.3829855,0.25,0.0,0.0,0.0,50225272.28260132,0.0,0.0,0.0,150675816.84780395,0.00026176688642082224,0.25,1.0
2013-03-26,200953678.3829855,201161184.55234116,0.25,0.0,0.0,0.0,50238419.595746376,0.0,0.0,0.0,150715258.78723913,0.0010326069720414388,0.25,1.0
2013-03-27,201161184.55234116,201012044.37973458,0.25,0.0,0.0,0.0,50290296.13808529,0.0,0.0,0.0,150870888.41425586,-0.0007413963729556994,0.25,1.0
2013-03-28,201012044.37973458,200947700.8476921,0.25,0.0,0.0,0.0,50253011.094933644,0.0,0.0,0.0,150759033.28480095,-0.0003200978938403265,0.25,1.0
2013-03-29,200947700.8476921,200947700.8476921,0.25,0.0,0.0,0.0,50236925.211923026,0.0,0.0,0.0,150710775.63576907,0.0,0.25,1.0
2013-04-01,200947700.8476921,200916029.29498592,0.25,0.0,0.0,0.0,50236925.211923026,0.0,0.0,0.0,150710775.63576907,-0.0001576109235018608,0.25,1.0
2013-04-02,200916029.29498592,200907678.7460517,0.25,0.0,0.0,0.0,50229007.32374648,0.0,0.0,0.0,150687021.97123945,-4.1562382869619885e-05,0.25,1.0
2013-04-03,200907678.7460517,200773020.74077922,0.25,0.0,0.0,0.0,50226919.686512925,0.0,0.0,0.0,150680759.05953878,-0.0006702481762417556,0.25,1.0
2013-04-04,200773020.74077922,200553802.34045038,0.25,0.25,0.0,0.0,50193255.185194805,50193255.185194805,0.0,0.0,100386510.37038961,-0.001091871803890948,0.5,2.0
2013-04-05,200553802.34045038,200417900.60004488,0.0,0.25,0.0,0.0,0.0,50138450.585112594,0.0,0.0,150415351.75533777,-0.0006776323301754261,0.25,1.0
2013-04-08,200417900.60004488,200484508.75659606,0.0,0.25,0.0,0.0,0.0,50104475.15001122,0.0,0.0,150313425.45003366,0.0003323463440729202,0.25,1.0
2013-04-09,200484508.75659606,200931628.54056495,0.0,0.25,0.0,0.0,0.0,50121127.189149015,0.0,0.0,150363381.56744704,0.002230196171973009,0.25,1.0
2013-04-10,200931628.54056495,201203777.14779925,0.0,0.25,0.0,0.0,0.0,50232907.13514124,0.0,0.0,150698721.4054237,0.0013544338898310304,0.25,1.0
2013-04-11,201203777.14779925,201324615.06527016,0.0,0.25,0.0,0.0,0.0,50300944.28694981,0.0,0.0,150902832.86084944,0.0006005747962780639,0.25,1.0
2013-04-12,201324615.06527016,201042455.35952243,0.0,0.25,0.0,0.0,0.0,50331153.76631754,0.0,0.0,150993461.2989526,-0.001401516181497503,0.25,1.0
2013-04-15,201042455.35952243,200529163.85947224,0.0,0.25,0.0,0.0,0.0,50260613.83988061,0.0,0.0,150781841.51964182,-0.002553149776907876,0.25,1.0
2013-04-16,200529163.85947224,200325521.3955394,0.0,0.25,0.0,0.0,0.0,50132290.96486806,0.0,0.0,150396872.89460418,-0.0010155254229034238,0.25,1.0
2013-04-17,200325521.3955394,200121161.80307353,0.0,0.25,0.0,0.0,0.0,50081380.34888485,0.0,0.0,150244141.04665455,-0.0010201375792872058,0.25,1.0
2013-04-18,200121161.80307353,200152196.90846866,0.0,0.25,0.0,0.0,0.0,50030290.45076838,0.0,0.0,150090871.35230514,0.000155081577158378,0.25,1.0
2013-04-19,200152196.90846866,200122049.72237998,0.0,0.25,0.0,0.0,0.0,50038049.227117166,0.0,0.0,150114147.68135148,-0.00015062130995482925,0.25,1.0
2013-04-22,200122049.72237998,199858868.8447072,0.0,0.25,0.0,0.0,0.0,50030512.430594996,0.0,0.0,150091537.291785,-0.0013151018492859878,0.25,1.0
2013-04-23,199858868.8447072,199900673.3984011,0.0,0.25,0.0,0.0,0.0,49964717.2111768,0.0,0.0,149894151.63353038,0.00020917037075002254,0.25,1.0
2013-04-24,199900673.3984011,199916929.74733034,0.0,0.25,0.0,0.0,0.0,49975168.34960028,0.0,0.0,149925505.04880083,8.132213190120696e-05,0.25,1.0
2013-04-25,199916929.74733034,200184880.86319572,0.0,0.25,0.0,0.0,0.0,49979232.436832584,0.0,0.0,149937697.31049776,0.0013403122797254197,0.25,1.0
2013-04-26,200184880.86319572,200062508.02400056,0.0,0.25,0.0,0.0,0.0,50046220.21579893,0.0,0.0,150138660.6473968,-0.0006112991084415986,0.25,1.0
2013-04-29,200062508.02400056,200358033.51652008,0.0,0.25,0.0,0.0,0.0,50015627.00600014,0.0,0.0,150046881.01800042,0.0014771657890246814,0.25,1.0
2013-04-30,200358033.51652008,200540931.79037973,0.0,0.25,0.0,0.0,0.0,50089508.37913002,0.0,0.0,150268525.13739008,0.0009128572019276304,0.25,1.0
2013-05-01,200540931.79037973,200081190.0009031,0.0,0.25,0.0,0.0,0.0,50135232.94759493,0.0,0.0,150405698.8427848,-0.0022925084937633067,0.25,1.0
2013-05-02,200081190.0009031,199895255.78813237,0.0,0.25,0.0,0.0,0.0,50020297.500225775,0.0,0.0,150060892.50067732,-0.0009292938170244458,0.25,1.0
2013-05-03,199895255.78813237,200191871.80243012,0.0,0.25,0.0,0.0,0.0,49973813.94703309,0.0,0.0,149921441.84109926,0.0014838571987527138,0.25,1.0
2013-05-06,200191871.80243012,199846238.2290225,0.0,0.25,0.0,0.0,0.0,50047967.95060753,0.0,0.0,150143903.85182258,-0.0017265115226492989,0.25,1.0
2013-05-07,199846238.2290225,199521785.71819654,0.0,0.25,0.0,0.0,0.0,49961559.557255626,0.0,0.0,149884678.67176688,-0.0016235107235500201,0.25,1.0
2013-05-08,199521785.71819654,199521785.71819654,0.0,0.0,0.0,0.0,0.0,0.0,0.0,0.0,199521785.71819654,0.0,0.0,0.0
2013-05-09,199521785.71819654,199521785.71819654,0.0,0.0,0.0,0.0,0.0,0.0,0.0,0.0,199521785.71819654,0.0,0.0,0.0
2013-05-10,199521785.71819654,199521785.71819654,0.0,0.0,0.0,0.0,0.0,0.0,0.0,0.0,199521785.71819654,0.0,0.0,0.0
2013-05-13,199521785.71819654,199521785.71819654,0.0,0.0,0.0,0.0,0.0,0.0,0.0,0.0,199521785.71819654,0.0,0.0,0.0
2013-05-14,199521785.71819654,199521785.71819654,0.0,0.0,0.0,0.0,0.0,0.0,0.0,0.0,199521785.71819654,0.0,0.0,0.0
2013-05-15,199521785.71819654,199521785.71819654,0.0,0.0,0.0,0.0,0.0,0.0,0.0,0.0,199521785.71819654,0.0,0.0,0.0
2013-05-16,199521785.71819654,199521785.71819654,0.0,0.0,0.0,0.0,0.0,0.0,0.0,0.0,199521785.71819654,0.0,0.0,0.0
2013-05-17,199521785.71819654,199521785.71819654,0.0,0.0,0.0,0.0,0.0,0.0,0.0,0.0,199521785.71819654,0.0,0.0,0.0
2013-05-20,199521785.71819654,199521785.71819654,0.0,0.0,0.0,0.0,0.0,0.0,0.0,0.0,199521785.71819654,0.0,0.0,0.0
2013-05-21,199521785.71819654,199521785.71819654,0.0,0.0,0.0,0.0,0.0,0.0,0.0,0.0,199521785.71819654,0.0,0.0,0.0
2013-05-22,199521785.71819654,199521785.71819654,0.0,0.0,0.0,0.0,0.0,0.0,0.0,0.0,199521785.71819654,0.0,0.0,0.0
2013-05-23,199521785.71819654,199521785.71819654,0.0,0.0,0.0,0.0,0.0,0.0,0.0,0.0,199521785.71819654,0.0,0.0,0.0
2013-05-24,199521785.71819654,199521785.71819654,0.0,0.0,0.0,0.0,0.0,0.0,0.0,0.0,199521785.71819654,0.0,0.0,0.0
2013-05-27,199521785.71819654,199521785.71819654,0.0,0.0,0.0,0.0,0.0,0.0,0.0,0.0,199521785.71819654,0.0,0.0,0.0
2013-05-28,199521785.71819654,199521785.71819654,0.0,0.0,0.0,0.0,0.0,0.0,0.0,0.0,199521785.71819654,0.0,0.0,0.0
2013-05-29,199521785.71819654,199521785.71819654,0.0,0.0,0.0,0.0,0.0,0.0,0.0,0.0,199521785.71819654,0.0,0.0,0.0
2013-05-30,199521785.71819654,199521785.71819654,0.0,0.0,0.0,0.0,0.0,0.0,0.0,0.0,199521785.71819654,0.0,0.0,0.0
2013-05-31,199521785.71819654,199521785.71819654,0.0,0.0,0.0,0.0,0.0,0.0,0.0,0.0,199521785.71819654,0.0,0.0,0.0
2013-06-03,199521785.71819654,199521785.71819654,0.0,0.0,0.0,0.0,0.0,0.0,0.0,0.0,199521785.71819654,0.0,0.0,0.0
2013-06-04,199521785.71819654,199521785.71819654,0.0,0.0,0.0,0.0,0.0,0.0,0.0,0.0,199521785.71819654,0.0,0.0,0.0
2013-06-05,199521785.71819654,199521785.71819654,0.0,0.0,0.0,0.0,0.0,0.0,0.0,0.0,199521785.71819654,0.0,0.0,0.0
2013-06-06,199521785.71819654,199521785.71819654,0.0,0.0,0.0,0.0,0.0,0.0,0.0,0.0,199521785.71819654,0.0,0.0,0.0
2013-06-07,199521785.71819654,199521785.71819654,0.0,0.0,0.0,0.0,0.0,0.0,0.0,0.0,199521785.71819654,0.0,0.0,0.0
2013-06-10,199521785.71819654,199521785.71819654,0.0,0.0,0.0,0.0,0.0,0.0,0.0,0.0,199521785.71819654,0.0,0.0,0.0
2013-06-11,199521785.71819654,199521785.71819654,0.0,0.0,0.0,0.0,0.0,0.0,0.0,0.0,199521785.71819654,0.0,0.0,0.0
2013-06-12,199521785.71819654,199521785.71819654,0.0,0.0,0.0,0.0,0.0,0.0,0.0,0.0,199521785.71819654,0.0,0.0,0.0
2013-06-13,199521785.71819654,199521785.71819654,0.0,0.0,0.0,0.0,0.0,0.0,0.0,0.0,199521785.71819654,0.0,0.0,0.0
2013-06-14,199521785.71819654,199521785.71819654,0.0,0.0,0.0,0.0,0.0,0.0,0.0,0.0,199521785.71819654,0.0,0.0,0.0
2013-06-17,199521785.71819654,199521785.71819654,0.0,0.0,0.0,0.0,0.0,0.0,0.0,0.0,199521785.71819654,0.0,0.0,0.0
2013-06-18,199521785.71819654,199521785.71819654,0.0,0.0,0.0,0.0,0.0,0.0,0.0,0.0,199521785.71819654,0.0,0.0,0.0
2013-06-19,199521785.71819654,199521785.71819654,0.0,0.0,0.0,0.0,0.0,0.0,0.0,0.0,199521785.71819654,0.0,0.0,0.0
2013-06-20,199521785.71819654,199521785.71819654,0.0,0.0,0.0,0.0,0.0,0.0,0.0,0.0,199521785.71819654,0.0,0.0,0.0
2013-06-21,199521785.71819654,199521785.71819654,0.0,0.0,0.0,0.0,0.0,0.0,0.0,0.0,199521785.71819654,0.0,0.0,0.0
2013-06-24,199521785.71819654,199521785.71819654,0.0,0.0,0.0,0.0,0.0,0.0,0.0,0.0,199521785.71819654,0.0,0.0,0.0
2013-06-25,199521785.71819654,199521785.71819654,0.0,0.0,0.0,0.0,0.0,0.0,0.0,0.0,199521785.71819654,0.0,0.0,0.0
2013-06-26,199521785.71819654,199521785.71819654,0.0,0.0,0.0,0.0,0.0,0.0,0.0,0.0,199521785.71819654,0.0,0.0,0.0
2013-06-27,199521785.71819654,199521785.71819654,0.0,0.0,0.0,0.0,0.0,0.0,0.0,0.0,199521785.71819654,0.0,0.0,0.0
2013-06-28,199521785.71819654,199521785.71819654,0.0,0.0,0.0,0.0,0.0,0.0,0.0,0.0,199521785.71819654,0.0,0.0,0.0
2013-07-01,199521785.71819654,199521785.71819654,0.0,0.0,0.0,0.0,0.0,0.0,0.0,0.0,199521785.71819654,0.0,0.0,0.0
2013-07-02,199521785.71819654,199521785.71819654,0.0,0.0,0.0,0.0,0.0,0.0,0.0,0.0,199521785.71819654,0.0,0.0,0.0
2013-07-03,199521785.71819654,199521785.71819654,0.0,0.0,0.0,0.0,0.0,0.0,0.0,0.0,199521785.71819654,0.0,0.0,0.0
2013-07-04,199521785.71819654,199521785.71819654,0.0,0.0,0.0,0.0,0.0,0.0,0.0,0.0,199521785.71819654,0.0,0.0,0.0
2013-07-05,199521785.71819654,199521785.71819654,0.0,0.0,0.0,0.0,0.0,0.0,0.0,0.0,199521785.71819654,0.0,0.0,0.0
2013-07-08,199521785.71819654,199521785.71819654,0.0,0.0,0.0,0.0,0.0,0.0,0.0,0.0,199521785.71819654,0.0,0.0,0.0
2013-07-09,199521785.71819654,199521785.71819654,0.0,0.0,0.0,0.0,0.0,0.0,0.0,0.0,199521785.71819654,0.0,0.0,0.0
2013-07-10,199521785.71819654,199521785.71819654,0.0,0.0,0.0,0.0,0.0,0.0,0.0,0.0,199521785.71819654,0.0,0.0,0.0
2013-07-11,199521785.71819654,199521785.71819654,0.0,0.0,0.0,0.0,0.0,0.0,0.0,0.0,199521785.71819654,0.0,0.0,0.0
2013-07-12,199521785.71819654,199521785.71819654,0.0,0.0,0.0,0.0,0.0,0.0,0.0,0.0,199521785.71819654,0.0,0.0,0.0
2013-07-15,199521785.71819654,199521785.71819654,0.0,0.0,0.0,0.0,0.0,0.0,0.0,0.0,199521785.71819654,0.0,0.0,0.0
2013-07-16,199521785.71819654,199521785.71819654,0.0,0.0,0.0,0.0,0.0,0.0,0.0,0.0,199521785.71819654,0.0,0.0,0.0
2013-07-17,199521785.71819654,199521785.71819654,0.0,0.0,0.0,0.0,0.0,0.0,0.0,0.0,199521785.71819654,0.0,0.0,0.0
2013-07-18,199521785.71819654,199521785.71819654,0.0,0.0,0.0,0.0,0.0,0.0,0.0,0.0,199521785.71819654,0.0,0.0,0.0
2013-07-19,199521785.71819654,199521785.71819654,0.0,0.0,0.0,0.0,0.0,0.0,0.0,0.0,199521785.71819654,0.0,0.0,0.0
2013-07-22,199521785.71819654,199521785.71819654,0.0,0.0,0.0,0.0,0.0,0.0,0.0,0.0,199521785.71819654,0.0,0.0,0.0
2013-07-23,199521785.71819654,199521785.71819654,0.0,0.0,0.0,0.0,0.0,0.0,0.0,0.0,199521785.71819654,0.0,0.0,0.0
2013-07-24,199521785.71819654,199521785.71819654,0.0,0.0,0.0,0.0,0.0,0.0,0.0,0.0,199521785.71819654,0.0,0.0,0.0
2013-07-25,199521785.71819654,199521785.71819654,0.0,0.0,0.0,0.0,0.0,0.0,0.0,0.0,199521785.71819654,0.0,0.0,0.0
2013-07-26,199521785.71819654,199521785.71819654,0.0,0.0,0.0,0.0,0.0,0.0,0.0,0.0,199521785.71819654,0.0,0.0,0.0
2013-07-29,199521785.71819654,199521785.71819654,0.0,0.0,0.0,0.0,0.0,0.0,0.0,0.0,199521785.71819654,0.0,0.0,0.0
2013-07-30,199521785.71819654,199521785.71819654,0.0,0.0,0.0,0.0,0.0,0.0,0.0,0.0,199521785.71819654,0.0,0.0,0.0
2013-07-31,199521785.71819654,199521785.71819654,0.0,0.0,0.0,0.0,0.0,0.0,0.0,0.0,199521785.71819654,0.0,0.0,0.0
2013-08-01,199521785.71819654,199521785.71819654,0.0,0.0,0.0,0.0,0.0,0.0,0.0,0.0,199521785.71819654,0.0,0.0,0.0
2013-08-02,199521785.71819654,199521785.71819654,0.0,0.0,0.0,0.0,0.0,0.0,0.0,0.0,199521785.71819654,0.0,0.0,0.0
2013-08-05,199521785.71819654,199521785.71819654,0.0,0.0,0.0,0.0,0.0,0.0,0.0,0.0,199521785.71819654,0.0,0.0,0.0
2013-08-06,199521785.71819654,199521785.71819654,0.0,0.0,0.0,0.0,0.0,0.0,0.0,0.0,199521785.71819654,0.0,0.0,0.0
2013-08-07,199521785.71819654,199521785.71819654,0.0,0.0,0.0,0.0,0.0,0.0,0.0,0.0,199521785.71819654,0.0,0.0,0.0
2013-08-08,199521785.71819654,199521785.71819654,0.0,0.0,0.0,0.0,0.0,0.0,0.0,0.0,199521785.71819654,0.0,0.0,0.0
2013-08-09,199521785.71819654,199521785.71819654,0.0,0.0,0.0,0.0,0.0,0.0,0.0,0.0,199521785.71819654,0.0,0.0,0.0
2013-08-12,199521785.71819654,199521785.71819654,0.0,0.0,0.0,0.0,0.0,0.0,0.0,0.0,199521785.71819654,0.0,0.0,0.0
2013-08-13,199521785.71819654,199521785.71819654,0.0,0.0,0.0,0.0,0.0,0.0,0.0,0.0,199521785.71819654,0.0,0.0,0.0
2013-08-14,199521785.71819654,199521785.71819654,0.0,0.0,0.0,0.0,0.0,0.0,0.0,0.0,199521785.71819654,0.0,0.0,0.0
2013-08-15,199521785.71819654,199521785.71819654,0.0,0.0,0.0,0.0,0.0,0.0,0.0,0.0,199521785.71819654,0.0,0.0,0.0
2013-08-16,199521785.71819654,199521785.71819654,0.0,0.0,0.0,0.0,0.0,0.0,0.0,0.0,199521785.71819654,0.0,0.0,0.0
2013-08-19,199521785.71819654,199138778.44740003,0.0,0.0,0.0,0.25,0.0,0.0,0.0,49880446.429549135,149641339.2886474,-0.0019196263175864647,0.25,1.0
2013-08-20,199138778.44740003,199329388.9545889,0.0,0.0,0.0,0.25,0.0,0.0,0.0,49784694.61185001,149354083.83555,0.0009571742313323472,0.25,1.0
2013-08-21,199329388.9545889,199163308.99216056,0.0,0.0,0.0,0.25,0.0,0.0,0.0,49832347.23864722,149497041.71594167,-0.0008331935561503023,0.25,1.0
2013-08-22,199163308.99216056,199508689.00058362,0.0,0.0,0.0,0.25,0.0,0.0,0.0,49790827.24804014,149372481.74412042,0.0017341548007551166,0.25,1.0
2013-08-23,199508689.00058362,200291202.51583686,0.0,0.0,0.0,0.25,0.0,0.0,0.0,49877172.250145905,149631516.7504377,0.003922202682866527,0.25,1.0
2013-08-26,200291202.51583686,200539107.1757872,0.0,0.0,0.0,0.25,0.0,0.0,0.0,50072800.628959216,150218401.88687766,0.00123772116217008,0.25,1.0
2013-08-27,200539107.1757872,200913873.2430185,0.0,0.0,0.0,0.25,0.0,0.0,0.0,50134776.7939468,150404330.3818404,0.0018687929377425028,0.25,1.0
2013-08-28,200913873.2430185,200997637.63916972,0.0,0.0,0.0,0.25,0.0,0.0,0.0,50228468.31075463,150685404.93226388,0.000416916934600553,0.25,1.0
2013-08-29,200997637.63916972,200653072.69115302,0.0,0.0,0.0,0.25,0.0,0.0,0.0,50249409.40979243,150748228.2293773,-0.001714273620644663,0.25,1.0
2013-08-30,200653072.69115302,199757130.28521708,0.0,0.0,0.25,0.25,0.0,0.0,50163268.172788255,50163268.172788255,100326536.34557651,-0.004465131751632739,0.5,2.0
2013-09-02,199757130.28521708,199560275.1574338,0.0,0.0,0.25,0.25,0.0,0.0,49939282.57130427,49939282.57130427,99878565.14260854,-0.0009854723458541936,0.5,2.0
2013-09-03,199560275.1574338,200835251.20754638,0.0,0.0,0.25,0.25,0.0,0.0,49890068.78935845,49890068.78935845,99780137.5787169,0.006388927100379915,0.5,2.0
2013-09-04,200835251.20754638,199575300.43279713,0.0,0.0,0.25,0.25,0.0,0.0,50208812.801886596,50208812.801886596,100417625.60377319,-0.006273553906366747,0.5,2.0
2013-09-05,199575300.43279713,198513168.76418045,0.0,0.0,0.25,0.25,0.0,0.0,49893825.10819928,49893825.10819928,99787650.21639857,-0.005321959512591623,0.5,2.0
2013-09-06,198513168.76418045,199776791.55927065,0.0,0.0,0.25,0.25,0.0,0.0,49628292.19104511,49628292.19104511,99256584.38209023,0.0063654356179830285,0.5,2.0
2013-09-09,199776791.55927065,199439356.29547498,0.0,0.0,0.25,0.25,0.0,0.0,49944197.88981766,49944197.88981766,99888395.77963533,-0.0016890613827660328,0.5,2.0
2013-09-10,199439356.29547498,198209282.19208714,0.0,0.0,0.25,0.25,0.0,0.0,49859839.073868744,49859839.073868744,99719678.14773749,-0.006167659815174448,0.5,2.0
2013-09-11,198209282.19208714,198312400.78224573,0.0,0.0,0.25,0.25,0.0,0.0,49552320.548021786,49552320.548021786,99104641.09604357,0.0005202510650266223,0.5,2.0
2013-09-12,198312400.78224573,196912725.1501933,0.0,0.0,0.25,0.25,0.0,0.0,49578100.19556143,49578100.19556143,99156200.39112286,-0.0070579329710667715,0.5,2.0
2013-09-13,196912725.1501933,196856368.2560462,0.0,0.0,0.25,0.25,0.0,0.0,49228181.287548326,49228181.287548326,98456362.57509665,-0.00028620239806292913,0.5,2.0
2013-09-16,196856368.2560462,196197833.09848145,0.0,0.0,0.25,0.25,0.0,0.0,49214092.06401155,49214092.06401155,98428184.1280231,-0.003345257069398977,0.5,2.0
2013-09-17,196197833.09848145,195783798.11945733,0.0,0.0,0.25,0.25,0.0,0.0,49049458.27462036,49049458.27462036,98098916.54924072,-0.002110293332425739,0.5,2.0
2013-09-18,195783798.11945733,198114812.69159147,0.0,0.0,0.25,0.25,0.0,0.0,48945949.52986433,48945949.52986433,97891899.05972867,0.011906064723046395,0.5,2.0
2013-09-19,198114812.69159147,199227510.61347044,0.0,0.25,0.25,0.25,0.0,49528703.17289787,49528703.17289787,49528703.17289787,49528703.17289787,0.00561642971952403,0.75,3.0
2013-09-20,199227510.61347044,196698532.5533722,0.0,0.25,0.25,0.25,0.0,49806877.65336761,49806877.65336761,49806877.65336761,49806877.65336761,-0.01269391989244309,0.75,3.0
2013-09-23,196698532.5533722,196618487.27208322,0.0,0.25,0.25,0.25,0.0,49174633.13834305,49174633.13834305,49174633.13834305,49174633.13834305,-0.0004069439677556186,0.75,3.0
2013-09-24,196618487.27208322,196099270.60843125,0.0,0.25,0.25,0.25,0.0,49154621.818020806,49154621.818020806,49154621.818020806,49154621.818020806,-0.0026407316568022032,0.75,3.0
2013-09-25,196099270.60843125,195970988.4346616,0.25,0.25,0.25,0.25,49024817.65210781,49024817.65210781,49024817.65210781,49024817.65210781,0.0,-0.0006541695610170761,1.0,4.0
2013-09-26,195970988.4346616,195725128.46218616,0.25,0.25,0.25,0.25,48992747.1086654,48992747.1086654,48992747.1086654,48992747.1086654,0.0,-0.0012545733143423388,1.0,4.0
2013-09-27,195725128.46218616,195574684.91282696,0.25,0.25,0.25,0.25,48931282.11554654,48931282.11554654,48931282.11554654,48931282.11554654,0.0,-0.0007686470845172655,1.0,4.0
2013-09-30,195574684.91282696,195780410.2266178,0.25,0.25,0.25,0.25,48893671.22820674,48893671.22820674,48893671.22820674,48893671.22820674,0.0,0.001051901547905243,1.0,4.0
2013-10-01,195780410.2266178,194470857.24608088,0.25,0.25,0.25,0.25,48945102.55665445,48945102.55665445,48945102.55665445,48945102.55665445,0.0,-0.006688886692090862,1.0,4.0
2013-10-02,194470857.24608088,195916137.8032078,0.25,0.25,0.25,0.25,48617714.31152022,48617714.31152022,48617714.31152022,48617714.31152022,0.0,0.007431861912852666,1.0,4.0
2013-10-03,195916137.8032078,195869616.59220615,0.25,0.25,0.25,0.25,48979034.45080195,48979034.45080195,48979034.45080195,48979034.45080195,0.0,-0.00023745471671343665,1.0,4.0
2013-10-04,195869616.59220615,196326029.699915,0.25,0.25,0.0,0.0,48967404.14805154,48967404.14805154,0.0,0.0,97934808.29610308,0.0023301883959832015,0.5,2.0
2013-10-07,196326029.699915,196158444.31982505,0.25,0.25,0.0,0.0,49081507.42497875,49081507.42497875,0.0,0.0,98163014.8499575,-0.000853607544277768,0.5,2.0
2013-10-08,196158444.31982505,196486109.82454276,0.25,0.25,0.0,0.0,49039611.07995626,49039611.07995626,0.0,0.0,98079222.15991253,0.0016704124354873229,0.5,2.0
2013-10-09,196486109.82454276,196294120.2934778,0.25,0.25,0.0,0.0,49121527.45613569,49121527.45613569,0.0,0.0,98243054.91227138,-0.0009771150298431286,0.5,2.0
2013-10-10,196294120.2934778,196949098.6671034,0.25,0.25,0.0,0.0,49073530.07336945,49073530.07336945,0.0,0.0,98147060.1467389,0.0033367192692596026,0.5,2.0
2013-10-11,196949098.6671034,197079206.9639744,0.25,0.25,0.0,0.0,49237274.66677585,49237274.66677585,0.0,0.0,98474549.3335517,0.0006606188997639317,0.5,2.0
2013-10-14,197079206.9639744,197078401.18806416,0.25,0.25,0.0,0.0,49269801.7409936,49269801.7409936,0.0,0.0,98539603.4819872,-4.088589165063272e-06,0.5,2.0
2013-10-15,197078401.18806416,197424186.88842535,0.25,0.25,0.0,0.0,49269600.29701604,49269600.29701604,0.0,0.0,98539200.59403208,0.0017545590905785335,0.5,2.0
2013-10-16,197424186.88842535,197873126.79263613,0.25,0.25,0.0,0.0,49356046.72210634,49356046.72210634,0.0,0.0,98712093.44421268,0.002273986340207035,0.5,2.0
2013-10-17,197873126.79263613,198518077.1568839,0.25,0.25,0.0,0.0,49468281.69815903,49468281.69815903,0.0,0.0,98936563.39631806,0.0032594136187258926,0.5,2.0
2013-10-18,198518077.1568839,198623933.35310605,0.25,0.25,0.0,0.0,49629519.289220974,49629519.289220974,0.0,0.0,99259038.57844195,0.0005332320247011246,0.5,2.0
2013-10-21,198623933.35310605,198438059.76488417,0.25,0.25,0.0,0.0,49655983.33827651,49655983.33827651,0.0,0.0,99311966.67655303,-0.0009358066023767153,0.5,2.0
2013-10-22,198438059.76488417,198742640.9899833,0.25,0.25,0.0,0.0,49609514.94122104,49609514.94122104,0.0,0.0,99219029.88244209,0.001534893182588093,0.5,2.0
2013-10-23,198742640.9899833,198069423.83816963,0.25,0.25,0.0,0.0,49685660.24749582,49685660.24749582,0.0,0.0,99371320.49499165,-0.0033873815325196344,0.5,2.0
2013-10-24,198069423.83816963,197514480.55881003,0.25,0.25,0.0,0.0,49517355.95954241,49517355.95954241,0.0,0.0,99034711.91908482,-0.0028017614662877444,0.5,2.0
2013-10-25,197514480.55881003,197882493.18222496,0.25,0.25,0.0,0.0,49378620.13970251,49378620.13970251,0.0,0.0,98757240.27940501,0.0018632184454210332,0.5,2.0
2013-10-28,197882493.18222496,197781271.04483733,0.25,0.25,0.0,0.0,49470623.29555624,49470623.29555624,0.0,0.0,98941246.59111248,-0.0005115264911000617,0.5,2.0
2013-10-29,197781271.04483733,197509344.9396923,0.25,0.25,0.0,0.0,49445317.76120933,49445317.76120933,0.0,0.0,98890635.52241866,-0.001374882989215842,0.5,2.0
2013-10-30,197509344.9396923,197328522.5315249,0.25,0.25,0.0,0.0,49377336.23492307,49377336.23492307,0.0,0.0,98754672.46984614,-0.0009155131784907844,0.5,2.0
2013-10-31,197328522.5315249,196449217.3176442,0.25,0.25,0.0,0.0,49332130.632881224,49332130.632881224,0.0,0.0,98664261.26576245,-0.004456047218111631,0.5,2.0
2013-11-01,196449217.3176442,195516706.12910804,0.25,0.25,0.0,0.0,49112304.32941105,49112304.32941105,0.0,0.0,98224608.6588221,-0.004746830765064103,0.5,2.0
2013-11-04,195516706.12910804,196287561.34826836,0.25,0.25,0.0,0.0,48879176.53227701,48879176.53227701,0.0,0.0,97758353.06455402,0.003942656535197819,0.5,2.0
2013-11-05,196287561.34826836,195302836.20288268,0.25,0.25,0.0,0.0,49071890.33706709,49071890.33706709,0.0,0.0,98143780.67413418,-0.005016747564755092,0.5,2.0
2013-11-06,195302836.20288268,195478735.0420891,0.25,0.25,0.0,0.0,48825709.05072067,48825709.05072067,0.0,0.0,97651418.10144134,0.0009006466195079499,0.5,2.0
2013-11-07,195478735.0420891,194885094.9836413,0.25,0.25,0.0,0.0,48869683.760522276,48869683.760522276,0.0,0.0,97739367.52104455,-0.0030368523630970035,0.5,2.0
2013-11-08,194885094.9836413,193693637.11578,0.25,0.25,0.0,0.0,48721273.745910324,48721273.745910324,0.0,0.0,97442547.49182065,-0.006113642851760137,0.5,2.0
2013-11-11,193693637.11578,193829777.73332608,0.25,0.25,0.0,0.0,48423409.278945,48423409.278945,0.0,0.0,96846818.55789,0.0007028657191496812,0.5,2.0
2013-11-12,193829777.73332608,193567583.28206587,0.25,0.25,0.0,0.0,48457444.43333152,48457444.43333152,0.0,0.0,96914888.86666304,-0.0013527046995892855,0.5,2.0
2013-11-13,193567583.28206587,193565361.25311875,0.25,0.25,0.0,0.0,48391895.82051647,48391895.82051647,0.0,0.0,96783791.64103293,-1.1479344368681144e-05,0.5,2.0
2013-11-14,193565361.25311875,193694761.13440874,0.25,0.25,0.0,0.0,48391340.31327969,48391340.31327969,0.0,0.0,96782680.62655938,0.0006685074253588719,0.5,2.0
2013-11-15,193694761.13440874,193900543.6776757,0.25,0.25,0.0,0.0,48423690.283602186,48423690.283602186,0.0,0.0,96847380.56720437,0.0010624063452296384,0.5,2.0
2013-11-18,193900543.6776757,195187659.72227457,0.25,0.25,0.0,0.0,48475135.91941892,48475135.91941892,0.0,0.0,96950271.83883785,0.006638021844531161,0.5,2.0
2013-11-19,195187659.72227457,195647026.49197316,0.25,0.25,0.0,0.0,48796914.93056864,48796914.93056864,0.0,0.0,97593829.86113729,0.002353462152024366,0.5,2.0
2013-11-20,195647026.49197316,195546408.2715601,0.0,0.25,0.0,0.0,0.0,48911756.62299329,0.0,0.0,146735269.86897987,-0.0005142844346637532,0.25,1.0
2013-11-21,195546408.2715601,194791003.8313579,0.0,0.25,0.0,0.0,0.0,48886602.067890026,0.0,0.0,146659806.20367008,-0.003863044311983116,0.25,1.0
2013-11-22,194791003.8313579,194320403.7397406,0.0,0.25,0.0,0.0,0.0,48697750.957839474,0.0,0.0,146093252.8735184,-0.0024159231297186112,0.25,1.0
2013-11-25,194320403.7397406,194286405.5029101,0.0,0.25,0.0,0.0,0.0,48580100.93493515,0.0,0.0,145740302.80480546,-0.00017495968604544498,0.25,1.0
2013-11-26,194286405.5029101,194144290.4303516,0.0,0.25,0.0,0.0,0.0,48571601.37572753,0.0,0.0,145714804.12718257,-0.0007314720357848026,0.25,1.0
2013-11-27,194144290.4303516,194144290.4303516,0.0,0.0,0.0,0.0,0.0,0.0,0.0,0.0,194144290.4303516,0.0,0.0,0.0
2013-11-28,194144290.4303516,194144290.4303516,0.0,0.0,0.0,0.0,0.0,0.0,0.0,0.0,194144290.4303516,0.0,0.0,0.0
2013-11-29,194144290.4303516,194144290.4303516,0.0,0.0,0.0,0.0,0.0,0.0,0.0,0.0,194144290.4303516,0.0,0.0,0.0
2013-12-02,194144290.4303516,194144290.4303516,0.0,0.0,0.0,0.0,0.0,0.0,0.0,0.0,194144290.4303516,0.0,0.0,0.0
2013-12-03,194144290.4303516,194144290.4303516,0.0,0.0,0.0,0.0,0.0,0.0,0.0,0.0,194144290.4303516,0.0,0.0,0.0
2013-12-04,194144290.4303516,194144290.4303516,0.0,0.0,0.0,0.0,0.0,0.0,0.0,0.0,194144290.4303516,0.0,0.0,0.0
2013-12-05,194144290.4303516,194144290.4303516,0.0,0.0,0.0,0.0,0.0,0.0,0.0,0.0,194144290.4303516,0.0,0.0,0.0
2013-12-06,194144290.4303516,194144290.4303516,0.0,0.0,0.0,0.0,0.0,0.0,0.0,0.0,194144290.4303516,0.0,0.0,0.0
2013-12-09,194144290.4303516,194144290.4303516,0.0,0.0,0.0,0.0,0.0,0.0,0.0,0.0,194144290.4303516,0.0,0.0,0.0
2013-12-10,194144290.4303516,194144290.4303516,0.0,0.0,0.0,0.0,0.0,0.0,0.0,0.0,194144290.4303516,0.0,0.0,0.0
2013-12-11,194144290.4303516,194144290.4303516,0.0,0.0,0.0,0.0,0.0,0.0,0.0,0.0,194144290.4303516,0.0,0.0,0.0
2013-12-12,194144290.4303516,194144290.4303516,0.0,0.0,0.0,0.0,0.0,0.0,0.0,0.0,194144290.4303516,0.0,0.0,0.0
2013-12-13,194144290.4303516,194144290.4303516,0.0,0.0,0.0,0.0,0.0,0.0,0.0,0.0,194144290.4303516,0.0,0.0,0.0
2013-12-16,194144290.4303516,194144290.4303516,0.0,0.0,0.0,0.0,0.0,0.0,0.0,0.0,194144290.4303516,0.0,0.0,0.0
2013-12-17,194144290.4303516,194144290.4303516,0.0,0.0,0.0,0.0,0.0,0.0,0.0,0.0,194144290.4303516,0.0,0.0,0.0
2013-12-18,194144290.4303516,194144290.4303516,0.0,0.0,0.0,0.0,0.0,0.0,0.0,0.0,194144290.4303516,0.0,0.0,0.0
2013-12-19,194144290.4303516,194144290.4303516,0.0,0.0,0.0,0.0,0.0,0.0,0.0,0.0,194144290.4303516,0.0,0.0,0.0
2013-12-20,194144290.4303516,194144290.4303516,0.0,0.0,0.0,0.0,0.0,0.0,0.0,0.0,194144290.4303516,0.0,0.0,0.0
2013-12-23,194144290.4303516,194144290.4303516,0.0,0.0,0.0,0.0,0.0,0.0,0.0,0.0,194144290.4303516,0.0,0.0,0.0
2013-12-24,194144290.4303516,194144290.4303516,0.0,0.0,0.0,0.0,0.0,0.0,0.0,0.0,194144290.4303516,0.0,0.0,0.0
2013-12-25,194144290.4303516,194144290.4303516,0.0,0.0,0.25,0.0,0.0,0.0,48536072.6075879,0.0,145608217.82276368,0.0,0.25,1.0
2013-12-26,194144290.4303516,194143528.9894173,0.0,0.0,0.25,0.0,0.0,0.0,48536072.6075879,0.0,145608217.82276368,-3.922036195702638e-06,0.25,1.0
2013-12-27,194143528.9894173,194192185.6376178,0.0,0.0,0.25,0.0,0.0,0.0,48535882.24735433,0.0,145607646.742063,0.000250622044699389,0.25,1.0
2013-12-30,194192185.6376178,194011971.6931325,0.0,0.0,0.25,0.0,0.0,0.0,48548046.40940445,0.0,145644139.22821334,-0.000928018518837781,0.25,1.0
2013-12-31,194011971.6931325,193483438.69920298,0.0,0.0,0.25,0.0,0.0,0.0,48502992.92328312,0.0,145508978.76984936,-0.0027242287644263785,0.25,1.0
2014-01-01,193483438.69920298,193483438.69920298,0.0,0.0,0.25,0.0,0.0,0.0,48370859.674800746,0.0,145112579.02440223,0.0,0.25,1.0
2014-01-02,193483438.69920298,193349155.87066835,0.0,0.0,0.25,0.0,0.0,0.0,48370859.674800746,0.0,145112579.02440223,-0.0006940275066301127,0.25,1.0
2014-01-03,193349155.87066835,193158354.43434024,0.0,0.0,0.25,0.0,0.0,0.0,48337288.96766709,0.0,145011866.90300125,-0.0009868232186943937,0.25,1.0
2014-01-06,193158354.43434024,193215417.05255684,0.0,0.0,0.25,0.0,0.0,0.0,48289588.60858506,0.0,144868765.82575518,0.00029541884628137005,0.25,1.0
2014-01-07,193215417.05255684,193143688.40726745,0.0,0.0,0.25,0.0,0.0,0.0,48303854.26313921,0.0,144911562.78941762,-0.0003712366558714375,0.25,1.0
2014-01-08,193143688.40726745,192683989.31233668,0.0,0.0,0.25,0.0,0.0,0.0,48285922.10181686,0.0,144857766.3054506,-0.0023800886206617744,0.25,1.0
2014-01-09,192683989.31233668,192156751.1536696,0.0,0.0,0.25,0.0,0.0,0.0,48170997.32808417,0.0,144512991.9842525,-0.0027362842161860468,0.25,1.0
2014-01-10,192156751.1536696,192670653.9218277,0.0,0.0,0.25,0.0,0.0,0.0,48039187.7884174,0.0,144117563.3652522,0.0026743935098441085,0.25,1.0
2014-01-13,192670653.9218277,193013769.73839185,0.0,0.0,0.25,0.0,0.0,0.0,48167663.480456926,0.0,144502990.4413708,0.0017808410859672663,0.25,1.0
2014-01-14,193013769.73839185,193123711.35733667,0.0,0.0,0.25,0.0,0.0,0.0,48253442.43459796,0.0,144760327.30379388,0.000569605055089295,0.25,1.0
2014-01-15,193123711.35733667,193165570.36986884,0.0,0.0,0.25,0.0,0.0,0.0,48280927.83933417,0.0,144842783.5180025,0.00021674714222297276,0.25,1.0
2014-01-16,193165570.36986884,193257275.6115102,0.0,0.0,0.25,0.0,0.0,0.0,48291392.59246721,0.0,144874177.77740163,0.00047474941556985284,0.25,1.0
2014-01-17,193257275.6115102,193264031.76820496,0.0,0.0,0.25,0.0,0.0,0.0,48314318.90287755,0.0,144942956.70863265,3.495939117120761e-05,0.25,1.0
2014-01-20,193264031.76820496,193264031.76820496,0.0,0.0,0.25,0.0,0.0,0.0,48316007.94205124,0.0,144948023.82615373,0.0,0.25,1.0
2014-01-21,193264031.76820496,193182310.14601773,0.0,0.0,0.25,0.0,0.0,0.0,48316007.94205124,0.0,144948023.82615373,-0.00042284961893601647,0.25,1.0
2014-01-22,193182310.14601773,193500374.2731939,0.0,0.0,0.25,0.0,0.0,0.0,48295577.53650443,0.0,144886732.60951328,0.0016464454065994172,0.25,1.0
2014-01-23,193500374.2731939,193577144.323866,0.0,0.0,0.25,0.0,0.0,0.0,48375093.568298474,0.0,145125280.70489544,0.00039674368052511344,0.25,1.0
2014-01-24,193577144.323866,193972063.30358186,0.0,0.0,0.25,0.0,0.0,0.0,48394286.0809665,0.0,145182858.2428995,0.002040111610775275,0.25,1.0
2014-01-27,193972063.30358186,193404052.60809714,0.0,0.0,0.25,0.0,0.0,0.0,48493015.825895466,0.0,145479047.4776864,-0.002928311870332212,0.25,1.0
2014-01-28,193404052.60809714,193739159.28824127,0.0,0.0,0.25,0.0,0.0,0.0,48351013.152024284,0.0,145053039.45607287,0.0017326766198803023,0.25,1.0
2014-01-29,193739159.28824127,194201379.92098364,0.0,0.0,0.25,0.0,0.0,0.0,48434789.82206032,0.0,145304369.46618095,0.0023857883684459957,0.25,1.0
2014-01-30,194201379.92098364,192819712.1685731,0.0,0.0,0.25,0.25,0.0,0.0,48550344.98024591,48550344.98024591,97100689.96049182,-0.007114613464501318,0.5,2.0
2014-01-31,192819712.1685731,192769347.41567048,0.0,0.0,0.25,0.25,0.0,0.0,48204928.04214328,48204928.04214328,96409856.08428656,-0.00026120126586737236,0.5,2.0
2014-02-03,192769347.41567048,193384141.4256163,0.0,0.0,0.25,0.25,0.0,0.0,48192336.85391762,48192336.85391762,96384673.70783524,0.003189272662837417,0.5,2.0
2014-02-04,193384141.4256163,194009868.6377148,0.0,0.0,0.25,0.25,0.0,0.0,48346035.35640407,48346035.35640407,96692070.71280815,0.0032356697270296553,0.5,2.0
2014-02-05,194009868.6377148,194035488.73628643,0.0,0.0,0.25,0.25,0.0,0.0,48502467.1594287,48502467.1594287,97004934.3188574,0.00013205564619739318,0.5,2.0
2014-02-06,194035488.73628643,194049278.51536563,0.0,0.0,0.25,0.25,0.0,0.0,48508872.18407161,48508872.18407161,97017744.36814322,7.106833481335117e-05,0.5,2.0
2014-02-07,194049278.51536563,194550116.51623312,0.0,0.0,0.25,0.25,0.0,0.0,48512319.62884141,48512319.62884141,97024639.25768282,0.0025809835764364353,0.5,2.0
2014-02-10,194550116.51623312,194622303.25729045,0.0,0.0,0.25,0.25,0.0,0.0,48637529.12905828,48637529.12905828,97275058.25811656,0.00037104445039665146,0.5,2.0
2014-02-11,194622303.25729045,195612428.06127945,0.0,0.0,0.25,0.25,0.0,0.0,48655575.81432261,48655575.81432261,97311151.62864523,0.00508741694768694,0.5,2.0
2014-02-12,195612428.06127945,195786768.62309793,0.0,0.0,0.25,0.25,0.0,0.0,48903107.01531986,48903107.01531986,97806214.03063972,0.0008912550370463457,0.5,2.0
2014-02-13,195786768.62309793,196519651.24054435,0.0,0.0,0.25,0.25,0.0,0.0,48946692.15577448,48946692.15577448,97893384.31154896,0.00374326938740821,0.5,2.0
2014-02-14,196519651.24054435,197328630.00864553,0.0,0.0,0.25,0.25,0.0,0.0,49129912.81013609,49129912.81013609,98259825.62027217,0.00411652861683004,0.5,2.0
2014-02-17,197328630.00864553,197808984.99198297,0.0,0.0,0.25,0.25,0.0,0.0,49332157.50216138,49332157.50216138,98664315.00432277,0.002434289354344532,0.5,2.0
2014-02-18,197808984.99198297,198281549.90547183,0.0,0.0,0.25,0.25,0.0,0.0,49452246.24799574,49452246.24799574,98904492.49599148,0.002388996200086785,0.5,2.0
2014-02-19,198281549.90547183,198217591.15084538,0.0,0.0,0.25,0.25,0.0,0.0,49570387.47636796,49570387.47636796,99140774.95273592,-0.0003225653352867397,0.5,2.0
2014-02-20,198217591.15084538,198514824.18600243,0.0,0.0,0.25,0.25,0.0,0.0,49554397.787711345,49554397.787711345,99108795.57542269,0.0014995290449819065,0.5,2.0
2014-02-21,198514824.18600243,198687327.76834047,0.0,0.0,0.25,0.25,0.0,0.0,49628706.04650061,49628706.04650061,99257412.09300122,0.0008689707836448402,0.5,2.0
2014-02-24,198687327.76834047,199240392.1004039,0.0,0.0,0.25,0.25,0.0,0.0,49671831.94208512,49671831.94208512,99343663.88417023,0.0027835913758338937,0.5,2.0
2014-02-25,199240392.1004039,199398467.4857218,0.0,0.0,0.25,0.25,0.0,0.0,49810098.025100976,49810098.025100976,99620196.05020195,0.0007933902541120141,0.5,2.0
2014-02-26,199398467.4857218,198496540.48738712,0.0,0.25,0.25,0.25,0.0,49849616.87143045,49849616.87143045,49849616.87143045,49849616.87143045,-0.004523239369426391,0.75,3.0
2014-02-27,198496540.48738712,198430810.24936053,0.0,0.25,0.25,0.25,0.0,49624135.12184678,49624135.12184678,49624135.12184678,49624135.12184678,-0.0003311404715931332,0.75,3.0
2014-02-28,198430810.24936053,198458947.8360356,0.0,0.25,0.25,0.25,0.0,49607702.56234013,49607702.56234013,49607702.56234013,49607702.56234013,0.00014180049277481843,0.75,3.0
2014-03-03,198458947.8360356,199791652.13459006,0.0,0.25,0.25,0.25,0.0,49614736.9590089,49614736.9590089,49614736.9590089,49614736.9590089,0.00671526435611014,0.75,3.0
2014-03-04,199791652.13459006,199509472.30459863,0.0,0.25,0.25,0.25,0.0,49947913.033647515,49947913.033647515,49947913.033647515,49947913.033647515,-0.001412370471822022,0.75,3.0
2014-03-05,199509472.30459863,199670890.69737047,0.0,0.25,0.25,0.25,0.0,49877368.07614966,49877368.07614966,49877368.07614966,49877368.07614966,0.0008090763356108088,0.75,3.0
2014-03-06,199670890.69737047,201857047.72900853,0.25,0.25,0.25,0.25,49917722.67434262,49917722.67434262,49917722.67434262,49917722.67434262,0.0,0.010948801921014495,1.0,4.0
2014-03-07,201857047.72900853,200534527.25122246,0.25,0.25,0.25,0.25,50464261.93225213,50464261.93225213,50464261.93225213,50464261.93225213,0.0,-0.00655176766263596,1.0,4.0
2014-03-10,200534527.25122246,199884428.15426415,0.25,0.25,0.25,0.25,50133631.812805615,50133631.812805615,50133631.812805615,50133631.812805615,0.0,-0.0032418312490591072,1.0,4.0
2014-03-11,199884428.15426415,200065114.0769274,0.25,0.25,0.25,0.25,49971107.03856604,49971107.03856604,49971107.03856604,49971107.03856604,0.0,0.0009039519703045173,1.0,4.0
2014-03-12,200065114.0769274,200107705.74088868,0.25,0.25,0.25,0.25,50016278.51923185,50016278.51923185,50016278.51923185,50016278.51923185,0.0,0.00021288900944974043,1.0,4.0
2014-03-13,200107705.74088868,200779254.68540245,0.25,0.25,0.25,0.25,50026926.43522217,50026926.43522217,50026926.43522217,50026926.43522217,0.0,0.003355937453919544,1.0,4.0
2014-03-14,200779254.68540245,201193242.04514548,0.25,0.25,0.25,0.25,50194813.67135061,50194813.67135061,50194813.67135061,50194813.67135061,0.0,0.002061903060611131,1.0,4.0
2014-03-17,201193242.04514548,200796150.49593186,0.25,0.25,0.25,0.25,50298310.51128637,50298310.51128637,50298310.51128637,50298310.51128637,0.0,-0.0019736823422952243,1.0,4.0
2014-03-18,200796150.49593186,201091929.17576104,0.25,0.25,0.25,0.25,50199037.623982966,50199037.623982966,50199037.623982966,50199037.623982966,0.0,0.0014730296327825632,1.0,4.0
2014-03-19,201091929.17576104,200141945.29405317,0.25,0.25,0.25,0.25,50272982.29394026,50272982.29394026,50272982.29394026,50272982.29394026,0.0,-0.004724127346143109,1.0,4.0
2014-03-20,200141945.29405317,199143473.64765993,0.25,0.25,0.25,0.25,50035486.32351329,50035486.32351329,50035486.32351329,50035486.32351329,0.0,-0.004988817536105333,1.0,4.0
2014-03-21,199143473.64765993,199822916.92470163,0.25,0.25,0.25,0.25,49785868.41191498,49785868.41191498,49785868.41191498,49785868.41191498,0.0,0.0034118279881158176,1.0,4.0
2014-03-24,199822916.92470163,199050521.2256975,0.25,0.25,0.25,0.25,49955729.23117541,49955729.23117541,49955729.23117541,49955729.23117541,0.0,-0.003865400980485323,1.0,4.0
2014-03-25,199050521.2256975,199820940.80072024,0.25,0.25,0.25,0.25,49762630.30642437,49762630.30642437,49762630.30642437,49762630.30642437,0.0,0.0038704725326954015,1.0,4.0
2014-03-26,199820940.80072024,199977291.95875236,0.25,0.25,0.25,0.25,49955235.20018006,49955235.20018006,49955235.20018006,49955235.20018006,0.0,0.0007824563201712098,1.0,4.0
2014-03-27,199977291.95875236,201015150.23180974,0.25,0.25,0.25,0.25,49994322.98968809,49994322.98968809,49994322.98968809,49994322.98968809,0.0,0.005189880625403376,1.0,4.0
2014-03-28,201015150.23180974,201235619.7152934,0.25,0.25,0.25,0.25,50253787.557952434,50253787.557952434,50253787.557952434,50253787.557952434,0.0,0.0010967804328650133,1.0,4.0
2014-03-31,201235619.7152934,201062839.42231807,0.25,0.25,0.25,0.25,50308904.92882335,50308904.92882335,50308904.92882335,50308904.92882335,0.0,-0.0008585969681698113,1.0,4.0
2014-04-01,201062839.42231807,200364066.20528045,0.25,0.25,0.25,0.25,50265709.85557952,50265709.85557952,50265709.85557952,50265709.85557952,0.0,-0.0034753971397465944,1.0,4.0
2014-04-02,200364066.20528045,200550276.23993692,0.25,0.25,0.25,0.25,50091016.55132011,50091016.55132011,50091016.55132011,50091016.55132011,0.0,0.0009293584332917271,1.0,4.0
2014-04-03,200550276.23993692,200520362.01473144,0.25,0.25,0.25,0.25,50137569.05998423,50137569.05998423,50137569.05998423,50137569.05998423,0.0,-0.00014916072800472135,1.0,4.0
2014-04-04,200520362.01473144,202552364.01991662,0.25,0.25,0.25,0.25,50130090.50368286,50130090.50368286,50130090.50368286,50130090.50368286,0.0,0.010133644208341841,1.0,4.0
2014-04-07,202552364.01991662,202407085.9617812,0.25,0.25,0.25,0.25,50638091.004979156,50638091.004979156,50638091.004979156,50638091.004979156,0.0,-0.0007172370405963968,1.0,4.0
2014-04-08,202407085.9617812,204446785.10265967,0.25,0.25,0.25,0.25,50601771.4904453,50601771.4904453,50601771.4904453,50601771.4904453,0.0,0.010077212125190194,1.0,4.0
2014-04-09,204446785.10265967,204598434.6593129,0.25,0.25,0.25,0.25,51111696.27566492,51111696.27566492,51111696.27566492,51111696.27566492,0.0,0.0007417556435388162,1.0,4.0
2014-04-10,204598434.6593129,205733837.0656617,0.25,0.25,0.25,0.25,51149608.664828226,51149608.664828226,51149608.664828226,51149608.664828226,0.0,0.005549418832257624,1.0,4.0
2014-04-11,205733837.0656617,205307778.77610582,0.25,0.25,0.25,0.25,51433459.266415425,51433459.266415425,51433459.266415425,51433459.266415425,0.0,-0.0020709198624428438,1.0,4.0
2014-04-14,205307778.77610582,205968765.57874978,0.25,0.25,0.25,0.25,51326944.694026455,51326944.694026455,51326944.694026455,51326944.694026455,0.0,0.0032194922500465017,1.0,4.0
2014-04-15,205968765.57874978,203969675.28554565,0.25,0.25,0.25,0.25,51492191.394687444,51492191.394687444,51492191.394687444,51492191.394687444,0.0,-0.009705793437111365,1.0,4.0
2014-04-16,203969675.28554565,204037827.25206608,0.25,0.25,0.25,0.25,50992418.82138641,50992418.82138641,50992418.82138641,50992418.82138641,0.0,0.0003341279355621729,1.0,4.0
2014-04-17,204037827.25206608,203937603.27331135,0.25,0.25,0.25,0.0,51009456.81301652,51009456.81301652,51009456.81301652,0.0,51009456.81301652,-0.0004912029308708765,0.75,3.0
2014-04-18,203937603.27331135,203937603.27331135,0.25,0.25,0.25,0.0,50984400.81832784,50984400.81832784,50984400.81832784,0.0,50984400.81832784,0.0,0.75,3.0
2014-04-21,203937603.27331135,203669647.56769654,0.25,0.25,0.25,0.0,50984400.81832784,50984400.81832784,50984400.81832784,0.0,50984400.81832784,-0.0013139102417306092,0.75,3.0
2014-04-22,203669647.56769654,204037816.7278456,0.25,0.25,0.25,0.0,50917411.891924135,50917411.891924135,50917411.891924135,0.0,50917411.891924135,0.0018076780931566838,0.75,3.0
2014-04-23,204037816.7278456,203782956.00438938,0.25,0.25,0.25,0.0,51009454.1819614,51009454.1819614,51009454.1819614,0.0,51009454.1819614,-0.0012490857211836237,0.75,3.0
2014-04-24,203782956.00438938,204319747.42641476,0.25,0.25,0.25,0.0,50945739.001097344,50945739.001097344,50945739.001097344,0.0,50945739.001097344,0.0026341330626976356,0.75,3.0
2014-04-25,204319747.42641476,204156950.50804135,0.25,0.25,0.25,0.0,51079936.85660369,51079936.85660369,51079936.85660369,0.0,51079936.85660369,-0.0007967752526320537,0.75,3.0
2014-04-28,204156950.50804135,203826629.95773852,0.25,0.25,0.25,0.0,51039237.62701034,51039237.62701034,51039237.62701034,0.0,51039237.62701034,-0.0016179735712195664,0.75,3.0
2014-04-29,203826629.95773852,204549481.43557364,0.25,0.25,0.25,0.0,50956657.48943463,50956657.48943463,50956657.48943463,0.0,50956657.48943463,0.0035464035194272547,0.75,3.0
2014-04-30,204549481.43557364,204053538.01236936,0.25,0.25,0.25,0.0,51137370.35889341,51137370.35889341,51137370.35889341,0.0,51137370.35889341,-0.0024245645587739895,0.75,3.0
2014-05-01,204053538.01236936,203540034.9701146,0.25,0.25,0.25,0.0,51013384.50309234,51013384.50309234,51013384.50309234,0.0,51013384.50309234,-0.002516511339409555,0.75,3.0
2014-05-02,203540034.9701146,204030960.4873129,0.25,0.25,0.25,0.0,50885008.74252865,50885008.74252865,50885008.74252865,0.0,50885008.74252865,0.0024119358988535233,0.75,3.0
2014-05-05,204030960.4873129,203962239.59786206,0.25,0.25,0.25,0.0,51007740.12182823,51007740.12182823,51007740.12182823,0.0,51007740.12182823,-0.00033681598756735154,0.75,3.0
2014-05-06,203962239.59786206,204417157.0072094,0.25,0.25,0.25,0.0,50990559.899465516,50990559.899465516,50990559.899465516,0.0,50990559.899465516,0.002230400147813061,0.75,3.0
2014-05-07,204417157.0072094,204349116.96475774,0.25,0.25,0.25,0.0,51104289.25180235,51104289.25180235,51104289.25180235,0.0,51104289.25180235,-0.0003328489812097768,0.75,3.0
2014-05-08,204349116.96475774,204714524.9389148,0.25,0.25,0.25,0.0,51087279.241189435,51087279.241189435,51087279.241189435,0.0,51087279.241189435,0.0017881553861576749,0.75,3.0
2014-05-09,204714524.9389148,204238901.59312665,0.25,0.25,0.25,0.0,51178631.2347287,51178631.2347287,51178631.2347287,0.0,51178631.2347287,-0.0023233492881371276,0.75,3.0
2014-05-12,204238901.59312665,204516542.4537579,0.25,0.25,0.25,0.0,51059725.39828166,51059725.39828166,51059725.39828166,0.0,51059725.39828166,0.0013593926449153582,0.75,3.0
2014-05-13,204516542.4537579,204810605.96612605,0.25,0.25,0.25,0.0,51129135.61343948,51129135.61343948,51129135.61343948,0.0,51129135.61343948,0.0014378470750582295,0.75,3.0
2014-05-14,204810605.96612605,204915339.0668741,0.25,0.25,0.25,0.0,51202651.49153151,51202651.49153151,51202651.49153151,0.0,51202651.49153151,0.0005113656114338894,0.75,3.0
2014-05-15,204915339.0668741,204447366.93219388,0.25,0.25,0.25,0.0,51228834.76671852,51228834.76671852,51228834.76671852,0.0,51228834.76671852,-0.002283734037730939,0.75,3.0
2014-05-16,204447366.93219388,204499732.69390082,0.25,0.25,0.25,0.0,51111841.73304847,51111841.73304847,51111841.73304847,0.0,51111841.73304847,0.0002561332165471608,0.75,3.0
2014-05-19,204499732.69390082,204662220.05909646,0.25,0.25,0.25,0.0,51124933.173475206,51124933.173475206,51124933.173475206,0.0,51124933.173475206,0.0007945602815961628,0.75,3.0
2014-05-20,204662220.05909646,204102903.64378962,0.25,0.25,0.25,0.0,51165555.014774114,51165555.014774114,51165555.014774114,0.0,51165555.014774114,-0.002732875736153495,0.75,3.0
2014-05-21,204102903.64378962,203915163.1417202,0.25,0.25,0.25,0.0,51025725.910947405,51025725.910947405,51025725.910947405,0.0,51025725.910947405,-0.0009198325879629654,0.75,3.0
2014-05-22,203915163.1417202,204041701.7710451,0.25,0.25,0.25,0.0,50978790.78543005,50978790.78543005,50978790.78543005,0.0,50978790.78543005,0.0006205454630019147,0.75,3.0
2014-05-23,204041701.7710451,203994866.8313117,0.25,0.25,0.25,0.0,51010425.44276127,51010425.44276127,51010425.44276127,0.0,51010425.44276127,-0.00022953611603332424,0.75,3.0
2014-05-26,203994866.8313117,204023383.91964406,0.25,0.25,0.25,0.0,50998716.707827926,50998716.707827926,50998716.707827926,0.0,50998716.707827926,0.00013979316624623817,0.75,3.0
2014-05-27,204023383.91964406,203279252.29395407,0.25,0.25,0.25,0.0,51005845.979911014,51005845.979911014,51005845.979911014,0.0,51005845.979911014,-0.0036472859698427618,0.75,3.0
2014-05-28,203279252.29395407,203025113.09751746,0.25,0.25,0.25,0.0,50819813.07348852,50819813.07348852,50819813.07348852,0.0,50819813.07348852,-0.0012501974184218612,0.75,3.0
2014-05-29,203025113.09751746,203937749.59531185,0.25,0.25,0.25,0.0,50756278.274379365,50756278.274379365,50756278.274379365,0.0,50756278.274379365,0.004495190195293847,0.75,3.0
2014-05-30,203937749.59531185,203213901.93110615,0.25,0.25,0.25,0.0,50984437.39882796,50984437.39882796,50984437.39882796,0.0,50984437.39882796,-0.0035493559463221913,0.75,3.0
2014-06-02,203213901.93110615,202453932.83622274,0.25,0.25,0.25,0.0,50803475.48277654,50803475.48277654,50803475.48277654,0.0,50803475.48277654,-0.0037397495331842057,0.75,3.0
2014-06-03,202453932.83622274,202516933.16386926,0.25,0.25,0.0,0.0,50613483.209055685,50613483.209055685,0.0,0.0,101226966.41811137,0.00031118352093192914,0.5,2.0
2014-06-04,202516933.16386926,202244069.7822107,0.25,0.25,0.0,0.0,50629233.290967315,50629233.290967315,0.0,0.0,101258466.58193463,-0.001347360822602145,0.5,2.0
2014-06-05,202244069.7822107,202669593.7864268,0.25,0.25,0.0,0.0,50561017.44555268,50561017.44555268,0.0,0.0,101122034.89110535,0.0021040122693057883,0.5,2.0
2014-06-06,202669593.7864268,203529141.5617654,0.25,0.25,0.0,0.0,50667398.4466067,50667398.4466067,0.0,0.0,101334796.8932134,0.00424112842622254,0.5,2.0
2014-06-09,203529141.5617654,203874247.14261183,0.25,0.25,0.0,0.0,50882285.39044135,50882285.39044135,0.0,0.0,101764570.7808827,0.001695607706091784,0.5,2.0
2014-06-10,203874247.14261183,204030947.7339945,0.25,0.25,0.0,0.0,50968561.78565296,50968561.78565296,0.0,0.0,101937123.57130592,0.0007686139548222504,0.5,2.0
2014-06-11,204030947.7339945,204069209.27014348,0.25,0.25,0.0,0.0,51007736.93349863,51007736.93349863,0.0,0.0,102015473.86699726,0.00018752810087857563,0.5,2.0
2014-06-12,204069209.27014348,204307414.1668809,0.25,0.25,0.0,0.0,51017302.31753587,51017302.31753587,0.0,0.0,102034604.63507174,0.0011672750513874175,0.5,2.0
2014-06-13,204307414.1668809,204150476.54811156,0.25,0.25,0.0,0.0,51076853.54172023,51076853.54172023,0.0,0.0,102153707.08344045,-0.0007681445110999663,0.5,2.0
2014-06-16,204150476.54811156,204285050.9698404,0.25,0.25,0.0,0.0,51037619.13702789,51037619.13702789,0.0,0.0,102075238.27405578,0.0006591922977808862,0.5,2.0
2014-06-17,204285050.9698404,203485270.4692592,0.25,0.25,0.0,0.0,51071262.7424601,51071262.7424601,0.0,0.0,102142525.4849202,-0.00391502215548431,0.5,2.0
2014-06-18,203485270.4692592,203494051.6155169,0.0,0.25,0.0,0.0,0.0,50871317.6173148,0.0,0.0,152613952.8519444,4.315371936969292e-05,0.25,1.0
2014-06-19,203494051.6155169,203880423.53518215,0.0,0.25,0.0,0.0,0.0,50873512.903879225,0.0,0.0,152620538.71163768,0.0018986890112899224,0.25,1.0
2014-06-20,203880423.53518215,203748341.40904036,0.0,0.25,0.0,0.0,0.0,50970105.88379554,0.0,0.0,152910317.65138662,-0.0006478411406625473,0.25,1.0
2014-06-23,203748341.40904036,203969206.5139025,0.0,0.25,0.0,0.0,0.0,50937085.35226009,0.0,0.0,152811256.05678028,0.001084009338847447,0.25,1.0
2014-06-24,203969206.5139025,203745962.70656103,0.0,0.25,0.0,0.0,0.0,50992301.62847562,0.0,0.0,152976904.88542688,-0.0010944976016575292,0.25,1.0
2014-06-25,203745962.70656103,203804119.0200922,0.0,0.25,0.0,0.0,0.0,50936490.67664026,0.0,0.0,152809472.02992076,0.0002854354155470973,0.25,1.0
2014-06-26,203804119.0200922,203869222.98551062,0.0,0.25,0.0,0.0,0.0,50951029.75502305,0.0,0.0,152853089.26506913,0.0003194438156180479,0.25,1.0
2014-06-27,203869222.98551062,203970472.86715132,0.0,0.25,0.0,0.0,0.0,50967305.746377654,0.0,0.0,152901917.23913297,0.0004966413279942627,0.25,1.0
2014-06-30,203970472.86715132,204082413.39564776,0.0,0.25,0.0,0.0,0.0,50992618.21678783,0.0,0.0,152977854.6503635,0.0005488075157296657,0.25,1.0
2014-07-01,204082413.39564776,204323795.4652446,0.0,0.25,0.0,0.0,0.0,51020603.34891194,0.0,0.0,153061810.04673582,0.001182767616182856,0.25,1.0
2014-07-02,204323795.4652446,204096645.57296714,0.0,0.25,0.0,0.0,0.0,51080948.86631115,0.0,0.0,153242846.59893346,-0.0011117153132373103,0.25,1.0
2014-07-03,204096645.57296714,203165194.1083721,0.25,0.25,0.0,0.25,51024161.393241785,51024161.393241785,0.0,51024161.393241785,51024161.393241785,-0.004563776450025286,0.75,3.0
2014-07-04,203165194.1083721,203545685.91155356,0.25,0.25,0.0,0.25,50791298.52709302,50791298.52709302,0.0,50791298.52709302,50791298.52709302,0.00187281982453405,0.75,3.0
2014-07-07,203545685.91155356,203403042.54062513,0.25,0.25,0.0,0.25,50886421.47788839,50886421.47788839,0.0,50886421.47788839,50886421.47788839,-0.0007007928971307364,0.75,3.0
2014-07-08,203403042.54062513,203720913.92247102,0.25,0.25,0.0,0.25,50850760.63515628,50850760.63515628,0.0,50850760.63515628,50850760.63515628,0.0015627661114381575,0.75,3.0
2014-07-09,203720913.92247102,204084229.4812702,0.25,0.25,0.0,0.25,50930228.480617754,50930228.480617754,0.0,50930228.480617754,50930228.480617754,0.0017833984336895758,0.75,3.0
2014-07-10,204084229.4812702,204136715.12438977,0.25,0.25,0.0,0.25,51021057.37031755,51021057.37031755,0.0,51021057.37031755,51021057.37031755,0.000257176378856,0.75,3.0
2014-07-11,204136715.12438977,204274879.46416008,0.25,0.25,0.0,0.25,51034178.78109744,51034178.78109744,0.0,51034178.78109744,51034178.78109744,0.0006768225876767064,0.75,3.0
2014-07-14,204274879.46416008,203352035.07986322,0.25,0.25,0.0,0.25,51068719.86604002,51068719.86604002,0.0,51068719.86604002,51068719.86604002,-0.00451765966876419,0.75,3.0
2014-07-15,203352035.07986322,202473491.1499443,0.25,0.25,0.0,0.25,50838008.769965805,50838008.769965805,0.0,50838008.769965805,50838008.769965805,-0.004320310488035578,0.75,3.0
2014-07-16,202473491.1499443,202837086.6838821,0.25,0.25,0.0,0.25,50618372.78748608,50618372.78748608,0.0,50618372.78748608,50618372.78748608,0.0017957685812240998,0.75,3.0
2014-07-17,202837086.6838821,203268718.760452,0.25,0.25,0.0,0.25,50709271.67097052,50709271.67097052,0.0,50709271.67097052,50709271.67097052,0.0021279741472653713,0.75,3.0
2014-07-18,203268718.760452,203085528.50117394,0.25,0.25,0.0,0.25,50817179.690113,50817179.690113,0.0,50817179.690113,50817179.690113,-0.0009012220886477906,0.75,3.0
2014-07-21,203085528.50117394,203359915.16953588,0.25,0.25,0.0,0.25,50771382.125293486,50771382.125293486,0.0,50771382.125293486,50771382.125293486,0.0013510892203250913,0.75,3.0
2014-07-22,203359915.16953588,203487291.80298376,0.25,0.25,0.0,0.25,50839978.79238397,50839978.79238397,0.0,50839978.79238397,50839978.79238397,0.000626360575247481,0.75,3.0
2014-07-23,203487291.80298376,203538929.64511102,0.25,0.25,0.0,0.25,50871822.95074594,50871822.95074594,0.0,50871822.95074594,50871822.95074594,0.00025376445708114037,0.75,3.0
2014-07-24,203538929.64511102,203057111.4413896,0.25,0.25,0.0,0.25,50884732.411277756,50884732.411277756,0.0,50884732.411277756,50884732.411277756,-0.0023672041734793814,0.75,3.0
2014-07-25,203057111.4413896,203394187.78271967,0.25,0.25,0.0,0.25,50764277.8603474,50764277.8603474,0.0,50764277.8603474,50764277.8603474,0.001660007566035765,0.75,3.0
2014-07-28,203394187.78271967,203131821.04666686,0.25,0.25,0.0,0.25,50848546.94567992,50848546.94567992,0.0,50848546.94567992,50848546.94567992,-0.0012899421508204,0.75,3.0
2014-07-29,203131821.04666686,202970999.9957666,0.25,0.25,0.0,0.25,50782955.261666715,50782955.261666715,0.0,50782955.261666715,50782955.261666715,-0.0007917078184580539,0.75,3.0
2014-07-30,202970999.9957666,202120338.199289,0.25,0.25,0.0,0.25,50742749.99894165,50742749.99894165,0.0,50742749.99894165,50742749.99894165,-0.004191050921044576,0.75,3.0
2014-07-31,202120338.199289,201050754.00083596,0.25,0.25,0.0,0.25,50530084.54982225,50530084.54982225,0.0,50530084.54982225,50530084.54982225,-0.005291818764910472,0.75,3.0
2014-08-01,201050754.00083596,201924579.63999665,0.25,0.25,0.0,0.25,50262688.50020899,50262688.50020899,0.0,50262688.50020899,50262688.50020899,0.004346293767976128,0.75,3.0
2014-08-04,201924579.63999665,201747831.40627745,0.0,0.25,0.0,0.25,0.0,50481144.90999916,0.0,50481144.90999916,100962289.81999832,-0.000875318071897585,0.5,2.0
2014-08-05,201747831.40627745,201686342.05126002,0.0,0.25,0.0,0.25,0.0,50436957.85156936,0.0,50436957.85156936,100873915.70313872,-0.00030478322660945634,0.5,2.0
2014-08-06,201686342.05126002,202425045.23089853,0.0,0.25,0.0,0.25,0.0,50421585.512815006,0.0,50421585.512815006,100843171.02563001,0.00366263363262731,0.5,2.0
2014-08-07,202425045.23089853,202434961.3995088,0.0,0.25,0.0,0.25,0.0,50606261.30772463,0.0,50606261.30772463,101212522.61544926,4.8986866219957736e-05,0.5,2.0
2014-08-08,202434961.3995088,202304189.00929442,0.0,0.25,0.0,0.25,0.0,50608740.3498772,0.0,50608740.3498772,101217480.6997544,-0.0006459970615267929,0.5,2.0
2014-08-11,202304189.00929442,202216047.76768753,0.0,0.25,0.0,0.25,0.0,50576047.252323605,0.0,50576047.252323605,101152094.50464721,-0.0004356866856712882,0.5,2.0
2014-08-12,202216047.76768753,202255842.51602164,0.0,0.0,0.0,0.25,0.0,0.0,0.0,50554011.94192188,151662035.82576564,0.00019679322572757618,0.25,1.0
2014-08-13,202255842.51602164,202387512.45801896,0.0,0.0,0.0,0.25,0.0,0.0,0.0,50563960.62900541,151691881.88701624,0.0006510068651633394,0.25,1.0
2014-08-14,202387512.45801896,202410635.06021005,0.0,0.0,0.0,0.25,0.0,0.0,0.0,50596878.11450474,151790634.3435142,0.00011424915455621187,0.25,1.0
2014-08-15,202410635.06021005,202070849.25542006,0.0,0.0,0.0,0.25,0.0,0.0,0.0,50602658.76505251,151807976.29515755,-0.0016786954138497956,0.25,1.0
2014-08-18,202070849.25542006,201826914.5673099,0.0,0.0,0.0,0.25,0.0,0.0,0.0,50517712.313855015,151553136.94156504,-0.0012071740630029693,0.25,1.0
2014-08-19,201826914.5673099,201723156.50702518,0.0,0.0,0.0,0.25,0.0,0.0,0.0,50456728.64182747,151370185.92548242,-0.0005140942698706186,0.25,1.0
2014-08-20,201723156.50702518,201575646.84776714,0.0,0.0,0.0,0.25,0.0,0.0,0.0,50430789.126756296,151292367.38026887,-0.0007312480223503337,0.25,1.0
2014-08-21,201575646.84776714,200984310.01977742,0.0,0.0,0.0,0.25,0.0,0.0,0.0,50393911.711941786,151181735.13582537,-0.0029335727665371625,0.25,1.0
2014-08-22,200984310.01977742,201154318.2082056,0.0,0.0,0.0,0.25,0.0,0.0,0.0,50246077.504944354,150738232.51483306,0.0008458779116213844,0.25,1.0
2014-08-25,201154318.2082056,200987095.23662513,0.0,0.0,0.0,0.25,0.0,0.0,0.0,50288579.5520514,150865738.65615422,-0.0008313168370931157,0.25,1.0
2014-08-26,200987095.23662513,201158671.8897751,0.0,0.0,0.0,0.25,0.0,0.0,0.0,50246773.809156284,150740321.42746884,0.0008536699978071161,0.25,1.0
2014-08-27,201158671.8897751,201158671.8897751,0.0,0.0,0.0,0.0,0.0,0.0,0.0,0.0,201158671.8897751,0.0,0.0,0.0
2014-08-28,201158671.8897751,201158671.8897751,0.0,0.0,0.0,0.0,0.0,0.0,0.0,0.0,201158671.8897751,0.0,0.0,0.0
2014-08-29,201158671.8897751,201158671.8897751,0.0,0.0,0.0,0.0,0.0,0.0,0.0,0.0,201158671.8897751,0.0,0.0,0.0
2014-09-01,201158671.8897751,201158671.8897751,0.0,0.0,0.0,0.0,0.0,0.0,0.0,0.0,201158671.8897751,0.0,0.0,0.0
2014-09-02,201158671.8897751,201158671.8897751,0.0,0.0,0.0,0.0,0.0,0.0,0.0,0.0,201158671.8897751,0.0,0.0,0.0
2014-09-03,201158671.8897751,201158671.8897751,0.0,0.0,0.0,0.0,0.0,0.0,0.0,0.0,201158671.8897751,0.0,0.0,0.0
2014-09-04,201158671.8897751,201158671.8897751,0.0,0.0,0.0,0.0,0.0,0.0,0.0,0.0,201158671.8897751,0.0,0.0,0.0
2014-09-05,201158671.8897751,201158671.8897751,0.0,0.0,0.0,0.0,0.0,0.0,0.0,0.0,201158671.8897751,0.0,0.0,0.0
2014-09-08,201158671.8897751,201158671.8897751,0.0,0.0,0.0,0.0,0.0,0.0,0.0,0.0,201158671.8897751,0.0,0.0,0.0
2014-09-09,201158671.8897751,201158671.8897751,0.0,0.0,0.0,0.0,0.0,0.0,0.0,0.0,201158671.8897751,0.0,0.0,0.0
2014-09-10,201158671.8897751,201158671.8897751,0.0,0.0,0.0,0.0,0.0,0.0,0.0,0.0,201158671.8897751,0.0,0.0,0.0
2014-09-11,201158671.8897751,201158671.8897751,0.0,0.0,0.0,0.0,0.0,0.0,0.0,0.0,201158671.8897751,0.0,0.0,0.0
2014-09-12,201158671.8897751,201158671.8897751,0.0,0.0,0.0,0.0,0.0,0.0,0.0,0.0,201158671.8897751,0.0,0.0,0.0
2014-09-15,201158671.8897751,201158671.8897751,0.0,0.0,0.0,0.0,0.0,0.0,0.0,0.0,201158671.8897751,0.0,0.0,0.0
2014-09-16,201158671.8897751,201158671.8897751,0.0,0.0,0.0,0.0,0.0,0.0,0.0,0.0,201158671.8897751,0.0,0.0,0.0
2014-09-17,201158671.8897751,201158671.8897751,0.0,0.0,0.0,0.0,0.0,0.0,0.0,0.0,201158671.8897751,0.0,0.0,0.0
2014-09-18,201158671.8897751,201158671.8897751,0.0,0.0,0.0,0.0,0.0,0.0,0.0,0.0,201158671.8897751,0.0,0.0,0.0
2014-09-19,201158671.8897751,201158671.8897751,0.0,0.0,0.0,0.0,0.0,0.0,0.0,0.0,201158671.8897751,0.0,0.0,0.0
2014-09-22,201158671.8897751,201158671.8897751,0.0,0.0,0.0,0.0,0.0,0.0,0.0,0.0,201158671.8897751,0.0,0.0,0.0
2014-09-23,201158671.8897751,201158671.8897751,0.0,0.0,0.0,0.0,0.0,0.0,0.0,0.0,201158671.8897751,0.0,0.0,0.0
2014-09-24,201158671.8897751,201158671.8897751,0.0,0.0,0.0,0.0,0.0,0.0,0.0,0.0,201158671.8897751,0.0,0.0,0.0
2014-09-25,201158671.8897751,201158671.8897751,0.0,0.0,0.0,0.0,0.0,0.0,0.0,0.0,201158671.8897751,0.0,0.0,0.0
2014-09-26,201158671.8897751,201158671.8897751,0.0,0.0,0.0,0.0,0.0,0.0,0.0,0.0,201158671.8897751,0.0,0.0,0.0
2014-09-29,201158671.8897751,201158671.8897751,0.0,0.0,0.0,0.0,0.0,0.0,0.0,0.0,201158671.8897751,0.0,0.0,0.0
2014-09-30,201158671.8897751,201158671.8897751,0.0,0.0,0.0,0.0,0.0,0.0,0.0,0.0,201158671.8897751,0.0,0.0,0.0
2014-10-01,201158671.8897751,201158671.8897751,0.0,0.0,0.0,0.0,0.0,0.0,0.0,0.0,201158671.8897751,0.0,0.0,0.0
2014-10-02,201158671.8897751,201158671.8897751,0.0,0.0,0.0,0.0,0.0,0.0,0.0,0.0,201158671.8897751,0.0,0.0,0.0
2014-10-03,201158671.8897751,201158671.8897751,0.0,0.0,0.0,0.0,0.0,0.0,0.0,0.0,201158671.8897751,0.0,0.0,0.0
2014-10-06,201158671.8897751,201158671.8897751,0.0,0.0,0.0,0.0,0.0,0.0,0.0,0.0,201158671.8897751,0.0,0.0,0.0
2014-10-07,201158671.8897751,201158671.8897751,0.0,0.0,0.0,0.0,0.0,0.0,0.0,0.0,201158671.8897751,0.0,0.0,0.0
2014-10-08,201158671.8897751,201158671.8897751,0.0,0.0,0.0,0.0,0.0,0.0,0.0,0.0,201158671.8897751,0.0,0.0,0.0
2014-10-09,201158671.8897751,201158671.8897751,0.0,0.0,0.0,0.0,0.0,0.0,0.0,0.0,201158671.8897751,0.0,0.0,0.0
2014-10-10,201158671.8897751,201158671.8897751,0.0,0.0,0.0,0.0,0.0,0.0,0.0,0.0,201158671.8897751,0.0,0.0,0.0
2014-10-13,201158671.8897751,201158671.8897751,0.0,0.0,0.0,0.0,0.0,0.0,0.0,0.0,201158671.8897751,0.0,0.0,0.0
2014-10-14,201158671.8897751,201158671.8897751,0.0,0.0,0.0,0.0,0.0,0.0,0.0,0.0,201158671.8897751,0.0,0.0,0.0
2014-10-15,201158671.8897751,201158671.8897751,0.0,0.0,0.0,0.0,0.0,0.0,0.0,0.0,201158671.8897751,0.0,0.0,0.0
2014-10-16,201158671.8897751,201158671.8897751,0.0,0.0,0.0,0.0,0.0,0.0,0.0,0.0,201158671.8897751,0.0,0.0,0.0
2014-10-17,201158671.8897751,201158671.8897751,0.0,0.0,0.0,0.0,0.0,0.0,0.0,0.0,201158671.8897751,0.0,0.0,0.0
2014-10-20,201158671.8897751,201158671.8897751,0.0,0.0,0.0,0.0,0.0,0.0,0.0,0.0,201158671.8897751,0.0,0.0,0.0
2014-10-21,201158671.8897751,201158671.8897751,0.0,0.0,0.0,0.0,0.0,0.0,0.0,0.0,201158671.8897751,0.0,0.0,0.0
2014-10-22,201158671.8897751,201158671.8897751,0.0,0.0,0.0,0.0,0.0,0.0,0.0,0.0,201158671.8897751,0.0,0.0,0.0
2014-10-23,201158671.8897751,201158671.8897751,0.0,0.0,0.0,0.0,0.0,0.0,0.0,0.0,201158671.8897751,0.0,0.0,0.0
2014-10-24,201158671.8897751,201158671.8897751,0.0,0.0,0.0,0.0,0.0,0.0,0.0,0.0,201158671.8897751,0.0,0.0,0.0
2014-10-27,201158671.8897751,201158671.8897751,0.0,0.0,0.0,0.0,0.0,0.0,0.0,0.0,201158671.8897751,0.0,0.0,0.0
2014-10-28,201158671.8897751,201158671.8897751,0.0,0.0,0.0,0.0,0.0,0.0,0.0,0.0,201158671.8897751,0.0,0.0,0.0
2014-10-29,201158671.8897751,201158671.8897751,0.0,0.0,0.0,0.0,0.0,0.0,0.0,0.0,201158671.8897751,0.0,0.0,0.0
2014-10-30,201158671.8897751,201158671.8897751,0.0,0.0,0.0,0.0,0.0,0.0,0.0,0.0,201158671.8897751,0.0,0.0,0.0
2014-10-31,201158671.8897751,201158671.8897751,0.0,0.0,0.0,0.0,0.0,0.0,0.0,0.0,201158671.8897751,0.0,0.0,0.0
2014-11-03,201158671.8897751,201158671.8897751,0.0,0.0,0.0,0.0,0.0,0.0,0.0,0.0,201158671.8897751,0.0,0.0,0.0
2014-11-04,201158671.8897751,201158671.8897751,0.0,0.0,0.0,0.0,0.0,0.0,0.0,0.0,201158671.8897751,0.0,0.0,0.0
2014-11-05,201158671.8897751,201158671.8897751,0.0,0.0,0.0,0.0,0.0,0.0,0.0,0.0,201158671.8897751,0.0,0.0,0.0
2014-11-06,201158671.8897751,201158671.8897751,0.0,0.0,0.0,0.0,0.0,0.0,0.0,0.0,201158671.8897751,0.0,0.0,0.0
2014-11-07,201158671.8897751,201158671.8897751,0.0,0.0,0.0,0.0,0.0,0.0,0.0,0.0,201158671.8897751,0.0,0.0,0.0
2014-11-10,201158671.8897751,201158671.8897751,0.0,0.0,0.0,0.0,0.0,0.0,0.0,0.0,201158671.8897751,0.0,0.0,0.0
2014-11-11,201158671.8897751,201158671.8897751,0.0,0.0,0.0,0.0,0.0,0.0,0.0,0.0,201158671.8897751,0.0,0.0,0.0
2014-11-12,201158671.8897751,201158671.8897751,0.0,0.0,0.0,0.0,0.0,0.0,0.0,0.0,201158671.8897751,0.0,0.0,0.0
2014-11-13,201158671.8897751,201158671.8897751,0.0,0.0,0.0,0.0,0.0,0.0,0.0,0.0,201158671.8897751,0.0,0.0,0.0
2014-11-14,201158671.8897751,201158671.8897751,0.0,0.0,0.0,0.0,0.0,0.0,0.0,0.0,201158671.8897751,0.0,0.0,0.0
2014-11-17,201158671.8897751,201158671.8897751,0.0,0.0,0.0,0.0,0.0,0.0,0.0,0.0,201158671.8897751,0.0,0.0,0.0
2014-11-18,201158671.8897751,201158671.8897751,0.0,0.0,0.0,0.0,0.0,0.0,0.0,0.0,201158671.8897751,0.0,0.0,0.0
2014-11-19,201158671.8897751,201158671.8897751,0.0,0.0,0.0,0.0,0.0,0.0,0.0,0.0,201158671.8897751,0.0,0.0,0.0
2014-11-20,201158671.8897751,201158671.8897751,0.0,0.0,0.0,0.0,0.0,0.0,0.0,0.0,201158671.8897751,0.0,0.0,0.0
2014-11-21,201158671.8897751,201158671.8897751,0.0,0.0,0.0,0.0,0.0,0.0,0.0,0.0,201158671.8897751,0.0,0.0,0.0
2014-11-24,201158671.8897751,201158671.8897751,0.0,0.0,0.0,0.0,0.0,0.0,0.0,0.0,201158671.8897751,0.0,0.0,0.0
2014-11-25,201158671.8897751,201158671.8897751,0.0,0.0,0.0,0.0,0.0,0.0,0.0,0.0,201158671.8897751,0.0,0.0,0.0
2014-11-26,201158671.8897751,201158671.8897751,0.0,0.0,0.0,0.0,0.0,0.0,0.0,0.0,201158671.8897751,0.0,0.0,0.0
2014-11-27,201158671.8897751,201158671.8897751,0.0,0.0,0.0,0.0,0.0,0.0,0.0,0.0,201158671.8897751,0.0,0.0,0.0
2014-11-28,201158671.8897751,201158671.8897751,0.0,0.0,0.0,0.0,0.0,0.0,0.0,0.0,201158671.8897751,0.0,0.0,0.0
2014-12-01,201158671.8897751,201158671.8897751,0.0,0.0,0.0,0.0,0.0,0.0,0.0,0.0,201158671.8897751,0.0,0.0,0.0
2014-12-02,201158671.8897751,201158671.8897751,0.0,0.0,0.0,0.0,0.0,0.0,0.0,0.0,201158671.8897751,0.0,0.0,0.0
2014-12-03,201158671.8897751,201158671.8897751,0.0,0.0,0.0,0.0,0.0,0.0,0.0,0.0,201158671.8897751,0.0,0.0,0.0
2014-12-04,201158671.8897751,201158671.8897751,0.0,0.0,0.0,0.0,0.0,0.0,0.0,0.0,201158671.8897751,0.0,0.0,0.0
2014-12-05,201158671.8897751,201158671.8897751,0.0,0.0,0.0,0.0,0.0,0.0,0.0,0.0,201158671.8897751,0.0,0.0,0.0
2014-12-08,201158671.8897751,201158671.8897751,0.0,0.0,0.0,0.0,0.0,0.0,0.0,0.0,201158671.8897751,0.0,0.0,0.0
2014-12-09,201158671.8897751,201158671.8897751,0.0,0.0,0.0,0.0,0.0,0.0,0.0,0.0,201158671.8897751,0.0,0.0,0.0
2014-12-10,201158671.8897751,201158671.8897751,0.0,0.0,0.0,0.0,0.0,0.0,0.0,0.0,201158671.8897751,0.0,0.0,0.0
2014-12-11,201158671.8897751,201158671.8897751,0.0,0.0,0.0,0.0,0.0,0.0,0.0,0.0,201158671.8897751,0.0,0.0,0.0
2014-12-12,201158671.8897751,201158671.8897751,0.0,0.0,0.0,0.0,0.0,0.0,0.0,0.0,201158671.8897751,0.0,0.0,0.0
2014-12-15,201158671.8897751,201158671.8897751,0.0,0.0,0.0,0.0,0.0,0.0,0.0,0.0,201158671.8897751,0.0,0.0,0.0
2014-12-16,201158671.8897751,201158671.8897751,0.0,0.0,0.0,0.0,0.0,0.0,0.0,0.0,201158671.8897751,0.0,0.0,0.0
2014-12-17,201158671.8897751,201158671.8897751,0.0,0.0,0.0,0.0,0.0,0.0,0.0,0.0,201158671.8897751,0.0,0.0,0.0
2014-12-18,201158671.8897751,201158671.8897751,0.0,0.0,0.0,0.0,0.0,0.0,0.0,0.0,201158671.8897751,0.0,0.0,0.0
2014-12-19,201158671.8897751,201158671.8897751,0.0,0.0,0.0,0.0,0.0,0.0,0.0,0.0,201158671.8897751,0.0,0.0,0.0
2014-12-22,201158671.8897751,201158671.8897751,0.0,0.0,0.0,0.0,0.0,0.0,0.0,0.0,201158671.8897751,0.0,0.0,0.0
2014-12-23,201158671.8897751,201158671.8897751,0.0,0.0,0.0,0.0,0.0,0.0,0.0,0.0,201158671.8897751,0.0,0.0,0.0
2014-12-24,201158671.8897751,201158671.8897751,0.0,0.0,0.0,0.0,0.0,0.0,0.0,0.0,201158671.8897751,0.0,0.0,0.0
2014-12-25,201158671.8897751,201158671.8897751,0.0,0.0,0.0,0.0,0.0,0.0,0.0,0.0,201158671.8897751,0.0,0.0,0.0
2014-12-26,201158671.8897751,201158671.8897751,0.0,0.0,0.0,0.0,0.0,0.0,0.0,0.0,201158671.8897751,0.0,0.0,0.0
2014-12-29,201158671.8897751,201158671.8897751,0.0,0.0,0.0,0.0,0.0,0.0,0.0,0.0,201158671.8897751,0.0,0.0,0.0
2014-12-30,201158671.8897751,201158671.8897751,0.0,0.0,0.0,0.0,0.0,0.0,0.0,0.0,201158671.8897751,0.0,0.0,0.0
2014-12-31,201158671.8897751,201158671.8897751,0.0,0.0,0.0,0.0,0.0,0.0,0.0,0.0,201158671.8897751,0.0,0.0,0.0
2015-01-01,201158671.8897751,201158671.8897751,0.0,0.0,0.0,0.0,0.0,0.0,0.0,0.0,201158671.8897751,0.0,0.0,0.0
2015-01-02,201158671.8897751,201158671.8897751,0.0,0.0,0.0,0.0,0.0,0.0,0.0,0.0,201158671.8897751,0.0,0.0,0.0
2015-01-05,201158671.8897751,201158671.8897751,0.0,0.0,0.0,0.0,0.0,0.0,0.0,0.0,201158671.8897751,0.0,0.0,0.0
2015-01-06,201158671.8897751,201158671.8897751,0.0,0.0,0.0,0.0,0.0,0.0,0.0,0.0,201158671.8897751,0.0,0.0,0.0
2015-01-07,201158671.8897751,201158671.8897751,0.0,0.0,0.0,0.0,0.0,0.0,0.0,0.0,201158671.8897751,0.0,0.0,0.0
2015-01-08,201158671.8897751,201158671.8897751,0.0,0.0,0.0,0.0,0.0,0.0,0.0,0.0,201158671.8897751,0.0,0.0,0.0
2015-01-09,201158671.8897751,201158671.8897751,0.0,0.0,0.0,0.0,0.0,0.0,0.0,0.0,201158671.8897751,0.0,0.0,0.0
2015-01-12,201158671.8897751,201158671.8897751,0.0,0.0,0.0,0.0,0.0,0.0,0.0,0.0,201158671.8897751,0.0,0.0,0.0
2015-01-13,201158671.8897751,201158671.8897751,0.0,0.0,0.0,0.0,0.0,0.0,0.0,0.0,201158671.8897751,0.0,0.0,0.0
2015-01-14,201158671.8897751,201158671.8897751,0.0,0.0,0.0,0.0,0.0,0.0,0.0,0.0,201158671.8897751,0.0,0.0,0.0
2015-01-15,201158671.8897751,202551468.78500122,0.0,0.0,0.0,0.25,0.0,0.0,0.0,50289667.972443774,150869003.91733134,0.006923871996874775,0.25,1.0
2015-01-16,202551468.78500122,203261261.102858,0.0,0.0,0.0,0.25,0.0,0.0,0.0,50637867.196250305,151913601.5887509,0.0035042565828549144,0.25,1.0
2015-01-19,203261261.102858,203070770.63987747,0.0,0.0,0.0,0.25,0.0,0.0,0.0,50815315.2757145,152445945.8271435,-0.0009371705259869356,0.25,1.0
2015-01-20,203070770.63987747,203853587.64659682,0.0,0.0,0.0,0.25,0.0,0.0,0.0,50767692.65996937,152303077.9799081,0.0038548975032335897,0.25,1.0
2015-01-21,203853587.64659682,203765849.96392927,0.0,0.0,0.0,0.25,0.0,0.0,0.0,50963396.911649205,152890190.73494762,-0.0004303955779267066,0.25,1.0
2015-01-22,203765849.96392927,204126709.45276406,0.0,0.0,0.0,0.25,0.0,0.0,0.0,50941462.49098232,152824387.47294694,0.001770951751231542,0.25,1.0
2015-01-23,204126709.45276406,203806549.1117717,0.0,0.0,0.0,0.25,0.0,0.0,0.0,51031677.363191016,153095032.08957306,-0.001568439239777314,0.25,1.0
2015-01-26,203806549.1117717,203307301.18221223,0.0,0.0,0.0,0.25,0.0,0.0,0.0,50951637.277942926,152854911.83382878,-0.0024496167161226212,0.25,1.0
2015-01-27,203307301.18221223,203741237.087264,0.0,0.0,0.0,0.25,0.0,0.0,0.0,50826825.29555306,152480475.88665918,0.0021343842672076896,0.25,1.0
2015-01-28,203741237.087264,203431843.13692296,0.0,0.0,0.0,0.25,0.0,0.0,0.0,50935309.271816,152805927.815448,-0.001518563226395514,0.25,1.0
2015-01-29,203431843.13692296,202354097.3447823,0.0,0.0,0.0,0.25,0.0,0.0,0.0,50857960.78423074,152573882.35269222,-0.00529782248207461,0.25,1.0
2015-01-30,202354097.3447823,203421177.3398477,0.0,0.0,0.0,0.25,0.0,0.0,0.0,50588524.33619557,151765573.0085867,0.005273330310911761,0.25,1.0
2015-02-02,203421177.3398477,203049603.59269127,0.0,0.0,0.0,0.25,0.0,0.0,0.0,50855294.33496193,152565883.0048858,-0.0018266227342478014,0.25,1.0
2015-02-03,203049603.59269127,202496336.00339457,0.0,0.0,0.0,0.25,0.0,0.0,0.0,50762400.89817282,152287202.69451845,-0.0027247902951169634,0.25,1.0
2015-02-04,202496336.00339457,202850960.01707742,0.0,0.0,0.0,0.25,0.0,0.0,0.0,50624084.00084864,151872252.00254592,0.0017512613841906277,0.25,1.0
2015-02-05,202850960.01707742,202669978.63903406,0.0,0.0,0.0,0.25,0.0,0.0,0.0,50712740.004269354,152138220.01280805,-0.0008921889155867058,0.25,1.0
2015-02-06,202669978.63903406,201436960.90874252,0.0,0.0,0.0,0.25,0.0,0.0,0.0,50667494.659758516,152002483.97927555,-0.006083869641530015,0.25,1.0
2015-02-09,201436960.90874252,201640594.9957524,0.0,0.0,0.0,0.25,0.0,0.0,0.0,50359240.22718563,151077720.68155688,0.0010109072639460925,0.25,1.0
2015-02-10,201640594.9957524,201417640.25281304,0.0,0.0,0.0,0.25,0.0,0.0,0.0,50410148.7489381,151230446.2468143,-0.0011057036552787336,0.25,1.0
2015-02-11,201417640.25281304,200816759.12425694,0.0,0.0,0.0,0.25,0.0,0.0,0.0,50354410.06320326,151063230.18960977,-0.0029832596976206993,0.25,1.0
2015-02-12,200816759.12425694,200946509.12861386,0.0,0.0,0.0,0.25,0.0,0.0,0.0,50204189.781064235,150612569.3431927,0.0006461114347365848,0.25,1.0
2015-02-13,200946509.12861386,201266351.4830347,0.0,0.0,0.0,0.25,0.0,0.0,0.0,50236627.282153465,150709881.8464604,0.001591679078217334,0.25,1.0
2015-02-16,201266351.4830347,201380506.5052825,0.0,0.0,0.0,0.25,0.0,0.0,0.0,50316587.870758675,150949763.61227602,0.0005671838407493857,0.25,1.0
2015-02-17,201380506.5052825,200454928.98765448,0.0,0.0,0.0,0.25,0.0,0.0,0.0,50345126.62632062,151035379.87896186,-0.004596162427487699,0.25,1.0
2015-02-18,200454928.98765448,200559721.77260575,0.0,0.0,0.0,0.25,0.0,0.0,0.0,50113732.24691362,150341196.74074087,0.0005227747977089026,0.25,1.0
2015-02-19,200559721.77260575,200328959.4857144,0.0,0.0,0.0,0.25,0.0,0.0,0.0,50139930.44315144,150419791.3294543,-0.0011505913792250466,0.25,1.0
2015-02-20,200328959.4857144,200125616.06374466,0.0,0.0,0.0,0.25,0.0,0.0,0.0,50082239.8714286,150246719.6142858,-0.0010150475622285882,0.25,1.0
2015-02-23,200125616.06374466,200121037.25411877,0.0,0.0,0.0,0.25,0.0,0.0,0.0,50031404.015936166,150094212.0478085,-2.2879677854165115e-05,0.25,1.0
2015-02-24,200121037.25411877,200066920.334831,0.0,0.0,0.0,0.25,0.0,0.0,0.0,50030259.31352969,150090777.94058907,-0.00027042094139770323,0.25,1.0
2015-02-25,200066920.334831,200253150.40277946,0.0,0.0,0.0,0.25,0.0,0.0,0.0,50016730.08370775,150050190.25112325,0.0009308388794949107,0.25,1.0
2015-02-26,200253150.40277946,200439693.27525008,0.0,0.0,0.0,0.25,0.0,0.0,0.0,50063287.600694865,150189862.8020846,0.0009315352697095713,0.25,1.0
2015-02-27,200439693.27525008,200592572.27139428,0.0,0.0,0.0,0.25,0.0,0.0,0.0,50109923.31881252,150329769.95643756,0.0007627181704685793,0.25,1.0
2015-03-02,200592572.27139428,200330087.96693754,0.0,0.0,0.0,0.25,0.0,0.0,0.0,50148143.06784857,150444429.20354572,-0.0013085444863911722,0.25,1.0
2015-03-03,200330087.96693754,200330087.96693754,0.0,0.0,0.0,0.0,0.0,0.0,0.0,0.0,200330087.96693754,0.0,0.0,0.0
2015-03-04,200330087.96693754,200330087.96693754,0.0,0.0,0.0,0.0,0.0,0.0,0.0,0.0,200330087.96693754,0.0,0.0,0.0
2015-03-05,200330087.96693754,200330087.96693754,0.0,0.0,0.0,0.0,0.0,0.0,0.0,0.0,200330087.96693754,0.0,0.0,0.0
2015-03-06,200330087.96693754,200330087.96693754,0.0,0.0,0.0,0.0,0.0,0.0,0.0,0.0,200330087.96693754,0.0,0.0,0.0
2015-03-09,200330087.96693754,200330087.96693754,0.0,0.0,0.0,0.0,0.0,0.0,0.0,0.0,200330087.96693754,0.0,0.0,0.0
2015-03-10,200330087.96693754,200330087.96693754,0.0,0.0,0.0,0.0,0.0,0.0,0.0,0.0,200330087.96693754,0.0,0.0,0.0
2015-03-11,200330087.96693754,200330087.96693754,0.0,0.0,0.0,0.0,0.0,0.0,0.0,0.0,200330087.96693754,0.0,0.0,0.0
2015-03-12,200330087.96693754,200330087.96693754,0.0,0.0,0.0,0.0,0.0,0.0,0.0,0.0,200330087.96693754,0.0,0.0,0.0
2015-03-13,200330087.96693754,200330087.96693754,0.0,0.0,0.0,0.0,0.0,0.0,0.0,0.0,200330087.96693754,0.0,0.0,0.0
2015-03-16,200330087.96693754,200330087.96693754,0.0,0.0,0.0,0.0,0.0,0.0,0.0,0.0,200330087.96693754,0.0,0.0,0.0
2015-03-17,200330087.96693754,200330087.96693754,0.0,0.0,0.0,0.0,0.0,0.0,0.0,0.0,200330087.96693754,0.0,0.0,0.0
2015-03-18,200330087.96693754,200330087.96693754,0.0,0.0,0.0,0.0,0.0,0.0,0.0,0.0,200330087.96693754,0.0,0.0,0.0
2015-03-19,200330087.96693754,200330087.96693754,0.0,0.0,0.0,0.0,0.0,0.0,0.0,0.0,200330087.96693754,0.0,0.0,0.0
2015-03-20,200330087.96693754,200330087.96693754,0.0,0.0,0.0,0.0,0.0,0.0,0.0,0.0,200330087.96693754,0.0,0.0,0.0
2015-03-23,200330087.96693754,200330087.96693754,0.0,0.0,0.0,0.0,0.0,0.0,0.0,0.0,200330087.96693754,0.0,0.0,0.0
2015-03-24,200330087.96693754,200330087.96693754,0.0,0.0,0.0,0.0,0.0,0.0,0.0,0.0,200330087.96693754,0.0,0.0,0.0
2015-03-25,200330087.96693754,200330087.96693754,0.0,0.0,0.0,0.0,0.0,0.0,0.0,0.0,200330087.96693754,0.0,0.0,0.0
2015-03-26,200330087.96693754,200330087.96693754,0.0,0.0,0.0,0.0,0.0,0.0,0.0,0.0,200330087.96693754,0.0,0.0,0.0
2015-03-27,200330087.96693754,200330087.96693754,0.0,0.0,0.0,0.0,0.0,0.0,0.0,0.0,200330087.96693754,0.0,0.0,0.0
2015-03-30,200330087.96693754,200330087.96693754,0.0,0.0,0.0,0.0,0.0,0.0,0.0,0.0,200330087.96693754,0.0,0.0,0.0
2015-03-31,200330087.96693754,200330087.96693754,0.0,0.0,0.0,0.0,0.0,0.0,0.0,0.0,200330087.96693754,0.0,0.0,0.0
2015-04-01,200330087.96693754,200330087.96693754,0.0,0.0,0.0,0.0,0.0,0.0,0.0,0.0,200330087.96693754,0.0,0.0,0.0
2015-04-02,200330087.96693754,200330087.96693754,0.0,0.0,0.0,0.0,0.0,0.0,0.0,0.0,200330087.96693754,0.0,0.0,0.0
2015-04-03,200330087.96693754,200330087.96693754,0.0,0.0,0.0,0.0,0.0,0.0,0.0,0.0,200330087.96693754,0.0,0.0,0.0
2015-04-06,200330087.96693754,200330087.96693754,0.0,0.0,0.0,0.0,0.0,0.0,0.0,0.0,200330087.96693754,0.0,0.0,0.0
2015-04-07,200330087.96693754,200330087.96693754,0.0,0.0,0.0,0.0,0.0,0.0,0.0,0.0,200330087.96693754,0.0,0.0,0.0
2015-04-08,200330087.96693754,200330087.96693754,0.0,0.0,0.0,0.0,0.0,0.0,0.0,0.0,200330087.96693754,0.0,0.0,0.0
2015-04-09,200330087.96693754,200330087.96693754,0.0,0.0,0.0,0.0,0.0,0.0,0.0,0.0,200330087.96693754,0.0,0.0,0.0
2015-04-10,200330087.96693754,200330087.96693754,0.0,0.0,0.0,0.0,0.0,0.0,0.0,0.0,200330087.96693754,0.0,0.0,0.0
2015-04-13,200330087.96693754,200330087.96693754,0.0,0.0,0.0,0.0,0.0,0.0,0.0,0.0,200330087.96693754,0.0,0.0,0.0
2015-04-14,200330087.96693754,200330087.96693754,0.0,0.0,0.0,0.0,0.0,0.0,0.0,0.0,200330087.96693754,0.0,0.0,0.0
2015-04-15,200330087.96693754,200330087.96693754,0.0,0.0,0.0,0.0,0.0,0.0,0.0,0.0,200330087.96693754,0.0,0.0,0.0
2015-04-16,200330087.96693754,200330087.96693754,0.0,0.0,0.0,0.0,0.0,0.0,0.0,0.0,200330087.96693754,0.0,0.0,0.0
2015-04-17,200330087.96693754,200330087.96693754,0.0,0.0,0.0,0.0,0.0,0.0,0.0,0.0,200330087.96693754,0.0,0.0,0.0
2015-04-20,200330087.96693754,200330087.96693754,0.0,0.0,0.0,0.0,0.0,0.0,0.0,0.0,200330087.96693754,0.0,0.0,0.0
2015-04-21,200330087.96693754,200330087.96693754,0.0,0.0,0.0,0.0,0.0,0.0,0.0,0.0,200330087.96693754,0.0,0.0,0.0
2015-04-22,200330087.96693754,200330087.96693754,0.0,0.0,0.0,0.0,0.0,0.0,0.0,0.0,200330087.96693754,0.0,0.0,0.0
2015-04-23,200330087.96693754,200330087.96693754,0.0,0.0,0.0,0.0,0.0,0.0,0.0,0.0,200330087.96693754,0.0,0.0,0.0
2015-04-24,200330087.96693754,200330087.96693754,0.0,0.0,0.0,0.0,0.0,0.0,0.0,0.0,200330087.96693754,0.0,0.0,0.0
2015-04-27,200330087.96693754,200330087.96693754,0.0,0.0,0.0,0.0,0.0,0.0,0.0,0.0,200330087.96693754,0.0,0.0,0.0
2015-04-28,200330087.96693754,200330087.96693754,0.0,0.0,0.0,0.0,0.0,0.0,0.0,0.0,200330087.96693754,0.0,0.0,0.0
2015-04-29,200330087.96693754,200330087.96693754,0.0,0.0,0.0,0.0,0.0,0.0,0.0,0.0,200330087.96693754,0.0,0.0,0.0
2015-04-30,200330087.96693754,200330087.96693754,0.0,0.0,0.0,0.0,0.0,0.0,0.0,0.0,200330087.96693754,0.0,0.0,0.0
2015-05-01,200330087.96693754,200330087.96693754,0.0,0.0,0.0,0.0,0.0,0.0,0.0,0.0,200330087.96693754,0.0,0.0,0.0
2015-05-04,200330087.96693754,200527749.16567865,0.0,0.25,0.25,0.0,0.0,50082521.991734385,50082521.991734385,0.0,100165043.98346877,0.0009866775417866624,0.5,2.0
2015-05-05,200527749.16567865,201645879.98902488,0.0,0.25,0.25,0.0,0.0,50131937.29141966,50131937.29141966,0.0,100263874.58283933,0.005575940626663389,0.5,2.0
2015-05-06,201645879.98902488,202394615.18780363,0.25,0.25,0.25,0.0,50411469.99725622,50411469.99725622,50411469.99725622,0.0,50411469.99725622,0.0037131192505372723,0.75,3.0
2015-05-07,202394615.18780363,200775849.29193407,0.25,0.25,0.25,0.0,50598653.79695091,50598653.79695091,50598653.79695091,0.0,50598653.79695091,-0.007998068003773173,0.75,3.0
2015-05-08,200775849.29193407,202452195.90539384,0.25,0.25,0.25,0.25,50193962.32298352,50193962.32298352,50193962.32298352,50193962.32298352,0.0,0.008349343904516554,1.0,4.0
2015-05-11,202452195.90539384,201605378.74451712,0.25,0.25,0.25,0.0,50613048.97634846,50613048.97634846,50613048.97634846,0.0,50613048.97634846,-0.00418280057220255,0.75,3.0
2015-05-12,201605378.74451712,202492040.592655,0.25,0.25,0.25,0.0,50401344.68612928,50401344.68612928,50401344.68612928,0.0,50401344.68612928,0.00439800690665848,0.75,3.0
2015-05-13,202492040.592655,204682326.7331313,0.25,0.25,0.25,0.25,50623010.14816375,50623010.14816375,50623010.14816375,50623010.14816375,0.0,0.010816653010487454,1.0,4.0
2015-05-14,204682326.7331313,205227014.71685413,0.25,0.25,0.25,0.25,51170581.68328282,51170581.68328282,51170581.68328282,51170581.68328282,0.0,0.0026611383230609464,1.0,4.0
2015-05-15,205227014.71685413,205663618.54168385,0.25,0.25,0.25,0.25,51306753.67921353,51306753.67921353,51306753.67921353,51306753.67921353,0.0,0.0021274188752979095,1.0,4.0
2015-05-18,205663618.54168385,204613632.77590486,0.25,0.25,0.25,0.25,51415904.63542096,51415904.63542096,51415904.63542096,51415904.63542096,0.0,-0.005105354915099919,1.0,4.0
2015-05-19,204613632.77590486,201923485.91913638,0.25,0.25,0.25,0.25,51153408.193976216,51153408.193976216,51153408.193976216,51153408.193976216,0.0,-0.013147446825865994,1.0,4.0
2015-05-20,201923485.91913638,201796661.50840366,0.25,0.25,0.25,0.25,50480871.479784094,50480871.479784094,50480871.479784094,50480871.479784094,0.0,-0.0006280815238278448,1.0,4.0
2015-05-21,201796661.50840366,202145552.26462418,0.25,0.25,0.25,0.25,50449165.377100915,50449165.377100915,50449165.377100915,50449165.377100915,0.0,0.0017289223400060172,1.0,4.0
2015-05-22,202145552.26462418,200768150.8421291,0.25,0.25,0.25,0.25,50536388.066156045,50536388.066156045,50536388.066156045,50536388.066156045,0.0,-0.006813909121739903,1.0,4.0
2015-05-25,200768150.8421291,199884506.96171507,0.25,0.25,0.25,0.25,50192037.71053228,50192037.71053228,50192037.71053228,50192037.71053228,0.0,-0.004401315032825481,1.0,4.0
2015-05-26,199884506.96171507,197383091.8495826,0.25,0.25,0.25,0.25,49971126.74042877,49971126.74042877,49971126.74042877,49971126.74042877,0.0,-0.012514302134540023,1.0,4.0
2015-05-27,197383091.8495826,196300145.19368502,0.25,0.25,0.25,0.25,49345772.96239565,49345772.96239565,49345772.96239565,49345772.96239565,0.0,-0.00548652189886073,1.0,4.0
2015-05-28,196300145.19368502,195962504.33888525,0.25,0.25,0.25,0.25,49075036.298421256,49075036.298421256,49075036.298421256,49075036.298421256,0.0,-0.0017200234593136021,1.0,4.0
2015-05-29,195962504.33888525,196358510.93370935,0.25,0.25,0.25,0.25,48990626.08472131,48990626.08472131,48990626.08472131,48990626.08472131,0.0,0.002020828403679148,1.0,4.0
2015-06-01,196358510.93370935,196287620.17454454,0.25,0.25,0.25,0.25,49089627.73342734,49089627.73342734,49089627.73342734,49089627.73342734,0.0,-0.00036102717843863874,1.0,4.0
2015-06-02,196287620.17454454,198510214.48075637,0.25,0.25,0.25,0.25,49071905.043636136,49071905.043636136,49071905.043636136,49071905.043636136,0.0,0.011323150712385377,1.0,4.0
2015-06-03,198510214.48075637,198405775.94857484,0.25,0.25,0.25,0.25,49627553.62018909,49627553.62018909,49627553.62018909,49627553.62018909,0.0,-0.0005261116283346579,1.0,4.0
2015-06-04,198405775.94857484,196794613.0646372,0.25,0.25,0.25,0.25,49601443.98714371,49601443.98714371,49601443.98714371,49601443.98714371,0.0,-0.008120544254494072,1.0,4.0
2015-06-05,196794613.0646372,195675921.95391178,0.25,0.25,0.25,0.25,49198653.2661593,49198653.2661593,49198653.2661593,49198653.2661593,0.0,-0.005684561651888326,1.0,4.0
2015-06-08,195675921.95391178,196503742.66701853,0.25,0.25,0.25,0.25,48918980.488477945,48918980.488477945,48918980.488477945,48918980.488477945,0.0,0.0042305701429211084,1.0,4.0
2015-06-09,196503742.66701853,198064045.5089695,0.25,0.25,0.25,0.25,49125935.66675463,49125935.66675463,49125935.66675463,49125935.66675463,0.0,0.007940321241590442,1.0,4.0
2015-06-10,198064045.5089695,199463238.7405251,0.25,0.25,0.25,0.25,49516011.37724237,49516011.37724237,49516011.37724237,49516011.37724237,0.0,0.007064347433478224,1.0,4.0
2015-06-11,199463238.7405251,198478722.52370137,0.0,0.25,0.25,0.25,0.0,49865809.685131274,49865809.685131274,49865809.685131274,49865809.685131274,-0.004935827890092892,0.75,3.0
2015-06-12,198478722.52370137,198032217.6562289,0.0,0.0,0.25,0.0,0.0,0.0,49619680.63092534,0.0,148859041.892776,-0.0022496359397877197,0.25,1.0
2015-06-15,198032217.6562289,197878841.52064627,0.0,0.0,0.25,0.0,0.0,0.0,49508054.414057225,0.0,148524163.24217167,-0.0007745009241317269,0.25,1.0
2015-06-16,197878841.52064627,197878841.52064627,0.0,0.0,0.0,0.0,0.0,0.0,0.0,0.0,197878841.52064627,0.0,0.0,0.0
2015-06-17,197878841.52064627,197878841.52064627,0.0,0.0,0.0,0.0,0.0,0.0,0.0,0.0,197878841.52064627,0.0,0.0,0.0
2015-06-18,197878841.52064627,197878841.52064627,0.0,0.0,0.0,0.0,0.0,0.0,0.0,0.0,197878841.52064627,0.0,0.0,0.0
2015-06-19,197878841.52064627,197878841.52064627,0.0,0.0,0.0,0.0,0.0,0.0,0.0,0.0,197878841.52064627,0.0,0.0,0.0
2015-06-22,197878841.52064627,197878841.52064627,0.0,0.0,0.0,0.0,0.0,0.0,0.0,0.0,197878841.52064627,0.0,0.0,0.0
2015-06-23,197878841.52064627,197878841.52064627,0.0,0.0,0.0,0.0,0.0,0.0,0.0,0.0,197878841.52064627,0.0,0.0,0.0
2015-06-24,197878841.52064627,197878841.52064627,0.0,0.0,0.0,0.0,0.0,0.0,0.0,0.0,197878841.52064627,0.0,0.0,0.0
2015-06-25,197878841.52064627,197878841.52064627,0.0,0.0,0.0,0.0,0.0,0.0,0.0,0.0,197878841.52064627,0.0,0.0,0.0
2015-06-26,197878841.52064627,197878841.52064627,0.0,0.0,0.0,0.0,0.0,0.0,0.0,0.0,197878841.52064627,0.0,0.0,0.0
2015-06-29,197878841.52064627,197878841.52064627,0.0,0.0,0.0,0.0,0.0,0.0,0.0,0.0,197878841.52064627,0.0,0.0,0.0
2015-06-30,197878841.52064627,197878841.52064627,0.0,0.0,0.0,0.0,0.0,0.0,0.0,0.0,197878841.52064627,0.0,0.0,0.0
2015-07-01,197878841.52064627,197878841.52064627,0.0,0.0,0.0,0.0,0.0,0.0,0.0,0.0,197878841.52064627,0.0,0.0,0.0
2015-07-02,197878841.52064627,197878841.52064627,0.0,0.0,0.0,0.0,0.0,0.0,0.0,0.0,197878841.52064627,0.0,0.0,0.0
2015-07-03,197878841.52064627,197878841.52064627,0.0,0.0,0.0,0.0,0.0,0.0,0.0,0.0,197878841.52064627,0.0,0.0,0.0
2015-07-06,197878841.52064627,197878841.52064627,0.0,0.0,0.0,0.0,0.0,0.0,0.0,0.0,197878841.52064627,0.0,0.0,0.0
2015-07-07,197878841.52064627,197878841.52064627,0.0,0.0,0.0,0.0,0.0,0.0,0.0,0.0,197878841.52064627,0.0,0.0,0.0
2015-07-08,197878841.52064627,197878841.52064627,0.0,0.0,0.0,0.0,0.0,0.0,0.0,0.0,197878841.52064627,0.0,0.0,0.0
2015-07-09,197878841.52064627,197878841.52064627,0.0,0.0,0.0,0.0,0.0,0.0,0.0,0.0,197878841.52064627,0.0,0.0,0.0
2015-07-10,197878841.52064627,197878841.52064627,0.0,0.0,0.0,0.0,0.0,0.0,0.0,0.0,197878841.52064627,0.0,0.0,0.0
2015-07-13,197878841.52064627,197878841.52064627,0.0,0.0,0.0,0.0,0.0,0.0,0.0,0.0,197878841.52064627,0.0,0.0,0.0
2015-07-14,197878841.52064627,197878841.52064627,0.0,0.0,0.0,0.0,0.0,0.0,0.0,0.0,197878841.52064627,0.0,0.0,0.0
2015-07-15,197878841.52064627,197878841.52064627,0.0,0.0,0.0,0.0,0.0,0.0,0.0,0.0,197878841.52064627,0.0,0.0,0.0
2015-07-16,197878841.52064627,197878841.52064627,0.0,0.0,0.0,0.0,0.0,0.0,0.0,0.0,197878841.52064627,0.0,0.0,0.0
2015-07-17,197878841.52064627,197878841.52064627,0.0,0.0,0.0,0.0,0.0,0.0,0.0,0.0,197878841.52064627,0.0,0.0,0.0
2015-07-20,197878841.52064627,197878841.52064627,0.0,0.0,0.0,0.0,0.0,0.0,0.0,0.0,197878841.52064627,0.0,0.0,0.0
2015-07-21,197878841.52064627,197878841.52064627,0.0,0.0,0.0,0.0,0.0,0.0,0.0,0.0,197878841.52064627,0.0,0.0,0.0
2015-07-22,197878841.52064627,197878841.52064627,0.0,0.0,0.0,0.0,0.0,0.0,0.0,0.0,197878841.52064627,0.0,0.0,0.0
2015-07-23,197878841.52064627,197878841.52064627,0.0,0.0,0.0,0.0,0.0,0.0,0.0,0.0,197878841.52064627,0.0,0.0,0.0
2015-07-24,197878841.52064627,197878841.52064627,0.0,0.0,0.0,0.0,0.0,0.0,0.0,0.0,197878841.52064627,0.0,0.0,0.0
2015-07-27,197878841.52064627,197878841.52064627,0.0,0.0,0.0,0.0,0.0,0.0,0.0,0.0,197878841.52064627,0.0,0.0,0.0
2015-07-28,197878841.52064627,197878841.52064627,0.0,0.0,0.0,0.0,0.0,0.0,0.0,0.0,197878841.52064627,0.0,0.0,0.0
2015-07-29,197878841.52064627,197878841.52064627,0.0,0.0,0.0,0.0,0.0,0.0,0.0,0.0,197878841.52064627,0.0,0.0,0.0
2015-07-30,197878841.52064627,197878841.52064627,0.0,0.0,0.0,0.0,0.0,0.0,0.0,0.0,197878841.52064627,0.0,0.0,0.0
2015-07-31,197878841.52064627,197878841.52064627,0.0,0.0,0.0,0.0,0.0,0.0,0.0,0.0,197878841.52064627,0.0,0.0,0.0
2015-08-03,197878841.52064627,197878841.52064627,0.0,0.0,0.0,0.0,0.0,0.0,0.0,0.0,197878841.52064627,0.0,0.0,0.0
2015-08-04,197878841.52064627,197878841.52064627,0.0,0.0,0.0,0.0,0.0,0.0,0.0,0.0,197878841.52064627,0.0,0.0,0.0
2015-08-05,197878841.52064627,197878841.52064627,0.0,0.0,0.0,0.0,0.0,0.0,0.0,0.0,197878841.52064627,0.0,0.0,0.0
2015-08-06,197878841.52064627,197878841.52064627,0.0,0.0,0.0,0.0,0.0,0.0,0.0,0.0,197878841.52064627,0.0,0.0,0.0
2015-08-07,197878841.52064627,197878841.52064627,0.0,0.0,0.0,0.0,0.0,0.0,0.0,0.0,197878841.52064627,0.0,0.0,0.0
2015-08-10,197878841.52064627,197878841.52064627,0.0,0.0,0.0,0.0,0.0,0.0,0.0,0.0,197878841.52064627,0.0,0.0,0.0
2015-08-11,197878841.52064627,197878841.52064627,0.0,0.0,0.0,0.0,0.0,0.0,0.0,0.0,197878841.52064627,0.0,0.0,0.0
2015-08-12,197878841.52064627,197878841.52064627,0.0,0.0,0.0,0.0,0.0,0.0,0.0,0.0,197878841.52064627,0.0,0.0,0.0
2015-08-13,197878841.52064627,197878841.52064627,0.0,0.0,0.0,0.0,0.0,0.0,0.0,0.0,197878841.52064627,0.0,0.0,0.0
2015-08-14,197878841.52064627,197878841.52064627,0.0,0.0,0.0,0.0,0.0,0.0,0.0,0.0,197878841.52064627,0.0,0.0,0.0
2015-08-17,197878841.52064627,197878841.52064627,0.0,0.0,0.0,0.0,0.0,0.0,0.0,0.0,197878841.52064627,0.0,0.0,0.0
2015-08-18,197878841.52064627,197878841.52064627,0.0,0.0,0.0,0.0,0.0,0.0,0.0,0.0,197878841.52064627,0.0,0.0,0.0
2015-08-19,197878841.52064627,197878841.52064627,0.0,0.0,0.0,0.0,0.0,0.0,0.0,0.0,197878841.52064627,0.0,0.0,0.0
2015-08-20,197878841.52064627,197878841.52064627,0.0,0.0,0.0,0.0,0.0,0.0,0.0,0.0,197878841.52064627,0.0,0.0,0.0
2015-08-21,197878841.52064627,197878841.52064627,0.0,0.0,0.0,0.0,0.0,0.0,0.0,0.0,197878841.52064627,0.0,0.0,0.0
2015-08-24,197878841.52064627,197878841.52064627,0.0,0.0,0.0,0.0,0.0,0.0,0.0,0.0,197878841.52064627,0.0,0.0,0.0
2015-08-25,197878841.52064627,197878841.52064627,0.0,0.0,0.0,0.0,0.0,0.0,0.0,0.0,197878841.52064627,0.0,0.0,0.0
2015-08-26,197878841.52064627,197878841.52064627,0.0,0.0,0.0,0.0,0.0,0.0,0.0,0.0,197878841.52064627,0.0,0.0,0.0
2015-08-27,197878841.52064627,197878841.52064627,0.0,0.0,0.0,0.0,0.0,0.0,0.0,0.0,197878841.52064627,0.0,0.0,0.0
2015-08-28,197878841.52064627,197878841.52064627,0.0,0.0,0.0,0.0,0.0,0.0,0.0,0.0,197878841.52064627,0.0,0.0,0.0
2015-08-31,197878841.52064627,197878841.52064627,0.0,0.0,0.0,0.0,0.0,0.0,0.0,0.0,197878841.52064627,0.0,0.0,0.0
2015-09-01,197878841.52064627,197878841.52064627,0.0,0.0,0.0,0.0,0.0,0.0,0.0,0.0,197878841.52064627,0.0,0.0,0.0
2015-09-02,197878841.52064627,197878841.52064627,0.0,0.0,0.0,0.0,0.0,0.0,0.0,0.0,197878841.52064627,0.0,0.0,0.0
2015-09-03,197878841.52064627,197878841.52064627,0.0,0.0,0.0,0.0,0.0,0.0,0.0,0.0,197878841.52064627,0.0,0.0,0.0
2015-09-04,197878841.52064627,197878841.52064627,0.0,0.0,0.0,0.0,0.0,0.0,0.0,0.0,197878841.52064627,0.0,0.0,0.0
2015-09-07,197878841.52064627,197878841.52064627,0.0,0.0,0.0,0.0,0.0,0.0,0.0,0.0,197878841.52064627,0.0,0.0,0.0
2015-09-08,197878841.52064627,197878841.52064627,0.0,0.0,0.0,0.0,0.0,0.0,0.0,0.0,197878841.52064627,0.0,0.0,0.0
2015-09-09,197878841.52064627,197878841.52064627,0.0,0.0,0.0,0.0,0.0,0.0,0.0,0.0,197878841.52064627,0.0,0.0,0.0
2015-09-10,197878841.52064627,197878841.52064627,0.0,0.0,0.0,0.0,0.0,0.0,0.0,0.0,197878841.52064627,0.0,0.0,0.0
2015-09-11,197878841.52064627,197878841.52064627,0.0,0.0,0.0,0.0,0.0,0.0,0.0,0.0,197878841.52064627,0.0,0.0,0.0
2015-09-14,197878841.52064627,197878841.52064627,0.0,0.0,0.0,0.0,0.0,0.0,0.0,0.0,197878841.52064627,0.0,0.0,0.0
2015-09-15,197878841.52064627,197878841.52064627,0.0,0.0,0.0,0.0,0.0,0.0,0.0,0.0,197878841.52064627,0.0,0.0,0.0
2015-09-16,197878841.52064627,197878841.52064627,0.0,0.0,0.0,0.0,0.0,0.0,0.0,0.0,197878841.52064627,0.0,0.0,0.0
2015-09-17,197878841.52064627,197878841.52064627,0.0,0.0,0.0,0.0,0.0,0.0,0.0,0.0,197878841.52064627,0.0,0.0,0.0
2015-09-18,197878841.52064627,197878841.52064627,0.0,0.0,0.0,0.0,0.0,0.0,0.0,0.0,197878841.52064627,0.0,0.0,0.0
2015-09-21,197878841.52064627,197878841.52064627,0.0,0.0,0.0,0.0,0.0,0.0,0.0,0.0,197878841.52064627,0.0,0.0,0.0
2015-09-22,197878841.52064627,197878841.52064627,0.0,0.0,0.0,0.0,0.0,0.0,0.0,0.0,197878841.52064627,0.0,0.0,0.0
2015-09-23,197878841.52064627,197878841.52064627,0.0,0.0,0.0,0.0,0.0,0.0,0.0,0.0,197878841.52064627,0.0,0.0,0.0
2015-09-24,197878841.52064627,197878841.52064627,0.0,0.0,0.0,0.0,0.0,0.0,0.0,0.0,197878841.52064627,0.0,0.0,0.0
2015-09-25,197878841.52064627,197878841.52064627,0.0,0.0,0.0,0.0,0.0,0.0,0.0,0.0,197878841.52064627,0.0,0.0,0.0
2015-09-28,197878841.52064627,197263815.0218526,0.0,0.0,0.0,0.25,0.0,0.0,0.0,49469710.38016157,148409131.1404847,-0.0031080963182690546,0.25,1.0
2015-09-29,197263815.0218526,197066891.03141603,0.0,0.0,0.0,0.25,0.0,0.0,0.0,49315953.75546315,147947861.26638946,-0.0009982773090684294,0.25,1.0
2015-09-30,197066891.03141603,196527654.57431278,0.0,0.0,0.0,0.25,0.0,0.0,0.0,49266722.75785401,147800168.273562,-0.0027363117887585497,0.25,1.0
2015-10-01,196527654.57431278,196462444.3830345,0.0,0.0,0.0,0.25,0.0,0.0,0.0,49131913.643578194,147395740.93073457,-0.0003318117820086397,0.25,1.0
2015-10-02,196462444.3830345,197564624.78845742,0.0,0.0,0.0,0.25,0.0,0.0,0.0,49115611.095758624,147346833.28727588,0.0056101328113073445,0.25,1.0
2015-10-05,197564624.78845742,197440995.07199705,0.0,0.0,0.0,0.25,0.0,0.0,0.0,49391156.197114356,148173468.59134308,-0.0006257684876163627,0.25,1.0
2015-10-06,197440995.07199705,197940356.0742813,0.0,0.0,0.0,0.25,0.0,0.0,0.0,49360248.76799926,148080746.30399778,0.002529165749504736,0.25,1.0
2015-10-07,197940356.0742813,197867028.21670002,0.0,0.0,0.0,0.25,0.0,0.0,0.0,49485089.018570326,148455267.05571097,-0.00037045430772986165,0.25,1.0
2015-10-08,197867028.21670002,197585049.47866923,0.0,0.0,0.0,0.25,0.0,0.0,0.0,49466757.054175004,148400271.162525,-0.001425092096303926,0.25,1.0
2015-10-09,197585049.47866923,198344851.86558118,0.0,0.0,0.0,0.25,0.0,0.0,0.0,49396262.36966731,148188787.10900193,0.003845444728316716,0.25,1.0
2015-10-12,198344851.86558118,198658696.79732874,0.0,0.0,0.0,0.25,0.0,0.0,0.0,49586212.966395296,148758638.8991859,0.001582319524785325,0.25,1.0
2015-10-13,198658696.79732874,198871633.7945833,0.0,0.0,0.0,0.25,0.0,0.0,0.0,49664674.199332185,148994022.59799656,0.001071873523220357,0.25,1.0
2015-10-14,198871633.7945833,199522010.9378876,0.0,0.0,0.0,0.25,0.0,0.0,0.0,49717908.44864582,149153725.34593746,0.0032703364019027736,0.25,1.0
2015-10-15,199522010.9378876,199478623.03468734,0.0,0.0,0.0,0.25,0.0,0.0,0.0,49880502.7344719,149641508.2034157,-0.00021745923167224013,0.25,1.0
2015-10-16,199478623.03468734,199234143.27524152,0.0,0.0,0.0,0.25,0.0,0.0,0.0,49869655.758671835,149608967.27601552,-0.001225593779055012,0.25,1.0
2015-10-19,199234143.27524152,198958721.9143476,0.0,0.0,0.0,0.25,0.0,0.0,0.0,49808535.81881038,149425607.45643115,-0.001382400407712564,0.25,1.0
2015-10-20,198958721.9143476,199181762.18844673,0.0,0.0,0.0,0.25,0.0,0.0,0.0,49739680.4785869,149219041.43576068,0.0011210379316529684,0.25,1.0
2015-10-21,199181762.18844673,198806615.42196992,0.0,0.0,0.0,0.25,0.0,0.0,0.0,49795440.54711168,149386321.64133504,-0.0018834393387979764,0.25,1.0
2015-10-22,198806615.42196992,198758496.99220183,0.0,0.0,0.0,0.25,0.0,0.0,0.0,49701653.85549248,149104961.56647745,-0.00024203636114397686,0.25,1.0
2015-10-23,198758496.99220183,198690315.18284813,0.0,0.0,0.0,0.25,0.0,0.0,0.0,49689624.24805046,149068872.74415138,-0.0003430384631876726,0.25,1.0
2015-10-26,198690315.18284813,198630168.04376793,0.0,0.0,0.0,0.25,0.0,0.0,0.0,49672578.79571203,149017736.3871361,-0.00030271802138351345,0.25,1.0
2015-10-27,198630168.04376793,198605224.10403717,0.0,0.25,0.0,0.25,0.0,49657542.01094198,0.0,49657542.01094198,99315084.02188396,-0.00012557981487118508,0.5,2.0
2015-10-28,198605224.10403717,197524652.11218345,0.0,0.25,0.0,0.25,0.0,49651306.02600929,0.0,49651306.02600929,99302612.05201858,-0.005440803466920191,0.5,2.0
2015-10-29,197524652.11218345,196670550.02486658,0.0,0.25,0.0,0.25,0.0,49381163.02804586,0.0,49381163.02804586,98762326.05609173,-0.004324027802017266,0.5,2.0
2015-10-30,196670550.02486658,197193449.71925554,0.0,0.25,0.25,0.25,0.0,49167637.506216645,49167637.506216645,49167637.506216645,49167637.506216645,0.0026587595057971924,0.75,3.0
2015-11-02,197193449.71925554,196605372.95806432,0.0,0.25,0.25,0.25,0.0,49298362.429813884,49298362.429813884,49298362.429813884,49298362.429813884,-0.002982232736576468,0.75,3.0
2015-11-03,196605372.95806432,196540728.8119921,0.0,0.25,0.25,0.25,0.0,49151343.23951608,49151343.23951608,49151343.23951608,49151343.23951608,-0.000328801523069272,0.75,3.0
2015-11-04,196540728.8119921,195999343.00534672,0.0,0.25,0.0,0.25,0.0,49135182.20299803,0.0,49135182.20299803,98270364.40599605,-0.0027545731102039672,0.5,2.0
2015-11-05,195999343.00534672,195762227.76792935,0.0,0.25,0.0,0.25,0.0,48999835.75133668,0.0,48999835.75133668,97999671.50267336,-0.0012097756746608512,0.5,2.0
2015-11-06,195762227.76792935,194412619.24440593,0.0,0.25,0.0,0.25,0.0,48940556.94198234,0.0,48940556.94198234,97881113.88396467,-0.006894121194428393,0.5,2.0
2015-11-09,194412619.24440593,194633457.77709192,0.0,0.25,0.0,0.25,0.0,48603154.81110148,0.0,48603154.81110148,97206309.62220296,0.001135926945196819,0.5,2.0
2015-11-10,194633457.77709192,194336435.20039657,0.0,0.25,0.0,0.25,0.0,48658364.44427298,0.0,48658364.44427298,97316728.88854596,-0.0015260612439796373,0.5,2.0
2015-11-11,194336435.20039657,194408026.7221264,0.0,0.25,0.0,0.25,0.0,48584108.80009914,0.0,48584108.80009914,97168217.60019828,0.0003683896005192422,0.5,2.0
2015-11-12,194408026.7221264,194699186.66071698,0.0,0.25,0.0,0.25,0.0,48602006.6805316,0.0,48602006.6805316,97204013.3610632,0.0014976744710586964,0.5,2.0
2015-11-13,194699186.66071698,194749327.29483205,0.0,0.25,0.0,0.0,0.0,48674796.665179245,0.0,0.0,146024389.99553773,0.0002575287291899375,0.25,1.0
2015-11-16,194749327.29483205,194560074.2031849,0.0,0.25,0.0,0.0,0.0,48687331.82370801,0.0,0.0,146061995.47112405,-0.0009717778966221724,0.25,1.0
2015-11-17,194560074.2031849,194816753.5769354,0.0,0.25,0.0,0.0,0.0,48640018.550796226,0.0,0.0,145920055.6523887,0.0013192808175147563,0.25,1.0
2015-11-18,194816753.5769354,194841173.15771052,0.25,0.25,0.0,0.0,48704188.39423385,48704188.39423385,0.0,0.0,97408376.7884677,0.0001253464105462898,0.5,2.0
2015-11-19,194841173.15771052,196441265.22857007,0.25,0.25,0.0,0.0,48710293.28942763,48710293.28942763,0.0,0.0,97420586.57885526,0.008212289245273618,0.5,2.0
2015-11-20,196441265.22857007,196699446.46388492,0.25,0.25,0.0,0.0,49110316.30714252,49110316.30714252,0.0,0.0,98220632.61428504,0.0013142922644814314,0.5,2.0
2015-11-23,196699446.46388492,196578803.2080261,0.25,0.25,0.0,0.0,49174861.61597123,49174861.61597123,0.0,0.0,98349723.23194246,-0.0006133380547206357,0.5,2.0
2015-11-24,196578803.2080261,196695147.02849683,0.25,0.0,0.0,0.0,49144700.80200653,0.0,0.0,0.0,147434102.40601957,0.0005918431619894027,0.25,1.0
2015-11-25,196695147.02849683,195917611.17191336,0.25,0.0,0.0,0.0,49173786.75712421,0.0,0.0,0.0,147521360.27137262,-0.003952999696890502,0.25,1.0
2015-11-26,195917611.17191336,196114491.86662507,0.25,0.25,0.0,0.0,48979402.79297834,48979402.79297834,0.0,0.0,97958805.58595668,0.0010049157578742307,0.5,2.0
2015-11-27,196114491.86662507,195882998.6015332,0.25,0.25,0.0,0.0,49028622.96665627,49028622.96665627,0.0,0.0,98057245.93331254,-0.001180398566615476,0.5,2.0
2015-11-30,195882998.6015332,194449795.2636012,0.25,0.25,0.0,0.0,48970749.6503833,48970749.6503833,0.0,0.0,97941499.3007666,-0.0073166295603195874,0.5,2.0
2015-12-01,194449795.2636012,195505041.77789837,0.25,0.25,0.0,0.0,48612448.8159003,48612448.8159003,0.0,0.0,97224897.6318006,0.0054268327352398615,0.5,2.0
2015-12-02,195505041.77789837,195482862.59595472,0.25,0.25,0.0,0.0,48876260.44447459,48876260.44447459,0.0,0.0,97752520.88894919,-0.00011344557532624866,0.5,2.0
2015-12-03,195482862.59595472,196307341.28492212,0.25,0.25,0.0,0.0,48870715.64898868,48870715.64898868,0.0,0.0,97741431.29797736,0.004217652013166789,0.5,2.0
2015-12-04,196307341.28492212,197246727.79344764,0.25,0.25,0.0,0.0,49076835.32123053,49076835.32123053,0.0,0.0,98153670.64246106,0.004785284658112066,0.5,2.0
2015-12-07,197246727.79344764,196359274.92073488,0.25,0.25,0.0,0.0,49311681.94836191,49311681.94836191,0.0,0.0,98623363.89672382,-0.00449920200269216,0.5,2.0
2015-12-08,196359274.92073488,195768902.72544745,0.25,0.25,0.0,0.0,49089818.73018372,49089818.73018372,0.0,0.0,98179637.46036744,-0.0030065918481607112,0.5,2.0
2015-12-09,195768902.72544745,196571512.86548004,0.25,0.25,0.0,0.0,48942225.68136186,48942225.68136186,0.0,0.0,97884451.36272372,0.004099783616594965,0.5,2.0
2015-12-10,196571512.86548004,196601729.8610529,0.25,0.25,0.0,0.0,49142878.21637001,49142878.21637001,0.0,0.0,98285756.43274002,0.00015372011504818928,0.5,2.0
2015-12-11,196601729.8610529,194689253.09371677,0.25,0.25,0.0,0.0,49150432.465263225,49150432.465263225,0.0,0.0,98300864.93052645,-0.00972767009063319,0.5,2.0
2015-12-14,194689253.09371677,194809231.69698647,0.25,0.25,0.0,0.0,48672313.27342919,48672313.27342919,0.0,0.0,97344626.54685839,0.0006162569395238016,0.5,2.0
2015-12-15,194809231.69698647,194370186.35124952,0.25,0.25,0.0,0.0,48702307.92424662,48702307.92424662,0.0,0.0,97404615.84849323,-0.0022537194049400133,0.5,2.0
2015-12-16,194370186.35124952,193775169.68414626,0.25,0.25,0.0,0.0,48592546.58781238,48592546.58781238,0.0,0.0,97185093.17562476,-0.003061254805960867,0.5,2.0
2015-12-17,193775169.68414626,193956568.07203138,0.25,0.25,0.0,0.0,48443792.421036564,48443792.421036564,0.0,0.0,96887584.84207313,0.0009361281333454818,0.5,2.0
2015-12-18,193956568.07203138,194457699.32524613,0.25,0.25,0.0,0.0,48489142.018007845,48489142.018007845,0.0,0.0,96978284.03601569,0.002583729224516995,0.5,2.0
2015-12-21,194457699.32524613,192801476.8329934,0.25,0.25,0.0,0.0,48614424.83131153,48614424.83131153,0.0,0.0,97228849.66262306,-0.008517135078732835,0.5,2.0
2015-12-22,192801476.8329934,193436852.89400634,0.25,0.25,0.0,0.0,48200369.20824835,48200369.20824835,0.0,0.0,96400738.4164967,0.003295493745430922,0.5,2.0
2015-12-23,193436852.89400634,193983476.11096182,0.25,0.25,0.0,0.0,48359213.223501585,48359213.223501585,0.0,0.0,96718426.44700317,0.002825848377790735,0.5,2.0
2015-12-24,193983476.11096182,194287857.91839272,0.0,0.25,0.0,0.0,0.0,48495869.027740456,0.0,0.0,145487607.08322138,0.001569112037443754,0.25,1.0
2015-12-25,194287857.91839272,194287857.91839272,0.0,0.25,0.0,0.0,0.0,48571964.47959818,0.0,0.0,145715893.43879455,0.0,0.25,1.0
2015-12-28,194287857.91839272,194227723.97536427,0.0,0.25,0.0,0.0,0.0,48571964.47959818,0.0,0.0,145715893.43879455,-0.0003095095271146431,0.25,1.0
2015-12-29,194227723.97536427,194430555.51903868,0.0,0.25,0.0,0.0,0.0,48556930.99384107,0.0,0.0,145670792.98152322,0.0010442975880216032,0.25,1.0
2015-12-30,194430555.51903868,194433295.3393307,0.0,0.25,0.0,0.0,0.0,48607638.87975967,0.0,0.0,145822916.639279,1.409151089803995e-05,0.25,1.0
2015-12-31,194433295.3393307,194402367.11993623,0.0,0.25,0.0,0.0,0.0,48608323.834832676,0.0,0.0,145824971.50449803,-0.00015906853474079163,0.25,1.0
2016-01-01,194402367.11993623,194402367.11993623,0.0,0.25,0.0,0.0,0.0,48600591.77998406,0.0,0.0,145801775.33995217,0.0,0.25,1.0
2016-01-04,194402367.11993623,193612072.2446409,0.0,0.25,0.0,0.0,0.0,48600591.77998406,0.0,0.0,145801775.33995217,-0.0040652533557257176,0.25,1.0
2016-01-05,193612072.2446409,193398521.0387521,0.0,0.25,0.0,0.0,0.0,48403018.06116022,0.0,0.0,145209054.18348068,-0.0011029849709937034,0.25,1.0
2016-01-06,193398521.0387521,192911654.28675696,0.0,0.25,0.0,0.0,0.0,48349630.25968803,0.0,0.0,145048890.7790641,-0.0025174274827964582,0.25,1.0
2016-01-07,192911654.28675696,192631763.08176085,0.0,0.25,0.0,0.0,0.0,48227913.57168924,0.0,0.0,144683740.7150677,-0.0014508776363508225,0.25,1.0
2016-01-08,192631763.08176085,192318712.10895154,0.0,0.25,0.0,0.0,0.0,48157940.77044021,0.0,0.0,144473822.31132063,-0.0016251264474823612,0.25,1.0
2016-01-11,192318712.10895154,192458843.26153362,0.0,0.25,0.0,0.0,0.0,48079678.027237885,0.0,0.0,144239034.08171365,0.0007286402401796566,0.25,1.0
2016-01-12,192458843.26153362,192458843.26153362,0.0,0.0,0.0,0.0,0.0,0.0,0.0,0.0,192458843.26153362,0.0,0.0,0.0
2016-01-13,192458843.26153362,192458843.26153362,0.0,0.0,0.0,0.0,0.0,0.0,0.0,0.0,192458843.26153362,0.0,0.0,0.0
2016-01-14,192458843.26153362,192458843.26153362,0.0,0.0,0.0,0.0,0.0,0.0,0.0,0.0,192458843.26153362,0.0,0.0,0.0
2016-01-15,192458843.26153362,192458843.26153362,0.0,0.0,0.0,0.0,0.0,0.0,0.0,0.0,192458843.26153362,0.0,0.0,0.0
2016-01-18,192458843.26153362,192458843.26153362,0.0,0.0,0.0,0.0,0.0,0.0,0.0,0.0,192458843.26153362,0.0,0.0,0.0
2016-01-19,192458843.26153362,192458843.26153362,0.0,0.0,0.0,0.0,0.0,0.0,0.0,0.0,192458843.26153362,0.0,0.0,0.0
2016-01-20,192458843.26153362,192458843.26153362,0.0,0.0,0.0,0.0,0.0,0.0,0.0,0.0,192458843.26153362,0.0,0.0,0.0
2016-01-21,192458843.26153362,192458843.26153362,0.0,0.0,0.0,0.0,0.0,0.0,0.0,0.0,192458843.26153362,0.0,0.0,0.0
2016-01-22,192458843.26153362,192458843.26153362,0.0,0.0,0.0,0.0,0.0,0.0,0.0,0.0,192458843.26153362,0.0,0.0,0.0
2016-01-25,192458843.26153362,192894875.29633763,0.0,0.0,0.0,0.25,0.0,0.0,0.0,48114710.815383404,144344132.4461502,0.0022655858645657667,0.25,1.0
2016-01-26,192894875.29633763,193417636.25226977,0.0,0.0,0.0,0.25,0.0,0.0,0.0,48223718.82408441,144671156.47225323,0.002710082137377001,0.25,1.0
2016-01-27,193417636.25226977,193636112.12074056,0.0,0.0,0.0,0.25,0.0,0.0,0.0,48354409.06306744,145063227.18920234,0.0011295550535310728,0.25,1.0
2016-01-28,193636112.12074056,193221289.4763936,0.0,0.0,0.0,0.25,0.0,0.0,0.0,48409028.03018514,145227084.09055543,-0.0021422793496715664,0.25,1.0
2016-01-29,193221289.4763936,193346023.25780627,0.0,0.0,0.0,0.25,0.0,0.0,0.0,48305322.3690984,144915967.10729522,0.000645548851012756,0.25,1.0
2016-02-01,193346023.25780627,193786935.39354768,0.0,0.0,0.0,0.25,0.0,0.0,0.0,48336505.81445157,145009517.4433547,0.0022804303306177,0.25,1.0
2016-02-02,193786935.39354768,193812695.56964415,0.0,0.0,0.0,0.25,0.0,0.0,0.0,48446733.84838692,145340201.54516077,0.00013293040650114163,0.25,1.0
2016-02-03,193812695.56964415,194397218.49540624,0.0,0.0,0.0,0.25,0.0,0.0,0.0,48453173.89241104,145359521.6772331,0.0030159165994986803,0.25,1.0
2016-02-04,194397218.49540624,194948444.1659427,0.0,0.0,0.0,0.25,0.0,0.0,0.0,48599304.62385156,145797913.87155467,0.0028355635682591473,0.25,1.0
2016-02-05,194948444.1659427,195699582.50016928,0.0,0.0,0.0,0.25,0.0,0.0,0.0,48737111.041485675,146211333.12445703,0.003853010150659031,0.25,1.0
2016-02-08,195699582.50016928,196359614.11576873,0.0,0.0,0.0,0.25,0.0,0.0,0.0,48924895.62504232,146774686.87512696,0.0033726776887676446,0.25,1.0
2016-02-09,196359614.11576873,196355486.24281493,0.0,0.0,0.0,0.25,0.0,0.0,0.0,49089903.52894218,147269710.58682656,-2.1022005835702462e-05,0.25,1.0
2016-02-10,196355486.24281493,196685324.09382364,0.0,0.0,0.0,0.25,0.0,0.0,0.0,49088871.56070373,147266614.6821112,0.0016797995172941338,0.25,1.0
2016-02-11,196685324.09382364,198721807.14660278,0.0,0.0,0.0,0.25,0.0,0.0,0.0,49171331.02345591,147513993.07036772,0.010354016305800628,0.25,1.0
2016-02-12,198721807.14660278,198373920.45044696,0.0,0.0,0.0,0.25,0.0,0.0,0.0,49680451.786650695,149041355.3599521,-0.0017506216411325992,0.25,1.0
2016-02-15,198373920.45044696,197225390.9426006,0.0,0.0,0.0,0.25,0.0,0.0,0.0,49593480.11261174,148780440.33783522,-0.005789720267857873,0.25,1.0
2016-02-16,197225390.9426006,196864145.3948144,0.0,0.0,0.0,0.25,0.0,0.0,0.0,49306347.73565015,147919043.20695046,-0.0018316381377656288,0.25,1.0
2016-02-17,196864145.3948144,197194591.94188926,0.0,0.0,0.0,0.25,0.0,0.0,0.0,49216036.3487036,147648109.0461108,0.001678551197894118,0.25,1.0
2016-02-18,197194591.94188926,198107137.04361457,0.0,0.0,0.0,0.25,0.0,0.0,0.0,49298647.985472314,147895943.95641693,0.004627637567232057,0.25,1.0
2016-02-19,198107137.04361457,197943371.56721017,0.0,0.0,0.0,0.25,0.0,0.0,0.0,49526784.26090364,148580352.7827109,-0.0008266510679438011,0.25,1.0
2016-02-22,197943371.56721017,197210442.18561247,0.0,0.0,0.0,0.25,0.0,0.0,0.0,49485842.89180254,148457528.67540762,-0.003702722530159741,0.25,1.0
2016-02-23,197210442.18561247,197953675.07256335,0.0,0.0,0.0,0.25,0.0,0.0,0.0,49302610.54640312,147907831.63920936,0.003768729884249089,0.25,1.0
2016-02-24,197953675.07256335,198030316.8752772,0.0,0.0,0.0,0.25,0.0,0.0,0.0,49488418.76814084,148465256.3044225,0.00038717039572894185,0.25,1.0
2016-02-25,198030316.8752772,198197927.47918382,0.0,0.0,0.0,0.25,0.0,0.0,0.0,49507579.2188193,148522737.6564579,0.0008463886063072579,0.25,1.0
2016-02-26,198197927.47918382,197818140.95488802,0.0,0.0,0.0,0.25,0.0,0.0,0.0,49549481.869795956,148648445.60938787,-0.001916198262646912,0.25,1.0
2016-02-29,197818140.95488802,198303994.58682424,0.0,0.25,0.0,0.25,0.0,49454535.238722004,0.0,49454535.238722004,98909070.47744401,0.0024560620658498344,0.5,2.0
2016-03-01,198303994.58682424,198106917.34807026,0.0,0.25,0.0,0.25,0.0,49575998.64670606,0.0,49575998.64670606,99151997.29341212,-0.000993813761364648,0.5,2.0
2016-03-02,198106917.34807026,200159568.6591724,0.25,0.25,0.0,0.25,49526729.337017566,49526729.337017566,0.0,49526729.337017566,49526729.337017566,0.010361330833772275,0.75,3.0
2016-03-03,200159568.6591724,202606831.13060924,0.25,0.25,0.0,0.25,50039892.1647931,50039892.1647931,0.0,50039892.1647931,50039892.1647931,0.01222655748026713,0.75,3.0
2016-03-04,202606831.13060924,204140882.97418034,0.25,0.25,0.0,0.25,50651707.78265231,50651707.78265231,0.0,50651707.78265231,50651707.78265231,0.007571570193416366,0.75,3.0
2016-03-07,204140882.97418034,204484198.340768,0.25,0.25,0.0,0.25,51035220.743545085,51035220.743545085,0.0,51035220.743545085,51035220.743545085,0.0016817570375213808,0.75,3.0
2016-03-08,204484198.340768,203822104.69045216,0.25,0.25,0.0,0.25,51121049.585192,51121049.585192,0.0,51121049.585192,51121049.585192,-0.0032378719514182808,0.75,3.0
2016-03-09,203822104.69045216,205252180.36971062,0.25,0.25,0.0,0.25,50955526.17261304,50955526.17261304,0.0,50955526.17261304,50955526.17261304,0.007016293357535092,0.75,3.0
2016-03-10,205252180.36971062,206010790.27291748,0.25,0.25,0.25,0.25,51313045.092427656,51313045.092427656,51313045.092427656,51313045.092427656,0.0,0.0036959894985788,1.0,4.0
2016-03-11,206010790.27291748,206869414.9192118,0.25,0.25,0.25,0.25,51502697.56822937,51502697.56822937,51502697.56822937,51502697.56822937,0.0,0.004167862494759977,1.0,4.0
2016-03-14,206869414.9192118,205615175.7854519,0.25,0.25,0.25,0.25,51717353.72980295,51717353.72980295,51717353.72980295,51717353.72980295,0.0,-0.006062951037250686,1.0,4.0
2016-03-15,205615175.7854519,203276863.56316748,0.25,0.25,0.25,0.25,51403793.94636297,51403793.94636297,51403793.94636297,51403793.94636297,0.0,-0.011372274509174857,1.0,4.0
2016-03-16,203276863.56316748,203925650.8830102,0.25,0.25,0.25,0.25,50819215.89079187,50819215.89079187,50819215.89079187,50819215.89079187,0.0,0.0031916436945668425,1.0,4.0
2016-03-17,203925650.8830102,208676278.3144145,0.25,0.25,0.25,0.25,50981412.72075255,50981412.72075255,50981412.72075255,50981412.72075255,0.0,0.02329587970338104,1.0,4.0
2016-03-18,208676278.3144145,208430619.77150962,0.25,0.25,0.25,0.25,52169069.578603625,52169069.578603625,52169069.578603625,52169069.578603625,0.0,-0.00117722313666499,1.0,4.0
2016-03-21,208430619.77150962,207877446.43624336,0.25,0.25,0.25,0.25,52107654.942877404,52107654.942877404,52107654.942877404,52107654.942877404,0.0,-0.002653992661311777,1.0,4.0
2016-03-22,207877446.43624336,208816005.51861593,0.25,0.25,0.25,0.25,51969361.60906084,51969361.60906084,51969361.60906084,51969361.60906084,0.0,0.004514963496342783,1.0,4.0
2016-03-23,208816005.51861593,204812628.8765289,0.25,0.25,0.25,0.25,52204001.37965398,52204001.37965398,52204001.37965398,52204001.37965398,0.0,-0.01917179017070203,1.0,4.0
2016-03-24,204812628.8765289,203967037.2401581,0.25,0.25,0.25,0.25,51203157.21913222,51203157.21913222,51203157.21913222,51203157.21913222,0.0,-0.004128610823508072,1.0,4.0
2016-03-25,203967037.2401581,203976675.56352666,0.25,0.25,0.25,0.25,50991759.31003953,50991759.31003953,50991759.31003953,50991759.31003953,0.0,4.725431863383811e-05,1.0,4.0
2016-03-28,203976675.56352666,205336642.5978668,0.25,0.25,0.25,0.25,50994168.890881665,50994168.890881665,50994168.890881665,50994168.890881665,0.0,0.006667267375463137,1.0,4.0
2016-03-29,205336642.5978668,205921920.1746176,0.25,0.25,0.25,0.25,51334160.6494667,51334160.6494667,51334160.6494667,51334160.6494667,0.0,0.0028503318713407333,1.0,4.0
2016-03-30,205921920.1746176,206775816.05559018,0.25,0.25,0.25,0.25,51480480.0436544,51480480.0436544,51480480.0436544,51480480.0436544,0.0,0.004146697351348011,1.0,4.0
2016-03-31,206775816.05559018,207846307.29554617,0.25,0.25,0.25,0.25,51693954.013897546,51693954.013897546,51693954.013897546,51693954.013897546,0.0,0.005177062097379087,1.0,4.0
2016-04-01,207846307.29554617,206132500.482374,0.25,0.25,0.25,0.25,51961576.82388654,51961576.82388654,51961576.82388654,51961576.82388654,0.0,-0.008245548528005409,1.0,4.0
2016-04-04,206132500.482374,204896903.5740534,0.25,0.25,0.25,0.25,51533125.1205935,51533125.1205935,51533125.1205935,51533125.1205935,0.0,-0.005994187745402335,1.0,4.0
2016-04-05,204896903.5740534,203939240.7787807,0.25,0.25,0.25,0.25,51224225.89351335,51224225.89351335,51224225.89351335,51224225.89351335,0.0,-0.004673876366933921,1.0,4.0
2016-04-06,203939240.7787807,204003529.05875137,0.25,0.25,0.25,0.25,50984810.194695175,50984810.194695175,50984810.194695175,50984810.194695175,0.0,0.0003152325159451741,1.0,4.0
2016-04-07,204003529.05875137,204057641.57586116,0.25,0.25,0.25,0.25,51000882.26468784,51000882.26468784,51000882.26468784,51000882.26468784,0.0,0.0002652528481221217,1.0,4.0
2016-04-08,204057641.57586116,206532473.5530011,0.25,0.25,0.25,0.25,51014410.39396529,51014410.39396529,51014410.39396529,51014410.39396529,0.0,0.012128102422569065,1.0,4.0
2016-04-11,206532473.5530011,209082905.4449315,0.25,0.25,0.25,0.25,51633118.38825028,51633118.38825028,51633118.38825028,51633118.38825028,0.0,0.01234881783021835,1.0,4.0
2016-04-12,209082905.4449315,210479430.75786367,0.25,0.25,0.25,0.25,52270726.36123288,52270726.36123288,52270726.36123288,52270726.36123288,0.0,0.0066792897772314785,1.0,4.0
2016-04-13,210479430.75786367,209832919.28398558,0.25,0.25,0.25,0.25,52619857.68946592,52619857.68946592,52619857.68946592,52619857.68946592,0.0,-0.00307161356124086,1.0,4.0
2016-04-14,209832919.28398558,209872006.37445545,0.25,0.25,0.25,0.25,52458229.820996396,52458229.820996396,52458229.820996396,52458229.820996396,0.0,0.0001862772085679809,1.0,4.0
2016-04-15,209872006.37445545,209642973.3161212,0.25,0.25,0.25,0.25,52468001.59361386,52468001.59361386,52468001.59361386,52468001.59361386,0.0,-0.0010912987505616312,1.0,4.0
2016-04-18,209642973.3161212,209381154.21735474,0.25,0.25,0.25,0.25,52410743.3290303,52410743.3290303,52410743.3290303,52410743.3290303,0.0,-0.0012488808693418285,1.0,4.0
2016-04-19,209381154.21735474,212182991.5755412,0.25,0.25,0.25,0.25,52345288.554338686,52345288.554338686,52345288.554338686,52345288.554338686,0.0,0.013381516443824237,1.0,4.0
2016-04-20,212182991.5755412,213080972.7655593,0.25,0.25,0.25,0.25,53045747.8938853,53045747.8938853,53045747.8938853,53045747.8938853,0.0,0.004232107311478023,1.0,4.0
2016-04-21,213080972.7655593,212627754.4783699,0.25,0.25,0.25,0.25,53270243.19138982,53270243.19138982,53270243.19138982,53270243.19138982,0.0,-0.002126976807488218,1.0,4.0
2016-04-22,212627754.4783699,210629306.57453066,0.25,0.25,0.25,0.25,53156938.61959247,53156938.61959247,53156938.61959247,53156938.61959247,0.0,-0.009398810182339234,1.0,4.0
2016-04-25,210629306.57453066,211337940.84687105,0.25,0.25,0.25,0.25,52657326.643632665,52657326.643632665,52657326.643632665,52657326.643632665,0.0,0.0033643669243608454,1.0,4.0
2016-04-26,211337940.84687105,212650595.70512065,0.25,0.25,0.25,0.25,52834485.21171776,52834485.21171776,52834485.21171776,52834485.21171776,0.0,0.006211165174552058,1.0,4.0
2016-04-27,212650595.70512065,211864814.73450392,0.25,0.25,0.25,0.25,53162648.92628016,53162648.92628016,53162648.92628016,53162648.92628016,0.0,-0.003695174085975056,1.0,4.0
2016-04-28,211864814.73450392,214188059.1371688,0.25,0.25,0.25,0.25,52966203.68362598,52966203.68362598,52966203.68362598,52966203.68362598,0.0,0.010965692465623678,1.0,4.0
2016-04-29,214188059.1371688,216329504.52218878,0.25,0.25,0.25,0.25,53547014.7842922,53547014.7842922,53547014.7842922,53547014.7842922,0.0,0.009997968111044642,1.0,4.0
2016-05-02,216329504.52218878,214984365.0097762,0.25,0.25,0.25,0.25,54082376.130547196,54082376.130547196,54082376.130547196,54082376.130547196,0.0,-0.006218012265056583,1.0,4.0
2016-05-03,214984365.0097762,212240822.22505862,0.25,0.25,0.25,0.25,53746091.25244405,53746091.25244405,53746091.25244405,53746091.25244405,0.0,-0.012761592149237666,1.0,4.0
2016-05-04,212240822.22505862,211963247.67606175,0.25,0.25,0.25,0.25,53060205.556264654,53060205.556264654,53060205.556264654,53060205.556264654,0.0,-0.0013078282777407024,1.0,4.0
2016-05-05,211963247.67606175,211506895.95973414,0.25,0.25,0.25,0.25,52990811.91901544,52990811.91901544,52990811.91901544,52990811.91901544,0.0,-0.0021529756754105345,1.0,4.0
2016-05-06,211506895.95973414,211725836.61217952,0.25,0.25,0.25,0.25,52876723.989933535,52876723.989933535,52876723.989933535,52876723.989933535,0.0,0.0010351466388453245,1.0,4.0
2016-05-09,211725836.61217952,209252080.2360161,0.25,0.25,0.25,0.25,52931459.15304488,52931459.15304488,52931459.15304488,52931459.15304488,0.0,-0.011683771880399346,1.0,4.0
2016-05-10,209252080.2360161,211808144.82338595,0.25,0.25,0.25,0.25,52313020.05900402,52313020.05900402,52313020.05900402,52313020.05900402,0.0,0.012215240988222853,1.0,4.0
2016-05-11,211808144.82338595,213503792.0140263,0.25,0.25,0.25,0.25,52952036.20584649,52952036.20584649,52952036.20584649,52952036.20584649,0.0,0.008005580673275281,1.0,4.0
2016-05-12,213503792.0140263,212311859.3363432,0.25,0.25,0.25,0.25,53375948.00350658,53375948.00350658,53375948.00350658,53375948.00350658,0.0,-0.005582723690475883,1.0,4.0
2016-05-13,212311859.3363432,211594580.90065315,0.25,0.25,0.25,0.25,53077964.8340858,53077964.8340858,53077964.8340858,53077964.8340858,0.0,-0.003378419076221967,1.0,4.0
2016-05-16,211594580.90065315,212511807.19470298,0.25,0.25,0.25,0.25,52898645.22516329,52898645.22516329,52898645.22516329,52898645.22516329,0.0,0.0043348288512191635,1.0,4.0
2016-05-17,212511807.19470298,213518264.3566114,0.25,0.25,0.25,0.25,53127951.798675746,53127951.798675746,53127951.798675746,53127951.798675746,0.0,0.004736005849248215,1.0,4.0
2016-05-18,213518264.3566114,211437815.77823603,0.25,0.25,0.25,0.25,53379566.08915285,53379566.08915285,53379566.08915285,53379566.08915285,0.0,-0.009743656284600916,1.0,4.0
2016-05-19,211437815.77823603,209852708.39185154,0.25,0.0,0.25,0.25,52859453.94455901,0.0,52859453.94455901,52859453.94455901,52859453.94455901,-0.00749680174546935,0.75,3.0
2016-05-20,209852708.39185154,210710011.58437106,0.25,0.0,0.25,0.25,52463177.097962886,0.0,52463177.097962886,52463177.097962886,52463177.097962886,0.004085261510748228,0.75,3.0
2016-05-23,210710011.58437106,209904391.0141587,0.25,0.0,0.25,0.25,52677502.896092765,0.0,52677502.896092765,52677502.896092765,52677502.896092765,-0.003823361615116122,0.75,3.0
2016-05-24,209904391.0141587,209243153.20616698,0.25,0.0,0.25,0.25,52476097.753539674,0.0,52476097.753539674,52476097.753539674,52476097.753539674,-0.0031501856859541266,0.75,3.0
2016-05-25,209243153.20616698,209225129.46401167,0.25,0.0,0.25,0.25,52310788.301541746,0.0,52310788.301541746,52310788.301541746,52310788.301541746,-8.613778696750507e-05,0.75,3.0
2016-05-26,209225129.46401167,209129564.1719562,0.25,0.0,0.25,0.25,52306282.36600292,0.0,52306282.36600292,52306282.36600292,52306282.36600292,-0.0004567581929584008,0.75,3.0
2016-05-27,209129564.1719562,208497917.02281743,0.25,0.0,0.25,0.25,52282391.04298905,0.0,52282391.04298905,52282391.04298905,52282391.04298905,-0.0030203627671667177,0.75,3.0
2016-05-30,208497917.02281743,208468661.56070897,0.25,0.0,0.25,0.25,52124479.25570436,0.0,52124479.25570436,52124479.25570436,52124479.25570436,-0.00014031536873931882,0.75,3.0
2016-05-31,208468661.56070897,208785906.9721236,0.25,0.0,0.25,0.25,52117165.39017724,0.0,52117165.39017724,52117165.39017724,52117165.39017724,0.0015217894576554092,0.75,3.0
2016-06-01,208785906.9721236,209008360.81114414,0.25,0.0,0.25,0.25,52196476.7430309,0.0,52196476.7430309,52196476.7430309,52196476.7430309,0.0010654638631823754,0.75,3.0
2016-06-02,209008360.81114414,209627633.61156324,0.25,0.0,0.25,0.25,52252090.202786036,0.0,52252090.202786036,52252090.202786036,52252090.202786036,0.002962909225333016,0.75,3.0
2016-06-03,209627633.61156324,211983560.79874077,0.25,0.0,0.25,0.25,52406908.40289081,0.0,52406908.40289081,52406908.40289081,52406908.40289081,0.011238628927820848,0.75,3.0
2016-06-06,211983560.79874077,213096710.2314797,0.25,0.0,0.25,0.0,52995890.19968519,0.0,52995890.19968519,0.0,105991780.39937039,0.005251112060504548,0.5,2.0
2016-06-07,213096710.2314797,213928339.6766336,0.25,0.0,0.25,0.0,53274177.557869926,0.0,53274177.557869926,0.0,106548355.11573985,0.0039025916648385284,0.5,2.0
2016-06-08,213928339.6766336,216045231.84782717,0.25,0.0,0.25,0.0,53482084.9191584,0.0,53482084.9191584,0.0,106964169.8383168,0.009895333055888578,0.5,2.0
2016-06-09,216045231.84782717,216173791.3250563,0.25,0.0,0.25,0.0,54011307.96195679,0.0,54011307.96195679,0.0,108022615.92391358,0.0005950581557833123,0.5,2.0
2016-06-10,216173791.3250563,215034892.43231213,0.25,0.0,0.25,0.0,54043447.83126408,0.0,54043447.83126408,0.0,108086895.66252816,-0.005268441126758283,0.5,2.0
2016-06-13,215034892.43231213,214819039.00760964,0.25,0.0,0.25,0.0,53758723.10807803,0.0,53758723.10807803,0.0,107517446.21615607,-0.0010038065090781645,0.5,2.0
2016-06-14,214819039.00760964,214188506.10867038,0.25,0.0,0.25,0.0,53704759.75190241,0.0,53704759.75190241,0.0,107409519.50380482,-0.002935181638704154,0.5,2.0
2016-06-15,214188506.10867038,214141941.2026135,0.25,0.0,0.25,0.0,53547126.527167596,0.0,53547126.527167596,0.0,107094253.05433519,-0.00021740151655599838,0.5,2.0
2016-06-16,214141941.2026135,213071573.47014946,0.25,0.0,0.25,0.0,53535485.300653376,0.0,53535485.300653376,0.0,107070970.60130675,-0.004998403051979711,0.5,2.0
2016-06-17,213071573.47014946,215015598.76058826,0.25,0.0,0.25,0.0,53267893.367537364,0.0,53267893.367537364,0.0,106535786.73507473,0.00912381346219876,0.5,2.0
2016-06-20,215015598.76058826,216244691.8035239,0.25,0.0,0.25,0.0,53753899.690147065,0.0,53753899.690147065,0.0,107507799.38029413,0.005716297096678036,0.5,2.0
2016-06-21,216244691.8035239,215468094.08090854,0.25,0.0,0.25,0.0,54061172.950880975,0.0,54061172.950880975,0.0,108122345.90176195,-0.003591291495473964,0.5,2.0
2016-06-22,215468094.08090854,215132469.94836846,0.25,0.0,0.25,0.25,53867023.520227134,0.0,53867023.520227134,53867023.520227134,53867023.520227134,-0.0015576511871593646,0.75,3.0
2016-06-23,215132469.94836846,215452163.0963493,0.25,0.0,0.25,0.25,53783117.487092115,0.0,53783117.487092115,53783117.487092115,53783117.487092115,0.0014860292733009928,0.75,3.0
2016-06-24,215452163.0963493,217065664.51425132,0.25,0.0,0.25,0.25,53863040.774087325,0.0,53863040.774087325,53863040.774087325,53863040.774087325,0.007488907953922402,0.75,3.0
2016-06-27,217065664.51425132,216752538.50844753,0.25,0.0,0.25,0.25,54266416.12856283,0.0,54266416.12856283,54266416.12856283,54266416.12856283,-0.0014425404704355993,0.75,3.0
2016-06-28,216752538.50844753,218498332.5966173,0.25,0.0,0.25,0.25,54188134.62711188,0.0,54188134.62711188,54188134.62711188,54188134.62711188,0.00805431899521547,0.75,3.0
2016-06-29,218498332.5966173,220911855.08946607,0.25,0.0,0.25,0.25,54624583.14915433,0.0,54624583.14915433,54624583.14915433,54624583.14915433,0.01104595382567286,0.75,3.0
2016-06-30,220911855.08946607,221425751.63771024,0.25,0.0,0.25,0.25,55227963.77236652,0.0,55227963.77236652,55227963.77236652,55227963.77236652,0.0023262515632581637,0.75,3.0
2016-07-01,221425751.63771024,222197441.22822377,0.25,0.0,0.25,0.25,55356437.90942756,0.0,55356437.90942756,55356437.90942756,55356437.90942756,0.0034850941446780415,0.75,3.0
2016-07-04,222197441.22822377,222316185.50138864,0.25,0.0,0.25,0.25,55549360.30705594,0.0,55549360.30705594,55549360.30705594,55549360.30705594,0.0005344088235602895,0.75,3.0
2016-07-05,222316185.50138864,220465365.56534487,0.25,0.0,0.25,0.25,55579046.37534716,0.0,55579046.37534716,55579046.37534716,55579046.37534716,-0.008325169541163219,0.75,3.0
2016-07-06,220465365.56534487,220179953.31025445,0.25,0.0,0.25,0.25,55116341.39133622,0.0,55116341.39133622,55116341.39133622,55116341.39133622,-0.001294589988584005,0.75,3.0
2016-07-07,220179953.31025445,218700976.0416995,0.25,0.0,0.25,0.25,55044988.32756361,0.0,55044988.32756361,55044988.32756361,55044988.32756361,-0.006717129540267319,0.75,3.0
2016-07-08,218700976.0416995,220139330.83368906,0.25,0.0,0.25,0.25,54675244.010424875,0.0,54675244.010424875,54675244.010424875,54675244.010424875,0.0065768101177350324,0.75,3.0
2016-07-11,220139330.83368906,219504805.1862558,0.25,0.25,0.25,0.25,55034832.708422266,55034832.708422266,55034832.708422266,55034832.708422266,0.0,-0.002882382012474871,1.0,4.0
2016-07-12,219504805.1862558,220524869.91011432,0.25,0.25,0.25,0.25,54876201.29656395,54876201.29656395,54876201.29656395,54876201.29656395,0.0,0.004647117966246672,1.0,4.0
2016-07-13,220524869.91011432,220403123.8914093,0.25,0.25,0.25,0.25,55131217.47752858,55131217.47752858,55131217.47752858,55131217.47752858,0.0,-0.0005520738715531215,1.0,4.0
2016-07-14,220403123.8914093,221354046.50655243,0.25,0.25,0.25,0.25,55100780.97285233,55100780.97285233,55100780.97285233,55100780.97285233,0.0,0.004314469769546747,1.0,4.0
2016-07-15,221354046.50655243,220117805.39502305,0.25,0.25,0.25,0.25,55338511.62663811,55338511.62663811,55338511.62663811,55338511.62663811,0.0,-0.00558490405321227,1.0,4.0
2016-07-18,220117805.39502305,219779531.97037473,0.25,0.25,0.25,0.25,55029451.34875576,55029451.34875576,55029451.34875576,55029451.34875576,0.0,-0.0015367835602453084,1.0,4.0
2016-07-19,219779531.97037473,218482886.4835949,0.25,0.25,0.25,0.25,54944882.99259368,54944882.99259368,54944882.99259368,54944882.99259368,0.0,-0.005899755428337955,1.0,4.0
2016-07-20,218482886.4835949,218107373.80757037,0.25,0.25,0.25,0.25,54620721.62089872,54620721.62089872,54620721.62089872,54620721.62089872,0.0,-0.0017187280984259368,1.0,4.0
2016-07-21,218107373.80757037,218501600.64529482,0.25,0.25,0.25,0.25,54526843.45189259,54526843.45189259,54526843.45189259,54526843.45189259,0.0,0.0018074897278449742,1.0,4.0
2016-07-22,218501600.64529482,217150757.33176214,0.25,0.25,0.25,0.25,54625400.161323704,54625400.161323704,54625400.161323704,54625400.161323704,0.0,-0.0061823039718851,1.0,4.0
2016-07-25,217150757.33176214,216456465.71700627,0.25,0.25,0.25,0.25,54287689.332940534,54287689.332940534,54287689.332940534,54287689.332940534,0.0,-0.0031972792694207053,1.0,4.0
2016-07-26,216456465.71700627,217012706.5988758,0.25,0.25,0.25,0.25,54114116.42925157,54114116.42925157,54114116.42925157,54114116.42925157,0.0,0.0025697586811601614,1.0,4.0
2016-07-27,217012706.5988758,217062258.90866935,0.25,0.25,0.25,0.25,54253176.64971895,54253176.64971895,54253176.64971895,54253176.64971895,0.0,0.00022833828751397944,1.0,4.0
2016-07-28,217062258.90866935,217612082.80946684,0.25,0.25,0.25,0.25,54265564.72716734,54265564.72716734,54265564.72716734,54265564.72716734,0.0,0.002533023951569624,1.0,4.0
2016-07-29,217612082.80946684,219610903.56092155,0.25,0.25,0.0,0.25,54403020.70236671,54403020.70236671,0.0,54403020.70236671,54403020.70236671,0.009185247094963767,0.75,3.0
2016-08-01,219610903.56092155,218872025.85343245,0.25,0.25,0.0,0.25,54902725.89023039,54902725.89023039,0.0,54902725.89023039,54902725.89023039,-0.00336448553103888,0.75,3.0
2016-08-02,218872025.85343245,219899574.80131862,0.25,0.25,0.0,0.25,54718006.46335811,54718006.46335811,0.0,54718006.46335811,54718006.46335811,0.004694747736169069,0.75,3.0
2016-08-03,219899574.80131862,219157780.80796447,0.25,0.25,0.0,0.25,54974893.700329654,54974893.700329654,0.0,54974893.700329654,54974893.700329654,-0.0033733307307409754,0.75,3.0
2016-08-04,219157780.80796447,220572196.99986628,0.25,0.25,0.0,0.25,54789445.20199112,54789445.20199112,0.0,54789445.20199112,54789445.20199112,0.006453871665826061,0.75,3.0
2016-08-05,220572196.99986628,219941263.87923867,0.25,0.25,0.0,0.25,55143049.24996657,55143049.24996657,0.0,55143049.24996657,55143049.24996657,-0.0028604381205305784,0.75,3.0
2016-08-08,219941263.87923867,220487248.77892724,0.25,0.25,0.0,0.25,54985315.96980967,54985315.96980967,0.0,54985315.96980967,54985315.96980967,0.002482412304352005,0.75,3.0
2016-08-09,220487248.77892724,221569090.37897635,0.25,0.25,0.0,0.25,55121812.19473181,55121812.19473181,0.0,55121812.19473181,55121812.19473181,0.00490659485317374,0.75,3.0
2016-08-10,221569090.37897635,222267405.712741,0.25,0.25,0.0,0.25,55392272.594744086,55392272.594744086,0.0,55392272.594744086,55392272.594744086,0.0031516820896372866,0.75,3.0
2016-08-11,222267405.712741,222006261.8324389,0.25,0.25,0.0,0.25,55566851.42818525,55566851.42818525,0.0,55566851.42818525,55566851.42818525,-0.0011749085722430053,0.75,3.0
2016-08-12,222006261.8324389,221318130.26753378,0.25,0.25,0.0,0.25,55501565.45810972,55501565.45810972,0.0,55501565.45810972,55501565.45810972,-0.0030996043049655864,0.75,3.0
2016-08-15,221318130.26753378,221334757.5701998,0.25,0.25,0.0,0.25,55329532.566883445,55329532.566883445,0.0,55329532.566883445,55329532.566883445,7.512851588750702e-05,0.75,3.0
2016-08-16,221334757.5701998,221267907.52138102,0.25,0.25,0.0,0.25,55333689.39254995,55333689.39254995,0.0,55333689.39254995,55333689.39254995,-0.00030203140958351415,0.75,3.0
2016-08-17,221267907.52138102,220466375.364367,0.25,0.25,0.0,0.25,55316976.880345255,55316976.880345255,0.0,55316976.880345255,55316976.880345255,-0.0036224510187340964,0.75,3.0
2016-08-18,220466375.364367,220869092.2625653,0.25,0.25,0.0,0.25,55116593.84109175,55116593.84109175,0.0,55116593.84109175,55116593.84109175,0.0018266590428256124,0.75,3.0
2016-08-19,220869092.2625653,220033561.4704268,0.25,0.25,0.0,0.25,55217273.06564133,55217273.06564133,0.0,55217273.06564133,55217273.06564133,-0.0037829231042670053,0.75,3.0
2016-08-22,220033561.4704268,220217993.97871011,0.25,0.25,0.0,0.25,55008390.3676067,55008390.3676067,0.0,55008390.3676067,55008390.3676067,0.0008382017136423781,0.75,3.0
2016-08-23,220217993.97871011,220430210.18926087,0.25,0.25,0.0,0.25,55054498.49467753,55054498.49467753,0.0,55054498.49467753,55054498.49467753,0.000963664261564745,0.75,3.0
2016-08-24,220430210.18926087,219191145.64445135,0.25,0.25,0.0,0.25,55107552.54731522,55107552.54731522,0.0,55107552.54731522,55107552.54731522,-0.005621119463369767,0.75,3.0
2016-08-25,219191145.64445135,219051524.708359,0.25,0.25,0.0,0.25,54797786.41111284,54797786.41111284,0.0,54797786.41111284,54797786.41111284,-0.0006369825554852215,0.75,3.0
2016-08-26,219051524.708359,219902753.78803852,0.25,0.25,0.0,0.25,54762881.17708975,54762881.17708975,0.0,54762881.17708975,54762881.17708975,0.0038859765108361366,0.75,3.0
2016-08-29,219902753.78803852,218577671.87068328,0.25,0.25,0.0,0.25,54975688.44700963,54975688.44700963,0.0,54975688.44700963,54975688.44700963,-0.006025763181812804,0.75,3.0
2016-08-30,218577671.87068328,217556593.61091912,0.25,0.25,0.0,0.25,54644417.96767082,54644417.96767082,0.0,54644417.96767082,54644417.96767082,-0.004671466444972711,0.75,3.0
2016-08-31,217556593.61091912,217918845.44092092,0.25,0.25,0.0,0.25,54389148.40272978,54389148.40272978,0.0,54389148.40272978,54389148.40272978,0.0016650923972898468,0.75,3.0
2016-09-01,217918845.44092092,218077370.7563986,0.25,0.25,0.0,0.25,54479711.36023023,54479711.36023023,0.0,54479711.36023023,54479711.36023023,0.000727451153464509,0.75,3.0
2016-09-02,218077370.7563986,218686432.92580688,0.25,0.25,0.0,0.25,54519342.68909965,54519342.68909965,0.0,54519342.68909965,54519342.68909965,0.0027928719394209045,0.75,3.0
2016-09-05,218686432.92580688,218582431.56024852,0.25,0.25,0.0,0.25,54671608.23145172,54671608.23145172,0.0,54671608.23145172,54671608.23145172,-0.0004755730118550239,0.75,3.0
2016-09-06,218582431.56024852,220861318.01206243,0.25,0.25,0.0,0.25,54645607.89006213,54645607.89006213,0.0,54645607.89006213,54645607.89006213,0.010425753046789443,0.75,3.0
2016-09-07,220861318.01206243,220671917.43046978,0.25,0.25,0.0,0.25,55215329.50301561,55215329.50301561,0.0,55215329.50301561,55215329.50301561,-0.0008575543390640095,0.75,3.0
2016-09-08,220671917.43046978,221313419.50751027,0.25,0.25,0.0,0.25,55167979.357617445,55167979.357617445,0.0,55167979.357617445,55167979.357617445,0.0029070399374340194,0.75,3.0
2016-09-09,221313419.50751027,218799262.31106225,0.25,0.25,0.0,0.25,55328354.87687757,55328354.87687757,0.0,55328354.87687757,55328354.87687757,-0.011360166057904547,0.75,3.0
2016-09-12,218799262.31106225,218091103.98305854,0.25,0.25,0.0,0.25,54699815.57776556,54699815.57776556,0.0,54699815.57776556,54699815.57776556,-0.003236566341786623,0.75,3.0
2016-09-13,218091103.98305854,217444400.07335994,0.25,0.25,0.0,0.25,54522775.995764636,54522775.995764636,0.0,54522775.995764636,54522775.995764636,-0.00296529247588595,0.75,3.0
2016-09-14,217444400.07335994,216691208.24775305,0.25,0.25,0.0,0.0,54361100.018339984,54361100.018339984,0.0,0.0,108722200.03667997,-0.003463836389222985,0.5,2.0
2016-09-15,216691208.24775305,216955145.02723524,0.25,0.25,0.0,0.0,54172802.06193826,54172802.06193826,0.0,0.0,108345604.12387653,0.0012180317864138868,0.5,2.0
2016-09-16,216955145.02723524,217360482.1066005,0.25,0.25,0.0,0.0,54238786.25680881,54238786.25680881,0.0,0.0,108477572.51361762,0.0018682989947730877,0.5,2.0
2016-09-19,217360482.1066005,218584340.93955314,0.25,0.25,0.0,0.0,54340120.52665012,54340120.52665012,0.0,0.0,108680241.05330025,0.005630548943816038,0.5,2.0
2016-09-20,218584340.93955314,218535881.32496712,0.0,0.25,0.0,0.0,0.0,54646085.234888285,0.0,0.0,163938255.70466486,-0.00022169755792073031,0.25,1.0
2016-09-21,218535881.32496712,218667665.50632107,0.0,0.25,0.0,0.0,0.0,54633970.33124178,0.0,0.0,163901910.99372533,0.0006030322368802965,0.25,1.0
2016-09-22,218667665.50632107,218667665.50632107,0.0,0.0,0.0,0.0,0.0,0.0,0.0,0.0,218667665.50632107,0.0,0.0,0.0
2016-09-23,218667665.50632107,218667665.50632107,0.0,0.0,0.0,0.0,0.0,0.0,0.0,0.0,218667665.50632107,0.0,0.0,0.0
2016-09-26,218667665.50632107,218667665.50632107,0.0,0.0,0.0,0.0,0.0,0.0,0.0,0.0,218667665.50632107,0.0,0.0,0.0
2016-09-27,218667665.50632107,218667665.50632107,0.0,0.0,0.0,0.0,0.0,0.0,0.0,0.0,218667665.50632107,0.0,0.0,0.0
2016-09-28,218667665.50632107,218667665.50632107,0.0,0.0,0.0,0.0,0.0,0.0,0.0,0.0,218667665.50632107,0.0,0.0,0.0
2016-09-29,218667665.50632107,218766046.08608395,0.0,0.25,0.0,0.0,0.0,54666916.37658027,0.0,0.0,164000749.1297408,0.00044990913281600653,0.25,1.0
2016-09-30,218766046.08608395,218667443.60136968,0.0,0.25,0.0,0.0,0.0,54691511.52152099,0.0,0.0,164074534.56456298,-0.00045072115384617306,0.25,1.0
2016-10-03,218667443.60136968,218737494.57173637,0.0,0.25,0.0,0.0,0.0,54666860.90034242,0.0,0.0,164000582.70102727,0.0003203539091735652,0.25,1.0
2016-10-04,218737494.57173637,218643978.76792803,0.0,0.25,0.0,0.0,0.0,54684373.64293409,0.0,0.0,164053120.92880228,-0.0004275252580331068,0.25,1.0
2016-10-05,218643978.76792803,218295611.7178064,0.0,0.25,0.0,0.0,0.0,54660994.69198201,0.0,0.0,163982984.07594603,-0.0015933073121187358,0.25,1.0
2016-10-06,218295611.7178064,218071049.77713406,0.0,0.25,0.0,0.0,0.0,54573902.9294516,0.0,0.0,163721708.7883548,-0.0010287057028092184,0.25,1.0
2016-10-07,218071049.77713406,218071049.77713406,0.0,0.0,0.0,0.0,0.0,0.0,0.0,0.0,218071049.77713406,0.0,0.0,0.0
2016-10-10,218071049.77713406,219033143.1370389,0.0,0.25,0.25,0.0,0.0,54517762.444283515,54517762.444283515,0.0,109035524.88856703,0.004411834403915904,0.5,2.0
2016-10-11,219033143.1370389,218142340.09942037,0.0,0.25,0.25,0.0,0.0,54758285.78425972,54758285.78425972,0.0,109516571.56851944,-0.004066978288583295,0.5,2.0
2016-10-12,218142340.09942037,217983901.84719497,0.0,0.25,0.25,0.0,0.0,54535585.02485509,54535585.02485509,0.0,109071170.04971018,-0.0007263067415210489,0.5,2.0
2016-10-13,217983901.84719497,218253967.01814434,0.0,0.25,0.25,0.0,0.0,54495975.46179874,54495975.46179874,0.0,108991950.92359748,0.0012389225473112553,0.5,2.0
2016-10-14,218253967.01814434,219218036.39738068,0.25,0.25,0.25,0.0,54563491.754536085,54563491.754536085,54563491.754536085,0.0,54563491.754536085,0.004417190635330692,0.75,3.0
2016-10-17,219218036.39738068,219103978.63924503,0.25,0.25,0.25,0.0,54804509.09934517,54804509.09934517,54804509.09934517,0.0,54804509.09934517,-0.0005202936766064425,0.75,3.0
2016-10-18,219103978.63924503,219818504.73803917,0.25,0.25,0.25,0.0,54775994.65981126,54775994.65981126,54775994.65981126,0.0,54775994.65981126,0.0032611279048044284,0.75,3.0
2016-10-19,219818504.73803917,220473761.1579013,0.25,0.25,0.25,0.0,54954626.18450979,54954626.18450979,54954626.18450979,0.0,54954626.18450979,0.0029808974482971595,0.75,3.0
2016-10-20,220473761.1579013,219593289.5464681,0.25,0.25,0.25,0.0,55118440.28947532,55118440.28947532,55118440.28947532,0.0,55118440.28947532,-0.0039935437523678785,0.75,3.0
2016-10-21,219593289.5464681,219567577.04717916,0.25,0.25,0.25,0.0,54898322.38661703,54898322.38661703,54898322.38661703,0.0,54898322.38661703,-0.00011709146186592023,0.75,3.0
2016-10-24,219567577.04717916,220137239.71505752,0.25,0.25,0.25,0.0,54891894.26179479,54891894.26179479,54891894.26179479,0.0,54891894.26179479,0.002594475357151488,0.75,3.0
2016-10-25,220137239.71505752,220383662.07772914,0.25,0.25,0.25,0.0,55034309.92876438,55034309.92876438,55034309.92876438,0.0,55034309.92876438,0.0011194033457972707,0.75,3.0
2016-10-26,220383662.07772914,220450294.8465319,0.25,0.25,0.25,0.0,55095915.519432284,55095915.519432284,55095915.519432284,0.0,55095915.519432284,0.0003023489498930054,0.75,3.0
2016-10-27,220450294.8465319,219807014.28500792,0.25,0.25,0.25,0.0,55112573.711632974,55112573.711632974,55112573.711632974,0.0,55112573.711632974,-0.0029180299439916513,0.75,3.0
2016-10-28,219807014.28500792,219162306.9636303,0.25,0.25,0.25,0.0,54951753.57125198,54951753.57125198,54951753.57125198,0.0,54951753.57125198,-0.002933060728179143,0.75,3.0
2016-10-31,219162306.9636303,218879639.48941445,0.25,0.25,0.25,0.0,54790576.74090757,54790576.74090757,54790576.74090757,0.0,54790576.74090757,-0.0012897631811419064,0.75,3.0
2016-11-01,218879639.48941445,217947796.48418197,0.25,0.25,0.25,0.0,54719909.87235361,54719909.87235361,54719909.87235361,0.0,54719909.87235361,-0.004257330683686444,0.75,3.0
2016-11-02,217947796.48418197,217595651.89637294,0.25,0.25,0.25,0.0,54486949.12104549,54486949.12104549,54486949.12104549,0.0,54486949.12104549,-0.0016157290575524452,0.75,3.0
2016-11-03,217595651.89637294,217482553.1763616,0.25,0.25,0.25,0.0,54398912.974093236,54398912.974093236,54398912.974093236,0.0,54398912.974093236,-0.0005197655331147522,0.75,3.0
2016-11-04,217482553.1763616,217153431.47469217,0.25,0.25,0.25,0.0,54370638.2940904,54370638.2940904,54370638.2940904,0.0,54370638.2940904,-0.0015133246178259396,0.75,3.0
2016-11-07,217153431.47469217,218332099.31583852,0.25,0.25,0.25,0.0,54288357.86867304,54288357.86867304,54288357.86867304,0.0,54288357.86867304,0.0054278112629488895,0.75,3.0
2016-11-08,218332099.31583852,218661131.07493442,0.25,0.25,0.25,0.0,54583024.82895963,54583024.82895963,54583024.82895963,0.0,54583024.82895963,0.0015070242081992036,0.75,3.0
2016-11-09,218661131.07493442,217647889.1982466,0.25,0.25,0.25,0.0,54665282.768733606,54665282.768733606,54665282.768733606,0.0,54665282.768733606,-0.004633845401360165,0.75,3.0
2016-11-10,217647889.1982466,214778700.11687,0.25,0.25,0.25,0.0,54411972.29956165,54411972.29956165,54411972.29956165,0.0,54411972.29956165,-0.013182710349022575,0.75,3.0
2016-11-11,214778700.11687,211942689.5964063,0.25,0.25,0.25,0.0,53694675.0292175,53694675.0292175,53694675.0292175,0.0,53694675.0292175,-0.01320433785529243,0.75,3.0
2016-11-14,211942689.5964063,212183035.2538538,0.25,0.25,0.25,0.0,52985672.39910158,52985672.39910158,52985672.39910158,0.0,52985672.39910158,0.00113401249132572,0.75,3.0
2016-11-15,212183035.2538538,212906376.58376244,0.25,0.25,0.25,0.0,53045758.81346345,53045758.81346345,53045758.81346345,0.0,53045758.81346345,0.0034090441257154658,0.75,3.0
2016-11-16,212906376.58376244,213063796.5244895,0.25,0.25,0.0,0.0,53226594.14594061,53226594.14594061,0.0,0.0,106453188.29188122,0.0007393857490457789,0.5,2.0
2016-11-17,213063796.5244895,213075829.59183532,0.0,0.25,0.0,0.0,0.0,53265949.13112237,0.0,0.0,159797847.3933671,5.647635845273946e-05,0.25,1.0
2016-11-18,213075829.59183532,212179164.0734567,0.0,0.25,0.0,0.0,0.0,53268957.39795883,0.0,0.0,159806872.1938765,-0.00420819911904699,0.25,1.0
2016-11-21,212179164.0734567,212346698.6332496,0.0,0.25,0.0,0.0,0.0,53044791.018364176,0.0,0.0,159134373.0550925,0.0007895900642482245,0.25,1.0
2016-11-22,212346698.6332496,212346698.6332496,0.0,0.0,0.0,0.0,0.0,0.0,0.0,0.0,212346698.6332496,0.0,0.0,0.0
2016-11-23,212346698.6332496,212346698.6332496,0.0,0.0,0.0,0.0,0.0,0.0,0.0,0.0,212346698.6332496,0.0,0.0,0.0
2016-11-24,212346698.6332496,212346698.6332496,0.0,0.0,0.0,0.0,0.0,0.0,0.0,0.0,212346698.6332496,0.0,0.0,0.0
2016-11-25,212346698.6332496,212346698.6332496,0.0,0.0,0.0,0.0,0.0,0.0,0.0,0.0,212346698.6332496,0.0,0.0,0.0
2016-11-28,212346698.6332496,212346698.6332496,0.0,0.0,0.0,0.0,0.0,0.0,0.0,0.0,212346698.6332496,0.0,0.0,0.0
2016-11-29,212346698.6332496,212346698.6332496,0.0,0.0,0.0,0.0,0.0,0.0,0.0,0.0,212346698.6332496,0.0,0.0,0.0
2016-11-30,212346698.6332496,212346698.6332496,0.0,0.0,0.0,0.0,0.0,0.0,0.0,0.0,212346698.6332496,0.0,0.0,0.0
2016-12-01,212346698.6332496,212346698.6332496,0.0,0.0,0.0,0.0,0.0,0.0,0.0,0.0,212346698.6332496,0.0,0.0,0.0
2016-12-02,212346698.6332496,212346698.6332496,0.0,0.0,0.0,0.0,0.0,0.0,0.0,0.0,212346698.6332496,0.0,0.0,0.0
2016-12-05,212346698.6332496,212346698.6332496,0.0,0.0,0.0,0.0,0.0,0.0,0.0,0.0,212346698.6332496,0.0,0.0,0.0
2016-12-06,212346698.6332496,212346698.6332496,0.0,0.0,0.0,0.0,0.0,0.0,0.0,0.0,212346698.6332496,0.0,0.0,0.0
2016-12-07,212346698.6332496,212346698.6332496,0.0,0.0,0.0,0.0,0.0,0.0,0.0,0.0,212346698.6332496,0.0,0.0,0.0
2016-12-08,212346698.6332496,212346698.6332496,0.0,0.0,0.0,0.0,0.0,0.0,0.0,0.0,212346698.6332496,0.0,0.0,0.0
2016-12-09,212346698.6332496,212696503.08129337,0.0,0.0,0.25,0.0,0.0,0.0,53086674.6583124,0.0,159260023.9749372,0.0016473269906961407,0.25,1.0
2016-12-12,212696503.08129337,212716411.00545788,0.0,0.0,0.25,0.0,0.0,0.0,53174125.77032334,0.0,159522377.31097004,9.359779721840322e-05,0.25,1.0
2016-12-13,212716411.00545788,212563404.2568262,0.0,0.0,0.25,0.0,0.0,0.0,53179102.75136447,0.0,159537308.2540934,-0.0007192992205371229,0.25,1.0
2016-12-14,212563404.2568262,212384681.31864795,0.0,0.0,0.25,0.0,0.0,0.0,53140851.06420655,0.0,159422553.19261965,-0.0008407982493653376,0.25,1.0
2016-12-15,212384681.31864795,211905325.36495125,0.0,0.0,0.25,0.0,0.0,0.0,53096170.32966199,0.0,159288510.98898596,-0.002257017552869167,0.25,1.0
2016-12-16,211905325.36495125,212086945.04444084,0.0,0.0,0.25,0.0,0.0,0.0,52976331.34123781,0.0,158928994.02371344,0.0008570793545504829,0.25,1.0
2016-12-19,212086945.04444084,211743378.6663394,0.0,0.0,0.25,0.0,0.0,0.0,53021736.26111021,0.0,159065208.78333062,-0.0016199317597290486,0.25,1.0
2016-12-20,211743378.6663394,211491567.32074106,0.0,0.0,0.25,0.0,0.0,0.0,52935844.66658485,0.0,158807533.99975455,-0.0011892289014390212,0.25,1.0
2016-12-21,211491567.32074106,211642717.06333598,0.0,0.0,0.25,0.0,0.0,0.0,52872891.830185264,0.0,158618675.4905558,0.0007146844884159398,0.25,1.0
2016-12-22,211642717.06333598,211598197.8049911,0.0,0.0,0.25,0.0,0.0,0.0,52910679.265833996,0.0,158732037.79750198,-0.00021035100551830554,0.25,1.0
2016-12-23,211598197.8049911,211573993.93494138,0.0,0.0,0.25,0.0,0.0,0.0,52899549.451247774,0.0,158698648.3537433,-0.00011438599336272004,0.25,1.0
2016-12-26,211573993.93494138,211573993.93494138,0.0,0.0,0.25,0.0,0.0,0.0,52893498.483735345,0.0,158680495.45120603,0.0,0.25,1.0
2016-12-27,211573993.93494138,212375570.32143804,0.0,0.0,0.25,0.0,0.0,0.0,52893498.483735345,0.0,158680495.45120603,0.003788633808856079,0.25,1.0
2016-12-28,212375570.32143804,212468728.45380306,0.0,0.0,0.25,0.0,0.0,0.0,53093892.58035951,0.0,159281677.74107853,0.00043864806212878804,0.25,1.0
2016-12-29,212468728.45380306,212417156.25844356,0.0,0.0,0.25,0.0,0.0,0.0,53117182.113450766,0.0,159351546.3403523,-0.00024272840400946238,0.25,1.0
2016-12-30,212417156.25844356,212324597.86295387,0.0,0.0,0.25,0.0,0.0,0.0,53104289.06461089,0.0,159312867.19383267,-0.0004357387939845081,0.25,1.0
2017-01-02,212324597.86295387,212324597.86295387,0.0,0.0,0.25,0.0,0.0,0.0,53081149.46573847,0.0,159243448.3972154,0.0,0.25,1.0
2017-01-03,212324597.86295387,211446871.0957947,0.0,0.0,0.25,0.0,0.0,0.0,53081149.46573847,0.0,159243448.3972154,-0.004133891108206167,0.25,1.0
2017-01-04,211446871.0957947,212125244.49987882,0.0,0.0,0.25,0.0,0.0,0.0,52861717.77394868,0.0,158585153.32184604,0.0032082451755777175,0.25,1.0
2017-01-05,212125244.49987882,212342791.881696,0.0,0.0,0.25,0.0,0.0,0.0,53031311.124969706,0.0,159093933.3749091,0.0010255610185862518,0.25,1.0
2017-01-06,212342791.881696,212244479.86720705,0.0,0.0,0.25,0.0,0.0,0.0,53085697.970424,0.0,159257093.911272,-0.00046298729341226474,0.25,1.0
2017-01-09,212244479.86720705,211845482.35097077,0.25,0.0,0.25,0.0,53061119.96680176,0.0,53061119.96680176,0.0,106122239.93360353,-0.0018798958469304905,0.5,2.0
2017-01-10,211845482.35097077,212374923.56590056,0.25,0.0,0.25,0.0,52961370.58774269,0.0,52961370.58774269,0.0,105922741.17548539,0.002499185769997525,0.5,2.0
2017-01-11,212374923.56590056,211979371.3126449,0.25,0.0,0.25,0.0,53093730.89147514,0.0,53093730.89147514,0.0,106187461.78295028,-0.0018625186373896208,0.5,2.0
2017-01-12,211979371.3126449,213551770.05391684,0.25,0.0,0.25,0.0,52994842.828161225,0.0,52994842.828161225,0.0,105989685.65632245,0.0074176969746401755,0.5,2.0
2017-01-13,213551770.05391684,213031520.11729306,0.25,0.0,0.25,0.0,53387942.51347921,0.0,53387942.51347921,0.0,106775885.02695842,-0.0024361771222613793,0.5,2.0
2017-01-16,213031520.11729306,212821582.30775595,0.25,0.0,0.25,0.0,53257880.029323265,0.0,53257880.029323265,0.0,106515760.05864653,-0.0009854776862201209,0.5,2.0
2017-01-17,212821582.30775595,213294354.84462485,0.25,0.0,0.25,0.0,53205395.57693899,0.0,53205395.57693899,0.0,106410791.15387797,0.0022214501543608156,0.5,2.0
2017-01-18,213294354.84462485,212927722.56157094,0.25,0.0,0.25,0.0,53323588.71115621,0.0,53323588.71115621,0.0,106647177.42231242,-0.0017189028904257553,0.5,2.0
2017-01-19,212927722.56157094,212953351.2932452,0.25,0.0,0.25,0.0,53231930.640392736,0.0,53231930.640392736,0.0,106463861.28078547,0.00012036352695629637,0.5,2.0
2017-01-20,212953351.2932452,213419579.85528582,0.25,0.0,0.25,0.0,53238337.8233113,0.0,53238337.8233113,0.0,106476675.6466226,0.002189345972764656,0.5,2.0
2017-01-23,213419579.85528582,213994326.37206882,0.25,0.0,0.25,0.0,53354894.963821456,0.0,53354894.963821456,0.0,106709789.92764291,0.002693035555466461,0.5,2.0
2017-01-24,213994326.37206882,214096174.29730016,0.25,0.0,0.25,0.0,53498581.593017206,0.0,53498581.593017206,0.0,106997163.18603441,0.0004759375024470103,0.5,2.0
2017-01-25,214096174.29730016,213878005.6034316,0.25,0.0,0.25,0.0,53524043.57432504,0.0,53524043.57432504,0.0,107048087.14865008,-0.0010190219165973624,0.5,2.0
2017-01-26,213878005.6034316,213435364.19378734,0.25,0.0,0.25,0.0,53469501.4008579,0.0,53469501.4008579,0.0,106939002.8017158,-0.0020695976119442516,0.5,2.0
2017-01-27,213435364.19378734,213966923.41276956,0.25,0.0,0.25,0.0,53358841.048446834,0.0,53358841.048446834,0.0,106717682.09689367,0.0024904927118805653,0.5,2.0
2017-01-30,213966923.41276956,214084894.44415665,0.25,0.25,0.25,0.25,53491730.85319239,53491730.85319239,53491730.85319239,53491730.85319239,0.0,0.0005513517206559015,1.0,4.0
2017-01-31,214084894.44415665,215080027.07482,0.25,0.25,0.25,0.25,53521223.61103916,53521223.61103916,53521223.61103916,53521223.61103916,0.0,0.0046483084817690035,1.0,4.0
2017-02-01,215080027.07482,215196383.05221972,0.25,0.25,0.25,0.25,53770006.768705,53770006.768705,53770006.768705,53770006.768705,0.0,0.0005409892261136473,1.0,4.0
2017-02-02,215196383.05221972,216743238.4801749,0.25,0.25,0.25,0.25,53799095.76305493,53799095.76305493,53799095.76305493,53799095.76305493,0.0,0.007188110720150048,1.0,4.0
2017-02-03,216743238.4801749,216998969.96825215,0.25,0.25,0.25,0.25,54185809.620043725,54185809.620043725,54185809.620043725,54185809.620043725,0.0,0.0011798821954975836,1.0,4.0
2017-02-06,216998969.96825215,217138162.7816746,0.25,0.25,0.25,0.25,54249742.49206304,54249742.49206304,54249742.49206304,54249742.49206304,0.0,0.0006414445812476799,1.0,4.0
2017-02-07,217138162.7816746,216855283.40193176,0.25,0.25,0.25,0.25,54284540.69541865,54284540.69541865,54284540.69541865,54284540.69541865,0.0,-0.0013027621497711805,1.0,4.0
2017-02-08,216855283.40193176,217809910.28429687,0.25,0.25,0.25,0.25,54213820.85048294,54213820.85048294,54213820.85048294,54213820.85048294,0.0,0.0044021379944697014,1.0,4.0
2017-02-09,217809910.28429687,217163545.94303432,0.25,0.25,0.25,0.25,54452477.57107422,54452477.57107422,54452477.57107422,54452477.57107422,0.0,-0.002967561670719654,1.0,4.0
2017-02-10,217163545.94303432,218354694.02985716,0.25,0.25,0.25,0.25,54290886.48575858,54290886.48575858,54290886.48575858,54290886.48575858,0.0,0.005485027800822939,1.0,4.0
2017-02-13,218354694.02985716,217343195.26840246,0.25,0.25,0.25,0.25,54588673.50746429,54588673.50746429,54588673.50746429,54588673.50746429,0.0,-0.00463236554610727,1.0,4.0
2017-02-14,217343195.26840246,217293941.16965434,0.25,0.25,0.25,0.25,54335798.817100614,54335798.817100614,54335798.817100614,54335798.817100614,0.0,-0.00022661900542722546,1.0,4.0
2017-02-15,217293941.16965434,219229601.76163328,0.25,0.25,0.25,0.25,54323485.292413585,54323485.292413585,54323485.292413585,54323485.292413585,0.0,0.008908028367287213,1.0,4.0
2017-02-16,219229601.76163328,219340860.0890268,0.25,0.25,0.25,0.25,54807400.44040832,54807400.44040832,54807400.44040832,54807400.44040832,0.0,0.0005074968275246283,1.0,4.0
2017-02-17,219340860.0890268,217974352.93556488,0.25,0.25,0.25,0.25,54835215.0222567,54835215.0222567,54835215.0222567,54835215.0222567,0.0,-0.006230061981644858,1.0,4.0
2017-02-20,217974352.93556488,218563423.4563059,0.25,0.25,0.25,0.25,54493588.23389122,54493588.23389122,54493588.23389122,54493588.23389122,0.0,0.0027024762904796495,1.0,4.0
2017-02-21,218563423.4563059,218002768.26194662,0.25,0.25,0.25,0.25,54640855.86407647,54640855.86407647,54640855.86407647,54640855.86407647,0.0,-0.002565183073604982,1.0,4.0
2017-02-22,218002768.26194662,218320235.8482089,0.25,0.25,0.25,0.25,54500692.065486655,54500692.065486655,54500692.065486655,54500692.065486655,0.0,0.0014562548392999808,1.0,4.0
2017-02-23,218320235.8482089,219340766.35795557,0.25,0.25,0.25,0.25,54580058.962052226,54580058.962052226,54580058.962052226,54580058.962052226,0.0,0.004674465954938922,1.0,4.0
2017-02-24,219340766.35795557,218877212.17181474,0.25,0.25,0.25,0.25,54835191.589488894,54835191.589488894,54835191.589488894,54835191.589488894,0.0,-0.0021133973124921324,1.0,4.0
2017-02-27,218877212.17181474,218486921.9335737,0.25,0.25,0.25,0.25,54719303.042953685,54719303.042953685,54719303.042953685,54719303.042953685,0.0,-0.0017831469725347049,1.0,4.0
2017-02-28,218486921.9335737,218702064.6775116,0.25,0.25,0.25,0.25,54621730.48339342,54621730.48339342,54621730.48339342,54621730.48339342,0.0,0.0009846939214206707,1.0,4.0
2017-03-01,218702064.6775116,218623177.13385567,0.25,0.25,0.25,0.25,54675516.1693779,54675516.1693779,54675516.1693779,54675516.1693779,0.0,-0.0003607078139488684,1.0,4.0
2017-03-02,218623177.13385567,216417351.4544211,0.25,0.25,0.25,0.25,54655794.28346392,54655794.28346392,54655794.28346392,54655794.28346392,0.0,-0.01008962411192127,1.0,4.0
2017-03-03,216417351.4544211,216161318.25523782,0.25,0.25,0.25,0.25,54104337.863605276,54104337.863605276,54104337.863605276,54104337.863605276,0.0,-0.0011830530105956805,1.0,4.0
2017-03-06,216161318.25523782,216385259.0470522,0.25,0.25,0.25,0.25,54040329.563809454,54040329.563809454,54040329.563809454,54040329.563809454,0.0,0.0010359892029803142,1.0,4.0
2017-03-07,216385259.0470522,215526826.19118738,0.25,0.25,0.25,0.25,54096314.76176305,54096314.76176305,54096314.76176305,54096314.76176305,0.0,-0.003967150348620274,1.0,4.0
2017-03-08,215526826.19118738,213717528.84595105,0.25,0.25,0.25,0.25,53881706.547796845,53881706.547796845,53881706.547796845,53881706.547796845,0.0,-0.008394766337028403,1.0,4.0
2017-03-09,213717528.84595105,212069197.97714242,0.25,0.25,0.25,0.25,53429382.21148776,53429382.21148776,53429382.21148776,53429382.21148776,0.0,-0.007712661089192746,1.0,4.0
2017-03-10,212069197.97714242,212978632.84167978,0.25,0.25,0.0,0.25,53017299.494285606,53017299.494285606,0.0,53017299.494285606,53017299.494285606,0.004288387343433897,0.75,3.0
2017-03-13,212978632.84167978,213323964.54254362,0.25,0.25,0.0,0.25,53244658.210419945,53244658.210419945,0.0,53244658.210419945,53244658.210419945,0.0016214382459696641,0.75,3.0
2017-03-14,213323964.54254362,212913290.7638911,0.25,0.25,0.0,0.25,53330991.135635905,53330991.135635905,0.0,53330991.135635905,53330991.135635905,-0.0019251178813089465,0.75,3.0
2017-03-15,212913290.7638911,214003942.50405958,0.25,0.25,0.0,0.25,53228322.690972775,53228322.690972775,0.0,53228322.690972775,53228322.690972775,0.005122516007598388,0.75,3.0
2017-03-16,214003942.50405958,215553188.1151192,0.25,0.25,0.0,0.25,53500985.626014896,53500985.626014896,0.0,53500985.626014896,53500985.626014896,0.007239332102632667,0.75,3.0
2017-03-17,215553188.1151192,216111969.94814098,0.25,0.25,0.0,0.25,53888297.0287798,53888297.0287798,0.0,53888297.0287798,53888297.0287798,0.002592315325549044,0.75,3.0
2017-03-20,216111969.94814098,217077272.02403864,0.25,0.25,0.0,0.25,54027992.487035245,54027992.487035245,0.0,54027992.487035245,54027992.487035245,0.004466675659517083,0.75,3.0
2017-03-21,217077272.02403864,217343055.78436914,0.25,0.25,0.0,0.25,54269318.00600966,54269318.00600966,0.0,54269318.00600966,54269318.00600966,0.0012243739653273744,0.75,3.0
2017-03-22,217343055.78436914,217203630.2404471,0.25,0.25,0.0,0.25,54335763.946092285,54335763.946092285,0.0,54335763.946092285,54335763.946092285,-0.0006414998787003523,0.75,3.0
2017-03-23,217203630.2404471,215985334.58760384,0.25,0.25,0.0,0.25,54300907.560111776,54300907.560111776,0.0,54300907.560111776,54300907.560111776,-0.005609002259743978,0.75,3.0
2017-03-24,215985334.58760384,216121491.3833675,0.25,0.25,0.0,0.25,53996333.64690096,53996333.64690096,0.0,53996333.64690096,53996333.64690096,0.0006303983371076793,0.75,3.0
2017-03-27,216121491.3833675,216394832.92307732,0.25,0.25,0.0,0.25,54030372.84584188,54030372.84584188,0.0,54030372.84584188,54030372.84584188,0.001264758714925568,0.75,3.0
2017-03-28,216394832.92307732,216357041.71331733,0.25,0.25,0.0,0.25,54098708.23076933,54098708.23076933,0.0,54098708.23076933,54098708.23076933,-0.00017464007457806963,0.75,3.0
2017-03-29,216357041.71331733,216844284.47037005,0.25,0.25,0.0,0.25,54089260.42832933,54089260.42832933,0.0,54089260.42832933,54089260.42832933,0.002252030963236673,0.75,3.0
2017-03-30,216844284.47037005,216460970.70893493,0.25,0.25,0.0,0.25,54211071.11759251,54211071.11759251,0.0,54211071.11759251,54211071.11759251,-0.001767691329155191,0.75,3.0
2017-03-31,216460970.70893493,215571962.47018638,0.25,0.25,0.0,0.25,54115242.67723373,54115242.67723373,0.0,54115242.67723373,54115242.67723373,-0.004107014007360882,0.75,3.0
2017-04-03,215571962.47018638,216586224.99299112,0.25,0.25,0.0,0.25,53892990.617546596,53892990.617546596,0.0,53892990.617546596,53892990.617546596,0.004704983482928526,0.75,3.0
2017-04-04,216586224.99299112,216290856.5989174,0.25,0.25,0.0,0.25,54146556.24824778,54146556.24824778,0.0,54146556.24824778,54146556.24824778,-0.0013637450585015365,0.75,3.0
2017-04-05,216290856.5989174,216962738.36660334,0.25,0.25,0.0,0.25,54072714.14972935,54072714.14972935,0.0,54072714.14972935,54072714.14972935,0.003106380816327692,0.75,3.0
2017-04-06,216962738.36660334,216185632.95581663,0.25,0.25,0.0,0.25,54240684.591650836,54240684.591650836,0.0,54240684.591650836,54240684.591650836,-0.003581745956181742,0.75,3.0
2017-04-07,216185632.95581663,215840073.08975354,0.25,0.25,0.0,0.25,54046408.23895416,54046408.23895416,0.0,54046408.23895416,54046408.23895416,-0.0015984404760779336,0.75,3.0
2017-04-10,215840073.08975354,215463768.20056432,0.25,0.25,0.0,0.25,53960018.272438385,53960018.272438385,0.0,53960018.272438385,53960018.272438385,-0.0017434431141649664,0.75,3.0
2017-04-11,215463768.20056432,216110208.21224418,0.25,0.25,0.0,0.25,53865942.05014108,53865942.05014108,0.0,53865942.05014108,53865942.05014108,0.0030002260569307604,0.75,3.0
2017-04-12,216110208.21224418,216823304.63999775,0.25,0.25,0.0,0.25,54027552.053061046,54027552.053061046,0.0,54027552.053061046,54027552.053061046,0.003299688772930187,0.75,3.0
2017-04-13,216823304.63999775,217280750.62857318,0.25,0.0,0.0,0.25,54205826.15999944,0.0,0.0,54205826.15999944,108411652.31999888,0.002109763935823017,0.5,2.0
2017-04-14,217280750.62857318,217186696.63572,0.25,0.0,0.0,0.25,54320187.657143295,0.0,0.0,54320187.657143295,108640375.31428659,-0.0004328685011491529,0.5,2.0
2017-04-17,217186696.63572,217485936.13086188,0.25,0.0,0.0,0.25,54296674.15893,0.0,0.0,54296674.15893,108593348.31786,0.001377798455325041,0.5,2.0
2017-04-18,217485936.13086188,217699662.1813832,0.0,0.0,0.0,0.25,0.0,0.0,0.0,54371484.03271547,163114452.0981464,0.0009827120517471033,0.25,1.0
2017-04-19,217699662.1813832,217296674.07238767,0.0,0.0,0.0,0.25,0.0,0.0,0.0,54424915.5453458,163274746.6360374,-0.0018511195881404097,0.25,1.0
2017-04-20,217296674.07238767,217368387.18570155,0.0,0.0,0.0,0.25,0.0,0.0,0.0,54324168.51809692,162972505.55429074,0.0003300239804407412,0.25,1.0
2017-04-21,217368387.18570155,217476062.45355624,0.0,0.0,0.0,0.25,0.0,0.0,0.0,54342096.79642539,163026290.38927615,0.0004953584522973675,0.25,1.0
2017-04-24,217476062.45355624,217131927.9693165,0.0,0.0,0.0,0.25,0.0,0.0,0.0,54369015.61338906,163107046.84016716,-0.0015824016692099485,0.25,1.0
2017-04-25,217131927.9693165,216613898.0857721,0.0,0.0,0.0,0.25,0.0,0.0,0.0,54282981.99232913,162848945.9769874,-0.002385784017989334,0.25,1.0
2017-04-26,216613898.0857721,216831946.2179374,0.0,0.0,0.0,0.25,0.0,0.0,0.0,54153474.521443024,162460423.5643291,0.0010066211544698667,0.25,1.0
2017-04-27,216831946.2179374,216621814.5671219,0.0,0.0,0.0,0.25,0.0,0.0,0.0,54207986.55448435,162623959.66345304,-0.0009690991317502229,0.25,1.0
2017-04-28,216621814.5671219,216792295.23270306,0.0,0.0,0.0,0.25,0.0,0.0,0.0,54155453.64178047,162466360.92534143,0.0007869967570988123,0.25,1.0
2017-05-01,216792295.23270306,216292313.00200033,0.0,0.0,0.0,0.25,0.0,0.0,0.0,54198073.808175765,162594221.4245273,-0.002306273062730624,0.25,1.0
2017-05-02,216292313.00200033,216300058.7516423,0.0,0.0,0.0,0.25,0.0,0.0,0.0,54073078.25050008,162219234.75150025,3.581148832548786e-05,0.25,1.0
2017-05-03,216300058.7516423,215500180.8727726,0.0,0.0,0.0,0.25,0.0,0.0,0.0,54075014.68791057,162225044.06373173,-0.003698001209459234,0.25,1.0
2017-05-04,215500180.8727726,215064627.43291047,0.0,0.0,0.0,0.25,0.0,0.0,0.0,53875045.21819315,161625135.65457946,-0.0020211279549657846,0.25,1.0
2017-05-05,215064627.43291047,215058060.76119933,0.0,0.0,0.0,0.25,0.0,0.0,0.0,53766156.85822762,161298470.57468286,-3.053348097969977e-05,0.25,1.0
2017-05-08,215058060.76119933,214980129.118103,0.0,0.0,0.0,0.25,0.0,0.0,0.0,53764515.19029983,161293545.5708995,-0.00036237489922719135,0.25,1.0
2017-05-09,214980129.118103,214760981.68132716,0.0,0.0,0.0,0.25,0.0,0.0,0.0,53745032.27952575,161235096.83857724,-0.0010193846178938593,0.25,1.0
2017-05-10,214760981.68132716,214667338.20487693,0.0,0.0,0.0,0.25,0.0,0.0,0.0,53690245.42033179,161070736.2609954,-0.0004360357999721731,0.25,1.0
2017-05-11,214667338.20487693,214928827.00582373,0.0,0.0,0.0,0.25,0.0,0.0,0.0,53666834.55121923,161000503.6536577,0.0012181117217619497,0.25,1.0
2017-05-12,214928827.00582373,215077517.80848113,0.0,0.0,0.0,0.25,0.0,0.0,0.0,53732206.75145593,161196620.2543678,0.0006918141448442605,0.25,1.0
2017-05-15,215077517.80848113,215182130.0508479,0.0,0.0,0.0,0.25,0.0,0.0,0.0,53769379.45212028,161308138.35636085,0.00048639320107779493,0.25,1.0
2017-05-16,215182130.0508479,215462729.42259327,0.0,0.0,0.0,0.25,0.0,0.0,0.0,53795532.51271197,161386597.53813592,0.0013040087096407582,0.25,1.0
2017-05-17,215462729.42259327,216512841.17004582,0.0,0.0,0.0,0.25,0.0,0.0,0.0,53865682.35564832,161597047.06694496,0.004873751252788439,0.25,1.0
2017-05-18,216512841.17004582,215899620.42015684,0.0,0.0,0.0,0.25,0.0,0.0,0.0,54128210.292511456,162384630.87753436,-0.0028322604173273147,0.25,1.0
2017-05-19,215899620.42015684,216283093.4082254,0.0,0.0,0.0,0.25,0.0,0.0,0.0,53974905.10503921,161924715.31511763,0.0017761633268381094,0.25,1.0
2017-05-22,216283093.4082254,216283093.4082254,0.0,0.0,0.0,0.0,0.0,0.0,0.0,0.0,216283093.4082254,0.0,0.0,0.0
2017-05-23,216283093.4082254,216283093.4082254,0.0,0.0,0.0,0.0,0.0,0.0,0.0,0.0,216283093.4082254,0.0,0.0,0.0
2017-05-24,216283093.4082254,216283093.4082254,0.0,0.0,0.0,0.0,0.0,0.0,0.0,0.0,216283093.4082254,0.0,0.0,0.0
2017-05-25,216283093.4082254,216283093.4082254,0.0,0.0,0.0,0.0,0.0,0.0,0.0,0.0,216283093.4082254,0.0,0.0,0.0
2017-05-26,216283093.4082254,216283093.4082254,0.0,0.0,0.0,0.0,0.0,0.0,0.0,0.0,216283093.4082254,0.0,0.0,0.0
2017-05-29,216283093.4082254,216283093.4082254,0.0,0.0,0.0,0.0,0.0,0.0,0.0,0.0,216283093.4082254,0.0,0.0,0.0
2017-05-30,216283093.4082254,216283093.4082254,0.0,0.0,0.0,0.0,0.0,0.0,0.0,0.0,216283093.4082254,0.0,0.0,0.0
2017-05-31,216283093.4082254,216283093.4082254,0.0,0.0,0.0,0.0,0.0,0.0,0.0,0.0,216283093.4082254,0.0,0.0,0.0
2017-06-01,216283093.4082254,216283093.4082254,0.0,0.0,0.0,0.0,0.0,0.0,0.0,0.0,216283093.4082254,0.0,0.0,0.0
2017-06-02,216283093.4082254,216283093.4082254,0.0,0.0,0.0,0.0,0.0,0.0,0.0,0.0,216283093.4082254,0.0,0.0,0.0
2017-06-05,216283093.4082254,216283093.4082254,0.0,0.0,0.0,0.0,0.0,0.0,0.0,0.0,216283093.4082254,0.0,0.0,0.0
2017-06-06,216283093.4082254,216899512.05426893,0.0,0.0,0.0,0.25,0.0,0.0,0.0,54070773.35205635,162212320.05616903,0.002850054696046267,0.25,1.0
2017-06-07,216899512.05426893,216596212.34025833,0.0,0.0,0.0,0.25,0.0,0.0,0.0,54224878.01356723,162674634.0407017,-0.0013983420761903287,0.25,1.0
2017-06-08,216596212.34025833,216211702.1081972,0.0,0.0,0.0,0.25,0.0,0.0,0.0,54149053.08506458,162447159.25519374,-0.0017752398710329242,0.25,1.0
2017-06-09,216211702.1081972,215735887.8249136,0.0,0.0,0.0,0.25,0.0,0.0,0.0,54052925.5270493,162158776.5811479,-0.0022006870055789884,0.25,1.0
2017-06-12,215735887.8249136,215711193.56259504,0.0,0.0,0.0,0.25,0.0,0.0,0.0,53933971.9562284,161801915.8686852,-0.00011446524992894669,0.25,1.0
2017-06-13,215711193.56259504,215726952.21097407,0.0,0.0,0.0,0.25,0.0,0.0,0.0,53927798.39064876,161783395.1719463,7.30543840528064e-05,0.25,1.0
2017-06-14,215726952.21097407,215484662.85049078,0.0,0.0,0.0,0.25,0.0,0.0,0.0,53931738.05274352,161795214.15823054,-0.00112312976195178,0.25,1.0
2017-06-15,215484662.85049078,215190709.81835175,0.0,0.0,0.0,0.25,0.0,0.0,0.0,53871165.712622695,161613497.13786808,-0.0013641482797455418,0.25,1.0
2017-06-16,215190709.81835175,215179984.4324894,0.0,0.0,0.0,0.25,0.0,0.0,0.0,53797677.45458794,161393032.3637638,-4.984130528398745e-05,0.25,1.0
2017-06-19,215179984.4324894,214755624.71268582,0.0,0.0,0.0,0.25,0.0,0.0,0.0,53794996.10812235,161384988.32436705,-0.001972115208218689,0.25,1.0
2017-06-20,214755624.71268582,214719798.72853363,0.0,0.0,0.0,0.25,0.0,0.0,0.0,53688906.178171456,161066718.53451437,-0.00016682209930535263,0.25,1.0
2017-06-21,214719798.72853363,214644167.13371038,0.0,0.25,0.0,0.25,0.0,53679949.68213341,0.0,53679949.68213341,107359899.36426681,-0.0003522339126204588,0.5,2.0
2017-06-22,214644167.13371038,214734805.06338948,0.0,0.25,0.0,0.25,0.0,53661041.783427596,0.0,53661041.783427596,107322083.56685519,0.0004222706393070541,0.5,2.0
2017-06-23,214734805.06338948,215215398.878565,0.0,0.25,0.0,0.25,0.0,53683701.26584737,0.0,53683701.26584737,107367402.53169474,0.0022380806643506612,0.5,2.0
2017-06-26,215215398.878565,214827125.4644774,0.0,0.25,0.0,0.25,0.0,53803849.71964125,0.0,53803849.71964125,107607699.4392825,-0.001804115393743977,0.5,2.0
2017-06-27,214827125.4644774,214951142.06833312,0.0,0.25,0.0,0.25,0.0,53706781.36611935,0.0,53706781.36611935,107413562.7322387,0.0005772855899252582,0.5,2.0
2017-06-28,214951142.06833312,215208697.05596617,0.0,0.25,0.0,0.25,0.0,53737785.51708328,0.0,53737785.51708328,107475571.03416656,0.0011982024619862641,0.5,2.0
2017-06-29,215208697.05596617,215497466.58237076,0.0,0.25,0.0,0.25,0.0,53802174.26399154,0.0,53802174.26399154,107604348.52798308,0.0013418116012730297,0.5,2.0
2017-06-30,215497466.58237076,215274048.84323248,0.0,0.25,0.0,0.25,0.0,53874366.64559269,0.0,53874366.64559269,107748733.29118538,-0.0010367534369729314,0.5,2.0
2017-07-03,215274048.84323248,214191520.31986806,0.0,0.25,0.0,0.25,0.0,53818512.21080812,0.0,53818512.21080812,107637024.42161624,-0.005028606695425625,0.5,2.0
2017-07-04,214191520.31986806,213939372.82050416,0.0,0.25,0.0,0.0,0.0,53547880.079967014,0.0,0.0,160643640.23990104,-0.0011772057968836291,0.25,1.0
2017-07-05,213939372.82050416,213717941.17759714,0.0,0.25,0.0,0.0,0.0,53484843.20512604,0.0,0.0,160454529.6153781,-0.0010350205293571668,0.25,1.0
2017-07-06,213717941.17759714,213713194.30353713,0.0,0.25,0.0,0.0,0.0,53429485.294399284,0.0,0.0,160288455.88319784,-2.2210929198684948e-05,0.25,1.0
2017-07-07,213713194.30353713,213892859.63566166,0.0,0.25,0.0,0.0,0.0,53428298.57588428,0.0,0.0,160284895.72765285,0.0008406843232587335,0.25,1.0
2017-07-10,213892859.63566166,213812739.07290867,0.0,0.25,0.0,0.0,0.0,53473214.908915415,0.0,0.0,160419644.72674626,-0.0003745826900881377,0.25,1.0
2017-07-11,213812739.07290867,213930021.19696417,0.0,0.25,0.0,0.0,0.0,53453184.76822717,0.0,0.0,160359554.3046815,0.0005485272980647604,0.25,1.0
2017-07-12,213930021.19696417,214383865.46437228,0.0,0.25,0.0,0.0,0.0,53482505.29924104,0.0,0.0,160447515.89772314,0.0021214613305267638,0.25,1.0
2017-07-13,214383865.46437228,214713886.10383803,0.0,0.25,0.0,0.0,0.0,53595966.36609307,0.0,0.0,160787899.0982792,0.0015393912165490575,0.25,1.0
2017-07-14,214713886.10383803,215322711.16484404,0.0,0.25,0.0,0.0,0.0,53678471.52595951,0.0,0.0,161035414.57787853,0.0028355178700998906,0.25,1.0
2017-07-17,215322711.16484404,215393331.05653527,0.0,0.25,0.0,0.0,0.0,53830677.79121101,0.0,0.0,161492033.37363303,0.0003279723318976857,0.25,1.0
2017-07-18,215393331.05653527,216130463.19434965,0.0,0.25,0.0,0.0,0.0,53848332.76413382,0.0,0.0,161544998.29240146,0.0034222607273800554,0.25,1.0
2017-07-19,216130463.19434965,216209541.24155483,0.0,0.25,0.0,0.0,0.0,54032615.79858741,0.0,0.0,162097847.39576223,0.0003658810795870715,0.25,1.0
2017-07-20,216209541.24155483,216351261.06063426,0.0,0.25,0.0,0.0,0.0,54052385.31038871,0.0,0.0,162157155.9311661,0.0006554743988892997,0.25,1.0
2017-07-21,216351261.06063426,216080214.99855825,0.0,0.25,0.0,0.0,0.0,54087815.265158564,0.0,0.0,162263445.7954757,-0.0012528055567934127,0.25,1.0
2017-07-24,216080214.99855825,216190004.57306826,0.0,0.25,0.0,0.0,0.0,54020053.74963956,0.0,0.0,162060161.24891868,0.0005080963775916936,0.25,1.0
2017-07-25,216190004.57306826,216028666.7662012,0.25,0.25,0.0,0.0,54047501.143267065,54047501.143267065,0.0,0.0,108095002.28653413,-0.0007462778271625503,0.5,2.0
2017-07-26,216028666.7662012,216213569.1611288,0.25,0.25,0.25,0.0,54007166.6915503,54007166.6915503,54007166.6915503,0.0,54007166.6915503,0.0008559160119600839,0.75,3.0
2017-07-27,216213569.1611288,217103810.06900486,0.25,0.25,0.25,0.0,54053392.2902822,54053392.2902822,54053392.2902822,0.0,54053392.2902822,0.004117414606909453,0.75,3.0
2017-07-28,217103810.06900486,217702259.4660366,0.25,0.25,0.25,0.0,54275952.517251216,54275952.517251216,54275952.517251216,0.0,54275952.517251216,0.0027565126417704033,0.75,3.0
2017-07-31,217702259.4660366,217825743.00504863,0.25,0.25,0.25,0.0,54425564.86650915,54425564.86650915,54425564.86650915,0.0,54425564.86650915,0.0005672129417255423,0.75,3.0
2017-08-01,217825743.00504863,217520610.31660238,0.25,0.25,0.25,0.0,54456435.75126216,54456435.75126216,54456435.75126216,0.0,54456435.75126216,-0.0014008109612607678,0.75,3.0
2017-08-02,217520610.31660238,217407096.24758705,0.25,0.25,0.25,0.0,54380152.579150595,54380152.579150595,54380152.579150595,0.0,54380152.579150595,-0.0005218543146331411,0.75,3.0
2017-08-03,217407096.24758705,217075530.2796004,0.25,0.25,0.25,0.0,54351774.061896764,54351774.061896764,54351774.061896764,0.0,54351774.061896764,-0.0015250926658302022,0.75,3.0
2017-08-04,217075530.2796004,216720600.7052033,0.25,0.25,0.25,0.0,54268882.5699001,54268882.5699001,54268882.5699001,0.0,54268882.5699001,-0.001635051053151676,0.75,3.0
2017-08-07,216720600.7052033,216974683.74884003,0.25,0.25,0.25,0.0,54180150.17630082,54180150.17630082,54180150.17630082,0.0,54180150.17630082,0.0011723991296165304,0.75,3.0
2017-08-08,216974683.74884003,216876778.33098578,0.25,0.25,0.25,0.0,54243670.93721001,54243670.93721001,54243670.93721001,0.0,54243670.93721001,-0.0004512296834020546,0.75,3.0
2017-08-09,216876778.33098578,216943204.52945673,0.25,0.25,0.25,0.0,54219194.582746446,54219194.582746446,54219194.582746446,0.0,54219194.582746446,0.0003062854353617084,0.75,3.0
2017-08-10,216943204.52945673,216608706.19499967,0.25,0.25,0.25,0.25,54235801.13236418,54235801.13236418,54235801.13236418,54235801.13236418,0.0,-0.0015418705332695681,1.0,4.0
2017-08-11,216608706.19499967,216562054.32310912,0.25,0.25,0.25,0.25,54152176.548749916,54152176.548749916,54152176.548749916,54152176.548749916,0.0,-0.00021537394645873564,1.0,4.0
2017-08-14,216562054.32310912,215649232.85916498,0.25,0.25,0.25,0.25,54140513.58077728,54140513.58077728,54140513.58077728,54140513.58077728,0.0,-0.004215057281374807,1.0,4.0
2017-08-15,215649232.85916498,214202703.19716567,0.25,0.25,0.25,0.25,53912308.214791246,53912308.214791246,53912308.214791246,53912308.214791246,0.0,-0.00670778950994011,1.0,4.0
2017-08-16,214202703.19716567,215695657.54208782,0.25,0.25,0.25,0.25,53550675.79929142,53550675.79929142,53550675.79929142,53550675.79929142,0.0,0.006969820280689543,1.0,4.0
2017-08-17,215695657.54208782,216313123.3842591,0.25,0.25,0.25,0.25,53923914.385521956,53923914.385521956,53923914.385521956,53923914.385521956,0.0,0.002862671642106851,1.0,4.0
2017-08-18,216313123.3842591,216409753.4449906,0.25,0.25,0.25,0.25,54078280.846064776,54078280.846064776,54078280.846064776,54078280.846064776,0.0,0.0004467138156931949,1.0,4.0
2017-08-21,216409753.4449906,217218902.0468417,0.25,0.25,0.25,0.25,54102438.36124765,54102438.36124765,54102438.36124765,54102438.36124765,0.0,0.003738965499338276,1.0,4.0
2017-08-22,217218902.0468417,216685490.96884856,0.25,0.25,0.25,0.25,54304725.51171043,54304725.51171043,54304725.51171043,54304725.51171043,0.0,-0.002455638404240207,1.0,4.0
2017-08-23,216685490.96884856,216876565.30678484,0.25,0.25,0.25,0.25,54171372.74221214,54171372.74221214,54171372.74221214,54171372.74221214,0.0,0.0008818049472621714,1.0,4.0
2017-08-24,216876565.30678484,217148308.98159945,0.25,0.25,0.25,0.25,54219141.32669621,54219141.32669621,54219141.32669621,54219141.32669621,0.0,0.0012529877279743862,1.0,4.0
2017-08-25,217148308.98159945,217427418.64961016,0.25,0.25,0.25,0.25,54287077.24539986,54287077.24539986,54287077.24539986,54287077.24539986,0.0,0.0012853411998449416,1.0,4.0
2017-08-28,217427418.64961016,218164841.2357788,0.25,0.25,0.25,0.25,54356854.66240254,54356854.66240254,54356854.66240254,54356854.66240254,0.0,0.003391580467397237,1.0,4.0
2017-08-29,218164841.2357788,218208931.794876,0.25,0.25,0.25,0.25,54541210.3089447,54541210.3089447,54541210.3089447,54541210.3089447,0.0,0.00020209745460098016,1.0,4.0
2017-08-30,218208931.794876,217445469.6526838,0.25,0.25,0.25,0.25,54552232.948719,54552232.948719,54552232.948719,54552232.948719,0.0,-0.0034987666907690396,1.0,4.0
2017-08-31,217445469.6526838,219509894.55367643,0.25,0.25,0.25,0.25,54361367.41317095,54361367.41317095,54361367.41317095,54361367.41317095,0.0,0.00949398901844245,1.0,4.0
2017-09-01,219509894.55367643,220522287.91926393,0.25,0.25,0.25,0.25,54877473.63841911,54877473.63841911,54877473.63841911,54877473.63841911,0.0,0.004612062557115937,1.0,4.0
2017-09-04,220522287.91926393,220593690.44541648,0.25,0.25,0.25,0.25,55130571.97981598,55130571.97981598,55130571.97981598,55130571.97981598,0.0,0.00032378825209139483,1.0,4.0
2017-09-05,220593690.44541648,221900876.60978106,0.25,0.25,0.25,0.25,55148422.61135412,55148422.61135412,55148422.61135412,55148422.61135412,0.0,0.005925764067526762,1.0,4.0
2017-09-06,221900876.60978106,221781954.69123602,0.25,0.25,0.25,0.25,55475219.152445264,55475219.152445264,55475219.152445264,55475219.152445264,0.0,-0.0005359236086036889,1.0,4.0
2017-09-07,221781954.69123602,223053588.56697968,0.25,0.25,0.25,0.25,55445488.672809005,55445488.672809005,55445488.672809005,55445488.672809005,0.0,0.00573371209354695,1.0,4.0
2017-09-08,223053588.56697968,222629649.86986572,0.25,0.25,0.25,0.25,55763397.14174492,55763397.14174492,55763397.14174492,55763397.14174492,0.0,-0.001900613658975786,1.0,4.0
2017-09-11,222629649.86986572,221857700.20082694,0.25,0.25,0.25,0.25,55657412.46746643,55657412.46746643,55657412.46746643,55657412.46746643,0.0,-0.0034674162650393525,1.0,4.0
2017-09-12,221857700.20082694,221564733.13963097,0.25,0.25,0.25,0.25,55464425.050206736,55464425.050206736,55464425.050206736,55464425.050206736,0.0,-0.0013205178857023658,1.0,4.0
2017-09-13,221564733.13963097,220534994.7484054,0.25,0.25,0.25,0.25,55391183.28490774,55391183.28490774,55391183.28490774,55391183.28490774,0.0,-0.004647573540400213,1.0,4.0
2017-09-14,220534994.7484054,220877563.7247816,0.25,0.25,0.25,0.25,55133748.68710135,55133748.68710135,55133748.68710135,55133748.68710135,0.0,0.001553354272717855,1.0,4.0
2017-09-15,220877563.7247816,220803583.1273305,0.25,0.25,0.25,0.25,55219390.9311954,55219390.9311954,55219390.9311954,55219390.9311954,0.0,-0.0003349393944930279,1.0,4.0
2017-09-18,220803583.1273305,219968656.53927574,0.25,0.25,0.25,0.25,55200895.78183263,55200895.78183263,55200895.78183263,55200895.78183263,0.0,-0.0037813090540896044,1.0,4.0
2017-09-19,219968656.53927574,220090284.26873058,0.25,0.25,0.25,0.25,54992164.134818934,54992164.134818934,54992164.134818934,54992164.134818934,0.0,0.0005529320920915903,1.0,4.0
2017-09-20,220090284.26873058,220730223.41839397,0.25,0.25,0.25,0.25,55022571.067182645,55022571.067182645,55022571.067182645,55022571.067182645,0.0,0.0029076210782755796,1.0,4.0
2017-09-21,220730223.41839397,218645363.3593363,0.25,0.25,0.25,0.25,55182555.85459849,55182555.85459849,55182555.85459849,55182555.85459849,0.0,-0.009445285864210035,1.0,4.0
2017-09-22,218645363.3593363,219547788.65117574,0.25,0.25,0.25,0.25,54661340.83983407,54661340.83983407,54661340.83983407,54661340.83983407,0.0,0.004127347033452966,1.0,4.0
2017-09-25,219547788.65117574,219842726.25018844,0.25,0.25,0.25,0.25,54886947.162793934,54886947.162793934,54886947.162793934,54886947.162793934,0.0,0.0013433867898406393,1.0,4.0
2017-09-26,219842726.25018844,217909271.05974057,0.25,0.25,0.25,0.25,54960681.56254711,54960681.56254711,54960681.56254711,54960681.56254711,0.0,-0.008794719859175792,1.0,4.0
2017-09-27,217909271.05974057,217073843.86442024,0.25,0.25,0.25,0.25,54477317.76493514,54477317.76493514,54477317.76493514,54477317.76493514,0.0,-0.0038338304343706053,1.0,4.0
2017-09-28,217073843.86442024,217050728.60601282,0.25,0.25,0.25,0.25,54268460.96610506,54268460.96610506,54268460.96610506,54268460.96610506,0.0,-0.00010648569167009958,1.0,4.0
2017-09-29,217050728.60601282,217057447.7579036,0.25,0.25,0.25,0.25,54262682.151503205,54262682.151503205,54262682.151503205,54262682.151503205,0.0,3.0956596800774117e-05,1.0,4.0
2017-10-02,217057447.7579036,216133950.1164452,0.25,0.25,0.25,0.25,54264361.9394759,54264361.9394759,54264361.9394759,54264361.9394759,0.0,-0.004254623146994901,1.0,4.0
2017-10-03,216133950.1164452,216396963.5331631,0.25,0.25,0.25,0.25,54033487.5291113,54033487.5291113,54033487.5291113,54033487.5291113,0.0,0.0012169000593208468,1.0,4.0
2017-10-04,216396963.5331631,217225595.69090575,0.25,0.25,0.25,0.25,54099240.883290775,54099240.883290775,54099240.883290775,54099240.883290775,0.0,0.0038292226665911366,1.0,4.0
2017-10-05,217225595.69090575,217033266.1716462,0.25,0.25,0.25,0.25,54306398.92272644,54306398.92272644,54306398.92272644,54306398.92272644,0.0,-0.0008853906863406646,1.0,4.0
2017-10-06,217033266.1716462,216131343.8935999,0.25,0.25,0.25,0.25,54258316.54291155,54258316.54291155,54258316.54291155,54258316.54291155,0.0,-0.004155686793807206,1.0,4.0
2017-10-09,216131343.8935999,216236611.32307363,0.25,0.0,0.25,0.25,54032835.973399974,0.0,54032835.973399974,54032835.973399974,54032835.973399974,0.0004870530464363143,0.75,3.0
2017-10-10,216236611.32307363,216888837.51346126,0.0,0.0,0.25,0.25,0.0,0.0,54059152.83076841,54059152.83076841,108118305.66153681,0.003016261614519733,0.5,2.0
2017-10-11,216888837.51346126,217011892.9669188,0.0,0.0,0.25,0.25,0.0,0.0,54222209.378365315,54222209.378365315,108444418.75673063,0.0005673664669342826,0.5,2.0
2017-10-12,217011892.9669188,217326294.56613958,0.0,0.0,0.25,0.25,0.0,0.0,54252973.2417297,54252973.2417297,108505946.4834594,0.001448775893903298,0.5,2.0
2017-10-13,217326294.56613958,218238439.72204462,0.0,0.0,0.25,0.25,0.0,0.0,54331573.641534895,54331573.641534895,108663147.28306979,0.0041971228457470255,0.5,2.0
2017-10-16,218238439.72204462,218301895.38382652,0.0,0.0,0.25,0.0,0.0,0.0,54559609.930511154,0.0,163678829.79153347,0.00029076299236158176,0.25,1.0
2017-10-17,218301895.38382652,217978927.91098282,0.0,0.0,0.25,0.0,0.0,0.0,54575473.84595663,0.0,163726421.5378699,-0.0014794533610250349,0.25,1.0
2017-10-18,217978927.91098282,217866222.87828538,0.0,0.0,0.25,0.0,0.0,0.0,54494731.977745704,0.0,163484195.9332371,-0.0005170455409501118,0.25,1.0
2017-10-19,217866222.87828538,217919981.44265074,0.0,0.0,0.25,0.0,0.0,0.0,54466555.719571345,0.0,163399667.15871403,0.000246750339061963,0.25,1.0
2017-10-20,217919981.44265074,217840679.2106984,0.0,0.0,0.25,0.0,0.0,0.0,54479995.360662684,0.0,163439986.08198804,-0.0003639052804032261,0.25,1.0
2017-10-23,217840679.2106984,218059557.63037094,0.0,0.0,0.25,0.0,0.0,0.0,54460169.8026746,0.0,163380509.4080238,0.001004763758842675,0.25,1.0
2017-10-24,218059557.63037094,218332732.23373446,0.0,0.0,0.25,0.0,0.0,0.0,54514889.407592736,0.0,163544668.2227782,0.001252752258750267,0.25,1.0
2017-10-25,218332732.23373446,218237891.01515442,0.0,0.0,0.25,0.0,0.0,0.0,54583183.058433615,0.0,163749549.17530084,-0.00043438845659890535,0.25,1.0
2017-10-26,218237891.01515442,218253326.80223247,0.0,0.0,0.25,0.0,0.0,0.0,54559472.753788605,0.0,163678418.26136583,7.072918000722295e-05,0.25,1.0
2017-10-27,218253326.80223247,218221509.15254492,0.0,0.0,0.25,0.0,0.0,0.0,54563331.70055812,0.0,163689995.10167435,-0.00014578311429977453,0.25,1.0
2017-10-30,218221509.15254492,218401062.09857693,0.0,0.0,0.25,0.0,0.0,0.0,54555377.28813623,0.0,163666131.86440867,0.0008228013211405982,0.25,1.0
2017-10-31,218401062.09857693,218426667.52004093,0.0,0.0,0.25,0.0,0.0,0.0,54600265.52464423,0.0,163800796.5739327,0.00011724037061883186,0.25,1.0
2017-11-01,218426667.52004093,218648355.32349104,0.0,0.0,0.25,0.0,0.0,0.0,54606666.88001023,0.0,163820000.64003068,0.001014930118044044,0.25,1.0
2017-11-02,218648355.32349104,218745756.28442875,0.0,0.0,0.25,0.0,0.0,0.0,54662088.83087276,0.0,163986266.49261826,0.0004454685277351933,0.25,1.0
2017-11-03,218745756.28442875,218862771.68773085,0.0,0.0,0.25,0.0,0.0,0.0,54686439.07110719,0.0,164059317.21332157,0.0005349379356643924,0.25,1.0
2017-11-06,218862771.68773085,219666838.1483621,0.0,0.0,0.25,0.0,0.0,0.0,54715692.92193271,0.0,164147078.76579815,0.0036738384259270007,0.25,1.0
2017-11-07,219666838.1483621,219283094.91262427,0.0,0.0,0.25,0.0,0.0,0.0,54916709.537090525,0.0,164750128.61127156,-0.0017469329415968626,0.25,1.0
2017-11-08,219283094.91262427,219348976.15797576,0.0,0.0,0.25,0.0,0.0,0.0,54820773.72815607,0.0,164462321.1844682,0.00030043923530787,0.25,1.0
2017-11-09,219348976.15797576,219232223.55924055,0.0,0.0,0.25,0.0,0.0,0.0,54837244.03949394,0.0,164511732.1184818,-0.0005322687198281162,0.25,1.0
2017-11-10,219232223.55924055,219121926.99284846,0.0,0.0,0.25,0.0,0.0,0.0,54808055.88981014,0.0,164424167.6694304,-0.0005031038074667649,0.25,1.0
2017-11-13,219121926.99284846,219073222.6870634,0.0,0.0,0.25,0.0,0.0,0.0,54780481.748212114,0.0,164341445.24463636,-0.00022227034260563494,0.25,1.0
2017-11-14,219073222.6870634,218418164.772924,0.0,0.0,0.25,0.0,0.0,0.0,54768305.67176585,0.0,164304917.01529753,-0.0029901322768008387,0.25,1.0
2017-11-15,218418164.772924,218317017.67217088,0.0,0.0,0.25,0.0,0.0,0.0,54604541.193231,0.0,163813623.57969302,-0.00046308923462606844,0.25,1.0
2017-11-16,218317017.67217088,218102764.6086386,0.0,0.0,0.25,0.0,0.0,0.0,54579254.41804272,0.0,163737763.25412816,-0.0009813850785282408,0.25,1.0
2017-11-17,218102764.6086386,218804455.08666292,0.0,0.0,0.25,0.0,0.0,0.0,54525691.15215965,0.0,163577073.45647895,0.0032172470591256275,0.25,1.0
2017-11-20,218804455.08666292,218443461.5403001,0.0,0.0,0.25,0.0,0.0,0.0,54701113.77166573,0.0,164103341.3149972,-0.0016498455034650583,0.25,1.0
2017-11-21,218443461.5403001,218620992.74037182,0.0,0.0,0.25,0.0,0.0,0.0,54610865.385075025,0.0,163832596.15522507,0.0008127100661189379,0.25,1.0
2017-11-22,218620992.74037182,218979174.1576011,0.0,0.0,0.25,0.0,0.0,0.0,54655248.185092956,0.0,163965744.55527887,0.001638366987266604,0.25,1.0
2017-11-23,218979174.1576011,218979174.1576011,0.0,0.0,0.25,0.0,0.0,0.0,54744793.53940027,0.0,164234380.6182008,0.0,0.25,1.0
2017-11-24,218979174.1576011,218953764.1201586,0.0,0.0,0.25,0.0,0.0,0.0,54744793.53940027,0.0,164234380.6182008,-0.00011603860294118196,0.25,1.0
2017-11-27,218953764.1201586,218893111.13192308,0.0,0.0,0.25,0.0,0.0,0.0,54738441.03003965,0.0,164215323.09011894,-0.00027701276787481244,0.25,1.0
2017-11-28,218893111.13192308,218780771.96884874,0.0,0.0,0.25,0.0,0.0,0.0,54723277.78298077,0.0,164169833.3489423,-0.0005132147032560208,0.25,1.0
2017-11-29,218780771.96884874,218600398.8207322,0.0,0.0,0.25,0.0,0.0,0.0,54695192.992212184,0.0,164085578.97663656,-0.0008244469863291637,0.25,1.0
2017-11-30,218600398.8207322,218135386.02169794,0.0,0.0,0.25,0.0,0.0,0.0,54650099.70518305,0.0,163950299.11554915,-0.0021272275876111357,0.25,1.0
2017-12-01,218135386.02169794,218629162.39773256,0.0,0.0,0.25,0.0,0.0,0.0,54533846.505424485,0.0,163601539.51627344,0.0022636234544060607,0.25,1.0
2017-12-04,218629162.39773256,218165127.85122138,0.0,0.0,0.25,0.0,0.0,0.0,54657290.59943314,0.0,163971871.79829943,-0.002122473239260736,0.25,1.0
2017-12-05,218165127.85122138,217710135.33283848,0.0,0.0,0.25,0.0,0.0,0.0,54541281.962805346,0.0,163623845.88841605,-0.0020855419143484544,0.25,1.0
2017-12-06,217710135.33283848,217119707.5391973,0.0,0.0,0.25,0.0,0.0,0.0,54427533.83320962,0.0,163282601.49962884,-0.00271199038454753,0.25,1.0
2017-12-07,217119707.5391973,216922355.08695918,0.0,0.0,0.25,0.0,0.0,0.0,54279926.884799324,0.0,162839780.65439796,-0.0009089568813208104,0.25,1.0
2017-12-08,216922355.08695918,217057799.544224,0.0,0.0,0.25,0.0,0.0,0.0,54230588.771739796,0.0,162691766.3152194,0.0006243914197342493,0.25,1.0
2017-12-11,217057799.544224,217191763.67157376,0.0,0.0,0.25,0.0,0.0,0.0,54264449.886056,0.0,162793349.658168,0.0006171818180735755,0.25,1.0
2017-12-12,217191763.67157376,216682299.18566847,0.0,0.0,0.25,0.0,0.0,0.0,54297940.91789344,0.0,162893822.75368032,-0.002345689713518312,0.25,1.0
2017-12-13,216682299.18566847,216708401.38752627,0.0,0.0,0.25,0.0,0.0,0.0,54170574.79641712,0.0,162511724.38925135,0.00012046300946561006,0.25,1.0
2017-12-14,216708401.38752627,216947974.5876278,0.0,0.0,0.25,0.0,0.0,0.0,54177100.34688157,0.0,162531301.0406447,0.001105509516786618,0.25,1.0
2017-12-15,216947974.5876278,216947974.5876278,0.0,0.0,0.0,0.0,0.0,0.0,0.0,0.0,216947974.5876278,0.0,0.0,0.0
2017-12-18,216947974.5876278,216947974.5876278,0.0,0.0,0.0,0.0,0.0,0.0,0.0,0.0,216947974.5876278,0.0,0.0,0.0
2017-12-19,216947974.5876278,216947974.5876278,0.0,0.0,0.0,0.0,0.0,0.0,0.0,0.0,216947974.5876278,0.0,0.0,0.0
2017-12-20,216947974.5876278,216947974.5876278,0.0,0.0,0.0,0.0,0.0,0.0,0.0,0.0,216947974.5876278,0.0,0.0,0.0
2017-12-21,216947974.5876278,216947974.5876278,0.0,0.0,0.0,0.0,0.0,0.0,0.0,0.0,216947974.5876278,0.0,0.0,0.0
2017-12-22,216947974.5876278,216947974.5876278,0.0,0.0,0.0,0.0,0.0,0.0,0.0,0.0,216947974.5876278,0.0,0.0,0.0
2017-12-25,216947974.5876278,216947974.5876278,0.0,0.0,0.0,0.0,0.0,0.0,0.0,0.0,216947974.5876278,0.0,0.0,0.0
2017-12-26,216947974.5876278,216947974.5876278,0.0,0.0,0.0,0.0,0.0,0.0,0.0,0.0,216947974.5876278,0.0,0.0,0.0
2017-12-27,216947974.5876278,216947974.5876278,0.0,0.0,0.0,0.0,0.0,0.0,0.0,0.0,216947974.5876278,0.0,0.0,0.0
2017-12-28,216947974.5876278,216947974.5876278,0.0,0.0,0.0,0.0,0.0,0.0,0.0,0.0,216947974.5876278,0.0,0.0,0.0
2017-12-29,216947974.5876278,216947974.5876278,0.0,0.0,0.0,0.0,0.0,0.0,0.0,0.0,216947974.5876278,0.0,0.0,0.0
2018-01-01,216947974.5876278,216947974.5876278,0.0,0.0,0.0,0.0,0.0,0.0,0.0,0.0,216947974.5876278,0.0,0.0,0.0
2018-01-02,216947974.5876278,216947974.5876278,0.0,0.0,0.0,0.0,0.0,0.0,0.0,0.0,216947974.5876278,0.0,0.0,0.0
2018-01-03,216947974.5876278,216947974.5876278,0.0,0.0,0.0,0.0,0.0,0.0,0.0,0.0,216947974.5876278,0.0,0.0,0.0
2018-01-04,216947974.5876278,217138119.75851277,0.0,0.25,0.0,0.0,0.0,54236993.64690695,0.0,0.0,162710980.94072086,0.0008764551558794187,0.25,1.0
2018-01-05,217138119.75851277,217114688.59383398,0.0,0.25,0.0,0.0,0.0,54284529.93962819,0.0,0.0,162853589.81888458,-0.00010790903368240734,0.25,1.0
2018-01-08,217114688.59383398,217011306.05108938,0.0,0.25,0.0,0.25,0.0,54278672.148458496,0.0,54278672.148458496,108557344.29691699,-0.0004761655851760471,0.5,2.0
2018-01-09,217011306.05108938,216844269.9381054,0.0,0.25,0.25,0.25,0.0,54252826.512772344,54252826.512772344,54252826.512772344,54252826.512772344,-0.000769711569518966,0.75,3.0
2018-01-10,216844269.9381054,217281450.81100473,0.0,0.25,0.25,0.25,0.0,54211067.48452635,54211067.48452635,54211067.48452635,54211067.48452635,0.0020161052585068173,0.75,3.0
2018-01-11,217281450.81100473,217724701.89260772,0.0,0.25,0.25,0.25,0.0,54320362.70275118,54320362.70275118,54320362.70275118,54320362.70275118,0.0020399858338046584,0.75,3.0
2018-01-12,217724701.89260772,218752796.0115825,0.0,0.25,0.25,0.25,0.0,54431175.47315193,54431175.47315193,54431175.47315193,54431175.47315193,0.004721991166082351,0.75,3.0
2018-01-15,218752796.0115825,219417238.75477806,0.0,0.25,0.25,0.25,0.0,54688199.00289562,54688199.00289562,54688199.00289562,54688199.00289562,0.00303741371680738,0.75,3.0
2018-01-16,219417238.75477806,219050738.2768577,0.0,0.25,0.25,0.25,0.0,54854309.688694514,54854309.688694514,54854309.688694514,54854309.688694514,-0.0016703358405213697,0.75,3.0
2018-01-17,219050738.2768577,218911892.02146474,0.0,0.25,0.25,0.25,0.0,54762684.569214426,54762684.569214426,54762684.569214426,54762684.569214426,-0.0006338543137776598,0.75,3.0
2018-01-18,218911892.02146474,219266784.06104827,0.25,0.25,0.25,0.25,54727973.005366184,54727973.005366184,54727973.005366184,54727973.005366184,0.0,0.0016211638221497182,1.0,4.0
2018-01-19,219266784.06104827,219550928.38056788,0.25,0.25,0.25,0.25,54816696.01526207,54816696.01526207,54816696.01526207,54816696.01526207,0.0,0.0012958840105965486,1.0,4.0
2018-01-22,219550928.38056788,220024933.09817487,0.25,0.25,0.25,0.25,54887732.09514197,54887732.09514197,54887732.09514197,54887732.09514197,0.0,0.002158973870451275,1.0,4.0
2018-01-23,220024933.09817487,219878715.77816832,0.25,0.25,0.25,0.25,55006233.27454372,55006233.27454372,55006233.27454372,55006233.27454372,0.0,-0.0006645488670200261,1.0,4.0
2018-01-24,219878715.77816832,222727051.6648785,0.25,0.25,0.25,0.25,54969678.94454208,54969678.94454208,54969678.94454208,54969678.94454208,0.0,0.012954122806428547,1.0,4.0
2018-01-25,222727051.6648785,223410328.35754415,0.25,0.25,0.25,0.25,55681762.91621962,55681762.91621962,55681762.91621962,55681762.91621962,0.0,0.003067775950690299,1.0,4.0
2018-01-26,223410328.35754415,223350907.96222073,0.25,0.25,0.25,0.25,55852582.08938604,55852582.08938604,55852582.08938604,55852582.08938604,0.0,-0.0002659697774955172,1.0,4.0
2018-01-29,223350907.96222073,222565657.54258034,0.25,0.25,0.25,0.25,55837726.99055518,55837726.99055518,55837726.99055518,55837726.99055518,0.0,-0.0035157699908397733,1.0,4.0
2018-01-30,222565657.54258034,221940840.3122414,0.25,0.25,0.25,0.25,55641414.385645084,55641414.385645084,55641414.385645084,55641414.385645084,0.0,-0.0028073389095053802,1.0,4.0
2018-01-31,221940840.3122414,222323240.21835983,0.25,0.25,0.25,0.25,55485210.07806035,55485210.07806035,55485210.07806035,55485210.07806035,0.0,0.001722981248428318,1.0,4.0
2018-02-01,222323240.21835983,222036712.44519404,0.25,0.25,0.25,0.25,55580810.05458996,55580810.05458996,55580810.05458996,55580810.05458996,0.0,-0.0012887891202214286,1.0,4.0
2018-02-02,222036712.44519404,219417377.1422313,0.25,0.25,0.25,0.25,55509178.11129851,55509178.11129851,55509178.11129851,55509178.11129851,0.0,-0.011796856808575118,1.0,4.0
2018-02-05,219417377.1422313,219003938.3278196,0.25,0.25,0.25,0.25,54854344.28555782,54854344.28555782,54854344.28555782,54854344.28555782,0.0,-0.0018842573901687865,1.0,4.0
2018-02-06,219003938.3278196,217350555.2169945,0.25,0.25,0.25,0.25,54750984.5819549,54750984.5819549,54750984.5819549,54750984.5819549,0.0,-0.007549558804509693,1.0,4.0
2018-02-07,217350555.2169945,216361907.86703616,0.25,0.25,0.25,0.25,54337638.80424862,54337638.80424862,54337638.80424862,54337638.80424862,0.0,-0.0045486304323967275,1.0,4.0
2018-02-08,216361907.86703616,215565991.9885505,0.25,0.25,0.25,0.25,54090476.96675904,54090476.96675904,54090476.96675904,54090476.96675904,0.0,-0.0036786321877638195,1.0,4.0
2018-02-09,215565991.9885505,214458646.62869006,0.25,0.25,0.25,0.25,53891497.99713763,53891497.99713763,53891497.99713763,53891497.99713763,0.0,-0.005136920483817697,1.0,4.0
2018-02-12,214458646.62869006,215356731.24986413,0.25,0.25,0.25,0.25,53614661.657172516,53614661.657172516,53614661.657172516,53614661.657172516,0.0,0.004187682032373463,1.0,4.0
2018-02-13,215356731.24986413,216063352.04730973,0.25,0.25,0.25,0.25,53839182.81246603,53839182.81246603,53839182.81246603,53839182.81246603,0.0,0.003281164202969561,1.0,4.0
2018-02-14,216063352.04730973,218418571.289559,0.25,0.25,0.25,0.25,54015838.01182743,54015838.01182743,54015838.01182743,54015838.01182743,0.0,0.010900595681462788,1.0,4.0
2018-02-15,218418571.289559,219285123.90510714,0.25,0.25,0.25,0.25,54604642.82238975,54604642.82238975,54604642.82238975,54604642.82238975,0.0,0.003967394395229196,1.0,4.0
2018-02-16,219285123.90510714,219275444.203304,0.25,0.25,0.25,0.25,54821280.976276785,54821280.976276785,54821280.976276785,54821280.976276785,0.0,-4.414208146352738e-05,1.0,4.0
2018-02-19,219275444.203304,219060930.23417985,0.25,0.25,0.25,0.25,54818861.050826,54818861.050826,54818861.050826,54818861.050826,0.0,-0.0009782854158773002,1.0,4.0
2018-02-20,219060930.23417985,217881998.23475546,0.25,0.25,0.25,0.25,54765232.55854496,54765232.55854496,54765232.55854496,54765232.55854496,0.0,-0.005381753826043167,1.0,4.0
2018-02-21,217881998.23475546,217376946.62309086,0.25,0.25,0.25,0.25,54470499.558688864,54470499.558688864,54470499.558688864,54470499.558688864,0.0,-0.002318005231072201,1.0,4.0
2018-02-22,217376946.62309086,217953976.16756755,0.25,0.25,0.25,0.25,54344236.655772716,54344236.655772716,54344236.655772716,54344236.655772716,0.0,0.0026545112232035373,1.0,4.0
2018-02-23,217953976.16756755,217865141.51306266,0.25,0.25,0.25,0.25,54488494.04189189,54488494.04189189,54488494.04189189,54488494.04189189,0.0,-0.0004075844637795034,1.0,4.0
2018-02-26,217865141.51306266,218518335.4139973,0.25,0.25,0.25,0.25,54466285.378265664,54466285.378265664,54466285.378265664,54466285.378265664,0.0,0.0029981570084971487,1.0,4.0
2018-02-27,218518335.4139973,217172994.09020776,0.25,0.25,0.25,0.25,54629583.85349932,54629583.85349932,54629583.85349932,54629583.85349932,0.0,-0.006156651894865972,1.0,4.0
2018-02-28,217172994.09020776,216866276.59491608,0.25,0.25,0.25,0.25,54293248.52255194,54293248.52255194,54293248.52255194,54293248.52255194,0.0,-0.0014123187672416548,1.0,4.0
2018-03-01,216866276.59491608,216439469.834112,0.25,0.25,0.25,0.25,54216569.14872902,54216569.14872902,54216569.14872902,54216569.14872902,0.0,-0.001968064226054611,1.0,4.0
2018-03-02,216439469.834112,216634882.11891663,0.0,0.25,0.25,0.25,0.0,54109867.458528,54109867.458528,54109867.458528,54109867.458528,0.0009028495817072213,0.75,3.0
2018-03-05,216634882.11891663,216873589.00232816,0.0,0.25,0.25,0.25,0.0,54158720.52972916,54158720.52972916,54158720.52972916,54158720.52972916,0.0011018857216193167,0.75,3.0
2018-03-06,216873589.00232816,218130948.57503587,0.0,0.25,0.25,0.25,0.0,54218397.25058204,54218397.25058204,54218397.25058204,54218397.25058204,0.005797661109828545,0.75,3.0
2018-03-07,218130948.57503587,217169238.80072874,0.0,0.0,0.25,0.25,0.0,0.0,54532737.14375897,54532737.14375897,109065474.28751794,-0.0044088644027343304,0.5,2.0
2018-03-08,217169238.80072874,216745711.8269633,0.0,0.0,0.25,0.25,0.0,0.0,54292309.700182185,54292309.700182185,108584619.40036437,-0.00195021622815586,0.5,2.0
2018-03-09,216745711.8269633,217052151.38306877,0.0,0.0,0.25,0.25,0.0,0.0,54186427.95674083,54186427.95674083,108372855.91348165,0.0014138206173607282,0.5,2.0
2018-03-12,217052151.38306877,216840206.1574619,0.0,0.0,0.25,0.25,0.0,0.0,54263037.84576719,54263037.84576719,108526075.69153439,-0.0009764714344286385,0.5,2.0
2018-03-13,216840206.1574619,217345506.70138338,0.25,0.0,0.25,0.25,54210051.53936548,0.0,54210051.53936548,54210051.53936548,54210051.53936548,0.0023302899073731065,0.75,3.0
2018-03-14,217345506.70138338,216905759.84823143,0.25,0.0,0.25,0.25,54336376.675345846,0.0,54336376.675345846,54336376.675345846,54336376.675345846,-0.0020232617633826055,0.75,3.0
2018-03-15,216905759.84823143,216326876.72986752,0.0,0.0,0.25,0.25,0.0,0.0,54226439.96205786,54226439.96205786,108452879.92411572,-0.0026688231735706447,0.5,2.0
2018-03-16,216326876.72986752,216279183.75084513,0.0,0.0,0.25,0.25,0.0,0.0,54081719.18246688,54081719.18246688,108163438.36493376,-0.00022046719179483198,0.5,2.0
2018-03-19,216279183.75084513,216386563.0479274,0.0,0.0,0.0,0.25,0.0,0.0,0.0,54069795.93771128,162209387.81313384,0.0004964846603359718,0.25,1.0
2018-03-20,216386563.0479274,216386563.0479274,0.0,0.0,0.0,0.0,0.0,0.0,0.0,0.0,216386563.0479274,0.0,0.0,0.0
2018-03-21,216386563.0479274,216386563.0479274,0.0,0.0,0.0,0.0,0.0,0.0,0.0,0.0,216386563.0479274,0.0,0.0,0.0
2018-03-22,216386563.0479274,216386563.0479274,0.0,0.0,0.0,0.0,0.0,0.0,0.0,0.0,216386563.0479274,0.0,0.0,0.0
2018-03-23,216386563.0479274,216386563.0479274,0.0,0.0,0.0,0.0,0.0,0.0,0.0,0.0,216386563.0479274,0.0,0.0,0.0
2018-03-26,216386563.0479274,216386563.0479274,0.0,0.0,0.0,0.0,0.0,0.0,0.0,0.0,216386563.0479274,0.0,0.0,0.0
2018-03-27,216386563.0479274,216386563.0479274,0.0,0.0,0.0,0.0,0.0,0.0,0.0,0.0,216386563.0479274,0.0,0.0,0.0
2018-03-28,216386563.0479274,216386563.0479274,0.0,0.0,0.0,0.0,0.0,0.0,0.0,0.0,216386563.0479274,0.0,0.0,0.0
2018-03-29,216386563.0479274,216386563.0479274,0.0,0.0,0.0,0.0,0.0,0.0,0.0,0.0,216386563.0479274,0.0,0.0,0.0
2018-03-30,216386563.0479274,216386563.0479274,0.0,0.0,0.0,0.0,0.0,0.0,0.0,0.0,216386563.0479274,0.0,0.0,0.0
2018-04-02,216386563.0479274,216386563.0479274,0.0,0.0,0.0,0.0,0.0,0.0,0.0,0.0,216386563.0479274,0.0,0.0,0.0
2018-04-03,216386563.0479274,216386563.0479274,0.0,0.0,0.0,0.0,0.0,0.0,0.0,0.0,216386563.0479274,0.0,0.0,0.0
2018-04-04,216386563.0479274,216386563.0479274,0.0,0.0,0.0,0.0,0.0,0.0,0.0,0.0,216386563.0479274,0.0,0.0,0.0
2018-04-05,216386563.0479274,216386563.0479274,0.0,0.0,0.0,0.0,0.0,0.0,0.0,0.0,216386563.0479274,0.0,0.0,0.0
2018-04-06,216386563.0479274,216386563.0479274,0.0,0.0,0.0,0.0,0.0,0.0,0.0,0.0,216386563.0479274,0.0,0.0,0.0
2018-04-09,216386563.0479274,216386563.0479274,0.0,0.0,0.0,0.0,0.0,0.0,0.0,0.0,216386563.0479274,0.0,0.0,0.0
2018-04-10,216386563.0479274,216386563.0479274,0.0,0.0,0.0,0.0,0.0,0.0,0.0,0.0,216386563.0479274,0.0,0.0,0.0
2018-04-11,216386563.0479274,216386563.0479274,0.0,0.0,0.0,0.0,0.0,0.0,0.0,0.0,216386563.0479274,0.0,0.0,0.0
2018-04-12,216386563.0479274,216386563.0479274,0.0,0.0,0.0,0.0,0.0,0.0,0.0,0.0,216386563.0479274,0.0,0.0,0.0
2018-04-13,216386563.0479274,216842859.34212783,0.0,0.0,0.0,0.25,0.0,0.0,0.0,54096640.76198185,162289922.28594556,0.0021087090056481905,0.25,1.0
2018-04-16,216842859.34212783,216831986.5943893,0.0,0.0,0.0,0.25,0.0,0.0,0.0,54210714.83553196,162632144.50659588,-5.014113801812825e-05,0.25,1.0
2018-04-17,216831986.5943893,216896024.63104144,0.0,0.0,0.0,0.25,0.0,0.0,0.0,54207996.64859732,162623989.94579196,0.0002953348242479281,0.25,1.0
2018-04-18,216896024.63104144,216972077.9524305,0.0,0.0,0.0,0.25,0.0,0.0,0.0,54224006.15776036,162672018.4732811,0.0003506441462835519,0.25,1.0
2018-04-19,216972077.9524305,216816111.33323112,0.0,0.0,0.0,0.25,0.0,0.0,0.0,54243019.48810762,162729058.46432287,-0.0007188326750209584,0.25,1.0
2018-04-20,216816111.33323112,216446702.30093047,0.0,0.0,0.0,0.25,0.0,0.0,0.0,54204027.83330778,162612083.49992335,-0.0017037895847732965,0.25,1.0
2018-04-23,216446702.30093047,215979831.3833765,0.0,0.0,0.0,0.25,0.0,0.0,0.0,54111675.57523262,162335026.72569785,-0.00215697865844533,0.25,1.0
2018-04-24,215979831.3833765,216135673.17592657,0.0,0.0,0.25,0.25,0.0,0.0,53994957.84584413,53994957.84584413,107989915.69168825,0.000721557154443081,0.5,2.0
2018-04-25,216135673.17592657,215944024.398655,0.0,0.0,0.25,0.25,0.0,0.0,54033918.29398164,54033918.29398164,108067836.58796328,-0.0008867059030814028,0.5,2.0
2018-04-26,215944024.398655,215777814.87594372,0.0,0.0,0.25,0.25,0.0,0.0,53986006.09966375,53986006.09966375,107972012.1993275,-0.0007696879928681399,0.5,2.0
2018-04-27,215777814.87594372,216062273.17845538,0.0,0.0,0.25,0.25,0.0,0.0,53944453.71898593,53944453.71898593,107888907.43797186,0.001318292627419615,0.5,2.0
2018-04-30,216062273.17845538,215837975.70863217,0.0,0.0,0.25,0.25,0.0,0.0,54015568.294613846,54015568.294613846,108031136.58922769,-0.0010381149217937868,0.5,2.0
2018-05-01,215837975.70863217,215228532.04752418,0.0,0.0,0.25,0.25,0.0,0.0,53959493.92715804,53959493.92715804,107918987.85431609,-0.0028236164609450887,0.5,2.0
2018-05-02,215228532.04752418,215350865.17606762,0.0,0.0,0.25,0.25,0.0,0.0,53807133.011881046,53807133.011881046,107614266.02376209,0.0005683871342690439,0.5,2.0
2018-05-03,215350865.17606762,215750564.37935388,0.0,0.0,0.25,0.25,0.0,0.0,53837716.294016905,53837716.294016905,107675432.58803381,0.0018560371371599271,0.5,2.0
2018-05-04,215750564.37935388,216042087.90162507,0.0,0.0,0.25,0.25,0.0,0.0,53937641.09483847,53937641.09483847,107875282.18967694,0.001351206302100727,0.5,2.0
2018-05-07,216042087.90162507,215929941.19892618,0.0,0.0,0.25,0.25,0.0,0.0,54010521.97540627,54010521.97540627,108021043.95081253,-0.000519096550992193,0.5,2.0
2018-05-08,215929941.19892618,215786124.2894599,0.0,0.0,0.25,0.0,0.0,0.0,53982485.299731545,0.0,161947455.89919463,-0.0006660350513122415,0.25,1.0
2018-05-09,215786124.2894599,216097518.83752325,0.0,0.0,0.25,0.0,0.0,0.0,53946531.07236498,0.0,161839593.21709493,0.001443070304398275,0.25,1.0
2018-05-10,216097518.83752325,216369258.46225622,0.0,0.0,0.25,0.0,0.0,0.0,54024379.70938081,0.0,162073139.12814245,0.0012574860932915155,0.25,1.0
2018-05-11,216369258.46225622,216061084.9041628,0.0,0.0,0.25,0.0,0.0,0.0,54092314.615564056,0.0,162276943.84669217,-0.0014242945614530989,0.25,1.0
2018-05-14,216061084.9041628,216259717.88015997,0.0,0.0,0.25,0.0,0.0,0.0,54015271.2260407,0.0,162045813.6781221,0.0009193371221166147,0.25,1.0
2018-05-15,216259717.88015997,216112543.49420342,0.0,0.0,0.25,0.0,0.0,0.0,54064929.47003999,0.0,162194788.41011998,-0.0006805446127424453,0.25,1.0
2018-05-16,216112543.49420342,216147613.93085873,0.0,0.0,0.25,0.0,0.0,0.0,54028135.873550855,0.0,162084407.62065256,0.0001622785798932047,0.25,1.0
2018-05-17,216147613.93085873,216223173.4263325,0.0,0.0,0.25,0.0,0.0,0.0,54036903.48271468,0.0,162110710.44814405,0.0003495735812191758,0.25,1.0
2018-05-18,216223173.4263325,216286682.28247422,0.0,0.0,0.25,0.0,0.0,0.0,54055793.356583126,0.0,162167380.0697494,0.0002937190086305108,0.25,1.0
2018-05-21,216286682.28247422,216621230.6908115,0.0,0.0,0.25,0.0,0.0,0.0,54071670.570618555,0.0,162215011.71185565,0.0015467822836191525,0.25,1.0
2018-05-22,216621230.6908115,216886075.4564899,0.0,0.0,0.25,0.0,0.0,0.0,54155307.67270288,0.0,162465923.01810864,0.001222616845236335,0.25,1.0
2018-05-23,216886075.4564899,216977771.4589795,0.0,0.0,0.25,0.0,0.0,0.0,54221518.86412247,0.0,162664556.5923674,0.00042278418426172637,0.25,1.0
2018-05-24,216977771.4589795,216941577.85196432,0.0,0.0,0.25,0.0,0.0,0.0,54244442.86474487,0.0,162733328.59423462,-0.00016680790281786706,0.25,1.0
2018-05-25,216941577.85196432,216590602.6106446,0.0,0.0,0.25,0.0,0.0,0.0,54235394.46299108,0.0,162706183.38897324,-0.0016178329889314225,0.25,1.0
2018-05-28,216590602.6106446,216590602.6106446,0.0,0.0,0.25,0.0,0.0,0.0,54147650.65266115,0.0,162442951.95798346,0.0,0.25,1.0
2018-05-29,216590602.6106446,216207837.10730737,0.0,0.0,0.25,0.0,0.0,0.0,54147650.65266115,0.0,162442951.95798346,-0.0017672304279298945,0.25,1.0
2018-05-30,216207837.10730737,216473677.01584283,0.0,0.0,0.25,0.0,0.0,0.0,54051959.27682684,0.0,162155877.83048052,0.0012295572264733878,0.25,1.0
2018-05-31,216473677.01584283,216470992.58227947,0.0,0.0,0.25,0.0,0.0,0.0,54118419.25396071,0.0,162355257.76188213,-1.2400738973794567e-05,0.25,1.0
2018-06-01,216470992.58227947,216313798.23557335,0.0,0.0,0.25,0.0,0.0,0.0,54117748.14556987,0.0,162353244.4367096,-0.000726168179999348,0.25,1.0
2018-06-04,216313798.23557335,215702420.0685051,0.0,0.0,0.25,0.0,0.0,0.0,54078449.55889334,0.0,162235348.67668003,-0.0028263484440435027,0.25,1.0
2018-06-05,215702420.0685051,215862695.79106686,0.0,0.0,0.25,0.0,0.0,0.0,53925605.01712628,0.0,161776815.05137885,0.0007430409103005853,0.25,1.0
2018-06-06,215862695.79106686,215904510.7110782,0.0,0.0,0.25,0.0,0.0,0.0,53965673.947766714,0.0,161897021.84330013,0.00019371072828544555,0.25,1.0
2018-06-07,215904510.7110782,216072996.13553953,0.0,0.0,0.25,0.0,0.0,0.0,53976127.67776955,0.0,161928383.03330866,0.0007803700992924933,0.25,1.0
2018-06-08,216072996.13553953,216031063.0684336,0.0,0.0,0.25,0.0,0.0,0.0,54018249.03388488,0.0,162054747.10165465,-0.00019406898527743466,0.25,1.0
2018-06-11,216031063.0684336,215833700.7517979,0.0,0.0,0.25,0.0,0.0,0.0,54007765.7671084,0.0,162023297.3013252,-0.0009135830460325345,0.25,1.0
2018-06-12,215833700.7517979,215985078.98515832,0.0,0.0,0.25,0.0,0.0,0.0,53958425.18794948,0.0,161875275.56384844,0.0007013651382205,0.25,1.0
2018-06-13,215985078.98515832,216026943.4962138,0.0,0.0,0.25,0.0,0.0,0.0,53996269.74628958,0.0,161988809.23886874,0.00019383057039024099,0.25,1.0
2018-06-14,216026943.4962138,215575765.8228358,0.0,0.0,0.25,0.0,0.0,0.0,54006735.87405345,0.0,162020207.62216035,-0.002088525005613101,0.25,1.0
2018-06-15,215575765.8228358,214661426.61328238,0.0,0.0,0.25,0.0,0.0,0.0,53893941.45570895,0.0,161681824.36712685,-0.0042413821705026555,0.25,1.0
2018-06-18,214661426.61328238,214614799.7153685,0.0,0.0,0.25,0.0,0.0,0.0,53665356.653320596,0.0,160996069.95996177,-0.00021721134835225864,0.25,1.0
2018-06-19,214614799.7153685,213972741.2747001,0.0,0.0,0.25,0.0,0.0,0.0,53653699.92884213,0.0,160961099.78652638,-0.002991678306994261,0.25,1.0
2018-06-20,213972741.2747001,214096375.58259735,0.0,0.0,0.25,0.0,0.0,0.0,53493185.31867503,0.0,160479555.95602506,0.000577804009803895,0.25,1.0
2018-06-21,214096375.58259735,213875193.2300516,0.0,0.0,0.25,0.0,0.0,0.0,53524093.89564934,0.0,160572281.686948,-0.0010330971364828911,0.25,1.0
2018-06-22,213875193.2300516,214432654.20549423,0.0,0.0,0.25,0.0,0.0,0.0,53468798.3075129,0.0,160406394.9225387,0.002606477951105801,0.25,1.0
2018-06-25,214432654.20549423,214432654.20549423,0.0,0.0,0.0,0.0,0.0,0.0,0.0,0.0,214432654.20549423,0.0,0.0,0.0
2018-06-26,214432654.20549423,214432654.20549423,0.0,0.0,0.0,0.0,0.0,0.0,0.0,0.0,214432654.20549423,0.0,0.0,0.0
2018-06-27,214432654.20549423,214432654.20549423,0.0,0.0,0.0,0.0,0.0,0.0,0.0,0.0,214432654.20549423,0.0,0.0,0.0
2018-06-28,214432654.20549423,214432654.20549423,0.0,0.0,0.0,0.0,0.0,0.0,0.0,0.0,214432654.20549423,0.0,0.0,0.0
2018-06-29,214432654.20549423,214432654.20549423,0.0,0.0,0.0,0.0,0.0,0.0,0.0,0.0,214432654.20549423,0.0,0.0,0.0
2018-07-02,214432654.20549423,214432654.20549423,0.0,0.0,0.0,0.0,0.0,0.0,0.0,0.0,214432654.20549423,0.0,0.0,0.0
2018-07-03,214432654.20549423,214432654.20549423,0.0,0.0,0.0,0.0,0.0,0.0,0.0,0.0,214432654.20549423,0.0,0.0,0.0
2018-07-04,214432654.20549423,214432654.20549423,0.0,0.0,0.0,0.0,0.0,0.0,0.0,0.0,214432654.20549423,0.0,0.0,0.0
2018-07-05,214432654.20549423,214432654.20549423,0.0,0.0,0.0,0.0,0.0,0.0,0.0,0.0,214432654.20549423,0.0,0.0,0.0
2018-07-06,214432654.20549423,214432654.20549423,0.0,0.0,0.0,0.0,0.0,0.0,0.0,0.0,214432654.20549423,0.0,0.0,0.0
2018-07-09,214432654.20549423,214432654.20549423,0.0,0.0,0.0,0.0,0.0,0.0,0.0,0.0,214432654.20549423,0.0,0.0,0.0
2018-07-10,214432654.20549423,214432654.20549423,0.0,0.0,0.0,0.0,0.0,0.0,0.0,0.0,214432654.20549423,0.0,0.0,0.0
2018-07-11,214432654.20549423,214432654.20549423,0.0,0.0,0.0,0.0,0.0,0.0,0.0,0.0,214432654.20549423,0.0,0.0,0.0
2018-07-12,214432654.20549423,214432654.20549423,0.0,0.0,0.0,0.0,0.0,0.0,0.0,0.0,214432654.20549423,0.0,0.0,0.0
2018-07-13,214432654.20549423,214432654.20549423,0.0,0.0,0.0,0.0,0.0,0.0,0.0,0.0,214432654.20549423,0.0,0.0,0.0
2018-07-16,214432654.20549423,214432654.20549423,0.0,0.0,0.0,0.0,0.0,0.0,0.0,0.0,214432654.20549423,0.0,0.0,0.0
2018-07-17,214432654.20549423,214432654.20549423,0.0,0.0,0.0,0.0,0.0,0.0,0.0,0.0,214432654.20549423,0.0,0.0,0.0
2018-07-18,214432654.20549423,214432654.20549423,0.0,0.0,0.0,0.0,0.0,0.0,0.0,0.0,214432654.20549423,0.0,0.0,0.0
2018-07-19,214432654.20549423,214432654.20549423,0.0,0.0,0.0,0.0,0.0,0.0,0.0,0.0,214432654.20549423,0.0,0.0,0.0
2018-07-20,214432654.20549423,214432654.20549423,0.0,0.0,0.0,0.0,0.0,0.0,0.0,0.0,214432654.20549423,0.0,0.0,0.0
2018-07-23,214432654.20549423,214432654.20549423,0.0,0.0,0.0,0.0,0.0,0.0,0.0,0.0,214432654.20549423,0.0,0.0,0.0
2018-07-24,214432654.20549423,214432654.20549423,0.0,0.0,0.0,0.0,0.0,0.0,0.0,0.0,214432654.20549423,0.0,0.0,0.0
2018-07-25,214432654.20549423,214432654.20549423,0.0,0.0,0.0,0.0,0.0,0.0,0.0,0.0,214432654.20549423,0.0,0.0,0.0
2018-07-26,214432654.20549423,214432654.20549423,0.0,0.0,0.0,0.0,0.0,0.0,0.0,0.0,214432654.20549423,0.0,0.0,0.0
2018-07-27,214432654.20549423,214432654.20549423,0.0,0.0,0.0,0.0,0.0,0.0,0.0,0.0,214432654.20549423,0.0,0.0,0.0
2018-07-30,214432654.20549423,214432654.20549423,0.0,0.0,0.0,0.0,0.0,0.0,0.0,0.0,214432654.20549423,0.0,0.0,0.0
2018-07-31,214432654.20549423,214432654.20549423,0.0,0.0,0.0,0.0,0.0,0.0,0.0,0.0,214432654.20549423,0.0,0.0,0.0
2018-08-01,214432654.20549423,214432654.20549423,0.0,0.0,0.0,0.0,0.0,0.0,0.0,0.0,214432654.20549423,0.0,0.0,0.0
2018-08-02,214432654.20549423,214432654.20549423,0.0,0.0,0.0,0.0,0.0,0.0,0.0,0.0,214432654.20549423,0.0,0.0,0.0
2018-08-03,214432654.20549423,214432654.20549423,0.0,0.0,0.0,0.0,0.0,0.0,0.0,0.0,214432654.20549423,0.0,0.0,0.0
2018-08-06,214432654.20549423,214432654.20549423,0.0,0.0,0.0,0.0,0.0,0.0,0.0,0.0,214432654.20549423,0.0,0.0,0.0
2018-08-07,214432654.20549423,214432654.20549423,0.0,0.0,0.0,0.0,0.0,0.0,0.0,0.0,214432654.20549423,0.0,0.0,0.0
2018-08-08,214432654.20549423,214432654.20549423,0.0,0.0,0.0,0.0,0.0,0.0,0.0,0.0,214432654.20549423,0.0,0.0,0.0
2018-08-09,214432654.20549423,214432654.20549423,0.0,0.0,0.0,0.0,0.0,0.0,0.0,0.0,214432654.20549423,0.0,0.0,0.0
2018-08-10,214432654.20549423,213859267.89095485,0.25,0.0,0.0,0.0,53608163.551373556,0.0,0.0,0.0,160824490.65412068,-0.002673969208019461,0.25,1.0
2018-08-13,213859267.89095485,213244446.20630378,0.25,0.0,0.0,0.0,53464816.97273871,0.0,0.0,0.0,160394450.91821614,-0.002874889130194652,0.25,1.0
2018-08-14,213244446.20630378,213445747.08154708,0.25,0.0,0.0,0.0,53311111.551575944,0.0,0.0,0.0,159933334.65472782,0.0009439911745629526,0.25,1.0
2018-08-15,213445747.08154708,212776707.3220845,0.25,0.0,0.0,0.0,53361436.77038677,0.0,0.0,0.0,160084310.31116033,-0.003134472195442606,0.25,1.0
2018-08-16,212776707.3220845,213391968.98851585,0.25,0.0,0.0,0.0,53194176.83052112,0.0,0.0,0.0,159582530.49156338,0.0028915837366541575,0.25,1.0
2018-08-17,213391968.98851585,212589240.83025655,0.25,0.0,0.0,0.0,53347992.24712896,0.0,0.0,0.0,160043976.7413869,-0.0037617543062387626,0.25,1.0
2018-08-20,212589240.83025655,212529291.5816046,0.25,0.0,0.0,0.0,53147310.20756414,0.0,0.0,0.0,159441930.6226924,-0.0002819956852840866,0.25,1.0
2018-08-21,212529291.5816046,211871226.8218599,0.25,0.0,0.0,0.0,53132322.89540115,0.0,0.0,0.0,159396968.68620345,-0.003096348530819082,0.25,1.0
2018-08-22,211871226.8218599,211871226.8218599,0.0,0.0,0.0,0.0,0.0,0.0,0.0,0.0,211871226.8218599,0.0,0.0,0.0
2018-08-23,211871226.8218599,211871226.8218599,0.0,0.0,0.0,0.0,0.0,0.0,0.0,0.0,211871226.8218599,0.0,0.0,0.0
2018-08-24,211871226.8218599,211871226.8218599,0.0,0.0,0.0,0.0,0.0,0.0,0.0,0.0,211871226.8218599,0.0,0.0,0.0
2018-08-27,211871226.8218599,211871226.8218599,0.0,0.0,0.0,0.0,0.0,0.0,0.0,0.0,211871226.8218599,0.0,0.0,0.0
2018-08-28,211871226.8218599,211871226.8218599,0.0,0.0,0.0,0.0,0.0,0.0,0.0,0.0,211871226.8218599,0.0,0.0,0.0
2018-08-29,211871226.8218599,211871226.8218599,0.0,0.0,0.0,0.0,0.0,0.0,0.0,0.0,211871226.8218599,0.0,0.0,0.0
2018-08-30,211871226.8218599,211871226.8218599,0.0,0.0,0.0,0.0,0.0,0.0,0.0,0.0,211871226.8218599,0.0,0.0,0.0
2018-08-31,211871226.8218599,211871226.8218599,0.0,0.0,0.0,0.0,0.0,0.0,0.0,0.0,211871226.8218599,0.0,0.0,0.0
2018-09-03,211871226.8218599,211871226.8218599,0.0,0.0,0.0,0.0,0.0,0.0,0.0,0.0,211871226.8218599,0.0,0.0,0.0
2018-09-04,211871226.8218599,211871226.8218599,0.0,0.0,0.0,0.0,0.0,0.0,0.0,0.0,211871226.8218599,0.0,0.0,0.0
2018-09-05,211871226.8218599,211871226.8218599,0.0,0.0,0.0,0.0,0.0,0.0,0.0,0.0,211871226.8218599,0.0,0.0,0.0
2018-09-06,211871226.8218599,211871226.8218599,0.0,0.0,0.0,0.0,0.0,0.0,0.0,0.0,211871226.8218599,0.0,0.0,0.0
2018-09-07,211871226.8218599,211871226.8218599,0.0,0.0,0.0,0.0,0.0,0.0,0.0,0.0,211871226.8218599,0.0,0.0,0.0
2018-09-10,211871226.8218599,211871226.8218599,0.0,0.0,0.0,0.0,0.0,0.0,0.0,0.0,211871226.8218599,0.0,0.0,0.0
2018-09-11,211871226.8218599,211871226.8218599,0.0,0.0,0.0,0.0,0.0,0.0,0.0,0.0,211871226.8218599,0.0,0.0,0.0
2018-09-12,211871226.8218599,211871226.8218599,0.0,0.0,0.0,0.0,0.0,0.0,0.0,0.0,211871226.8218599,0.0,0.0,0.0
2018-09-13,211871226.8218599,211871226.8218599,0.0,0.0,0.0,0.0,0.0,0.0,0.0,0.0,211871226.8218599,0.0,0.0,0.0
2018-09-14,211871226.8218599,211871226.8218599,0.0,0.0,0.0,0.0,0.0,0.0,0.0,0.0,211871226.8218599,0.0,0.0,0.0
2018-09-17,211871226.8218599,211871226.8218599,0.0,0.0,0.0,0.0,0.0,0.0,0.0,0.0,211871226.8218599,0.0,0.0,0.0
2018-09-18,211871226.8218599,211871226.8218599,0.0,0.0,0.0,0.0,0.0,0.0,0.0,0.0,211871226.8218599,0.0,0.0,0.0
2018-09-19,211871226.8218599,211871226.8218599,0.0,0.0,0.0,0.0,0.0,0.0,0.0,0.0,211871226.8218599,0.0,0.0,0.0
2018-09-20,211871226.8218599,211871226.8218599,0.0,0.0,0.0,0.0,0.0,0.0,0.0,0.0,211871226.8218599,0.0,0.0,0.0
2018-09-21,211871226.8218599,211871226.8218599,0.0,0.0,0.0,0.0,0.0,0.0,0.0,0.0,211871226.8218599,0.0,0.0,0.0
2018-09-24,211871226.8218599,211871226.8218599,0.0,0.0,0.0,0.0,0.0,0.0,0.0,0.0,211871226.8218599,0.0,0.0,0.0
2018-09-25,211871226.8218599,211871226.8218599,0.0,0.0,0.0,0.0,0.0,0.0,0.0,0.0,211871226.8218599,0.0,0.0,0.0
2018-09-26,211871226.8218599,211871226.8218599,0.0,0.0,0.0,0.0,0.0,0.0,0.0,0.0,211871226.8218599,0.0,0.0,0.0
2018-09-27,211871226.8218599,211871226.8218599,0.0,0.0,0.0,0.0,0.0,0.0,0.0,0.0,211871226.8218599,0.0,0.0,0.0
2018-09-28,211871226.8218599,211871226.8218599,0.0,0.0,0.0,0.0,0.0,0.0,0.0,0.0,211871226.8218599,0.0,0.0,0.0
2018-10-01,211871226.8218599,211871226.8218599,0.0,0.0,0.0,0.0,0.0,0.0,0.0,0.0,211871226.8218599,0.0,0.0,0.0
2018-10-02,211871226.8218599,211871226.8218599,0.0,0.0,0.0,0.0,0.0,0.0,0.0,0.0,211871226.8218599,0.0,0.0,0.0
2018-10-03,211871226.8218599,211871226.8218599,0.0,0.0,0.0,0.0,0.0,0.0,0.0,0.0,211871226.8218599,0.0,0.0,0.0
2018-10-04,211871226.8218599,211335665.7386424,0.0,0.0,0.25,0.0,0.0,0.0,52967806.705464974,0.0,158903420.11639494,-0.002527766942454157,0.25,1.0
2018-10-05,211335665.7386424,211402385.6056455,0.0,0.0,0.25,0.0,0.0,0.0,52833916.4346606,0.0,158501749.30398178,0.00031570566553407176,0.25,1.0
2018-10-08,211402385.6056455,211418319.97595367,0.0,0.0,0.25,0.0,0.0,0.0,52850596.40141138,0.0,158551789.20423412,7.537460025569542e-05,0.25,1.0
2018-10-09,211418319.97595367,211606874.60326254,0.0,0.0,0.25,0.0,0.0,0.0,52854579.99398842,0.0,158563739.98196524,0.000891855669510111,0.25,1.0
2018-10-10,211606874.60326254,211093355.17594716,0.0,0.0,0.25,0.0,0.0,0.0,52901718.650815636,0.0,158705155.9524469,-0.002426761551476697,0.25,1.0
2018-10-11,211093355.17594716,210809295.17581746,0.0,0.0,0.25,0.0,0.0,0.0,52773338.79398679,0.0,158320016.38196036,-0.0013456605485896445,0.25,1.0
2018-10-12,210809295.17581746,211000234.51273066,0.0,0.0,0.25,0.0,0.0,0.0,52702323.793954365,0.0,158106971.3818631,0.0009057443921242081,0.25,1.0
2018-10-15,211000234.51273066,211545259.70824513,0.0,0.0,0.25,0.0,0.0,0.0,52750058.628182665,0.0,158250175.884548,0.002583054927749795,0.25,1.0
2018-10-16,211545259.70824513,211799406.7441719,0.25,0.0,0.25,0.0,52886314.92706128,0.0,52886314.92706128,0.0,105772629.85412256,0.0012013837430215335,0.5,2.0
2018-10-17,211799406.7441719,211651213.12938488,0.25,0.0,0.25,0.0,52949851.68604297,0.0,52949851.68604297,0.0,105899703.37208594,-0.0006996885263516883,0.5,2.0
2018-10-18,211651213.12938488,211119028.90820268,0.25,0.0,0.25,0.0,52912803.28234622,0.0,52912803.28234622,0.0,105825606.56469244,-0.0025144397393880025,0.5,2.0
2018-10-19,211119028.90820268,211109884.5055685,0.25,0.0,0.25,0.25,52779757.22705067,0.0,52779757.22705067,52779757.22705067,52779757.22705067,-4.331396691928391e-05,0.75,3.0
2018-10-22,211109884.5055685,211336188.33993566,0.25,0.0,0.25,0.25,52777471.126392126,0.0,52777471.126392126,52777471.126392126,52777471.126392126,0.0010719717596225087,0.75,3.0
2018-10-23,211336188.33993566,210745280.23506424,0.25,0.0,0.25,0.25,52834047.084983915,0.0,52834047.084983915,52834047.084983915,52834047.084983915,-0.0027960573601382432,0.75,3.0
2018-10-24,210745280.23506424,210601838.16462317,0.25,0.0,0.25,0.25,52686320.05876606,0.0,52686320.05876606,52686320.05876606,52686320.05876606,-0.0006806419117954543,0.75,3.0
2018-10-25,210601838.16462317,210724224.61959493,0.25,0.0,0.25,0.25,52650459.54115579,0.0,52650459.54115579,52650459.54115579,52650459.54115579,0.0005811271926129957,0.75,3.0
2018-10-26,210724224.61959493,211212684.31136882,0.25,0.0,0.25,0.25,52681056.15489873,0.0,52681056.15489873,52681056.15489873,52681056.15489873,0.0023180044565626057,0.75,3.0
2018-10-29,211212684.31136882,210889172.00946265,0.25,0.0,0.25,0.25,52803171.077842206,0.0,52803171.077842206,52803171.077842206,52803171.077842206,-0.0015316897418398145,0.75,3.0
2018-10-30,210889172.00946265,209500804.2466454,0.25,0.0,0.25,0.25,52722293.00236566,0.0,52722293.00236566,52722293.00236566,52722293.00236566,-0.006583399942197837,0.75,3.0
2018-10-31,209500804.2466454,208880309.95751366,0.25,0.0,0.25,0.25,52375201.06166135,0.0,52375201.06166135,52375201.06166135,52375201.06166135,-0.002961775213049883,0.75,3.0
2018-11-01,208880309.95751366,210165032.02230275,0.25,0.0,0.25,0.25,52220077.489378415,0.0,52220077.489378415,52220077.489378415,52220077.489378415,0.006150517801560285,0.75,3.0
2018-11-02,210165032.02230275,210398041.2167343,0.25,0.0,0.25,0.25,52541258.00557569,0.0,52541258.00557569,52541258.00557569,52541258.00557569,0.0011086963049437293,0.75,3.0
2018-11-05,210398041.2167343,210512752.35624042,0.25,0.0,0.25,0.25,52599510.30418357,0.0,52599510.30418357,52599510.30418357,52599510.30418357,0.0005452101114761243,0.75,3.0
2018-11-06,210512752.35624042,209250981.91111964,0.25,0.0,0.25,0.25,52628188.089060105,0.0,52628188.089060105,52628188.089060105,52628188.089060105,-0.005993795772455318,0.75,3.0
2018-11-07,209250981.91111964,209127578.46144947,0.25,0.0,0.25,0.25,52312745.47777991,0.0,52312745.47777991,52312745.47777991,52312745.47777991,-0.0005897389275935083,0.75,3.0
2018-11-08,209127578.46144947,208954644.87630802,0.25,0.0,0.25,0.25,52281894.61536237,0.0,52281894.61536237,52281894.61536237,52281894.61536237,-0.0008269286452494973,0.75,3.0
2018-11-09,208954644.87630802,207992437.72905725,0.25,0.0,0.25,0.25,52238661.219077006,0.0,52238661.219077006,52238661.219077006,52238661.219077006,-0.004604861250250641,0.75,3.0
2018-11-12,207992437.72905725,207727015.1030562,0.25,0.0,0.25,0.25,51998109.43226431,0.0,51998109.43226431,51998109.43226431,51998109.43226431,-0.0012761167131797868,0.75,3.0
2018-11-13,207727015.1030562,206796429.74882978,0.25,0.0,0.25,0.25,51931753.77576405,0.0,51931753.77576405,51931753.77576405,51931753.77576405,-0.004479847523754604,0.75,3.0
2018-11-14,206796429.74882978,207341602.464526,0.25,0.0,0.0,0.25,51699107.437207446,0.0,0.0,51699107.437207446,103398214.87441489,0.002636277214062066,0.5,2.0
2018-11-15,207341602.464526,207527729.4369052,0.25,0.0,0.0,0.25,51835400.6161315,0.0,0.0,51835400.6161315,103670801.232263,0.0008976827137770482,0.5,2.0
2018-11-16,207527729.4369052,208449187.86817348,0.25,0.0,0.0,0.25,51881932.3592263,0.0,0.0,51881932.3592263,103763864.7184526,0.0044401701583134945,0.5,2.0
2018-11-19,208449187.86817348,208501472.06552082,0.25,0.0,0.0,0.25,52112296.96704337,0.0,0.0,52112296.96704337,104224593.93408674,0.0002508246632286215,0.5,2.0
2018-11-20,208501472.06552082,207899141.46964818,0.25,0.25,0.0,0.25,52125368.016380206,52125368.016380206,0.0,52125368.016380206,52125368.016380206,-0.0028888553634927594,0.75,3.0
2018-11-21,207899141.46964818,207706402.60493302,0.25,0.25,0.0,0.25,51974785.367412046,51974785.367412046,0.0,51974785.367412046,51974785.367412046,-0.0009270786947588039,0.75,3.0
2018-11-22,207706402.60493302,207433498.99039352,0.25,0.25,0.0,0.25,51926600.651233256,51926600.651233256,0.0,51926600.651233256,51926600.651233256,-0.0013138911998710479,0.75,3.0
2018-11-23,207433498.99039352,207028199.5363763,0.25,0.25,0.0,0.25,51858374.74759838,51858374.74759838,0.0,51858374.74759838,51858374.74759838,-0.001953876572442975,0.75,3.0
2018-11-26,207028199.5363763,206163677.42554176,0.25,0.25,0.0,0.25,51757049.884094074,51757049.884094074,0.0,51757049.884094074,51757049.884094074,-0.0041758664412412105,0.75,3.0
2018-11-27,206163677.42554176,205673785.86137614,0.25,0.25,0.0,0.25,51540919.35638544,51540919.35638544,0.0,51540919.35638544,51540919.35638544,-0.002376226357053285,0.75,3.0
2018-11-28,205673785.86137614,206100858.7673528,0.25,0.25,0.0,0.25,51418446.465344034,51418446.465344034,0.0,51418446.465344034,51418446.465344034,0.0020764576496125065,0.75,3.0
2018-11-29,206100858.7673528,207265802.56747442,0.25,0.25,0.0,0.25,51525214.6918382,51525214.6918382,0.0,51525214.6918382,51525214.6918382,0.005652299592970922,0.75,3.0
2018-11-30,207265802.56747442,206659753.14095482,0.25,0.25,0.0,0.25,51816450.641868606,51816450.641868606,0.0,51816450.641868606,51816450.641868606,-0.002924020359423768,0.75,3.0
2018-12-03,206659753.14095482,208130263.57285622,0.25,0.25,0.0,0.25,51664938.285238706,51664938.285238706,0.0,51664938.285238706,51664938.285238706,0.0071156110928789484,0.75,3.0
2018-12-04,208130263.57285622,208441298.01991394,0.25,0.25,0.0,0.25,52032565.893214054,52032565.893214054,0.0,52032565.893214054,52032565.893214054,0.0014944220110923723,0.75,3.0
2018-12-05,208441298.01991394,207215502.0775462,0.25,0.25,0.0,0.25,52110324.504978485,52110324.504978485,0.0,52110324.504978485,52110324.504978485,-0.005880772927496419,0.75,3.0
2018-12-06,207215502.0775462,206188466.90759143,0.25,0.25,0.0,0.25,51803875.51938655,51803875.51938655,0.0,51803875.51938655,51803875.51938655,-0.004956362625661209,0.75,3.0
2018-12-07,206188466.90759143,207465640.3020001,0.25,0.25,0.0,0.25,51547116.72689786,51547116.72689786,0.0,51547116.72689786,51547116.72689786,0.006194203844490986,0.75,3.0
2018-12-10,207465640.3020001,206137104.0695478,0.25,0.25,0.0,0.25,51866410.07550003,51866410.07550003,0.0,51866410.07550003,51866410.07550003,-0.006403644625290222,0.75,3.0
2018-12-11,206137104.0695478,206463855.17858258,0.25,0.25,0.0,0.25,51534276.01738695,51534276.01738695,0.0,51534276.01738695,51534276.01738695,0.0015851154526967115,0.75,3.0
2018-12-12,206463855.17858258,207644653.83093616,0.25,0.25,0.0,0.25,51615963.794645645,51615963.794645645,0.0,51615963.794645645,51615963.794645645,0.005719154334942911,0.75,3.0
2018-12-13,207644653.83093616,207472698.00170562,0.0,0.25,0.0,0.25,0.0,51911163.45773404,0.0,51911163.45773404,103822326.91546808,-0.0008281254829251294,0.5,2.0
2018-12-14,207472698.00170562,206974075.53194487,0.0,0.25,0.0,0.25,0.0,51868174.500426404,0.0,51868174.500426404,103736349.00085281,-0.002403316072732836,0.5,2.0
2018-12-17,206974075.53194487,207315822.05675432,0.0,0.25,0.0,0.25,0.0,51743518.88298622,0.0,51743518.88298622,103487037.76597244,0.0016511561843246536,0.5,2.0
2018-12-18,207315822.05675432,207421168.04674223,0.0,0.25,0.0,0.25,0.0,51828955.51418858,0.0,51828955.51418858,103657911.02837716,0.0005081425476491375,0.5,2.0
2018-12-19,207421168.04674223,207158716.93188328,0.0,0.25,0.0,0.25,0.0,51855292.01168556,0.0,51855292.01168556,103710584.02337112,-0.0012653053559115168,0.5,2.0
2018-12-20,207158716.93188328,207399488.5774173,0.0,0.25,0.0,0.25,0.0,51789679.23297082,0.0,51789679.23297082,103579358.46594164,0.0011622568873759231,0.5,2.0
2018-12-21,207399488.5774173,207086164.6268111,0.0,0.25,0.0,0.25,0.0,51849872.14435433,0.0,51849872.14435433,103699744.28870866,-0.0015107267272227443,0.5,2.0
2018-12-24,207086164.6268111,207335099.47747138,0.0,0.25,0.0,0.25,0.0,51771541.15670277,0.0,51771541.15670277,103543082.31340554,0.0012020834472880326,0.5,2.0
2018-12-25,207335099.47747138,207307328.9042759,0.0,0.25,0.0,0.25,0.0,51833774.869367845,0.0,51833774.869367845,103667549.73873569,-0.00013394053040452492,0.5,2.0
2018-12-26,207307328.9042759,207290539.79466254,0.0,0.25,0.0,0.25,0.0,51826832.22606897,0.0,51826832.22606897,103653664.45213795,-8.098657052837965e-05,0.5,2.0
2018-12-27,207290539.79466254,207423077.06841135,0.0,0.25,0.0,0.25,0.0,51822634.948665634,0.0,51822634.948665634,103645269.89733127,0.0006393792687310884,0.5,2.0
2018-12-28,207423077.06841135,207691232.29163563,0.0,0.25,0.0,0.25,0.0,51855769.26710284,0.0,51855769.26710284,103711538.53420568,0.001292793584080465,0.5,2.0
2018-12-31,207691232.29163563,207763397.41751876,0.0,0.0,0.0,0.25,0.0,0.0,0.0,51922808.07290891,155768424.21872672,0.00034746351633080375,0.25,1.0
2019-01-01,207763397.41751876,207767852.41789222,0.0,0.0,0.0,0.25,0.0,0.0,0.0,51940849.35437969,155822548.06313908,2.1442662320958483e-05,0.25,1.0
2019-01-02,207767852.41789222,207848442.24057886,0.0,0.0,0.0,0.25,0.0,0.0,0.0,51941963.104473054,155825889.31341916,0.00038788398565414717,0.25,1.0
2019-01-03,207848442.24057886,208240406.0977845,0.0,0.0,0.0,0.25,0.0,0.0,0.0,51962110.560144715,155886331.68043414,0.0018858157077355497,0.25,1.0
2019-01-04,208240406.0977845,207909369.0458744,0.0,0.0,0.0,0.25,0.0,0.0,0.0,52060101.52444612,156180304.57333836,-0.0015896869301851302,0.25,1.0
2019-01-07,207909369.0458744,208037084.45472026,0.0,0.0,0.0,0.25,0.0,0.0,0.0,51977342.2614686,155932026.7844058,0.0006142840480541367,0.25,1.0
2019-01-08,208037084.45472026,207882978.12940922,0.0,0.0,0.0,0.25,0.0,0.0,0.0,52009271.113680065,156027813.3410402,-0.0007407637235205822,0.25,1.0
2019-01-09,207882978.12940922,208213306.65447113,0.0,0.0,0.0,0.25,0.0,0.0,0.0,51970744.532352306,155912233.59705693,0.0015890118952224253,0.25,1.0
2019-01-10,208213306.65447113,207935245.731711,0.0,0.0,0.0,0.25,0.0,0.0,0.0,52053326.66361778,156159979.99085334,-0.001335461826277834,0.25,1.0
2019-01-11,207935245.731711,208080694.54930595,0.0,0.0,0.0,0.25,0.0,0.0,0.0,51983811.43292775,155951434.29878324,0.0006994909260482629,0.25,1.0
2019-01-14,208080694.54930595,208139961.86590883,0.0,0.0,0.0,0.25,0.0,0.0,0.0,52020173.63732649,156060520.91197947,0.00028482852160433003,0.25,1.0
2019-01-15,208139961.86590883,208050935.35170224,0.0,0.0,0.0,0.25,0.0,0.0,0.0,52034990.46647721,156104971.39943162,-0.00042772427461060247,0.25,1.0
2019-01-16,208050935.35170224,208218730.0743223,0.0,0.0,0.0,0.25,0.0,0.0,0.0,52012733.83792556,156038201.5137767,0.0008065078983490181,0.25,1.0
2019-01-17,208218730.0743223,207735025.94654897,0.25,0.0,0.0,0.25,52054682.51858058,0.0,0.0,52054682.51858058,104109365.03716116,-0.0023230577172413946,0.5,2.0
2019-01-18,207735025.94654897,207634226.68091226,0.25,0.0,0.0,0.25,51933756.48663724,0.0,0.0,51933756.48663724,103867512.97327448,-0.0004852299951699779,0.5,2.0
2019-01-21,207634226.68091226,207206803.64657772,0.25,0.0,0.0,0.25,51908556.670228064,0.0,0.0,51908556.670228064,103817113.34045613,-0.0020585384267663154,0.5,2.0
2019-01-22,207206803.64657772,207317420.8632417,0.25,0.0,0.0,0.25,51801700.91164443,0.0,0.0,51801700.91164443,103603401.82328886,0.0005338493462437588,0.5,2.0
2019-01-23,207317420.8632417,206885647.86491507,0.25,0.0,0.0,0.25,51829355.215810426,0.0,0.0,51829355.215810426,103658710.43162085,-0.002082666263784144,0.5,2.0
2019-01-24,206885647.86491507,207363880.33763498,0.25,0.0,0.0,0.25,51721411.96622877,0.0,0.0,51721411.96622877,103442823.93245754,0.002311578776272527,0.5,2.0
2019-01-25,207363880.33763498,208408206.4216251,0.25,0.0,0.0,0.25,51840970.084408745,0.0,0.0,51840970.084408745,103681940.16881749,0.005036200529666746,0.5,2.0
2019-01-28,208408206.4216251,208195206.73369282,0.25,0.0,0.0,0.25,52102051.60540628,0.0,0.0,52102051.60540628,104204103.21081255,-0.0010220311934422965,0.5,2.0
2019-01-29,208195206.73369282,209061744.2170707,0.25,0.0,0.0,0.25,52048801.683423206,0.0,0.0,52048801.683423206,104097603.36684641,0.0041621394506276554,0.5,2.0
2019-01-30,209061744.2170707,209548401.2351826,0.25,0.0,0.0,0.25,52265436.054267675,0.0,0.0,52265436.054267675,104530872.10853535,0.0023278147799561943,0.5,2.0
2019-01-31,209548401.2351826,210719146.64213428,0.25,0.0,0.0,0.25,52387100.30879565,0.0,0.0,52387100.30879565,104774200.6175913,0.005586992790451717,0.5,2.0
2019-02-01,210719146.64213428,210503894.1296839,0.25,0.0,0.0,0.25,52679786.66053357,0.0,0.0,52679786.66053357,105359573.32106714,-0.0010215137821145415,0.5,2.0
2019-02-04,210503894.1296839,210063224.92248017,0.25,0.0,0.0,0.25,52625973.53242098,0.0,0.0,52625973.53242098,105251947.06484196,-0.002093401687534968,0.5,2.0
2019-02-05,210063224.92248017,209968461.98082438,0.25,0.0,0.0,0.25,52515806.23062004,0.0,0.0,52515806.23062004,105031612.46124008,-0.00045111628506497303,0.5,2.0
2019-02-06,209968461.98082438,208600199.98684102,0.25,0.25,0.0,0.25,52492115.495206095,52492115.495206095,0.0,52492115.495206095,52492115.495206095,-0.006516511961250221,0.75,3.0
2019-02-07,208600199.98684102,208173150.10175008,0.25,0.25,0.0,0.25,52150049.996710256,52150049.996710256,0.0,52150049.996710256,52150049.996710256,-0.002047217045419436,0.75,3.0
2019-02-08,208173150.10175008,208282608.86889476,0.25,0.0,0.0,0.25,52043287.52543752,0.0,0.0,52043287.52543752,104086575.05087504,0.0005258063640347366,0.5,2.0
2019-02-11,208282608.86889476,207526962.65895447,0.25,0.0,0.0,0.25,52070652.21722369,0.0,0.0,52070652.21722369,104141304.43444738,-0.0036279851402089003,0.5,2.0
2019-02-12,207526962.65895447,208146780.34047917,0.25,0.0,0.0,0.25,51881740.66473862,0.0,0.0,51881740.66473862,103763481.32947724,0.00298668507254779,0.5,2.0
2019-02-13,208146780.34047917,207738644.76060534,0.25,0.0,0.0,0.25,52036695.08511979,0.0,0.0,52036695.08511979,104073390.17023958,-0.001960806596221387,0.5,2.0
2019-02-14,207738644.76060534,207659325.390021,0.25,0.0,0.25,0.25,51934661.190151334,0.0,51934661.190151334,51934661.190151334,51934661.190151334,-0.0003818228942224222,0.75,3.0
2019-02-15,207659325.390021,209291364.70400077,0.25,0.0,0.25,0.25,51914831.34750525,0.0,51914831.34750525,51914831.34750525,51914831.34750525,0.007859215139577713,0.75,3.0
2019-02-18,209291364.70400077,209181928.89881414,0.25,0.0,0.25,0.25,52322841.17600019,0.0,52322841.17600019,52322841.17600019,52322841.17600019,-0.0005228873410108581,0.75,3.0
2019-02-19,209181928.89881414,210362201.16505474,0.25,0.0,0.25,0.25,52295482.224703535,0.0,52295482.224703535,52295482.224703535,52295482.224703535,0.005642324231609375,0.75,3.0
2019-02-20,210362201.16505474,210450572.85635117,0.25,0.0,0.25,0.25,52590550.291263685,0.0,52590550.291263685,52590550.291263685,52590550.291263685,0.00042009301484302597,0.75,3.0
2019-02-21,210450572.85635117,209313470.2706573,0.25,0.0,0.25,0.25,52612643.21408779,0.0,52612643.21408779,52612643.21408779,52612643.21408779,-0.005403181232821103,0.75,3.0
2019-02-22,209313470.2706573,210106152.8635484,0.25,0.0,0.25,0.25,52328367.567664325,0.0,52328367.567664325,52328367.567664325,52328367.567664325,0.003787059628155287,0.75,3.0
2019-02-25,210106152.8635484,209544567.091342,0.25,0.0,0.25,0.25,52526538.2158871,0.0,52526538.2158871,52526538.2158871,52526538.2158871,-0.002672866855884526,0.75,3.0
2019-02-26,209544567.091342,209165140.74286208,0.25,0.0,0.25,0.25,52386141.7728355,0.0,52386141.7728355,52386141.7728355,52386141.7728355,-0.00181071909306324,0.75,3.0
2019-02-27,209165140.74286208,209428296.27805546,0.25,0.0,0.25,0.25,52291285.18571552,0.0,52291285.18571552,52291285.18571552,52291285.18571552,0.0012581232908063789,0.75,3.0
2019-02-28,209428296.27805546,208819262.5840457,0.25,0.0,0.25,0.25,52357074.069513865,0.0,52357074.069513865,52357074.069513865,52357074.069513865,-0.0029080773937116555,0.75,3.0
2019-03-01,208819262.5840457,207230304.09087163,0.25,0.0,0.25,0.25,52204815.64601143,0.0,52204815.64601143,52204815.64601143,52204815.64601143,-0.007609252487109919,0.75,3.0
2019-03-04,207230304.09087163,207034866.11780408,0.25,0.0,0.25,0.25,51807576.02271791,0.0,51807576.02271791,51807576.02271791,51807576.02271791,-0.0009430955280643749,0.75,3.0
2019-03-05,207034866.11780408,207418553.6254374,0.25,0.0,0.25,0.25,51758716.52945102,0.0,51758716.52945102,51758716.52945102,51758716.52945102,0.0018532506858773279,0.75,3.0
2019-03-06,207418553.6254374,206929294.4481675,0.25,0.0,0.25,0.25,51854638.40635935,0.0,51854638.40635935,51854638.40635935,51854638.40635935,-0.0023588014124978074,0.75,3.0
2019-03-07,206929294.4481675,205570095.72678244,0.25,0.0,0.25,0.25,51732323.612041876,0.0,51732323.612041876,51732323.612041876,51732323.612041876,-0.006568420991381246,0.75,3.0
2019-03-08,205570095.72678244,206176714.77751744,0.25,0.0,0.25,0.25,51392523.93169561,0.0,51392523.93169561,51392523.93169561,51392523.93169561,0.002950910970733911,0.75,3.0
2019-03-11,206176714.77751744,206058166.28129768,0.25,0.0,0.25,0.25,51544178.69437936,0.0,51544178.69437936,51544178.69437936,51544178.69437936,-0.0005749848926813461,0.75,3.0
2019-03-12,206058166.28129768,207240895.22750172,0.25,0.0,0.25,0.25,51514541.57032442,0.0,51514541.57032442,51514541.57032442,51514541.57032442,0.005739781963261081,0.75,3.0
2019-03-13,207240895.22750172,207780482.60821947,0.25,0.0,0.25,0.25,51810223.80687543,0.0,51810223.80687543,51810223.80687543,51810223.80687543,0.0026036723115163973,0.75,3.0
2019-03-14,207780482.60821947,207150040.115733,0.0,0.0,0.25,0.25,0.0,0.0,51945120.65205487,51945120.65205487,103890241.30410974,-0.0030341757058828522,0.5,2.0
2019-03-15,207150040.115733,207549452.48104247,0.0,0.0,0.25,0.25,0.0,0.0,51787510.02893325,51787510.02893325,103575020.0578665,0.0019281307649582913,0.5,2.0
2019-03-18,207549452.48104247,207787800.06462574,0.0,0.0,0.25,0.25,0.0,0.0,51887363.12026062,51887363.12026062,103774726.24052124,0.00114838936327738,0.5,2.0
2019-03-19,207787800.06462574,208038719.17589408,0.0,0.0,0.25,0.25,0.0,0.0,51946950.016156435,51946950.016156435,103893900.03231287,0.001207573838263365,0.5,2.0
2019-03-20,208038719.17589408,208458002.03030068,0.0,0.0,0.25,0.25,0.0,0.0,52009679.79397352,52009679.79397352,104019359.58794704,0.0020154077859519393,0.5,2.0
2019-03-21,208458002.03030068,208311639.30676818,0.0,0.0,0.25,0.25,0.0,0.0,52114500.50757517,52114500.50757517,104229001.01515034,-0.0007021209169567055,0.5,2.0
2019-03-22,208311639.30676818,208106160.54729816,0.0,0.0,0.25,0.25,0.0,0.0,52077909.826692045,52077909.826692045,104155819.65338409,-0.000986400760676881,0.5,2.0
2019-03-25,208106160.54729816,208536773.09498373,0.0,0.0,0.25,0.25,0.0,0.0,52026540.13682454,52026540.13682454,104053080.27364908,0.0020691965415781666,0.5,2.0
2019-03-26,208536773.09498373,208342161.46755517,0.0,0.0,0.25,0.25,0.0,0.0,52134193.27374593,52134193.27374593,104268386.54749186,-0.0009332245077941226,0.5,2.0
2019-03-27,208342161.46755517,208069389.79960132,0.0,0.0,0.25,0.0,0.0,0.0,52085540.36688879,0.0,156256621.10066637,-0.0013092485267142961,0.25,1.0
2019-03-28,208069389.79960132,207765248.1173577,0.0,0.0,0.25,0.0,0.0,0.0,52017347.44990033,0.0,156052042.349701,-0.0014617319853563182,0.25,1.0
2019-03-29,207765248.1173577,207765184.06131926,0.0,0.0,0.25,0.0,0.0,0.0,51941312.029339425,0.0,155823936.08801827,-3.0830968600348285e-07,0.25,1.0
2019-04-01,207765184.06131926,208140232.51307216,0.0,0.0,0.25,0.0,0.0,0.0,51941296.015329815,0.0,155823888.04598945,0.0018051554376030121,0.25,1.0
2019-04-02,208140232.51307216,208260392.76200473,0.0,0.0,0.25,0.0,0.0,0.0,52035058.12826804,0.0,156105174.38480413,0.0005773042889484215,0.25,1.0
2019-04-03,208260392.76200473,208465189.92033646,0.0,0.0,0.25,0.0,0.0,0.0,52065098.19050118,0.0,156195294.57150355,0.0009833706525549935,0.25,1.0
2019-04-04,208465189.92033646,208496263.1259211,0.0,0.0,0.25,0.0,0.0,0.0,52116297.480084114,0.0,156348892.44025233,0.00014905704686957177,0.25,1.0
2019-04-05,208496263.1259211,208583672.92318162,0.0,0.0,0.25,0.0,0.0,0.0,52124065.781480275,0.0,156372197.34444082,0.0004192391554170283,0.25,1.0
2019-04-08,208583672.92318162,208839242.37900144,0.0,0.0,0.25,0.0,0.0,0.0,52145918.230795406,0.0,156437754.6923862,0.0012252610774284856,0.25,1.0
2019-04-09,208839242.37900144,208743620.3618419,0.0,0.0,0.25,0.0,0.0,0.0,52209810.59475036,0.0,156629431.7842511,-0.00045787379838330144,0.25,1.0
2019-04-10,208743620.3618419,209021091.0701886,0.0,0.0,0.25,0.0,0.0,0.0,52185905.09046047,0.0,156557715.2713814,0.0013292416212087876,0.25,1.0
2019-04-11,209021091.0701886,208501756.8932692,0.0,0.0,0.25,0.0,0.0,0.0,52255272.76754715,0.0,156765818.30264145,-0.0024846017895152617,0.25,1.0
2019-04-12,208501756.8932692,208801251.51951027,0.0,0.0,0.25,0.0,0.0,0.0,52125439.2233173,0.0,156376317.66995192,0.001436412962190603,0.25,1.0
2019-04-15,208801251.51951027,208558264.4485315,0.0,0.0,0.25,0.0,0.0,0.0,52200312.87987757,0.0,156600938.6396327,-0.0011637242076398546,0.25,1.0
2019-04-16,208558264.4485315,208331398.85250112,0.0,0.0,0.25,0.0,0.0,0.0,52139566.11213288,0.0,156418698.33639863,-0.0010877804177659711,0.25,1.0
2019-04-17,208331398.85250112,208138102.62161914,0.0,0.0,0.25,0.0,0.0,0.0,52082849.71312528,0.0,156248549.13937584,-0.0009278305236112006,0.25,1.0
2019-04-18,208138102.62161914,208166840.34659815,0.0,0.0,0.25,0.0,0.0,0.0,52034525.655404784,0.0,156103576.96621436,0.00013807046675778922,0.25,1.0
2019-04-19,208166840.34659815,208166840.34659815,0.0,0.25,0.25,0.0,0.0,52041710.08664954,52041710.08664954,0.0,104083420.17329907,0.0,0.5,2.0
2019-04-22,208166840.34659815,208191759.48910534,0.0,0.25,0.25,0.0,0.0,52041710.08664954,52041710.08664954,0.0,104083420.17329907,0.00011970755027895796,0.5,2.0
2019-04-23,208191759.48910534,207691820.72823113,0.0,0.25,0.25,0.0,0.0,52047939.872276336,52047939.872276336,0.0,104095879.74455267,-0.0024013378920521855,0.5,2.0
2019-04-24,207691820.72823113,207152975.16385812,0.0,0.25,0.25,0.0,0.0,51922955.18205778,51922955.18205778,0.0,103845910.36411557,-0.002594447689291096,0.5,2.0
2019-04-25,207152975.16385812,206835678.93581358,0.0,0.25,0.25,0.0,0.0,51788243.79096453,51788243.79096453,0.0,103576487.58192906,-0.0015317000771701283,0.5,2.0
2019-04-26,206835678.93581358,206779483.9034382,0.0,0.25,0.25,0.0,0.0,51708919.733953394,51708919.733953394,0.0,103417839.46790679,-0.0002716892591475839,0.5,2.0
2019-04-29,206779483.9034382,206695976.2654915,0.0,0.25,0.25,0.0,0.0,51694870.97585955,51694870.97585955,0.0,103389741.9517191,-0.00040384875893065275,0.5,2.0
2019-04-30,206695976.2654915,206616653.52021608,0.0,0.25,0.25,0.0,0.0,51673994.06637287,51673994.06637287,0.0,103347988.13274574,-0.0003837653093621274,0.5,2.0
2019-05-01,206616653.52021608,206519792.84453064,0.0,0.25,0.25,0.0,0.0,51654163.38005402,51654163.38005402,0.0,103308326.76010804,-0.0004687941365575654,0.5,2.0
2019-05-02,206519792.84453064,205780788.58093888,0.0,0.25,0.25,0.0,0.0,51629948.21113266,51629948.21113266,0.0,103259896.42226532,-0.0035783701572277837,0.5,2.0
2019-05-03,205780788.58093888,205992661.69148535,0.0,0.25,0.25,0.0,0.0,51445197.14523472,51445197.14523472,0.0,102890394.29046944,0.0010296058830733257,0.5,2.0
2019-05-06,205992661.69148535,205758000.3549784,0.0,0.0,0.25,0.0,0.0,0.0,51498165.42287134,0.0,154494496.268614,-0.0011391732820966172,0.25,1.0
2019-05-07,205758000.3549784,205430754.34435782,0.0,0.0,0.25,0.0,0.0,0.0,51439500.0887446,0.0,154318500.2662338,-0.0015904412467851459,0.25,1.0
2019-05-08,205430754.34435782,205430754.34435782,0.0,0.0,0.0,0.0,0.0,0.0,0.0,0.0,205430754.34435782,0.0,0.0,0.0
2019-05-09,205430754.34435782,205430754.34435782,0.0,0.0,0.0,0.0,0.0,0.0,0.0,0.0,205430754.34435782,0.0,0.0,0.0
2019-05-10,205430754.34435782,205430754.34435782,0.0,0.0,0.0,0.0,0.0,0.0,0.0,0.0,205430754.34435782,0.0,0.0,0.0
2019-05-13,205430754.34435782,205430754.34435782,0.0,0.0,0.0,0.0,0.0,0.0,0.0,0.0,205430754.34435782,0.0,0.0,0.0
2019-05-14,205430754.34435782,205430754.34435782,0.0,0.0,0.0,0.0,0.0,0.0,0.0,0.0,205430754.34435782,0.0,0.0,0.0
2019-05-15,205430754.34435782,205430754.34435782,0.0,0.0,0.0,0.0,0.0,0.0,0.0,0.0,205430754.34435782,0.0,0.0,0.0
2019-05-16,205430754.34435782,205430754.34435782,0.0,0.0,0.0,0.0,0.0,0.0,0.0,0.0,205430754.34435782,0.0,0.0,0.0
2019-05-17,205430754.34435782,205430754.34435782,0.0,0.0,0.0,0.0,0.0,0.0,0.0,0.0,205430754.34435782,0.0,0.0,0.0
2019-05-20,205430754.34435782,205430754.34435782,0.0,0.0,0.0,0.0,0.0,0.0,0.0,0.0,205430754.34435782,0.0,0.0,0.0
2019-05-21,205430754.34435782,205430754.34435782,0.0,0.0,0.0,0.0,0.0,0.0,0.0,0.0,205430754.34435782,0.0,0.0,0.0
2019-05-22,205430754.34435782,205430754.34435782,0.0,0.0,0.0,0.0,0.0,0.0,0.0,0.0,205430754.34435782,0.0,0.0,0.0
2019-05-23,205430754.34435782,205430754.34435782,0.0,0.0,0.0,0.0,0.0,0.0,0.0,0.0,205430754.34435782,0.0,0.0,0.0
2019-05-24,205430754.34435782,205430754.34435782,0.0,0.0,0.0,0.0,0.0,0.0,0.0,0.0,205430754.34435782,0.0,0.0,0.0
2019-05-27,205430754.34435782,205430754.34435782,0.0,0.0,0.0,0.0,0.0,0.0,0.0,0.0,205430754.34435782,0.0,0.0,0.0
2019-05-28,205430754.34435782,205430754.34435782,0.0,0.0,0.0,0.0,0.0,0.0,0.0,0.0,205430754.34435782,0.0,0.0,0.0
2019-05-29,205430754.34435782,205430754.34435782,0.0,0.0,0.0,0.0,0.0,0.0,0.0,0.0,205430754.34435782,0.0,0.0,0.0
2019-05-30,205430754.34435782,205430754.34435782,0.0,0.0,0.0,0.0,0.0,0.0,0.0,0.0,205430754.34435782,0.0,0.0,0.0
2019-05-31,205430754.34435782,205430754.34435782,0.0,0.0,0.0,0.0,0.0,0.0,0.0,0.0,205430754.34435782,0.0,0.0,0.0
2019-06-03,205430754.34435782,205430754.34435782,0.0,0.0,0.0,0.0,0.0,0.0,0.0,0.0,205430754.34435782,0.0,0.0,0.0
2019-06-04,205430754.34435782,205430754.34435782,0.0,0.0,0.0,0.0,0.0,0.0,0.0,0.0,205430754.34435782,0.0,0.0,0.0
2019-06-05,205430754.34435782,205430754.34435782,0.0,0.0,0.0,0.0,0.0,0.0,0.0,0.0,205430754.34435782,0.0,0.0,0.0
2019-06-06,205430754.34435782,205624167.97402313,0.0,0.0,0.0,0.25,0.0,0.0,0.0,51357688.586089455,154073065.75826836,0.0009415027963196598,0.25,1.0
2019-06-07,205624167.97402313,205837055.73377097,0.0,0.0,0.0,0.25,0.0,0.0,0.0,51406041.99350578,154218125.98051736,0.0010353246014093709,0.25,1.0
2019-06-10,205837055.73377097,205342749.60228616,0.0,0.0,0.0,0.25,0.0,0.0,0.0,51459263.93344274,154377791.80032822,-0.00240144384946972,0.25,1.0
2019-06-11,205342749.60228616,205298680.65272617,0.0,0.0,0.0,0.25,0.0,0.0,0.0,51335687.40057154,154007062.20171463,-0.0002146116658383601,0.25,1.0
2019-06-12,205298680.65272617,205559396.5468052,0.0,0.0,0.0,0.25,0.0,0.0,0.0,51324670.16318154,153974010.48954463,0.0012699345814115026,0.25,1.0
2019-06-13,205559396.5468052,205895809.34765962,0.0,0.0,0.0,0.25,0.0,0.0,0.0,51389849.1367013,154169547.41010392,0.0016365722341367128,0.25,1.0
2019-06-14,205895809.34765962,205872417.5000793,0.0,0.0,0.0,0.25,0.0,0.0,0.0,51473952.336914904,154421857.01074472,-0.00011361011986796288,0.25,1.0
2019-06-17,205872417.5000793,205794162.3514432,0.0,0.0,0.0,0.25,0.0,0.0,0.0,51468104.375019826,154404313.1250595,-0.0003801147797570237,0.25,1.0
2019-06-18,205794162.3514432,206061071.385889,0.0,0.0,0.0,0.25,0.0,0.0,0.0,51448540.5878608,154345621.7635824,0.0012969708732066265,0.25,1.0
2019-06-19,206061071.385889,206343798.5168333,0.25,0.0,0.0,0.25,51515267.84647225,0.0,0.0,51515267.84647225,103030535.6929445,0.0013720550370955875,0.5,2.0
2019-06-20,206343798.5168333,207881981.21216604,0.25,0.0,0.0,0.25,51585949.62920833,0.0,0.0,51585949.62920833,103171899.25841665,0.007454465345646033,0.5,2.0
2019-06-21,207881981.21216604,208645368.1294343,0.25,0.0,0.0,0.25,51970495.30304151,0.0,0.0,51970495.30304151,103940990.60608302,0.0036722130163322486,0.5,2.0
2019-06-24,208645368.1294343,209342852.82039174,0.25,0.0,0.0,0.25,52161342.03235857,0.0,0.0,52161342.03235857,104322684.06471714,0.003342919601861394,0.5,2.0
2019-06-25,209342852.82039174,209337474.02434367,0.25,0.0,0.0,0.25,52335713.205097936,0.0,0.0,52335713.205097936,104671426.41019587,-2.5693717151525908e-05,0.5,2.0
2019-06-26,209337474.02434367,208612625.37390268,0.25,0.0,0.0,0.25,52334368.50608592,0.0,0.0,52334368.50608592,104668737.01217183,-0.003462584297528576,0.5,2.0
2019-06-27,208612625.37390268,208422781.86566997,0.25,0.0,0.0,0.25,52153156.34347567,0.0,0.0,52153156.34347567,104306312.68695134,-0.0009100288532031819,0.5,2.0
2019-06-28,208422781.86566997,208835119.1845357,0.25,0.0,0.0,0.25,52105695.46641749,0.0,0.0,52105695.46641749,104211390.93283498,0.0019783697116735055,0.5,2.0
2019-07-01,208835119.1845357,208142672.08698452,0.25,0.0,0.0,0.25,52208779.79613393,0.0,0.0,52208779.79613393,104417559.59226786,-0.0033157598216960738,0.5,2.0
2019-07-02,208142672.08698452,208873793.61627164,0.25,0.0,0.0,0.25,52035668.02174613,0.0,0.0,52035668.02174613,104071336.04349226,0.003512597978859222,0.5,2.0
2019-07-03,208873793.61627164,209053877.49797764,0.25,0.0,0.0,0.25,52218448.40406791,0.0,0.0,52218448.40406791,104436896.80813582,0.0008621659931011272,0.5,2.0
2019-07-04,209053877.49797764,209660209.70474002,0.25,0.0,0.0,0.25,52263469.37449441,0.0,0.0,52263469.37449441,104526938.74898882,0.0029003633609630264,0.5,2.0
2019-07-05,209660209.70474002,208603685.4285612,0.25,0.0,0.0,0.25,52415052.426185004,0.0,0.0,52415052.426185004,104830104.85237001,-0.00503922168954557,0.5,2.0
2019-07-08,208603685.4285612,208689816.95675868,0.25,0.0,0.0,0.25,52150921.3571403,0.0,0.0,52150921.3571403,104301842.7142806,0.00041289552493045667,0.5,2.0
2019-07-09,208689816.95675868,208644779.18696523,0.25,0.0,0.0,0.25,52172454.23918967,0.0,0.0,52172454.23918967,104344908.47837934,-0.0002158120144539477,0.5,2.0
2019-07-10,208644779.18696523,210098171.4004895,0.25,0.0,0.0,0.25,52161194.79674131,0.0,0.0,52161194.79674131,104322389.59348261,0.006965869067933561,0.5,2.0
2019-07-11,210098171.4004895,209758662.4880526,0.25,0.0,0.0,0.25,52524542.85012238,0.0,0.0,52524542.85012238,105049085.70024475,-0.0016159536761970184,0.5,2.0
2019-07-12,209758662.4880526,210357891.16726252,0.25,0.0,0.0,0.25,52439665.62201315,0.0,0.0,52439665.62201315,104879331.2440263,0.002856752956479358,0.5,2.0
2019-07-15,210357891.16726252,209951452.0263276,0.25,0.0,0.25,0.25,52589472.79181563,0.0,52589472.79181563,52589472.79181563,52589472.79181563,-0.0019321316575271474,0.75,3.0
2019-07-16,209951452.0263276,208930169.94011155,0.25,0.0,0.25,0.25,52487863.0065819,0.0,52487863.0065819,52487863.0065819,52487863.0065819,-0.0048643725792759385,0.75,3.0
2019-07-17,208930169.94011155,209396666.31044123,0.25,0.25,0.25,0.25,52232542.48502789,52232542.48502789,52232542.48502789,52232542.48502789,0.0,0.0022327860570034996,1.0,4.0
2019-07-18,209396666.31044123,210151699.275455,0.25,0.25,0.25,0.25,52349166.57761031,52349166.57761031,52349166.57761031,52349166.57761031,0.0,0.0036057544674297226,1.0,4.0
2019-07-19,210151699.275455,209865600.3328718,0.25,0.25,0.25,0.25,52537924.81886375,52537924.81886375,52537924.81886375,52537924.81886375,0.0,-0.0013613924777653164,1.0,4.0
2019-07-22,209865600.3328718,209774798.18634057,0.25,0.25,0.25,0.25,52466400.08321795,52466400.08321795,52466400.08321795,52466400.08321795,0.0,-0.0004326680808440786,1.0,4.0
2019-07-23,209774798.18634057,208985242.8838003,0.25,0.25,0.25,0.25,52443699.54658514,52443699.54658514,52443699.54658514,52443699.54658514,0.0,-0.0037638234400251547,1.0,4.0
2019-07-24,208985242.8838003,209143765.47735843,0.25,0.25,0.25,0.25,52246310.720950074,52246310.720950074,52246310.720950074,52246310.720950074,0.0,0.000758534867680849,1.0,4.0
2019-07-25,209143765.47735843,208021154.1573895,0.25,0.25,0.25,0.25,52285941.36933961,52285941.36933961,52285941.36933961,52285941.36933961,0.0,-0.005367653763938995,1.0,4.0
2019-07-26,208021154.1573895,207732217.0591106,0.25,0.25,0.25,0.25,52005288.53934737,52005288.53934737,52005288.53934737,52005288.53934737,0.0,-0.0013889794018748791,1.0,4.0
2019-07-29,207732217.0591106,207928139.3760195,0.25,0.25,0.25,0.25,51933054.26477765,51933054.26477765,51933054.26477765,51933054.26477765,0.0,0.0009431484421750791,1.0,4.0
2019-07-30,207928139.3760195,207912883.41874772,0.25,0.25,0.25,0.25,51982034.84400488,51982034.84400488,51982034.84400488,51982034.84400488,0.0,-7.337129701426304e-05,1.0,4.0
2019-07-31,207912883.41874772,207757417.23146704,0.25,0.25,0.25,0.25,51978220.85468693,51978220.85468693,51978220.85468693,51978220.85468693,0.0,-0.0007477467712647123,1.0,4.0
2019-08-01,207757417.23146704,206469315.98921552,0.25,0.25,0.25,0.25,51939354.30786676,51939354.30786676,51939354.30786676,51939354.30786676,0.0,-0.0062000252959268365,1.0,4.0
2019-08-02,206469315.98921552,205206912.42709845,0.25,0.25,0.25,0.25,51617328.99730388,51617328.99730388,51617328.99730388,51617328.99730388,0.0,-0.0061142429618113725,1.0,4.0
2019-08-05,205206912.42709845,204890286.96985194,0.25,0.25,0.25,0.25,51301728.10677461,51301728.10677461,51301728.10677461,51301728.10677461,0.0,-0.0015429570744066035,1.0,4.0
2019-08-06,204890286.96985194,204673178.78301996,0.25,0.25,0.25,0.25,51222571.742462985,51222571.742462985,51222571.742462985,51222571.742462985,0.0,-0.0010596314253976113,1.0,4.0
2019-08-07,204673178.78301996,205229139.71477425,0.25,0.0,0.25,0.25,51168294.69575499,0.0,51168294.69575499,51168294.69575499,51168294.69575499,0.002716335061877795,0.75,3.0
2019-08-08,205229139.71477425,206436440.7706118,0.25,0.0,0.25,0.25,51307284.92869356,0.0,51307284.92869356,51307284.92869356,51307284.92869356,0.005882698029701899,0.75,3.0
2019-08-09,206436440.7706118,206252920.2897433,0.25,0.0,0.0,0.25,51609110.19265295,0.0,0.0,51609110.19265295,103218220.3853059,-0.0008889926612929977,0.5,2.0
2019-08-12,206252920.2897433,206087200.60779285,0.25,0.0,0.0,0.25,51563230.072435826,0.0,0.0,51563230.072435826,103126460.14487165,-0.0008034779906033185,0.5,2.0
2019-08-13,206087200.60779285,206232740.80180204,0.25,0.0,0.0,0.25,51521800.15194821,0.0,0.0,51521800.15194821,103043600.30389643,0.0007062068560296231,0.5,2.0
2019-08-14,206232740.80180204,206024043.20699716,0.25,0.0,0.0,0.25,51558185.20045051,0.0,0.0,51558185.20045051,103116370.40090102,-0.0010119518074263034,0.5,2.0
2019-08-15,206024043.20699716,206257568.80116707,0.25,0.0,0.0,0.25,51506010.80174929,0.0,0.0,51506010.80174929,103012021.60349858,0.001133487094684582,0.5,2.0
2019-08-16,206257568.80116707,205926847.72258267,0.0,0.0,0.0,0.25,0.0,0.0,0.0,51564392.20029177,154693176.60087532,-0.0016034372969034039,0.25,1.0
2019-08-19,205926847.72258267,205328191.52380145,0.0,0.0,0.0,0.25,0.0,0.0,0.0,51481711.93064567,154445135.791937,-0.002907130398012575,0.25,1.0
2019-08-20,205328191.52380145,205715261.3538038,0.0,0.0,0.0,0.25,0.0,0.0,0.0,51332047.88095036,153996143.64285108,0.0018851275469276563,0.25,1.0
2019-08-21,205715261.3538038,205560005.84040812,0.0,0.0,0.0,0.25,0.0,0.0,0.0,51428815.33845095,154286446.01535285,-0.0007547107218683624,0.25,1.0
2019-08-22,205560005.84040812,205403029.76034832,0.0,0.0,0.0,0.25,0.0,0.0,0.0,51390001.46010203,154170004.3803061,-0.0007636508834392708,0.25,1.0
2019-08-23,205403029.76034832,206393668.91366562,0.0,0.0,0.0,0.25,0.0,0.0,0.0,51350757.44008708,154052272.32026124,0.004822904289547847,0.25,1.0
2019-08-26,206393668.91366562,206405495.97267824,0.0,0.0,0.0,0.25,0.0,0.0,0.0,51598417.228416406,154795251.6852492,5.730340022003233e-05,0.25,1.0
2019-08-27,206405495.97267824,206929175.70822257,0.0,0.0,0.0,0.25,0.0,0.0,0.0,51601373.99316956,154804121.9795087,0.0025371404626434724,0.25,1.0
2019-08-28,206929175.70822257,206801757.09094447,0.0,0.0,0.0,0.25,0.0,0.0,0.0,51732293.92705564,155196881.7811669,-0.0006157595556160467,0.25,1.0
2019-08-29,206801757.09094447,206419465.22869295,0.0,0.0,0.0,0.25,0.0,0.0,0.0,51700439.27273612,155101317.81820834,-0.001848590977316572,0.25,1.0
2019-08-30,206419465.22869295,206174552.99161524,0.0,0.0,0.0,0.25,0.0,0.0,0.0,51604866.30717324,154814598.9215197,-0.0011864784011835217,0.25,1.0
2019-09-02,206174552.99161524,206476618.14426708,0.0,0.0,0.0,0.25,0.0,0.0,0.0,51543638.24790381,154630914.7437114,0.0014650942527525967,0.25,1.0
2019-09-03,206476618.14426708,207077771.05986017,0.0,0.0,0.0,0.25,0.0,0.0,0.0,51619154.53606677,154857463.6082003,0.0029114817987431763,0.25,1.0
2019-09-04,207077771.05986017,207260140.30752942,0.0,0.0,0.0,0.25,0.0,0.0,0.0,51769442.76496504,155308328.2948951,0.0008806799819016109,0.25,1.0
2019-09-05,207260140.30752942,206142106.31501675,0.0,0.0,0.0,0.25,0.0,0.0,0.0,51815035.076882355,155445105.23064706,-0.005394351228623889,0.25,1.0
2019-09-06,206142106.31501675,205727189.43271652,0.0,0.0,0.0,0.25,0.0,0.0,0.0,51535526.57875419,154606579.73626256,-0.00201277113985715,0.25,1.0
2019-09-09,205727189.43271652,205464709.1618916,0.0,0.0,0.0,0.25,0.0,0.0,0.0,51431797.35817913,154295392.0745374,-0.0012758657304787202,0.25,1.0
2019-09-10,205464709.1618916,205007284.87792167,0.0,0.0,0.0,0.25,0.0,0.0,0.0,51366177.2904729,154098531.8714187,-0.0022262912489244002,0.25,1.0
2019-09-11,205007284.87792167,205401216.54904827,0.0,0.0,0.0,0.25,0.0,0.0,0.0,51251821.21948042,153755463.65844125,0.0019215496237666718,0.25,1.0
2019-09-12,205401216.54904827,205471869.5189406,0.0,0.0,0.0,0.25,0.0,0.0,0.0,51350304.13726207,154050912.4117862,0.0003439754207854584,0.25,1.0
2019-09-13,205471869.5189406,205104235.95972833,0.0,0.0,0.0,0.25,0.0,0.0,0.0,51367967.37973515,154103902.13920546,-0.0017892160132332025,0.25,1.0
2019-09-16,205104235.95972833,205445265.68973067,0.0,0.0,0.0,0.25,0.0,0.0,0.0,51276058.98993208,153828176.96979624,0.0016627142214130641,0.25,1.0
2019-09-17,205445265.68973067,205546382.11388543,0.0,0.0,0.0,0.25,0.0,0.0,0.0,51361316.42243267,154083949.267298,0.0004921818169684178,0.25,1.0
2019-09-18,205546382.11388543,205293792.44637945,0.0,0.0,0.0,0.25,0.0,0.0,0.0,51386595.52847136,154159786.58541408,-0.0012288694401151046,0.25,1.0
2019-09-19,205293792.44637945,205466588.258964,0.0,0.0,0.0,0.25,0.0,0.0,0.0,51323448.11159486,153970344.3347846,0.0008417001338688057,0.25,1.0
2019-09-20,205466588.258964,206078932.2300966,0.0,0.0,0.0,0.25,0.0,0.0,0.0,51366647.064741,154099941.194223,0.002980260568500981,0.25,1.0
2019-09-23,206078932.2300966,206260299.0799398,0.0,0.0,0.0,0.25,0.0,0.0,0.0,51519733.05752415,154559199.17257246,0.0008800843826224369,0.25,1.0
2019-09-24,206260299.0799398,206259363.1990812,0.0,0.0,0.25,0.25,0.0,0.0,51565074.76998495,51565074.76998495,103130149.5399699,-4.5373775892365575e-06,0.5,2.0
2019-09-25,206259363.1990812,205029406.49384403,0.0,0.0,0.25,0.25,0.0,0.0,51564840.7997703,51564840.7997703,103129681.5995406,-0.0059631557382927025,0.5,2.0
2019-09-26,205029406.49384403,204876947.98912123,0.0,0.0,0.25,0.25,0.0,0.0,51257351.62346101,51257351.62346101,102514703.24692202,-0.0007435933573137488,0.5,2.0
2019-09-27,204876947.98912123,204420390.53242046,0.0,0.0,0.25,0.25,0.0,0.0,51219236.99728031,51219236.99728031,102438473.99456061,-0.0022284471785718185,0.5,2.0
2019-09-30,204420390.53242046,203217812.28856727,0.0,0.0,0.25,0.25,0.0,0.0,51105097.633105114,51105097.633105114,102210195.26621023,-0.005882868341661102,0.5,2.0
2019-10-01,203217812.28856727,203503753.72545558,0.0,0.0,0.25,0.25,0.0,0.0,50804453.07214182,50804453.07214182,101608906.14428364,0.0014070687685697192,0.5,2.0
2019-10-02,203503753.72545558,203976260.54345763,0.0,0.0,0.25,0.25,0.0,0.0,50875938.431363896,50875938.431363896,101751876.86272779,0.0023218579969756514,0.5,2.0
2019-10-03,203976260.54345763,204315202.31029615,0.0,0.0,0.25,0.25,0.0,0.0,50994065.13586441,50994065.13586441,101988130.27172881,0.0016616726178597108,0.5,2.0
2019-10-04,204315202.31029615,204424817.2758921,0.0,0.0,0.25,0.25,0.0,0.0,51078800.57757404,51078800.57757404,102157601.15514807,0.000536499312613542,0.5,2.0
2019-10-07,204424817.2758921,203901232.58347037,0.0,0.0,0.25,0.25,0.0,0.0,51106204.31897303,51106204.31897303,102212408.63794605,-0.0025612579695502014,0.5,2.0
2019-10-08,203901232.58347037,204421743.92060003,0.0,0.0,0.25,0.25,0.0,0.0,50975308.14586759,50975308.14586759,101950616.29173519,0.0025527620923848082,0.5,2.0
2019-10-09,204421743.92060003,204451669.07902706,0.0,0.0,0.25,0.25,0.0,0.0,51105435.98015001,51105435.98015001,102210871.96030001,0.00014638931188593052,0.5,2.0
2019-10-10,204451669.07902706,204071983.88145486,0.0,0.0,0.25,0.25,0.0,0.0,51112917.269756764,51112917.269756764,102225834.53951353,-0.0018570902320461935,0.5,2.0
2019-10-11,204071983.88145486,204481850.47953472,0.0,0.0,0.25,0.25,0.0,0.0,51017995.970363714,51017995.970363714,102035991.94072743,0.002008441287648405,0.5,2.0
2019-10-14,204481850.47953472,204466905.003026,0.0,0.0,0.25,0.25,0.0,0.0,51120462.61988368,51120462.61988368,102240925.23976736,-7.30895014575128e-05,0.5,2.0
2019-10-15,204466905.003026,203933221.8632707,0.0,0.0,0.25,0.25,0.0,0.0,51116726.2507565,51116726.2507565,102233452.501513,-0.002610119910346459,0.5,2.0
2019-10-16,203933221.8632707,204200682.48896527,0.0,0.0,0.25,0.25,0.0,0.0,50983305.465817675,50983305.465817675,101966610.93163535,0.0013115108134461317,0.5,2.0
2019-10-17,204200682.48896527,204420674.35032162,0.0,0.0,0.25,0.25,0.0,0.0,51050170.62224132,51050170.62224132,102100341.24448264,0.001077331665471859,0.5,2.0
2019-10-18,204420674.35032162,204414454.12622303,0.0,0.0,0.25,0.25,0.0,0.0,51105168.587580405,51105168.587580405,102210337.17516081,-3.04285470066612e-05,0.5,2.0
2019-10-21,204414454.12622303,203950683.994955,0.0,0.0,0.25,0.25,0.0,0.0,51103613.53155576,51103613.53155576,102207227.06311151,-0.0022687736698974725,0.5,2.0
2019-10-22,203950683.994955,204098864.75730556,0.0,0.0,0.25,0.0,0.0,0.0,50987670.99873875,0.0,152963012.99621624,0.0007265519264169074,0.25,1.0
2019-10-23,204098864.75730556,204447054.47589135,0.0,0.0,0.25,0.0,0.0,0.0,51024716.18932639,0.0,153074148.56797916,0.0017059855722363348,0.25,1.0
2019-10-24,204447054.47589135,204665709.72240964,0.0,0.0,0.25,0.0,0.0,0.0,51111763.61897284,0.0,153335290.8569185,0.0010694957042977071,0.25,1.0
2019-10-25,204665709.72240964,204762887.450342,0.0,0.0,0.25,0.0,0.0,0.0,51166427.43060241,0.0,153499282.29180723,0.00047481196563964323,0.25,1.0
2019-10-28,204762887.450342,204752069.5026064,0.0,0.0,0.25,0.0,0.0,0.0,51190721.8625855,0.0,153572165.5877565,-5.283158423052825e-05,0.25,1.0
2019-10-29,204752069.5026064,204828837.5854736,0.0,0.0,0.25,0.0,0.0,0.0,51188017.3756516,0.0,153564052.1269548,0.00037493190204967997,0.25,1.0
2019-10-30,204828837.5854736,204893603.22513545,0.0,0.25,0.25,0.0,0.0,51207209.3963684,51207209.3963684,0.0,102414418.7927368,0.00031619395210785717,0.5,2.0
2019-10-31,204893603.22513545,204833984.0083864,0.25,0.25,0.25,0.0,51223400.80628386,51223400.80628386,51223400.80628386,0.0,51223400.80628386,-0.00029097646686179757,0.75,3.0
2019-11-01,204833984.0083864,206126074.14772826,0.25,0.25,0.25,0.0,51208496.0020966,51208496.0020966,51208496.0020966,0.0,51208496.0020966,0.00630798715162878,0.75,3.0
2019-11-04,206126074.14772826,206107754.36319607,0.25,0.25,0.25,0.0,51531518.536932066,51531518.536932066,51531518.536932066,0.0,51531518.536932066,-8.887659946910098e-05,0.75,3.0
2019-11-05,206107754.36319607,205994189.9670839,0.25,0.25,0.25,0.0,51526938.59079902,51526938.59079902,51526938.59079902,0.0,51526938.59079902,-0.0005509952619835168,0.75,3.0
2019-11-06,205994189.9670839,204961963.89659733,0.25,0.25,0.25,0.0,51498547.491770975,51498547.491770975,51498547.491770975,0.0,51498547.491770975,-0.005010947496390583,0.75,3.0
2019-11-07,204961963.89659733,204285009.38886237,0.25,0.25,0.25,0.0,51240490.97414933,51240490.97414933,51240490.97414933,0.0,51240490.97414933,-0.0033028299244659554,0.75,3.0
2019-11-08,204285009.38886237,203514671.0253105,0.25,0.25,0.25,0.0,51071252.34721559,51071252.34721559,51071252.34721559,0.0,51071252.34721559,-0.0037709001059666736,0.75,3.0
2019-11-11,203514671.0253105,202704002.42716625,0.25,0.25,0.25,0.0,50878667.75632762,50878667.75632762,50878667.75632762,0.0,50878667.75632762,-0.003983342301859982,0.75,3.0
2019-11-12,202704002.42716625,202412453.57087982,0.25,0.25,0.25,0.0,50676000.60679156,50676000.60679156,50676000.60679156,0.0,50676000.60679156,-0.0014382984686805989,0.75,3.0
2019-11-13,202412453.57087982,202248188.69301227,0.25,0.25,0.25,0.0,50603113.392719954,50603113.392719954,50603113.392719954,0.0,50603113.392719954,-0.0008115354315887391,0.75,3.0
2019-11-14,202248188.69301227,201651086.2947484,0.25,0.25,0.25,0.0,50562047.17325307,50562047.17325307,50562047.17325307,0.0,50562047.17325307,-0.002952325072093559,0.75,3.0
2019-11-15,201651086.2947484,202052253.22188142,0.25,0.25,0.25,0.0,50412771.5736871,50412771.5736871,50412771.5736871,0.0,50412771.5736871,0.0019894111879298904,0.75,3.0
2019-11-18,202052253.22188142,201508260.60660526,0.25,0.25,0.25,0.0,50513063.305470355,50513063.305470355,50513063.305470355,0.0,50513063.305470355,-0.0026923362971792986,0.75,3.0
2019-11-19,201508260.60660526,201041624.83350363,0.25,0.25,0.25,0.0,50377065.151651315,50377065.151651315,50377065.151651315,0.0,50377065.151651315,-0.0023157153542832654,0.75,3.0
2019-11-20,201041624.83350363,201340941.70690823,0.25,0.25,0.25,0.0,50260406.20837591,50260406.20837591,50260406.20837591,0.0,50260406.20837591,0.0014888303536767233,0.75,3.0
2019-11-21,201340941.70690823,201308619.5557796,0.25,0.25,0.25,0.0,50335235.42672706,50335235.42672706,50335235.42672706,0.0,50335235.42672706,-0.00016053441915286903,0.75,3.0
2019-11-22,201308619.5557796,201682946.24205202,0.25,0.25,0.25,0.0,50327154.8889449,50327154.8889449,50327154.8889449,0.0,50327154.8889449,0.001859466758544287,0.75,3.0
2019-11-25,201682946.24205202,201131856.24462715,0.25,0.25,0.25,0.0,50420736.560513005,50420736.560513005,50420736.560513005,0.0,50420736.560513005,-0.0027324570951251514,0.75,3.0
2019-11-26,201131856.24462715,201283663.10924494,0.0,0.25,0.25,0.0,0.0,50282964.06115679,50282964.06115679,0.0,100565928.12231357,0.0007547629075383422,0.5,2.0
2019-11-27,201283663.10924494,201054765.646471,0.0,0.25,0.25,0.0,0.0,50320915.777311236,50320915.777311236,0.0,100641831.55462247,-0.0011371884793735243,0.5,2.0
2019-11-28,201054765.646471,200936089.46729967,0.0,0.25,0.25,0.0,0.0,50263691.41161775,50263691.41161775,0.0,100527382.8232355,-0.0005902679242133502,0.5,2.0
2019-11-29,200936089.46729967,200136862.45119438,0.0,0.25,0.25,0.0,0.0,50234022.36682492,50234022.36682492,0.0,100468044.73364983,-0.003977518514588885,0.5,2.0
2019-12-02,200136862.45119438,200511272.2894022,0.0,0.25,0.25,0.0,0.0,50034215.612798594,50034215.612798594,0.0,100068431.22559719,0.0018707690008837319,0.5,2.0
2019-12-03,200511272.2894022,200688670.01132488,0.0,0.25,0.0,0.0,0.0,50127818.07235055,0.0,0.0,150383454.21705163,0.0008847269278040026,0.25,1.0
2019-12-04,200688670.01132488,200773212.87333992,0.0,0.25,0.0,0.0,0.0,50172167.50283122,0.0,0.0,150516502.50849366,0.00042126375151269047,0.25,1.0
2019-12-05,200773212.87333992,200587778.50467786,0.0,0.25,0.0,0.0,0.0,50193303.21833498,0.0,0.0,150579909.65500495,-0.0009236011418467804,0.25,1.0
2019-12-06,200587778.50467786,200587778.50467786,0.0,0.0,0.0,0.0,0.0,0.0,0.0,0.0,200587778.50467786,0.0,0.0,0.0
2019-12-09,200587778.50467786,200587778.50467786,0.0,0.0,0.0,0.0,0.0,0.0,0.0,0.0,200587778.50467786,0.0,0.0,0.0
2019-12-10,200587778.50467786,200587778.50467786,0.0,0.0,0.0,0.0,0.0,0.0,0.0,0.0,200587778.50467786,0.0,0.0,0.0
2019-12-11,200587778.50467786,200587778.50467786,0.0,0.0,0.0,0.0,0.0,0.0,0.0,0.0,200587778.50467786,0.0,0.0,0.0
2019-12-12,200587778.50467786,200587778.50467786,0.0,0.0,0.0,0.0,0.0,0.0,0.0,0.0,200587778.50467786,0.0,0.0,0.0
2019-12-13,200587778.50467786,200390382.63969636,0.0,0.25,0.0,0.0,0.0,50146944.626169465,0.0,0.0,150440833.8785084,-0.000984087198397654,0.25,1.0
2019-12-16,200390382.63969636,200543160.78737506,0.0,0.25,0.0,0.0,0.0,50097595.65992409,0.0,0.0,150292786.97977227,0.0007624025947063351,0.25,1.0
2019-12-17,200543160.78737506,200251182.16336998,0.0,0.25,0.0,0.0,0.0,50135790.196843766,0.0,0.0,150407370.5905313,-0.0014559390749538381,0.25,1.0
2019-12-18,200251182.16336998,200300715.3148522,0.0,0.25,0.0,0.0,0.0,50062795.540842496,0.0,0.0,150188386.62252748,0.0002473551014635089,0.25,1.0
2019-12-19,200300715.3148522,200420835.91188246,0.0,0.25,0.0,0.0,0.0,50075178.82871305,0.0,0.0,150225536.48613915,0.0005997012883425801,0.25,1.0
2019-12-20,200420835.91188246,200602360.1415,0.0,0.25,0.0,0.0,0.0,50105208.977970615,0.0,0.0,150315626.93391186,0.0009057153603396761,0.25,1.0
2019-12-23,200602360.1415,200696826.33876452,0.0,0.25,0.0,0.0,0.0,50150590.035375,0.0,0.0,150451770.106125,0.00047091269114624135,0.25,1.0
2019-12-24,200696826.33876452,201042507.10197014,0.0,0.25,0.25,0.0,0.0,50174206.58469113,50174206.58469113,0.0,100348413.16938226,0.0017224027380589035,0.5,2.0
2019-12-25,201042507.10197014,201042507.10197014,0.0,0.25,0.25,0.0,0.0,50260626.775492534,50260626.775492534,0.0,100521253.55098507,0.0,0.5,2.0
2019-12-26,201042507.10197014,201508876.27128533,0.0,0.25,0.25,0.0,0.0,50260626.775492534,50260626.775492534,0.0,100521253.55098507,0.0023197540462358557,0.5,2.0
2019-12-27,201508876.27128533,201878974.70758948,0.0,0.25,0.25,0.0,0.0,50377219.06782133,50377219.06782133,0.0,100754438.13564266,0.001836635899879091,0.5,2.0
2019-12-30,201878974.70758948,202384454.41208762,0.25,0.25,0.25,0.0,50469743.67689737,50469743.67689737,50469743.67689737,0.0,50469743.67689737,0.0025038749341297906,0.75,3.0
2019-12-31,202384454.41208762,202375476.2226585,0.25,0.25,0.25,0.0,50596113.603021905,50596113.603021905,50596113.603021905,0.0,50596113.603021905,-4.4362050708013356e-05,0.75,3.0
2020-01-01,202375476.2226585,202376143.12926117,0.25,0.25,0.25,0.25,50593869.05566462,50593869.05566462,50593869.05566462,50593869.05566462,0.0,3.2953923823630937e-06,1.0,4.0
2020-01-02,202376143.12926117,202550759.37392414,0.25,0.25,0.25,0.25,50594035.78231529,50594035.78231529,50594035.78231529,50594035.78231529,0.0,0.0008628301832563912,1.0,4.0
2020-01-03,202550759.37392414,203081197.90872264,0.25,0.25,0.25,0.25,50637689.843481034,50637689.843481034,50637689.843481034,50637689.843481034,0.0,0.002618793118515206,1.0,4.0
2020-01-06,203081197.90872264,203438694.5788933,0.25,0.25,0.25,0.25,50770299.47718066,50770299.47718066,50770299.47718066,50770299.47718066,0.0,0.001760363213591798,1.0,4.0
2020-01-07,203438694.5788933,202738937.74623963,0.25,0.25,0.25,0.25,50859673.644723326,50859673.644723326,50859673.644723326,50859673.644723326,0.0,-0.0034396447249236684,1.0,4.0
2020-01-08,202738937.74623963,201654600.7705728,0.25,0.25,0.25,0.25,50684734.43655991,50684734.43655991,50684734.43655991,50684734.43655991,0.0,-0.005348439661965826,1.0,4.0
2020-01-09,201654600.7705728,201364825.79687792,0.25,0.25,0.25,0.25,50413650.1926432,50413650.1926432,50413650.1926432,50413650.1926432,0.0,-0.0014369866721988256,1.0,4.0
2020-01-10,201364825.79687792,202316707.04972848,0.25,0.25,0.25,0.25,50341206.44921948,50341206.44921948,50341206.44921948,50341206.44921948,0.0,0.0047271475993070355,1.0,4.0
2020-01-13,202316707.04972848,200745501.4839746,0.25,0.25,0.25,0.25,50579176.76243212,50579176.76243212,50579176.76243212,50579176.76243212,0.0,-0.00776606929138926,1.0,4.0
2020-01-14,200745501.4839746,200668618.8077218,0.25,0.25,0.25,0.25,50186375.37099365,50186375.37099365,50186375.37099365,50186375.37099365,0.0,-0.0003829857988572327,1.0,4.0
2020-01-15,200668618.8077218,200435100.30100274,0.25,0.25,0.25,0.25,50167154.70193045,50167154.70193045,50167154.70193045,50167154.70193045,0.0,-0.0011637021678153059,1.0,4.0
2020-01-16,200435100.30100274,199933492.4737544,0.25,0.25,0.25,0.25,50108775.075250685,50108775.075250685,50108775.075250685,50108775.075250685,0.0,-0.002502594737623598,1.0,4.0
2020-01-17,199933492.4737544,200043230.8677526,0.25,0.25,0.25,0.25,49983373.1184386,49983373.1184386,49983373.1184386,49983373.1184386,0.0,0.0005488744914143584,1.0,4.0
2020-01-20,200043230.8677526,200038040.33994603,0.25,0.25,0.25,0.25,50010807.71693815,50010807.71693815,50010807.71693815,50010807.71693815,0.0,-2.5947030469708476e-05,1.0,4.0
2020-01-21,200038040.33994603,199332634.10798493,0.25,0.25,0.25,0.25,50009510.08498651,50009510.08498651,50009510.08498651,50009510.08498651,0.0,-0.0035263604400559145,1.0,4.0
2020-01-22,199332634.10798493,199084672.63038522,0.25,0.25,0.25,0.25,49833158.52699623,49833158.52699623,49833158.52699623,49833158.52699623,0.0,-0.0012439582645829006,1.0,4.0
2020-01-23,199084672.63038522,199184790.21866712,0.25,0.25,0.25,0.25,49771168.157596305,49771168.157596305,49771168.157596305,49771168.157596305,0.0,0.0005028894839522735,1.0,4.0
2020-01-24,199184790.21866712,198537584.3971575,0.25,0.25,0.25,0.25,49796197.55466678,49796197.55466678,49796197.55466678,49796197.55466678,0.0,-0.0032492733044482136,1.0,4.0
2020-01-27,198537584.3971575,197181166.52947667,0.25,0.25,0.25,0.25,49634396.09928937,49634396.09928937,49634396.09928937,49634396.09928937,0.0,-0.006832045790218844,1.0,4.0
2020-01-28,197181166.52947667,196904529.53974232,0.25,0.25,0.25,0.25,49295291.63236917,49295291.63236917,49295291.63236917,49295291.63236917,0.0,-0.0014029584802814632,1.0,4.0
2020-01-29,196904529.53974232,196750728.78033653,0.25,0.25,0.25,0.25,49226132.38493558,49226132.38493558,49226132.38493558,49226132.38493558,0.0,-0.0007810930493336588,1.0,4.0
2020-01-30,196750728.78033653,195956833.23466215,0.0,0.25,0.25,0.25,0.0,49187682.19508413,49187682.19508413,49187682.19508413,49187682.19508413,-0.00403503229998553,0.75,3.0
2020-01-31,195956833.23466215,196419876.2890317,0.0,0.0,0.0,0.25,0.0,0.0,0.0,48989208.30866554,146967624.9259966,0.0023629849836115935,0.25,1.0
2020-02-03,196419876.2890317,196035789.8750972,0.0,0.0,0.0,0.25,0.0,0.0,0.0,49104969.07225793,147314907.21677378,-0.001955435576027592,0.25,1.0
2020-02-04,196035789.8750972,195295711.96750903,0.0,0.0,0.0,0.25,0.0,0.0,0.0,49008947.4687743,147026842.4063229,-0.003775218331610347,0.25,1.0
2020-02-05,195295711.96750903,195393176.2134295,0.0,0.0,0.0,0.25,0.0,0.0,0.0,48823927.99187726,146471783.97563177,0.0004990598356643949,0.25,1.0
2020-02-06,195393176.2134295,195727198.8151491,0.0,0.0,0.0,0.25,0.0,0.0,0.0,48848294.05335738,146544882.16007215,0.0017094895952494138,0.25,1.0
2020-02-07,195727198.8151491,195845260.29810026,0.0,0.0,0.0,0.25,0.0,0.0,0.0,48931799.703787275,146795399.11136183,0.0006031940561448956,0.25,1.0
2020-02-10,195845260.29810026,195898572.64927408,0.0,0.0,0.0,0.25,0.0,0.0,0.0,48961315.074525066,146883945.2235752,0.0002722167035990042,0.25,1.0
2020-02-11,195898572.64927408,195765867.76750612,0.0,0.0,0.0,0.25,0.0,0.0,0.0,48974643.16231852,146923929.48695555,-0.0006774162770727954,0.25,1.0
2020-02-12,195765867.76750612,195708744.57359353,0.0,0.0,0.0,0.25,0.0,0.0,0.0,48941466.94187653,146824400.8256296,-0.0002917934293860114,0.25,1.0
2020-02-13,195708744.57359353,196019292.20923033,0.0,0.0,0.0,0.25,0.0,0.0,0.0,48927186.14339838,146781558.43019515,0.0015867846698083277,0.25,1.0
2020-02-14,196019292.20923033,196269913.3220486,0.0,0.0,0.0,0.25,0.0,0.0,0.0,49004823.05230758,147014469.15692276,0.001278553299492391,0.25,1.0
2020-02-17,196269913.3220486,196179154.31575567,0.0,0.0,0.0,0.25,0.0,0.0,0.0,49067478.33051215,147202434.99153644,-0.0004624193528022791,0.25,1.0
2020-02-18,196179154.31575567,196814419.77153516,0.0,0.0,0.0,0.25,0.0,0.0,0.0,49044788.57893892,147134365.73681676,0.003238190408125785,0.25,1.0
2020-02-19,196814419.77153516,197124398.08952376,0.0,0.0,0.0,0.25,0.0,0.0,0.0,49203604.94288379,147610814.82865137,0.0015749776787108427,0.25,1.0
2020-02-20,197124398.08952376,197364734.03433105,0.0,0.0,0.0,0.25,0.0,0.0,0.0,49281099.52238094,147843298.5671428,0.001219209530309573,0.25,1.0
2020-02-21,197364734.03433105,198091343.25330395,0.0,0.0,0.0,0.25,0.0,0.0,0.0,49341183.50858276,148023550.52574828,0.003681555484205623,0.25,1.0
2020-02-24,198091343.25330395,198572586.33198714,0.0,0.0,0.0,0.25,0.0,0.0,0.0,49522835.813325986,148568507.43997794,0.002429399845443325,0.25,1.0
2020-02-25,198572586.33198714,197847405.91931987,0.0,0.0,0.0,0.25,0.0,0.0,0.0,49643146.582996786,148929439.74899036,-0.0036519663970880634,0.25,1.0
2020-02-26,197847405.91931987,198023456.8847495,0.0,0.0,0.0,0.25,0.0,0.0,0.0,49461851.47982997,148385554.4394899,0.0008898320633095591,0.25,1.0
2020-02-27,198023456.8847495,198145640.69794166,0.0,0.0,0.0,0.25,0.0,0.0,0.0,49505864.221187375,148517592.66356212,0.0006170168681747246,0.25,1.0
2020-02-28,198145640.69794166,196359329.45876956,0.0,0.0,0.0,0.25,0.0,0.0,0.0,49536410.174485415,148609230.52345625,-0.009015142765089551,0.25,1.0
2020-03-02,196359329.45876956,196475422.05654567,0.0,0.0,0.0,0.25,0.0,0.0,0.0,49089832.36469239,147269497.09407717,0.0005912252710176813,0.25,1.0
2020-03-03,196475422.05654567,198065703.10191852,0.0,0.0,0.0,0.25,0.0,0.0,0.0,49118855.51413642,147356566.54240924,0.008094045701630748,0.25,1.0
2020-03-04,198065703.10191852,197945902.8640438,0.0,0.0,0.0,0.25,0.0,0.0,0.0,49516425.77547963,148549277.3264389,-0.0006048509964044213,0.25,1.0
2020-03-05,197945902.8640438,199013066.7579032,0.0,0.0,0.0,0.25,0.0,0.0,0.0,49486475.71601095,148459427.14803284,0.005391189604931179,0.25,1.0
2020-03-06,199013066.7579032,199060670.990995,0.0,0.0,0.0,0.25,0.0,0.0,0.0,49753266.6894758,149259800.06842738,0.0002392015452419849,0.25,1.0
2020-03-09,199060670.990995,199258086.925615,0.0,0.0,0.0,0.25,0.0,0.0,0.0,49765167.74774875,149295503.24324626,0.0009917375121726857,0.25,1.0
2020-03-10,199258086.925615,198337072.45335743,0.0,0.0,0.0,0.25,0.0,0.0,0.0,49814521.73140375,149443565.19421124,-0.004622218784030657,0.25,1.0
2020-03-11,198337072.45335743,197905382.08709848,0.0,0.0,0.0,0.25,0.0,0.0,0.0,49584268.11333936,148752804.34001806,-0.002176549048138743,0.25,1.0
2020-03-12,197905382.08709848,196123369.42210108,0.0,0.0,0.0,0.25,0.0,0.0,0.0,49476345.52177462,148429036.56532386,-0.009004366865642405,0.25,1.0
2020-03-13,196123369.42210108,194682447.7979486,0.0,0.0,0.0,0.25,0.0,0.0,0.0,49030842.35552527,147092527.06657583,-0.007347016464169048,0.25,1.0
2020-03-16,194682447.7979486,194182007.40524784,0.0,0.0,0.0,0.25,0.0,0.0,0.0,48670611.94948715,146011835.84846145,-0.0025705470542478626,0.25,1.0
2020-03-17,194182007.40524784,194637291.81597936,0.0,0.0,0.0,0.25,0.0,0.0,0.0,48545501.85131196,145636505.5539359,0.0023446271712568856,0.25,1.0
2020-03-18,194637291.81597936,193292100.16852385,0.0,0.0,0.0,0.25,0.0,0.0,0.0,48659322.95399484,145977968.86198452,-0.006911273964535752,0.25,1.0
2020-03-19,193292100.16852385,192810512.0652474,0.0,0.0,0.0,0.25,0.0,0.0,0.0,48323025.04213096,144969075.1263929,-0.002491504323542254,0.25,1.0
2020-03-20,192810512.0652474,193708553.19648847,0.0,0.0,0.0,0.25,0.0,0.0,0.0,48202628.01631185,144607884.04893553,0.004657635735841881,0.25,1.0
2020-03-23,193708553.19648847,195472242.65591267,0.0,0.0,0.0,0.25,0.0,0.0,0.0,48427138.29912212,145281414.89736634,0.009104861041604073,0.25,1.0
2020-03-24,195472242.65591267,197960589.46734047,0.0,0.0,0.0,0.25,0.0,0.0,0.0,48868060.66397817,146604181.9919345,0.012729924093662859,0.25,1.0
2020-03-25,197960589.46734047,197493072.0244392,0.0,0.0,0.0,0.25,0.0,0.0,0.0,49490147.36683512,148470442.10050535,-0.0023616692805332185,0.25,1.0
2020-03-26,197493072.0244392,197934008.37796026,0.0,0.0,0.0,0.25,0.0,0.0,0.0,49373268.0061098,148119804.01832938,0.002232667450058734,0.25,1.0
2020-03-27,197934008.37796026,197837549.30954996,0.0,0.0,0.0,0.25,0.0,0.0,0.0,49483502.094490066,148450506.2834702,-0.00048732943469784185,0.25,1.0
2020-03-30,197837549.30954996,197665916.58401945,0.0,0.0,0.0,0.25,0.0,0.0,0.0,49459387.32738749,148378161.98216248,-0.000867543730345921,0.25,1.0
2020-03-31,197665916.58401945,196285309.37685993,0.0,0.0,0.0,0.25,0.0,0.0,0.0,49416479.14600486,148249437.4380146,-0.006984548631441406,0.25,1.0
2020-04-01,196285309.37685993,196731163.44604832,0.0,0.0,0.0,0.25,0.0,0.0,0.0,49071327.34421498,147213982.03264496,0.0022714591866495604,0.25,1.0
2020-04-02,196731163.44604832,197425867.93333828,0.0,0.0,0.0,0.25,0.0,0.0,0.0,49182790.86151208,147548372.58453625,0.0035312376296724457,0.25,1.0
2020-04-03,197425867.93333828,197634426.2917087,0.0,0.0,0.0,0.25,0.0,0.0,0.0,49356466.98333457,148069400.9500037,0.0010563882056270346,0.25,1.0
2020-04-06,197634426.2917087,197634426.2917087,0.0,0.0,0.0,0.0,0.0,0.0,0.0,0.0,197634426.2917087,0.0,0.0,0.0
2020-04-07,197634426.2917087,197634426.2917087,0.0,0.0,0.0,0.0,0.0,0.0,0.0,0.0,197634426.2917087,0.0,0.0,0.0
2020-04-08,197634426.2917087,197634426.2917087,0.0,0.0,0.0,0.0,0.0,0.0,0.0,0.0,197634426.2917087,0.0,0.0,0.0
2020-04-09,197634426.2917087,197634426.2917087,0.0,0.0,0.0,0.0,0.0,0.0,0.0,0.0,197634426.2917087,0.0,0.0,0.0
2020-04-10,197634426.2917087,197634426.2917087,0.0,0.0,0.0,0.0,0.0,0.0,0.0,0.0,197634426.2917087,0.0,0.0,0.0
2020-04-13,197634426.2917087,198178702.87017098,0.0,0.0,0.0,0.25,0.0,0.0,0.0,49408606.57292718,148225819.71878153,0.002753956325700635,0.25,1.0
2020-04-14,198178702.87017098,198514615.62134275,0.0,0.0,0.0,0.25,0.0,0.0,0.0,49544675.717542745,148634027.15262824,0.0016949992421327886,0.25,1.0
2020-04-15,198514615.62134275,198228965.71438488,0.0,0.0,0.0,0.25,0.0,0.0,0.0,49628653.90533569,148885961.71600705,-0.0014389364030643337,0.25,1.0
2020-04-16,198228965.71438488,198248303.37986374,0.0,0.0,0.0,0.25,0.0,0.0,0.0,49557241.42859622,148671724.28578866,9.755216857015858e-05,0.25,1.0
2020-04-17,198248303.37986374,197241884.79368895,0.0,0.0,0.0,0.25,0.0,0.0,0.0,49562075.844965935,148686227.5348978,-0.005076555859579696,0.25,1.0
2020-04-20,197241884.79368895,197617833.10989374,0.0,0.0,0.0,0.25,0.0,0.0,0.0,49310471.19842224,147931413.5952667,0.0019060267883671544,0.25,1.0
2020-04-21,197617833.10989374,197342497.91057658,0.0,0.0,0.0,0.25,0.0,0.0,0.0,49404458.277473435,148213374.8324203,-0.0013932710170141416,0.25,1.0
2020-04-22,197342497.91057658,198158223.9279154,0.0,0.0,0.0,0.25,0.0,0.0,0.0,49335624.477644145,148006873.43293244,0.004133554738465162,0.25,1.0
2020-04-23,198158223.9279154,198633076.27132058,0.0,0.0,0.0,0.25,0.0,0.0,0.0,49539555.98197885,148618667.94593656,0.0023963292261738323,0.25,1.0
2020-04-24,198633076.27132058,198606963.14579588,0.0,0.0,0.0,0.25,0.0,0.0,0.0,49658269.067830145,148974807.20349044,-0.00013146413485043418,0.25,1.0
2020-04-27,198606963.14579588,198158845.85065454,0.0,0.0,0.0,0.25,0.0,0.0,0.0,49651740.78644897,148955222.35934693,-0.0022563020351526186,0.25,1.0
2020-04-28,198158845.85065454,197979646.31561145,0.0,0.0,0.0,0.25,0.0,0.0,0.0,49539711.462663636,148619134.3879909,-0.0009043226623259293,0.25,1.0
2020-04-29,197979646.31561145,198142524.30592257,0.0,0.0,0.0,0.25,0.0,0.0,0.0,49494911.57890286,148484734.73670858,0.0008227006833392836,0.25,1.0
2020-04-30,198142524.30592257,197364541.31745625,0.0,0.0,0.0,0.25,0.0,0.0,0.0,49535631.07648064,148606893.22944194,-0.003926380726154283,0.25,1.0
2020-05-01,197364541.31745625,197771792.19429278,0.0,0.0,0.0,0.25,0.0,0.0,0.0,49341135.32936406,148023405.98809218,0.0020634450044471064,0.25,1.0
2020-05-04,197771792.19429278,197819769.0848728,0.0,0.0,0.0,0.25,0.0,0.0,0.0,49442948.048573196,148328844.1457196,0.00024258712553365536,0.25,1.0
2020-05-05,197819769.0848728,198182781.12636313,0.0,0.25,0.0,0.25,0.0,49454942.2712182,0.0,49454942.2712182,98909884.5424364,0.0018350645295444057,0.5,2.0
2020-05-06,198182781.12636313,197473089.81433526,0.0,0.25,0.0,0.25,0.0,49545695.28159078,0.0,49545695.28159078,99091390.56318156,-0.003580993807809102,0.5,2.0
2020-05-07,197473089.81433526,198522080.09214604,0.0,0.25,0.0,0.25,0.0,49368272.453583814,0.0,49368272.453583814,98736544.90716763,0.005312066969717588,0.5,2.0
2020-05-08,198522080.09214604,198827623.2784253,0.0,0.25,0.0,0.25,0.0,49630520.02303651,0.0,49630520.02303651,99261040.04607302,0.001539089184122322,0.5,2.0
2020-05-11,198827623.2784253,198266362.44989765,0.0,0.25,0.0,0.25,0.0,49706905.81960633,0.0,49706905.81960633,99413811.63921265,-0.002822851368804641,0.5,2.0
2020-05-12,198266362.44989765,198653597.6460419,0.0,0.25,0.0,0.25,0.0,49566590.61247441,0.0,49566590.61247441,99133181.22494882,0.0019531058690911984,0.5,2.0
2020-05-13,198653597.6460419,198721602.3328396,0.0,0.25,0.0,0.25,0.0,49663399.411510475,0.0,49663399.411510475,99326798.82302095,0.00034232799004677017,0.5,2.0
2020-05-14,198721602.3328396,198731801.75457576,0.0,0.25,0.0,0.25,0.0,49680400.5832099,0.0,49680400.5832099,99360801.1664198,5.1325178623828904e-05,0.5,2.0
2020-05-15,198731801.75457576,199042267.05281875,0.0,0.25,0.0,0.25,0.0,49682950.43864394,0.0,49682950.43864394,99365900.87728788,0.0015622325943906445,0.5,2.0
2020-05-18,199042267.05281875,199376743.61216688,0.0,0.25,0.0,0.25,0.0,49760566.76320469,0.0,49760566.76320469,99521133.52640937,0.00168042981172134,0.5,2.0
2020-05-19,199376743.61216688,200277477.78989977,0.0,0.25,0.0,0.25,0.0,49844185.90304172,0.0,49844185.90304172,99688371.80608344,0.0045177494697425935,0.5,2.0
2020-05-20,200277477.78989977,200591703.17029604,0.0,0.25,0.0,0.25,0.0,50069369.44747494,0.0,50069369.44747494,100138738.89494988,0.0015689501578698972,0.5,2.0
2020-05-21,200591703.17029604,199770866.40046412,0.0,0.25,0.0,0.25,0.0,50147925.79257401,0.0,50147925.79257401,100295851.58514802,-0.004092077373385072,0.5,2.0
2020-05-22,199770866.40046412,199643150.13171342,0.0,0.25,0.0,0.25,0.0,49942716.60011603,0.0,49942716.60011603,99885433.20023206,-0.0006393137850974062,0.5,2.0
2020-05-25,199643150.13171342,199725198.37471828,0.0,0.25,0.0,0.25,0.0,49910787.532928355,0.0,49910787.532928355,99821575.06585671,0.0004109744959980566,0.5,2.0
2020-05-26,199725198.37471828,199921666.25503665,0.0,0.25,0.0,0.25,0.0,49931299.59367957,0.0,49931299.59367957,99862599.18735914,0.0009836910010210531,0.5,2.0
2020-05-27,199921666.25503665,199344302.12060302,0.0,0.25,0.0,0.25,0.0,49980416.56375916,0.0,49980416.56375916,99960833.12751833,-0.002887951792563903,0.5,2.0
2020-05-28,199344302.12060302,200227271.70204195,0.0,0.25,0.0,0.25,0.0,49836075.530150756,0.0,49836075.530150756,99672151.06030151,0.004429369548293982,0.5,2.0
2020-05-29,200227271.70204195,200398510.3970103,0.0,0.25,0.0,0.25,0.0,50056817.92551049,0.0,50056817.92551049,100113635.85102098,0.0008552216364569598,0.5,2.0
2020-06-01,200398510.3970103,201762384.84806913,0.0,0.25,0.0,0.25,0.0,50099627.599252574,0.0,50099627.599252574,100199255.19850515,0.006805811322433797,0.5,2.0
2020-06-02,201762384.84806913,202221386.1154545,0.0,0.25,0.0,0.25,0.0,50440596.21201728,0.0,50440596.21201728,100881192.42403457,0.002274959565584933,0.5,2.0
2020-06-03,202221386.1154545,201716629.41952354,0.0,0.25,0.0,0.25,0.0,50555346.528863624,0.0,50555346.528863624,101110693.05772725,-0.0024960599154570107,0.5,2.0
2020-06-04,201716629.41952354,202803287.92623737,0.0,0.25,0.25,0.25,0.0,50429157.354880884,50429157.354880884,50429157.354880884,50429157.354880884,0.005387054651076195,0.75,3.0
2020-06-05,202803287.92623737,202267632.43096793,0.0,0.25,0.25,0.25,0.0,50700821.98155934,50700821.98155934,50700821.98155934,50700821.98155934,-0.002641256464561176,0.75,3.0
2020-06-08,202267632.43096793,202663010.47565368,0.0,0.25,0.25,0.25,0.0,50566908.10774198,50566908.10774198,50566908.10774198,50566908.10774198,0.0019547272093605184,0.75,3.0
2020-06-09,202663010.47565368,203147727.73990488,0.0,0.25,0.25,0.25,0.0,50665752.61891342,50665752.61891342,50665752.61891342,50665752.61891342,0.002391740175543472,0.75,3.0
2020-06-10,203147727.73990488,204173059.03658387,0.0,0.25,0.25,0.25,0.0,50786931.93497622,50786931.93497622,50786931.93497622,50786931.93497622,0.00504722010965214,0.75,3.0
2020-06-11,204173059.03658387,202477601.3022899,0.0,0.25,0.25,0.25,0.0,51043264.75914597,51043264.75914597,51043264.75914597,51043264.75914597,-0.008304022784858034,0.75,3.0
2020-06-12,202477601.3022899,201480296.1278985,0.25,0.25,0.25,0.25,50619400.325572476,50619400.325572476,50619400.325572476,50619400.325572476,0.0,-0.004925508638866372,1.0,4.0
2020-06-15,201480296.1278985,199895752.37328473,0.25,0.25,0.25,0.25,50370074.03197463,50370074.03197463,50370074.03197463,50370074.03197463,0.0,-0.007864509756368182,1.0,4.0
2020-06-16,199895752.37328473,200378801.10284275,0.25,0.25,0.25,0.25,49973938.09332118,49973938.09332118,49973938.09332118,49973938.09332118,0.0,0.0024165032214191196,1.0,4.0
2020-06-17,200378801.10284275,200388813.62816867,0.25,0.25,0.25,0.25,50094700.27571069,50094700.27571069,50094700.27571069,50094700.27571069,0.0,4.996798698667093e-05,1.0,4.0
2020-06-18,200388813.62816867,198958463.67626005,0.25,0.25,0.25,0.25,50097203.40704217,50097203.40704217,50097203.40704217,50097203.40704217,0.0,-0.007137873247569204,1.0,4.0
2020-06-19,198958463.67626005,199774501.18134674,0.25,0.25,0.25,0.25,49739615.91906501,49739615.91906501,49739615.91906501,49739615.91906501,0.0,0.004101547076753392,1.0,4.0
2020-06-22,199774501.18134674,201793245.43463874,0.25,0.25,0.25,0.25,49943625.295336686,49943625.295336686,49943625.295336686,49943625.295336686,0.0,0.010105114723622688,1.0,4.0
2020-06-23,201793245.43463874,203179455.22430837,0.25,0.25,0.25,0.25,50448311.358659685,50448311.358659685,50448311.358659685,50448311.358659685,0.0,0.006869455846670869,1.0,4.0
2020-06-24,203179455.22430837,200869730.62208813,0.25,0.25,0.25,0.25,50794863.80607709,50794863.80607709,50794863.80607709,50794863.80607709,0.0,-0.0113679042975596,1.0,4.0
2020-06-25,200869730.62208813,199769780.39707333,0.25,0.25,0.25,0.25,50217432.65552203,50217432.65552203,50217432.65552203,50217432.65552203,0.0,-0.005475938169520522,1.0,4.0
2020-06-26,199769780.39707333,198413008.20750648,0.25,0.25,0.25,0.25,49942445.09926833,49942445.09926833,49942445.09926833,49942445.09926833,0.0,-0.006791678835858239,1.0,4.0
2020-06-29,198413008.20750648,199624227.00663415,0.25,0.25,0.25,0.25,49603252.05187662,49603252.05187662,49603252.05187662,49603252.05187662,0.0,0.006104533216193697,1.0,4.0
2020-06-30,199624227.00663415,200182756.9434261,0.25,0.25,0.25,0.25,49906056.75165854,49906056.75165854,49906056.75165854,49906056.75165854,0.0,0.002797906572599679,1.0,4.0
2020-07-01,200182756.9434261,201520556.59049317,0.25,0.25,0.25,0.25,50045689.235856526,50045689.235856526,50045689.235856526,50045689.235856526,0.0,0.006682891511206129,1.0,4.0
2020-07-02,201520556.59049317,202113783.66697007,0.25,0.25,0.25,0.25,50380139.14762329,50380139.14762329,50380139.14762329,50380139.14762329,0.0,0.00294375465467947,1.0,4.0
2020-07-03,202113783.66697007,202349999.14258608,0.25,0.25,0.25,0.25,50528445.91674252,50528445.91674252,50528445.91674252,50528445.91674252,0.0,0.0011687252167087436,1.0,4.0
2020-07-06,202349999.14258608,203669259.0217804,0.25,0.25,0.25,0.25,50587499.78564652,50587499.78564652,50587499.78564652,50587499.78564652,0.0,0.006519693030809903,1.0,4.0
2020-07-07,203669259.0217804,204021392.60445598,0.25,0.25,0.25,0.25,50917314.7554451,50917314.7554451,50917314.7554451,50917314.7554451,0.0,0.0017289481209235569,1.0,4.0
2020-07-08,204021392.60445598,204100784.0748512,0.25,0.25,0.25,0.25,51005348.151113994,51005348.151113994,51005348.151113994,51005348.151113994,0.0,0.0003891330677716631,1.0,4.0
2020-07-09,204100784.0748512,204231201.55028972,0.25,0.25,0.25,0.25,51025196.0187128,51025196.0187128,51025196.0187128,51025196.0187128,0.0,0.0006389856659768933,1.0,4.0
2020-07-10,204231201.55028972,203887750.06916302,0.25,0.25,0.25,0.25,51057800.38757243,51057800.38757243,51057800.38757243,51057800.38757243,0.0,-0.00168167977527231,1.0,4.0
2020-07-13,203887750.06916302,204080835.05899754,0.25,0.25,0.25,0.25,50971937.517290756,50971937.517290756,50971937.517290756,50971937.517290756,0.0,0.0009470161388756559,1.0,4.0
2020-07-14,204080835.05899754,202891819.83578578,0.25,0.25,0.25,0.25,51020208.764749385,51020208.764749385,51020208.764749385,51020208.764749385,0.0,-0.0058261973637459,1.0,4.0
2020-07-15,202891819.83578578,204843757.55018863,0.25,0.25,0.25,0.25,50722954.958946444,50722954.958946444,50722954.958946444,50722954.958946444,0.0,0.009620583599588894,1.0,4.0
2020-07-16,204843757.55018863,203944006.7542634,0.25,0.25,0.25,0.25,51210939.38754716,51210939.38754716,51210939.38754716,51210939.38754716,0.0,-0.004392375958563399,1.0,4.0
2020-07-17,203944006.7542634,204233301.48462158,0.25,0.25,0.25,0.25,50986001.68856585,50986001.68856585,50986001.68856585,50986001.68856585,0.0,0.001418500768727099,1.0,4.0
2020-07-20,204233301.48462158,204487216.77651355,0.25,0.25,0.25,0.25,51058325.371155396,51058325.371155396,51058325.371155396,51058325.371155396,0.0,0.001243260966973525,1.0,4.0
2020-07-21,204487216.77651355,207923902.38704857,0.25,0.25,0.25,0.25,51121804.19412839,51121804.19412839,51121804.19412839,51121804.19412839,0.0,0.016806359168607843,1.0,4.0
2020-07-22,207923902.38704857,210575362.91173103,0.25,0.25,0.25,0.25,51980975.59676214,51980975.59676214,51980975.59676214,51980975.59676214,0.0,0.012752071763960982,1.0,4.0
2020-07-23,210575362.91173103,210503053.64037082,0.25,0.25,0.25,0.25,52643840.72793276,52643840.72793276,52643840.72793276,52643840.72793276,0.0,-0.0003433890383012783,1.0,4.0
2020-07-24,210503053.64037082,210448627.79393667,0.25,0.25,0.25,0.25,52625763.410092704,52625763.410092704,52625763.410092704,52625763.410092704,0.0,-0.0002585513392462935,1.0,4.0
2020-07-27,210448627.79393667,212586975.75696233,0.25,0.25,0.25,0.25,52612156.94848417,52612156.94848417,52612156.94848417,52612156.94848417,0.0,0.010160902380030867,1.0,4.0
2020-07-28,212586975.75696233,212989725.31312063,0.25,0.25,0.25,0.25,53146743.93924058,53146743.93924058,53146743.93924058,53146743.93924058,0.0,0.0018945166077284081,1.0,4.0
2020-07-29,212989725.31312063,213956360.8966927,0.25,0.25,0.25,0.25,53247431.32828016,53247431.32828016,53247431.32828016,53247431.32828016,0.0,0.004538414151907921,1.0,4.0
2020-07-30,213956360.8966927,212396994.99360737,0.25,0.25,0.25,0.25,53489090.22417317,53489090.22417317,53489090.22417317,53489090.22417317,0.0,-0.0072882427825470275,1.0,4.0
2020-07-31,212396994.99360737,213272554.34073976,0.25,0.25,0.25,0.25,53099248.74840184,53099248.74840184,53099248.74840184,53099248.74840184,0.0,0.004122277469880142,1.0,4.0
2020-08-03,213272554.34073976,212586490.7919176,0.25,0.25,0.25,0.25,53318138.58518494,53318138.58518494,53318138.58518494,53318138.58518494,0.0,-0.0032168393675545137,1.0,4.0
2020-08-04,212586490.7919176,214681522.52548105,0.25,0.25,0.25,0.25,53146622.6979794,53146622.6979794,53146622.6979794,53146622.6979794,0.0,0.009854961741732282,1.0,4.0
2020-08-05,214681522.52548105,216630330.05413476,0.25,0.25,0.25,0.25,53670380.63137026,53670380.63137026,53670380.63137026,53670380.63137026,0.0,0.009077667727190653,1.0,4.0
2020-08-06,216630330.05413476,216614469.75844747,0.25,0.25,0.25,0.25,54157582.51353369,54157582.51353369,54157582.51353369,54157582.51353369,0.0,-7.321364318338408e-05,1.0,4.0
2020-08-07,216614469.75844747,214123982.73388344,0.25,0.25,0.25,0.25,54153617.43961187,54153617.43961187,54153617.43961187,54153617.43961187,0.0,-0.011497325304912653,1.0,4.0
2020-08-10,214123982.73388344,214409871.16929498,0.25,0.25,0.25,0.25,53530995.68347086,53530995.68347086,53530995.68347086,53530995.68347086,0.0,0.0013351537355199838,1.0,4.0
2020-08-11,214409871.16929498,210577257.0308703,0.25,0.25,0.25,0.25,53602467.792323746,53602467.792323746,53602467.792323746,53602467.792323746,0.0,-0.01787517579075687,1.0,4.0
2020-08-12,210577257.0308703,210451343.5514876,0.25,0.25,0.25,0.25,52644314.25771757,52644314.25771757,52644314.25771757,52644314.25771757,0.0,-0.0005979443419392161,1.0,4.0
2020-08-13,210451343.5514876,212884610.14829862,0.25,0.25,0.25,0.25,52612835.8878719,52612835.8878719,52612835.8878719,52612835.8878719,0.0,0.01156213382033211,1.0,4.0
2020-08-14,212884610.14829862,212430666.7449596,0.25,0.25,0.25,0.25,53221152.537074655,53221152.537074655,53221152.537074655,53221152.537074655,0.0,-0.0021323448558485947,1.0,4.0
2020-08-17,212430666.7449596,214002195.06260613,0.25,0.25,0.25,0.25,53107666.6862399,53107666.6862399,53107666.6862399,53107666.6862399,0.0,0.007397841101413394,1.0,4.0
2020-08-18,214002195.06260613,215025844.58159575,0.0,0.25,0.25,0.25,0.0,53500548.76565153,53500548.76565153,53500548.76565153,53500548.76565153,0.004783359902874651,0.75,3.0
2020-08-19,215025844.58159575,212946570.3818439,0.0,0.25,0.25,0.25,0.0,53756461.14539894,53756461.14539894,53756461.14539894,53756461.14539894,-0.009669880398785635,0.75,3.0
2020-08-20,212946570.3818439,212510764.68357596,0.0,0.25,0.25,0.25,0.0,53236642.59546097,53236642.59546097,53236642.59546097,53236642.59546097,-0.002046549505288958,0.75,3.0
2020-08-21,212510764.68357596,212019315.3234987,0.0,0.25,0.25,0.25,0.0,53127691.17089399,53127691.17089399,53127691.17089399,53127691.17089399,-0.002312585721523319,0.75,3.0
2020-08-24,212019315.3234987,211972816.2808868,0.0,0.25,0.25,0.25,0.0,53004828.830874674,53004828.830874674,53004828.830874674,53004828.830874674,-0.00021931512485531823,0.75,3.0
2020-08-25,211972816.2808868,212236797.69136247,0.0,0.25,0.25,0.25,0.0,52993204.0702217,52993204.0702217,52993204.0702217,52993204.0702217,0.0012453550181919515,0.75,3.0
2020-08-26,212236797.69136247,213543822.89813465,0.0,0.25,0.25,0.25,0.0,53059199.42284062,53059199.42284062,53059199.42284062,53059199.42284062,0.0061583345630425446,0.75,3.0
2020-08-27,213543822.89813465,213134719.350333,0.0,0.25,0.25,0.25,0.0,53385955.72453366,53385955.72453366,53385955.72453366,53385955.72453366,-0.0019157826353833618,0.75,3.0
2020-08-28,213134719.350333,215363818.15891305,0.0,0.25,0.25,0.25,0.0,53283679.83758325,53283679.83758325,53283679.83758325,53283679.83758325,0.010458637688756933,0.75,3.0
2020-08-31,215363818.15891305,215932667.02323112,0.0,0.25,0.25,0.25,0.0,53840954.53972826,53840954.53972826,53840954.53972826,53840954.53972826,0.0026413390567692763,0.75,3.0
2020-09-01,215932667.02323112,216010720.70682546,0.0,0.25,0.25,0.25,0.0,53983166.75580778,53983166.75580778,53983166.75580778,53983166.75580778,0.0003614723268615949,0.75,3.0
2020-09-02,216010720.70682546,214354764.2263562,0.0,0.25,0.25,0.25,0.0,54002680.176706366,54002680.176706366,54002680.176706366,54002680.176706366,-0.00766608469732738,0.75,3.0
2020-09-03,214354764.2263562,213423118.67270514,0.0,0.25,0.25,0.25,0.0,53588691.05658905,53588691.05658905,53588691.05658905,53588691.05658905,-0.004346278735691211,0.75,3.0
2020-09-04,213423118.67270514,213210402.3596653,0.0,0.25,0.25,0.25,0.0,53355779.668176286,53355779.668176286,53355779.668176286,53355779.668176286,-0.000996688242411281,0.75,3.0
2020-09-07,213210402.3596653,213470836.57212532,0.0,0.25,0.25,0.25,0.0,53302600.589916326,53302600.589916326,53302600.589916326,53302600.589916326,0.0012214892405703892,0.75,3.0
2020-09-08,213470836.57212532,212356578.35782832,0.0,0.25,0.25,0.25,0.0,53367709.14303133,53367709.14303133,53367709.14303133,53367709.14303133,-0.005219721026954061,0.75,3.0
2020-09-09,212356578.35782832,213260414.21362144,0.0,0.25,0.25,0.25,0.0,53089144.58945708,53089144.58945708,53089144.58945708,53089144.58945708,0.004256217833149167,0.75,3.0
2020-09-10,213260414.21362144,213217876.0092021,0.0,0.25,0.25,0.25,0.0,53315103.55340536,53315103.55340536,53315103.55340536,53315103.55340536,-0.00019946601236900396,0.75,3.0
2020-09-11,213217876.0092021,213020936.09402686,0.0,0.25,0.25,0.25,0.0,53304469.00230052,53304469.00230052,53304469.00230052,53304469.00230052,-0.0009236557406036849,0.75,3.0
2020-09-14,213020936.09402686,213719049.91697347,0.0,0.25,0.25,0.25,0.0,53255234.023506716,53255234.023506716,53255234.023506716,53255234.023506716,0.003277207563478546,0.75,3.0
2020-09-15,213719049.91697347,213756030.69388574,0.0,0.25,0.25,0.25,0.0,53429762.47924337,53429762.47924337,53429762.47924337,53429762.47924337,0.00017303453728931273,0.75,3.0
2020-09-16,213756030.69388574,214477052.54208785,0.0,0.25,0.25,0.25,0.0,53439007.673471436,53439007.673471436,53439007.673471436,53439007.673471436,0.0033731064609573425,0.75,3.0
2020-09-17,214477052.54208785,213812022.46774378,0.0,0.25,0.25,0.25,0.0,53619263.13552196,53619263.13552196,53619263.13552196,53619263.13552196,-0.0031007050239725276,0.75,3.0
2020-09-18,213812022.46774378,214563431.91482273,0.0,0.25,0.25,0.25,0.0,53453005.616935946,53453005.616935946,53453005.616935946,53453005.616935946,0.003514346099000587,0.75,3.0
2020-09-21,214563431.91482273,211444773.0902262,0.0,0.25,0.25,0.25,0.0,53640857.97870568,53640857.97870568,53640857.97870568,53640857.97870568,-0.014534903719449127,0.75,3.0
2020-09-22,211444773.0902262,210775470.25927067,0.0,0.25,0.25,0.25,0.0,52861193.27255655,52861193.27255655,52861193.27255655,52861193.27255655,-0.003165378936418356,0.75,3.0
2020-09-23,210775470.25927067,209050317.2693912,0.0,0.25,0.25,0.25,0.0,52693867.56481767,52693867.56481767,52693867.56481767,52693867.56481767,-0.008184790135955494,0.75,3.0
2020-09-24,209050317.2693912,208645260.9397203,0.0,0.25,0.25,0.25,0.0,52262579.3173478,52262579.3173478,52262579.3173478,52262579.3173478,-0.0019376020805026983,0.75,3.0
2020-09-25,208645260.9397203,208396453.62314245,0.25,0.25,0.25,0.25,52161315.234930076,52161315.234930076,52161315.234930076,52161315.234930076,0.0,-0.0011924896614340375,1.0,4.0
2020-09-28,208396453.62314245,209420508.64248678,0.0,0.25,0.25,0.25,0.0,52099113.40578561,52099113.40578561,52099113.40578561,52099113.40578561,0.004913975269445814,0.75,3.0
2020-09-29,209420508.64248678,209859668.81422943,0.0,0.25,0.25,0.25,0.0,52355127.160621695,52355127.160621695,52355127.160621695,52355127.160621695,0.00209702561888242,0.75,3.0
2020-09-30,209859668.81422943,210321150.54164872,0.0,0.25,0.25,0.25,0.0,52464917.20355736,52464917.20355736,52464917.20355736,52464917.20355736,0.002199001504323339,0.75,3.0
2020-10-01,210321150.54164872,210538843.08043712,0.0,0.25,0.25,0.25,0.0,52580287.63541218,52580287.63541218,52580287.63541218,52580287.63541218,0.001035048249915821,0.75,3.0
2020-10-02,210538843.08043712,210065775.03572705,0.0,0.25,0.25,0.0,0.0,52634710.77010928,52634710.77010928,0.0,105269421.54021856,-0.0022469395090640998,0.5,2.0
2020-10-05,210065775.03572705,211205600.94079533,0.0,0.25,0.25,0.0,0.0,52516443.75893176,52516443.75893176,0.0,105032887.51786353,0.005426042890016025,0.5,2.0
2020-10-06,211205600.94079533,211245520.05088067,0.0,0.25,0.25,0.0,0.0,52801400.23519883,52801400.23519883,0.0,105602800.47039767,0.00018900592554141338,0.5,2.0
2020-10-07,211245520.05088067,211375131.57958874,0.0,0.25,0.25,0.0,0.0,52811380.01272017,52811380.01272017,0.0,105622760.02544034,0.0006135587096797734,0.5,2.0
2020-10-08,211375131.57958874,211777809.62118918,0.0,0.25,0.25,0.0,0.0,52843782.894897185,52843782.894897185,0.0,105687565.78979437,0.0019050398151914116,0.5,2.0
2020-10-09,211777809.62118918,212580226.19766513,0.0,0.0,0.25,0.0,0.0,0.0,52944452.405297294,0.0,158833357.2158919,0.003788954933055755,0.25,1.0
2020-10-12,212580226.19766513,212237416.6515502,0.0,0.0,0.25,0.0,0.0,0.0,53145056.54941628,0.0,159435169.64824885,-0.0016126125757159882,0.25,1.0
2020-10-13,212237416.6515502,212085481.464811,0.0,0.0,0.25,0.0,0.0,0.0,53059354.16288755,0.0,159178062.48866266,-0.000715873709434961,0.25,1.0
2020-10-14,212085481.464811,212396581.9432735,0.0,0.0,0.25,0.0,0.0,0.0,53021370.36620275,0.0,159064111.09860826,0.0014668636264671964,0.25,1.0
2020-10-15,212396581.9432735,212717014.59382376,0.0,0.0,0.25,0.0,0.0,0.0,53099145.48581838,0.0,159297436.45745513,0.0015086525763196579,0.25,1.0
2020-10-16,212717014.59382376,212679286.02279285,0.0,0.0,0.25,0.0,0.0,0.0,53179253.64845594,0.0,159537760.9453678,-0.00017736508338539458,0.25,1.0
2020-10-19,212679286.02279285,212812964.10068178,0.0,0.0,0.25,0.0,0.0,0.0,53169821.50569821,0.0,159509464.51709464,0.0006285430066499398,0.25,1.0
2020-10-20,212812964.10068178,213074538.17489564,0.0,0.0,0.25,0.0,0.0,0.0,53203241.025170445,0.0,159609723.07551134,0.001229126596301422,0.25,1.0
2020-10-21,213074538.17489564,213216049.48995218,0.0,0.0,0.25,0.0,0.0,0.0,53268634.54372391,0.0,159805903.63117173,0.0006641399590424646,0.25,1.0
2020-10-22,213216049.48995218,213008159.3401694,0.0,0.0,0.25,0.0,0.0,0.0,53304012.372488044,0.0,159912037.11746413,-0.000975021112529062,0.25,1.0
2020-10-23,213008159.3401694,212812279.82069492,0.0,0.0,0.25,0.0,0.0,0.0,53252039.83504235,0.0,159756119.50512704,-0.0009195869307601356,0.25,1.0
2020-10-26,212812279.82069492,212568777.41463578,0.0,0.0,0.25,0.0,0.0,0.0,53203069.95517373,0.0,159609209.8655212,-0.0011442121961397766,0.25,1.0
2020-10-27,212568777.41463578,212826254.63078287,0.0,0.0,0.25,0.0,0.0,0.0,53142194.353658944,0.0,159426583.06097683,0.0012112654514865318,0.25,1.0
2020-10-28,212826254.63078287,211779751.8641246,0.0,0.0,0.25,0.0,0.0,0.0,53206563.65769572,0.0,159619690.97308716,-0.004917169493368123,0.25,1.0
2020-10-29,211779751.8641246,211395967.90862843,0.0,0.0,0.25,0.0,0.0,0.0,52944937.96603115,0.0,158834813.89809346,-0.0018121843666261683,0.25,1.0
2020-10-30,211395967.90862843,211565553.91518515,0.0,0.0,0.25,0.0,0.0,0.0,52848991.97715711,0.0,158546975.93147132,0.0008022196839156392,0.25,1.0
2020-11-02,211565553.91518515,211772794.7251777,0.0,0.0,0.25,0.0,0.0,0.0,52891388.47879629,0.0,158674165.43638885,0.0009795583740235814,0.25,1.0
2020-11-03,211772794.7251777,211870936.78201628,0.0,0.0,0.25,0.0,0.0,0.0,52943198.68129443,0.0,158829596.04388326,0.0004634308999224568,0.25,1.0
2020-11-04,211870936.78201628,212188118.0607864,0.0,0.0,0.25,0.0,0.0,0.0,52967734.19550407,0.0,158903202.5865122,0.0014970494943176704,0.25,1.0
2020-11-05,212188118.0607864,212553068.83853275,0.0,0.0,0.25,0.0,0.0,0.0,53047029.5151966,0.0,159141088.5455898,0.00171993974536222,0.25,1.0
2020-11-06,212553068.83853275,212284951.1572617,0.0,0.0,0.25,0.0,0.0,0.0,53138267.20963319,0.0,159414801.62889957,-0.0012614152443722881,0.25,1.0
2020-11-09,212284951.1572617,212231021.6384686,0.0,0.0,0.25,0.0,0.0,0.0,53071237.789315425,0.0,159213713.36794627,-0.0002540430609854205,0.25,1.0
2020-11-10,212231021.6384686,213117963.82617104,0.0,0.0,0.25,0.0,0.0,0.0,53057755.40961715,0.0,159173266.22885144,0.0041791354574608475,0.25,1.0
2020-11-11,213117963.82617104,213145120.63145927,0.0,0.0,0.25,0.0,0.0,0.0,53279490.95654276,0.0,159838472.86962828,0.00012742616718314226,0.25,1.0
2020-11-12,213145120.63145927,212941774.43565428,0.0,0.0,0.25,0.0,0.0,0.0,53286280.15786482,0.0,159858840.47359446,-0.0009540269803154089,0.25,1.0
2020-11-13,212941774.43565428,212947118.22140902,0.0,0.0,0.25,0.0,0.0,0.0,53235443.60891357,0.0,159706330.8267407,2.5095056002621963e-05,0.25,1.0
2020-11-16,212947118.22140902,212979611.76964283,0.0,0.0,0.25,0.0,0.0,0.0,53236779.555352256,0.0,159710338.66605675,0.0001525897532929088,0.25,1.0
2020-11-17,212979611.76964283,213062324.14840388,0.0,0.0,0.25,0.0,0.0,0.0,53244902.94241071,0.0,159734708.82723212,0.0003883582004579056,0.25,1.0
2020-11-18,213062324.14840388,213280543.2782328,0.0,0.0,0.25,0.0,0.0,0.0,53265581.03710097,0.0,159796743.1113029,0.0010242032733902007,0.25,1.0
2020-11-19,213280543.2782328,212810367.85083812,0.0,0.0,0.25,0.0,0.0,0.0,53320135.8195582,0.0,159960407.4586746,-0.0022044928251205853,0.25,1.0
2020-11-20,212810367.85083812,213244466.8289823,0.0,0.0,0.25,0.0,0.0,0.0,53202591.96270953,0.0,159607775.88812858,0.0020398394238405615,0.25,1.0
2020-11-23,213244466.8289823,213038278.79503325,0.0,0.25,0.25,0.0,0.0,53311116.70724557,53311116.70724557,0.0,106622233.41449115,-0.0009669091865084356,0.5,2.0
2020-11-24,213038278.79503325,213900361.65032846,0.0,0.25,0.25,0.0,0.0,53259569.69875831,53259569.69875831,0.0,106519139.39751662,0.004046610121764216,0.5,2.0
2020-11-25,213900361.65032846,214017045.80396244,0.0,0.25,0.25,0.0,0.0,53475090.412582114,53475090.412582114,0.0,106950180.82516423,0.000545507042315041,0.5,2.0
2020-11-26,214017045.80396244,214316299.12237522,0.25,0.25,0.25,0.0,53504261.45099061,53504261.45099061,53504261.45099061,0.0,53504261.45099061,0.0013982686158882651,0.75,3.0
2020-11-27,214316299.12237522,214488619.8540242,0.25,0.25,0.25,0.0,53579074.780593805,53579074.780593805,53579074.780593805,0.0,53579074.780593805,0.0008040486531106783,0.75,3.0
2020-11-30,214488619.8540242,213451982.0621313,0.25,0.25,0.25,0.0,53622154.96350605,53622154.96350605,53622154.96350605,0.0,53622154.96350605,-0.004833066633551236,0.75,3.0
2020-12-01,213451982.0621313,214739941.1396262,0.25,0.25,0.25,0.0,53362995.51553282,53362995.51553282,53362995.51553282,0.0,53362995.51553282,0.0060339522971496196,0.75,3.0
2020-12-02,214739941.1396262,215170512.6036279,0.25,0.25,0.25,0.0,53684985.28490655,53684985.28490655,53684985.28490655,0.0,53684985.28490655,0.00200508327289578,0.75,3.0
2020-12-03,215170512.6036279,216318559.52810305,0.25,0.25,0.25,0.0,53792628.15090697,53792628.15090697,53792628.15090697,0.0,53792628.15090697,0.005335521631581658,0.75,3.0
2020-12-04,216318559.52810305,215987701.726119,0.25,0.25,0.25,0.0,54079639.88202576,54079639.88202576,54079639.88202576,0.0,54079639.88202576,-0.0015294933671240463,0.75,3.0
2020-12-07,215987701.726119,216862523.51990977,0.25,0.25,0.25,0.0,53996925.43152975,53996925.43152975,53996925.43152975,0.0,53996925.43152975,0.004050331508689414,0.75,3.0
2020-12-08,216862523.51990977,216516495.62247145,0.25,0.25,0.25,0.0,54215630.87997744,54215630.87997744,54215630.87997744,0.0,54215630.87997744,-0.0015956094756341688,0.75,3.0
2020-12-09,216516495.62247145,216432426.19427276,0.25,0.25,0.25,0.0,54129123.90561786,54129123.90561786,54129123.90561786,0.0,54129123.90561786,-0.0003882818625757789,0.75,3.0
2020-12-10,216432426.19427276,218198703.67214814,0.25,0.25,0.25,0.0,54108106.54856819,54108106.54856819,54108106.54856819,0.0,54108106.54856819,0.008160872697929034,0.75,3.0
2020-12-11,218198703.67214814,218316494.6744804,0.25,0.25,0.25,0.0,54549675.918037035,54549675.918037035,54549675.918037035,0.0,54549675.918037035,0.0005398336486419353,0.75,3.0
2020-12-14,218316494.6744804,218112506.68695372,0.25,0.25,0.25,0.0,54579123.6686201,54579123.6686201,54579123.6686201,0.0,54579123.6686201,-0.0009343681879412091,0.75,3.0
2020-12-15,218112506.68695372,218532764.3293653,0.25,0.25,0.25,0.0,54528126.67173843,54528126.67173843,54528126.67173843,0.0,54528126.67173843,0.001926792960179724,0.75,3.0
2020-12-16,218532764.3293653,218700857.28257176,0.25,0.25,0.25,0.0,54633191.08234133,54633191.08234133,54633191.08234133,0.0,54633191.08234133,0.0007691887929131835,0.75,3.0
2020-12-17,218700857.28257176,220388348.38152015,0.25,0.25,0.25,0.0,54675214.32064294,54675214.32064294,54675214.32064294,0.0,54675214.32064294,0.007715978437012161,0.75,3.0
2020-12-18,220388348.38152015,220329047.92683294,0.25,0.25,0.25,0.0,55097087.09538004,55097087.09538004,55097087.09538004,0.0,55097087.09538004,-0.0002690725490830659,0.75,3.0
2020-12-21,220329047.92683294,219085775.9732988,0.25,0.25,0.25,0.0,55082261.981708236,55082261.981708236,55082261.981708236,0.0,55082261.981708236,-0.005642796377657078,0.75,3.0
2020-12-22,219085775.9732988,218569980.5478545,0.25,0.25,0.25,0.0,54771443.9933247,54771443.9933247,54771443.9933247,0.0,54771443.9933247,-0.0023543081386858677,0.75,3.0
2020-12-23,218569980.5478545,218729776.9950565,0.25,0.25,0.25,0.0,54642495.13696363,54642495.13696363,54642495.13696363,0.0,54642495.13696363,0.0007310996999745634,0.75,3.0
2020-12-24,218729776.9950565,218694327.06907356,0.25,0.25,0.25,0.0,54682444.24876413,54682444.24876413,54682444.24876413,0.0,54682444.24876413,-0.00016207178770991093,0.75,3.0
2020-12-25,218694327.06907356,218694327.06907356,0.25,0.25,0.25,0.0,54673581.76726839,54673581.76726839,54673581.76726839,0.0,54673581.76726839,0.0,0.75,3.0
2020-12-28,218694327.06907356,217288240.92720237,0.25,0.25,0.25,0.0,54673581.76726839,54673581.76726839,54673581.76726839,0.0,54673581.76726839,-0.006429458691112028,0.75,3.0
2020-12-29,217288240.92720237,219162207.67700508,0.25,0.25,0.25,0.0,54322060.23180059,54322060.23180059,54322060.23180059,0.0,54322060.23180059,0.008624335775402392,0.75,3.0
2020-12-30,219162207.67700508,220103772.4840433,0.25,0.25,0.25,0.0,54790551.91925127,54790551.91925127,54790551.91925127,0.0,54790551.91925127,0.0042962005950672455,0.75,3.0
2020-12-31,220103772.4840433,220531340.84622213,0.25,0.25,0.25,0.0,55025943.121010825,55025943.121010825,55025943.121010825,0.0,55025943.121010825,0.001942576255524353,0.75,3.0
2021-01-01,220531340.84622213,220531340.84622213,0.25,0.25,0.25,0.0,55132835.21155553,55132835.21155553,55132835.21155553,0.0,55132835.21155553,0.0,0.75,3.0
2021-01-04,220531340.84622213,220491004.39308137,0.25,0.25,0.25,0.0,55132835.21155553,55132835.21155553,55132835.21155553,0.0,55132835.21155553,-0.00018290576289975435,0.75,3.0
2021-01-05,220491004.39308137,221005428.06258595,0.25,0.25,0.25,0.0,55122751.09827034,55122751.09827034,55122751.09827034,0.0,55122751.09827034,0.002333082344654347,0.75,3.0
2021-01-06,221005428.06258595,220107786.45084786,0.25,0.25,0.25,0.25,55251357.01564649,55251357.01564649,55251357.01564649,55251357.01564649,0.0,-0.004061626990826156,1.0,4.0
2021-01-07,220107786.45084786,219402007.678329,0.25,0.25,0.25,0.25,55026946.612711966,55026946.612711966,55026946.612711966,55026946.612711966,0.0,-0.0032065143350868686,1.0,4.0
2021-01-08,219402007.678329,217177886.7108775,0.25,0.25,0.25,0.25,54850501.91958225,54850501.91958225,54850501.91958225,54850501.91958225,0.0,-0.0101371951468755,1.0,4.0
2021-01-11,217177886.7108775,215200075.42997727,0.25,0.25,0.25,0.25,54294471.67771938,54294471.67771938,54294471.67771938,54294471.67771938,0.0,-0.00910687230110721,1.0,4.0
2021-01-12,215200075.42997727,217166643.27146873,0.25,0.25,0.25,0.25,53800018.85749432,53800018.85749432,53800018.85749432,53800018.85749432,0.0,0.009138323197899478,1.0,4.0
2021-01-13,217166643.27146873,218405681.83871713,0.25,0.25,0.25,0.25,54291660.81786718,54291660.81786718,54291660.81786718,54291660.81786718,0.0,0.005705473679489315,1.0,4.0
2021-01-14,218405681.83871713,219785644.16681552,0.25,0.25,0.25,0.25,54601420.45967928,54601420.45967928,54601420.45967928,54601420.45967928,0.0,0.006318344451850755,1.0,4.0
2021-01-15,219785644.16681552,217820108.1560321,0.25,0.25,0.25,0.25,54946411.04170388,54946411.04170388,54946411.04170388,54946411.04170388,0.0,-0.008942968128034912,1.0,4.0
2021-01-18,217820108.1560321,218377898.23792142,0.25,0.25,0.25,0.25,54455027.03900802,54455027.03900802,54455027.03900802,54455027.03900802,0.0,0.0025607832381101814,1.0,4.0
2021-01-19,218377898.23792142,217327544.9619525,0.25,0.25,0.25,0.25,54594474.559480354,54594474.559480354,54594474.559480354,54594474.559480354,0.0,-0.004809796616068535,1.0,4.0
2021-01-20,217327544.9619525,219044061.93371138,0.25,0.25,0.25,0.25,54331886.24048813,54331886.24048813,54331886.24048813,54331886.24048813,0.0,0.007898294585987176,1.0,4.0
2021-01-21,219044061.93371138,218392082.39481515,0.25,0.25,0.25,0.25,54761015.483427845,54761015.483427845,54761015.483427845,54761015.483427845,0.0,-0.0029764766647429886,1.0,4.0
2021-01-22,218392082.39481515,216022690.17694208,0.25,0.25,0.25,0.25,54598020.59870379,54598020.59870379,54598020.59870379,54598020.59870379,0.0,-0.010849258782145987,1.0,4.0
2021-01-25,216022690.17694208,216386428.38388452,0.25,0.25,0.25,0.25,54005672.54423552,54005672.54423552,54005672.54423552,54005672.54423552,0.0,0.0016837963023443037,1.0,4.0
2021-01-26,216386428.38388452,216858013.42266777,0.0,0.25,0.25,0.25,0.0,54096607.09597113,54096607.09597113,54096607.09597113,54096607.09597113,0.0021793651399737712,0.75,3.0
2021-01-27,216858013.42266777,216218776.11092007,0.0,0.25,0.25,0.25,0.0,54214503.35566694,54214503.35566694,54214503.35566694,54214503.35566694,-0.002947722805621028,0.75,3.0
2021-01-28,216218776.11092007,215772581.7523997,0.0,0.25,0.25,0.25,0.0,54054694.02773002,54054694.02773002,54054694.02773002,54054694.02773002,-0.0020636244758479028,0.75,3.0
2021-01-29,215772581.7523997,215996134.94272196,0.0,0.25,0.25,0.25,0.0,53943145.43809993,53943145.43809993,53943145.43809993,53943145.43809993,0.0010360593014491215,0.75,3.0
2021-02-01,215996134.94272196,216995322.82544047,0.0,0.25,0.25,0.25,0.0,53999033.73568049,53999033.73568049,53999033.73568049,53999033.73568049,0.00462595260319576,0.75,3.0
2021-02-02,216995322.82544047,216511208.96225184,0.0,0.25,0.25,0.0,0.0,54248830.70636012,54248830.70636012,0.0,108497661.41272023,-0.002230987547957669,0.5,2.0
2021-02-03,216511208.96225184,217115459.6249845,0.0,0.25,0.25,0.0,0.0,54127802.24056296,54127802.24056296,0.0,108255604.48112592,0.002790851640563363,0.5,2.0
2021-02-04,217115459.6249845,217105324.26606482,0.0,0.25,0.25,0.0,0.0,54278864.906246126,54278864.906246126,0.0,108557729.81249225,-4.6681885008087454e-05,0.5,2.0
2021-02-05,217105324.26606482,217859615.98550028,0.0,0.25,0.25,0.0,0.0,54276331.066516206,54276331.066516206,0.0,108552662.13303241,0.0034743123964617317,0.5,2.0
2021-02-08,217859615.98550028,218936116.86630675,0.0,0.25,0.25,0.0,0.0,54464903.99637507,54464903.99637507,0.0,108929807.99275014,0.004941259424959821,0.5,2.0
2021-02-09,218936116.86630675,219200748.36757997,0.0,0.25,0.25,0.0,0.0,54734029.21657669,54734029.21657669,0.0,109468058.43315338,0.0012087156064562454,0.5,2.0
2021-02-10,219200748.36757997,219084968.8410554,0.0,0.25,0.25,0.0,0.0,54800187.09189499,54800187.09189499,0.0,109600374.18378998,-0.0005281894673571375,0.5,2.0
2021-02-11,219084968.8410554,219266680.49352682,0.0,0.25,0.25,0.0,0.0,54771242.21026385,54771242.21026385,0.0,109542484.4205277,0.0008294117731247608,0.5,2.0
2021-02-12,219266680.49352682,219560554.35188472,0.0,0.25,0.25,0.0,0.0,54816670.123381704,54816670.123381704,0.0,109633340.24676341,0.001340257706717779,0.5,2.0
2021-02-15,219560554.35188472,219779866.0501242,0.0,0.25,0.25,0.0,0.0,54890138.58797118,54890138.58797118,0.0,109780277.17594236,0.000998866571852386,0.5,2.0
2021-02-16,219779866.0501242,220354232.4315643,0.0,0.25,0.25,0.0,0.0,54944966.51253105,54944966.51253105,0.0,109889933.0250621,0.002613371241700302,0.5,2.0
2021-02-17,220354232.4315643,220210596.49342254,0.0,0.25,0.25,0.0,0.0,55088558.107891075,55088558.107891075,0.0,110177116.21578215,-0.0006518410677060771,0.5,2.0
2021-02-18,220210596.49342254,220277681.53521746,0.0,0.25,0.25,0.0,0.0,55052649.123355635,55052649.123355635,0.0,110105298.24671127,0.00030464038907823676,0.5,2.0
2021-02-19,220277681.53521746,221162860.11268178,0.0,0.25,0.25,0.0,0.0,55069420.383804366,55069420.383804366,0.0,110138840.76760873,0.004018466924543107,0.5,2.0
2021-02-22,221162860.11268178,222372334.0125015,0.0,0.25,0.25,0.0,0.0,55290715.028170444,55290715.028170444,0.0,110581430.05634089,0.005468702562462235,0.5,2.0
2021-02-23,222372334.0125015,222334152.12153828,0.0,0.25,0.25,0.0,0.0,55593083.50312538,55593083.50312538,0.0,111186167.00625075,-0.00017170252375489636,0.5,2.0
2021-02-24,222334152.12153828,223029986.09889176,0.0,0.25,0.25,0.0,0.0,55583538.03038457,55583538.03038457,0.0,111167076.06076914,0.0031296765283863603,0.5,2.0
2021-02-25,223029986.09889176,223022395.6362432,0.0,0.25,0.25,0.0,0.0,55757496.52472294,55757496.52472294,0.0,111514993.04944588,-3.403337273757967e-05,0.5,2.0
2021-02-26,223022395.6362432,220348830.83901677,0.0,0.25,0.25,0.0,0.0,55755598.9090608,55755598.9090608,0.0,111511197.8181216,-0.011987875879457044,0.5,2.0
2021-03-01,220348830.83901677,220304609.90075752,0.0,0.25,0.25,0.0,0.0,55087207.70975419,55087207.70975419,0.0,110174415.41950838,-0.00020068605806031203,0.5,2.0
2021-03-02,220304609.90075752,220813653.83868855,0.0,0.25,0.25,0.0,0.0,55076152.47518938,55076152.47518938,0.0,110152304.95037876,0.0023106367958452,0.5,2.0
2021-03-03,220813653.83868855,220468869.44679308,0.0,0.25,0.25,0.0,0.0,55203413.45967214,55203413.45967214,0.0,110406826.91934428,-0.0015614269584405815,0.5,2.0
2021-03-04,220468869.44679308,220418628.11228824,0.0,0.25,0.25,0.0,0.0,55117217.36169827,55117217.36169827,0.0,110234434.72339654,-0.0002278840302075702,0.5,2.0
2021-03-05,220418628.11228824,220166068.8305132,0.0,0.25,0.25,0.0,0.0,55104657.02807206,55104657.02807206,0.0,110209314.05614412,-0.0011458164127870207,0.5,2.0
2021-03-08,220166068.8305132,219883342.65511078,0.0,0.25,0.25,0.0,0.0,55041517.2076283,55041517.2076283,0.0,110083034.4152566,-0.001284149628070358,0.5,2.0
2021-03-09,219883342.65511078,220114121.00976524,0.0,0.25,0.25,0.0,0.0,54970835.663777694,54970835.663777694,0.0,109941671.32755539,0.0010495490557300147,0.5,2.0
2021-03-10,220114121.00976524,220167887.0195489,0.0,0.25,0.25,0.0,0.0,55028530.25244131,55028530.25244131,0.0,110057060.50488262,0.00024426424591492135,0.5,2.0
2021-03-11,220167887.0195489,221153641.67507195,0.0,0.25,0.25,0.0,0.0,55041971.75488722,55041971.75488722,0.0,110083943.50977445,0.004477286260350544,0.5,2.0
2021-03-12,221153641.67507195,220821295.15329903,0.0,0.25,0.25,0.0,0.0,55288410.41876799,55288410.41876799,0.0,110576820.83753598,-0.0015027856618396451,0.5,2.0
2021-03-15,220821295.15329903,220688981.87259135,0.0,0.25,0.25,0.0,0.0,55205323.78832476,55205323.78832476,0.0,110410647.57664952,-0.0005991871418734029,0.5,2.0
2021-03-16,220688981.87259135,220816117.23168418,0.0,0.25,0.25,0.0,0.0,55172245.46814784,55172245.46814784,0.0,110344490.93629567,0.0005760838534576151,0.5,2.0
2021-03-17,220816117.23168418,220373499.17340037,0.0,0.25,0.25,0.0,0.0,55204029.307921045,55204029.307921045,0.0,110408058.61584209,-0.002004464455913707,0.5,2.0
2021-03-18,220373499.17340037,219658794.50696743,0.0,0.25,0.25,0.0,0.0,55093374.79335009,55093374.79335009,0.0,110186749.58670019,-0.0032431515999597482,0.5,2.0
2021-03-19,219658794.50696743,219895753.04731494,0.0,0.25,0.25,0.0,0.0,54914698.62674186,54914698.62674186,0.0,109829397.25348371,0.0010787573558317665,0.5,2.0
2021-03-22,219895753.04731494,220010068.36530808,0.0,0.25,0.25,0.0,0.0,54973938.261828735,54973938.261828735,0.0,109947876.52365747,0.0005198614180079164,0.5,2.0
2021-03-23,220010068.36530808,218577809.8152256,0.0,0.25,0.25,0.0,0.0,55002517.09132702,55002517.09132702,0.0,110005034.18265404,-0.006509968206110994,0.5,2.0
2021-03-24,218577809.8152256,218904856.29578292,0.0,0.25,0.25,0.0,0.0,54644452.4538064,54644452.4538064,0.0,109288904.9076128,0.0014962474042255758,0.5,2.0
2021-03-25,218904856.29578292,217653583.1126999,0.0,0.25,0.25,0.0,0.0,54726214.07394573,54726214.07394573,0.0,109452428.14789146,-0.005716059498434928,0.5,2.0
2021-03-26,217653583.1126999,218400156.73285925,0.0,0.0,0.25,0.0,0.0,0.0,54413395.778174974,0.0,163240187.33452493,0.0034301002973737837,0.25,1.0
2021-03-29,218400156.73285925,218270944.53390282,0.0,0.0,0.25,0.0,0.0,0.0,54600039.18321481,0.0,163800117.54964444,-0.0005916305230239671,0.25,1.0
2021-03-30,218270944.53390282,217503588.9952059,0.0,0.0,0.25,0.0,0.0,0.0,54567736.133475706,0.0,163703208.4004271,-0.0035156101071333323,0.25,1.0
2021-03-31,217503588.9952059,217958295.7520552,0.0,0.0,0.25,0.0,0.0,0.0,54375897.24880148,0.0,163127691.74640444,0.00209057128183443,0.25,1.0
2021-04-01,217958295.7520552,218212575.42407033,0.0,0.0,0.25,0.0,0.0,0.0,54489573.9380138,0.0,163468721.8140414,0.0011666436973077898,0.25,1.0
2021-04-02,218212575.42407033,218212575.42407033,0.0,0.0,0.25,0.0,0.0,0.0,54553143.85601758,0.0,163659431.56805274,0.0,0.25,1.0
2021-04-05,218212575.42407033,217675658.98578462,0.0,0.0,0.25,0.0,0.0,0.0,54553143.85601758,0.0,163659431.56805274,-0.002460520147577555,0.25,1.0
2021-04-06,217675658.98578462,218066646.9383244,0.0,0.0,0.25,0.0,0.0,0.0,54418914.746446155,0.0,163256744.23933846,0.0017961951022060219,0.25,1.0
2021-04-07,218066646.9383244,218170782.935595,0.0,0.0,0.25,0.0,0.0,0.0,54516661.7345811,0.0,163549985.20374328,0.0004775420667614272,0.25,1.0
2021-04-08,218170782.935595,218582238.44302413,0.0,0.0,0.25,0.0,0.0,0.0,54542695.73389875,0.0,163628087.20169625,0.00188593312950891,0.25,1.0
2021-04-09,218582238.44302413,218343381.67427924,0.0,0.0,0.25,0.0,0.0,0.0,54645559.61075603,0.0,163936678.8322681,-0.0010927547016000572,0.25,1.0
2021-04-12,218343381.67427924,218053653.05965623,0.0,0.0,0.25,0.0,0.0,0.0,54585845.41856981,0.0,163757536.25570944,-0.0013269402186654733,0.25,1.0
2021-04-13,218053653.05965623,218532901.0316102,0.0,0.0,0.25,0.0,0.0,0.0,54513413.26491406,0.0,163540239.79474217,0.0021978442701111045,0.25,1.0
2021-04-14,218532901.0316102,219546104.51722792,0.0,0.0,0.25,0.0,0.0,0.0,54633225.25790255,0.0,163899675.77370763,0.004636388758098908,0.25,1.0
2021-04-15,219546104.51722792,219981142.76036862,0.0,0.0,0.25,0.0,0.0,0.0,54886526.12930698,0.0,164659578.38792095,0.001981534785585548,0.25,1.0
2021-04-16,219981142.76036862,219959350.77413958,0.0,0.0,0.25,0.0,0.0,0.0,54995285.690092154,0.0,164985857.07027647,-9.906297401487962e-05,0.25,1.0
2021-04-19,219959350.77413958,220123379.45783877,0.0,0.0,0.25,0.0,0.0,0.0,54989837.693534896,0.0,164969513.08060467,0.0007457227125006183,0.25,1.0
2021-04-20,220123379.45783877,220245952.1901033,0.0,0.0,0.25,0.0,0.0,0.0,55030844.86445969,0.0,165092534.59337908,0.0005568365003589815,0.25,1.0
2021-04-21,220245952.1901033,220428586.911237,0.0,0.0,0.25,0.0,0.0,0.0,55061488.04752582,0.0,165184464.14257747,0.0008292307727683634,0.25,1.0
2021-04-22,220428586.911237,220873274.89331633,0.0,0.0,0.25,0.0,0.0,0.0,55107146.72780925,0.0,165321440.18342775,0.0020173789085641824,0.25,1.0
2021-04-23,220873274.89331633,221144185.23254204,0.0,0.0,0.25,0.0,0.0,0.0,55218318.72332908,0.0,165654956.16998726,0.0012265419587613735,0.25,1.0
2021-04-26,221144185.23254204,221845372.587206,0.0,0.0,0.25,0.0,0.0,0.0,55286046.30813551,0.0,165858138.92440653,0.0031707248098187257,0.25,1.0
2021-04-27,221845372.587206,222188026.75470015,0.0,0.0,0.25,0.0,0.0,0.0,55461343.1468015,0.0,166384029.4404045,0.0015445630598378002,0.25,1.0
2021-04-28,222188026.75470015,222257031.31579092,0.0,0.0,0.25,0.0,0.0,0.0,55547006.68867504,0.0,166641020.0660251,0.0003105683150377847,0.25,1.0
2021-04-29,222257031.31579092,222243415.75089177,0.0,0.0,0.25,0.0,0.0,0.0,55564257.82894773,0.0,166692773.4868432,-6.126044615342718e-05,0.25,1.0
2021-04-30,222243415.75089177,222267582.769395,0.0,0.0,0.25,0.25,0.0,0.0,55560853.93772294,55560853.93772294,111121707.87544589,0.0001087412125195808,0.5,2.0
2021-05-03,222267582.769395,223385037.7083369,0.0,0.0,0.25,0.25,0.0,0.0,55566895.69234875,55566895.69234875,111133791.3846975,0.005027520995273649,0.5,2.0
2021-05-04,223385037.7083369,222817078.29898325,0.25,0.0,0.25,0.25,55846259.42708422,0.0,55846259.42708422,55846259.42708422,55846259.42708422,-0.002542513210285896,0.75,3.0
2021-05-05,222817078.29898325,224154759.203075,0.25,0.0,0.25,0.25,55704269.57474581,0.0,55704269.57474581,55704269.57474581,55704269.57474581,0.006003493602482202,0.75,3.0
2021-05-06,224154759.203075,226745224.3636624,0.25,0.0,0.25,0.25,56038689.80076875,0.0,56038689.80076875,56038689.80076875,56038689.80076875,0.011556592283818057,0.75,3.0
2021-05-07,226745224.3636624,228944934.460779,0.25,0.25,0.25,0.25,56686306.0909156,56686306.0909156,56686306.0909156,56686306.0909156,0.0,0.009701241132155869,1.0,4.0
2021-05-10,228944934.460779,228816495.96108425,0.25,0.25,0.25,0.25,57236233.61519475,57236233.61519475,57236233.61519475,57236233.61519475,0.0,-0.0005610017098534037,1.0,4.0
2021-05-11,228816495.96108425,228806899.88302878,0.25,0.25,0.25,0.25,57204123.99027106,57204123.99027106,57204123.99027106,57204123.99027106,0.0,-4.193787696629703e-05,1.0,4.0
2021-05-12,228806899.88302878,227547728.40621406,0.25,0.25,0.25,0.25,57201724.970757194,57201724.970757194,57201724.970757194,57201724.970757194,0.0,-0.005503205879973272,1.0,4.0
2021-05-13,227547728.40621406,226005002.25434783,0.25,0.25,0.25,0.25,56886932.101553515,56886932.101553515,56886932.101553515,56886932.101553515,0.0,-0.006779791486699438,1.0,4.0
2021-05-14,226005002.25434783,227161647.1046603,0.25,0.25,0.25,0.25,56501250.56358696,56501250.56358696,56501250.56358696,56501250.56358696,0.0,0.005117784291388261,1.0,4.0
2021-05-17,227161647.1046603,228714031.31594822,0.25,0.25,0.25,0.25,56790411.776165076,56790411.776165076,56790411.776165076,56790411.776165076,0.0,0.006833830583085704,1.0,4.0
2021-05-18,228714031.31594822,228863995.9209041,0.25,0.25,0.25,0.25,57178507.828987055,57178507.828987055,57178507.828987055,57178507.828987055,0.0,0.0006556860726603664,1.0,4.0
2021-05-19,228863995.9209041,227150244.31047896,0.25,0.25,0.25,0.25,57215998.980226025,57215998.980226025,57215998.980226025,57215998.980226025,0.0,-0.007488078688521194,1.0,4.0
2021-05-20,227150244.31047896,227203191.61828578,0.25,0.25,0.25,0.25,56787561.07761974,56787561.07761974,56787561.07761974,56787561.07761974,0.0,0.00023309377442018442,1.0,4.0
2021-05-21,227203191.61828578,226892492.98282263,0.25,0.25,0.25,0.25,56800797.904571444,56800797.904571444,56800797.904571444,56800797.904571444,0.0,-0.0013674923897423197,1.0,4.0
2021-05-24,226892492.98282263,227367488.36683488,0.25,0.25,0.25,0.25,56723123.24570566,56723123.24570566,56723123.24570566,56723123.24570566,0.0,0.0020934821499284384,1.0,4.0
2021-05-25,227367488.36683488,227914085.7990814,0.25,0.25,0.25,0.25,56841872.09170872,56841872.09170872,56841872.09170872,56841872.09170872,0.0,0.002404026345950633,1.0,4.0
2021-05-26,227914085.7990814,227928260.2196079,0.25,0.25,0.25,0.25,56978521.44977035,56978521.44977035,56978521.44977035,56978521.44977035,0.0,6.219194604323297e-05,1.0,4.0
2021-05-27,227928260.2196079,229193504.00019106,0.25,0.25,0.25,0.25,56982065.05490197,56982065.05490197,56982065.05490197,56982065.05490197,0.0,0.005551061458390905,1.0,4.0
2021-05-28,229193504.00019106,229619097.92847517,0.25,0.25,0.25,0.25,57298376.000047766,57298376.000047766,57298376.000047766,57298376.000047766,0.0,0.001856919680776531,1.0,4.0
2021-05-31,229619097.92847517,229627513.2963221,0.25,0.25,0.25,0.25,57404774.48211879,57404774.48211879,57404774.48211879,57404774.48211879,0.0,3.664925053226131e-05,1.0,4.0
2021-06-01,229627513.2963221,231446059.27000916,0.25,0.25,0.25,0.25,57406878.32408053,57406878.32408053,57406878.32408053,57406878.32408053,0.0,0.007919547390387471,1.0,4.0
2021-06-02,231446059.27000916,232501152.40857583,0.25,0.25,0.25,0.25,57861514.81750229,57861514.81750229,57861514.81750229,57861514.81750229,0.0,0.0045586999488974045,1.0,4.0
2021-06-03,232501152.40857583,230234143.91112173,0.25,0.25,0.25,0.25,58125288.10214396,58125288.10214396,58125288.10214396,58125288.10214396,0.0,-0.009750525853180592,1.0,4.0
2021-06-04,230234143.91112173,232357402.02200434,0.25,0.25,0.25,0.25,57558535.97778043,57558535.97778043,57558535.97778043,57558535.97778043,0.0,0.00922216867929987,1.0,4.0
2021-06-07,232357402.02200434,232573376.2306494,0.25,0.25,0.25,0.25,58089350.505501084,58089350.505501084,58089350.505501084,58089350.505501084,0.0,0.000929491407485411,1.0,4.0
2021-06-08,232573376.2306494,232936896.92632586,0.25,0.25,0.25,0.25,58143344.05766235,58143344.05766235,58143344.05766235,58143344.05766235,0.0,0.001563036584703359,1.0,4.0
2021-06-09,232936896.92632586,232432953.30960345,0.25,0.25,0.25,0.25,58234224.231581464,58234224.231581464,58234224.231581464,58234224.231581464,0.0,-0.0021634340603489954,1.0,4.0
2021-06-10,232432953.30960345,232830091.0607251,0.25,0.25,0.25,0.25,58108238.32740086,58108238.32740086,58108238.32740086,58108238.32740086,0.0,0.0017086120770176405,1.0,4.0
2021-06-11,232830091.0607251,231201858.40873632,0.25,0.25,0.25,0.25,58207522.76518127,58207522.76518127,58207522.76518127,58207522.76518127,0.0,-0.006993222588072251,1.0,4.0
2021-06-14,231201858.40873632,231316100.60066858,0.25,0.25,0.25,0.25,57800464.60218408,57800464.60218408,57800464.60218408,57800464.60218408,0.0,0.000494123155923426,1.0,4.0
2021-06-15,231316100.60066858,230177346.60180363,0.25,0.25,0.25,0.25,57829025.150167145,57829025.150167145,57829025.150167145,57829025.150167145,0.0,-0.004922934442989024,1.0,4.0
2021-06-16,230177346.60180363,229504804.46681717,0.25,0.25,0.25,0.25,57544336.65045091,57544336.65045091,57544336.65045091,57544336.65045091,0.0,-0.002921843286993603,1.0,4.0
2021-06-17,229504804.46681717,225191298.82390994,0.25,0.25,0.25,0.25,57376201.11670429,57376201.11670429,57376201.11670429,57376201.11670429,0.0,-0.01879483809904678,1.0,4.0
2021-06-18,225191298.82390994,224645124.86828196,0.25,0.25,0.25,0.25,56297824.705977485,56297824.705977485,56297824.705977485,56297824.705977485,0.0,-0.0024253777054461245,1.0,4.0
2021-06-21,224645124.86828196,225581678.1270763,0.25,0.0,0.25,0.25,56161281.21707049,0.0,56161281.21707049,56161281.21707049,56161281.21707049,0.004169034424154505,0.75,3.0
2021-06-22,225581678.1270763,225690606.5789948,0.25,0.0,0.25,0.25,56395419.531769074,0.0,56395419.531769074,56395419.531769074,56395419.531769074,0.00048287809906780166,0.75,3.0
2021-06-23,225690606.5789948,226668529.05364397,0.25,0.0,0.25,0.25,56422651.6447487,0.0,56422651.6447487,56422651.6447487,56422651.6447487,0.0043330224924840455,0.75,3.0
2021-06-24,226668529.05364397,227100648.66872698,0.25,0.0,0.25,0.25,56667132.26341099,0.0,56667132.26341099,56667132.26341099,56667132.26341099,0.0019063944028189228,0.75,3.0
2021-06-25,227100648.66872698,227371563.55877203,0.25,0.0,0.25,0.25,56775162.167181745,0.0,56775162.167181745,56775162.167181745,56775162.167181745,0.0011929287372500763,0.75,3.0
2021-06-28,227371563.55877203,227555212.0313432,0.25,0.0,0.25,0.25,56842890.88969301,0.0,56842890.88969301,56842890.88969301,56842890.88969301,0.0008077020261317291,0.75,3.0
2021-06-29,227555212.0313432,226959013.62526718,0.25,0.0,0.25,0.25,56888803.0078358,0.0,56888803.0078358,56888803.0078358,56888803.0078358,-0.002620016481951176,0.75,3.0
2021-06-30,226959013.62526718,227304398.29666406,0.25,0.0,0.25,0.25,56739753.406316794,0.0,56739753.406316794,56739753.406316794,56739753.406316794,0.0015217931461720402,0.75,3.0
2021-07-01,227304398.29666406,227702201.6818532,0.25,0.0,0.25,0.25,56826099.574166015,0.0,56826099.574166015,56826099.574166015,56826099.574166015,0.001750091015264743,0.75,3.0
2021-07-02,227702201.6818532,227767347.86422694,0.25,0.0,0.25,0.25,56925550.4204633,0.0,56925550.4204633,56925550.4204633,56925550.4204633,0.0002861025580454257,0.75,3.0
2021-07-05,227767347.86422694,227453539.93454462,0.25,0.0,0.25,0.0,56941836.966056734,0.0,56941836.966056734,0.0,113883673.93211347,-0.0013777564371051099,0.5,2.0
2021-07-06,227453539.93454462,224897643.74826592,0.25,0.0,0.25,0.0,56863384.983636156,0.0,56863384.983636156,0.0,113726769.96727231,-0.011237003332699197,0.5,2.0
2021-07-07,224897643.74826592,224021982.02554736,0.25,0.0,0.25,0.0,56224410.93706648,0.0,56224410.93706648,0.0,112448821.87413296,-0.003893601142832409,0.5,2.0
2021-07-08,224021982.02554736,223803515.16302764,0.25,0.0,0.25,0.0,56005495.50638684,0.0,56005495.50638684,0.0,112010991.01277368,-0.0009752027927992235,0.5,2.0
2021-07-09,223803515.16302764,224651071.0281589,0.25,0.0,0.25,0.0,55950878.79075691,0.0,55950878.79075691,0.0,111901757.58151382,0.0037870534093883967,0.5,2.0
2021-07-12,224651071.0281589,225412643.90985975,0.25,0.0,0.25,0.0,56162767.757039726,0.0,56162767.757039726,0.0,112325535.51407945,0.003390025599323332,0.5,2.0
2021-07-13,225412643.90985975,226256005.63018394,0.25,0.0,0.25,0.0,56353160.97746494,0.0,56353160.97746494,0.0,112706321.95492987,0.003741412662997934,0.5,2.0
2021-07-14,226256005.63018394,227177570.83805647,0.25,0.0,0.25,0.0,56564001.407545984,0.0,56564001.407545984,0.0,113128002.81509197,0.004073108270897685,0.5,2.0
2021-07-15,227177570.83805647,226748371.18817642,0.25,0.0,0.25,0.0,56794392.70951412,0.0,56794392.70951412,0.0,113588785.41902824,-0.0018892694745204774,0.5,2.0
2021-07-16,226748371.18817642,227222667.2747895,0.25,0.0,0.25,0.0,56687092.797044106,0.0,56687092.797044106,0.0,113374185.59408821,0.0020917287481613256,0.5,2.0
2021-07-19,227222667.2747895,224440831.78606978,0.25,0.0,0.25,0.0,56805666.81869738,0.0,56805666.81869738,0.0,113611333.63739476,-0.012242772792361911,0.5,2.0
2021-07-20,224440831.78606978,224751760.60989267,0.25,0.0,0.25,0.0,56110207.946517445,0.0,56110207.946517445,0.0,112220415.89303489,0.0013853487413524601,0.5,2.0
2021-07-21,224751760.60989267,225492379.80674538,0.25,0.0,0.25,0.0,56187940.15247317,0.0,56187940.15247317,0.0,112375880.30494633,0.0032952765079255764,0.5,2.0
2021-07-22,225492379.80674538,226512904.77941322,0.25,0.0,0.25,0.0,56373094.951686345,0.0,56373094.951686345,0.0,112746189.90337269,0.004525762571411518,0.5,2.0
2021-07-23,226512904.77941322,227071872.71065655,0.25,0.0,0.25,0.0,56628226.194853306,0.0,56628226.194853306,0.0,113256452.38970661,0.00246770898897658,0.5,2.0
2021-07-26,227071872.71065655,227565362.7638898,0.25,0.0,0.25,0.0,56767968.17766414,0.0,56767968.17766414,0.0,113535936.35532828,0.002173276889569059,0.5,2.0
2021-07-27,227565362.7638898,227222599.43801624,0.25,0.0,0.25,0.0,56891340.69097245,0.0,56891340.69097245,0.0,113782681.3819449,-0.0015062192317430445,0.5,2.0
2021-07-28,227222599.43801624,227404626.78906423,0.25,0.0,0.25,0.0,56805649.85950406,0.0,56805649.85950406,0.0,113611299.71900812,0.00080109703655451,0.5,2.0
2021-07-29,227404626.78906423,228187876.9220385,0.0,0.0,0.25,0.0,0.0,0.0,56851156.69726606,0.0,170553470.0917982,0.0034443016575068097,0.25,1.0
2021-07-30,228187876.9220385,227468074.0157028,0.0,0.0,0.25,0.0,0.0,0.0,57046969.230509624,0.0,171140907.69152886,-0.003154430971727795,0.25,1.0
2021-08-02,227468074.0157028,227156141.03519145,0.0,0.0,0.25,0.0,0.0,0.0,56867018.5039257,0.0,170601055.5117771,-0.0013713264239878786,0.25,1.0
2021-08-03,227156141.03519145,226919132.80112725,0.0,0.0,0.25,0.0,0.0,0.0,56789035.25879786,0.0,170367105.7763936,-0.0010433714579941022,0.25,1.0
2021-08-04,226919132.80112725,226624916.1835,0.0,0.0,0.25,0.0,0.0,0.0,56729783.200281814,0.0,170189349.60084546,-0.00129657034202188,0.25,1.0
2021-08-05,226624916.1835,226892926.6456972,0.0,0.0,0.25,0.0,0.0,0.0,56656229.045875,0.0,169968687.13762498,0.0011826169280530485,0.25,1.0
2021-08-06,226892926.6456972,226525929.29682553,0.0,0.0,0.25,0.0,0.0,0.0,56723231.6614243,0.0,170169694.9842729,-0.0016174913616622821,0.25,1.0
2021-08-09,226525929.29682553,225592052.58628002,0.0,0.0,0.25,0.0,0.0,0.0,56631482.32420638,0.0,169894446.97261915,-0.00412260403674064,0.25,1.0
2021-08-10,225592052.58628002,226353745.13925987,0.0,0.0,0.25,0.0,0.0,0.0,56398013.146570005,0.0,169194039.43971002,0.0033764157214206114,0.25,1.0
2021-08-11,226353745.13925987,226701436.1532029,0.0,0.0,0.25,0.0,0.0,0.0,56588436.28481497,0.0,169765308.85444492,0.0015360515185163237,0.25,1.0
2021-08-12,226701436.1532029,226712059.63104263,0.0,0.0,0.25,0.0,0.0,0.0,56675359.03830072,0.0,170026077.11490217,4.6861096339001485e-05,0.25,1.0
2021-08-13,226712059.63104263,226825858.08442047,0.0,0.0,0.25,0.0,0.0,0.0,56678014.90776066,0.0,170034044.72328198,0.0005019514778483725,0.25,1.0
2021-08-16,226825858.08442047,226739401.13367954,0.0,0.0,0.25,0.0,0.0,0.0,56706464.52110512,0.0,170119393.56331536,-0.00038116002942104044,0.25,1.0
2021-08-17,226739401.13367954,226123726.35814682,0.0,0.0,0.25,0.0,0.0,0.0,56684850.283419885,0.0,170054550.85025966,-0.0027153409264308592,0.25,1.0
2021-08-18,226123726.35814682,225822766.30410644,0.0,0.0,0.25,0.0,0.0,0.0,56530931.589536704,0.0,169592794.76861012,-0.0013309530091666633,0.25,1.0
2021-08-19,225822766.30410644,224870248.15405333,0.0,0.0,0.25,0.0,0.0,0.0,56455691.57602661,0.0,169367074.72807983,-0.004217989911479425,0.25,1.0
2021-08-20,224870248.15405333,224408776.67977753,0.0,0.0,0.25,0.0,0.0,0.0,56217562.03851333,0.0,168652686.11554,-0.00205216776369474,0.25,1.0
2021-08-23,224408776.67977753,225624789.37672848,0.0,0.0,0.25,0.0,0.0,0.0,56102194.16994438,0.0,168306582.50983316,0.005418739475979151,0.25,1.0
2021-08-24,225624789.37672848,226378314.2148759,0.0,0.0,0.25,0.0,0.0,0.0,56406197.34418212,0.0,169218592.03254634,0.0033397253920057213,0.25,1.0
2021-08-25,226378314.2148759,226607197.59381136,0.0,0.0,0.25,0.0,0.0,0.0,56594578.55371898,0.0,169783735.66115692,0.0010110658334445688,0.25,1.0
2021-08-26,226607197.59381136,226720127.78763703,0.0,0.0,0.25,0.0,0.0,0.0,56651799.39845284,0.0,169955398.1953585,0.0004983521928024204,0.25,1.0
2021-08-27,226720127.78763703,227555543.2927565,0.0,0.0,0.25,0.0,0.0,0.0,56680031.94690926,0.0,170040095.84072778,0.0036847875540277353,0.25,1.0
2021-08-30,227555543.2927565,227454224.53941834,0.0,0.0,0.25,0.0,0.0,0.0,56888885.823189124,0.0,170666657.46956736,-0.0004452484517497024,0.25,1.0
2021-08-31,227454224.53941834,227339999.73335078,0.0,0.0,0.25,0.0,0.0,0.0,56863556.134854585,0.0,170590668.40456375,-0.0005021881053160204,0.25,1.0
2021-09-01,227339999.73335078,227387487.61432764,0.0,0.0,0.25,0.0,0.0,0.0,56834999.933337696,0.0,170504999.8000131,0.0002088848466285098,0.25,1.0
2021-09-02,227387487.61432764,227770999.1514954,0.0,0.0,0.25,0.0,0.0,0.0,56846871.90358191,0.0,170540615.71074572,0.0016865991228955934,0.25,1.0
2021-09-03,227770999.1514954,228007921.57358685,0.0,0.0,0.25,0.0,0.0,0.0,56942749.78787385,0.0,170828249.36362153,0.0010401781744562855,0.25,1.0
2021-09-06,228007921.57358685,228007921.57358685,0.0,0.0,0.25,0.0,0.0,0.0,57001980.39339671,0.0,171005941.18019015,0.0,0.25,1.0
2021-09-07,228007921.57358685,227230749.3678167,0.0,0.0,0.25,0.0,0.0,0.0,57001980.39339671,0.0,171005941.18019015,-0.0034085316001589983,0.25,1.0
2021-09-08,227230749.3678167,227762280.85686433,0.0,0.0,0.25,0.0,0.0,0.0,56807687.34195417,0.0,170423062.02586251,0.0023391706031265502,0.25,1.0
2021-09-09,227762280.85686433,227859441.11026692,0.0,0.0,0.25,0.25,0.0,0.0,56940570.21421608,56940570.21421608,113881140.42843217,0.0004265862329667358,0.5,2.0
2021-09-10,227859441.11026692,227955200.36410984,0.0,0.0,0.25,0.25,0.0,0.0,56964860.27756673,56964860.27756673,113929720.55513346,0.00042025580935475815,0.5,2.0
2021-09-13,227955200.36410984,228485483.04602417,0.0,0.0,0.25,0.25,0.0,0.0,56988800.09102746,56988800.09102746,113977600.18205492,0.002326258322106034,0.5,2.0
2021-09-14,228485483.04602417,228936147.60569277,0.0,0.0,0.25,0.25,0.0,0.0,57121370.76150604,57121370.76150604,114242741.52301209,0.0019723990936343916,0.5,2.0
2021-09-15,228936147.60569277,229613596.28040007,0.0,0.0,0.25,0.25,0.0,0.0,57234036.90142319,57234036.90142319,114468073.80284639,0.00295911625050177,0.5,2.0
2021-09-16,229613596.28040007,227751889.4204659,0.0,0.0,0.25,0.25,0.0,0.0,57403399.07010002,57403399.07010002,114806798.14020003,-0.008107999221704187,0.5,2.0
2021-09-17,227751889.4204659,227167692.8875173,0.0,0.0,0.25,0.25,0.0,0.0,56937972.35511647,56937972.35511647,113875944.71023294,-0.002565056801219573,0.5,2.0
2021-09-20,227167692.8875173,226615426.83062184,0.0,0.0,0.25,0.25,0.0,0.0,56791923.221879326,56791923.221879326,113583846.44375865,-0.0024310941836651057,0.5,2.0
2021-09-21,226615426.83062184,226779350.3625308,0.0,0.0,0.25,0.25,0.0,0.0,56653856.70765546,56653856.70765546,113307713.41531092,0.000723355572926021,0.5,2.0
2021-09-22,226779350.3625308,227393684.49509665,0.0,0.0,0.25,0.25,0.0,0.0,56694837.5906327,56694837.5906327,113389675.1812654,0.0027089509321893412,0.5,2.0
2021-09-23,227393684.49509665,227214072.89586496,0.0,0.0,0.25,0.25,0.0,0.0,56848421.12377416,56848421.12377416,113696842.24754833,-0.0007898706581516146,0.5,2.0
2021-09-24,227214072.89586496,227643184.33415654,0.0,0.0,0.25,0.0,0.0,0.0,56803518.22396624,0.0,170410554.67189872,0.001888577731222918,0.25,1.0
2021-09-27,227643184.33415654,228705589.26622748,0.0,0.0,0.25,0.0,0.0,0.0,56910796.083539136,0.0,170732388.2506174,0.00466697448104314,0.25,1.0
2021-09-28,228705589.26622748,228757193.99715066,0.0,0.0,0.25,0.0,0.0,0.0,57176397.31655687,0.0,171529191.9496706,0.0002256382587272343,0.25,1.0
2021-09-29,228757193.99715066,228009998.15752438,0.0,0.0,0.25,0.0,0.0,0.0,57189298.499287665,0.0,171567895.497863,-0.0032663271767339463,0.25,1.0
2021-09-30,228009998.15752438,228674184.85193717,0.0,0.0,0.25,0.0,0.0,0.0,57002499.539381094,0.0,171007498.6181433,0.0029129717985172388,0.25,1.0
2021-10-01,228674184.85193717,228770016.03032756,0.0,0.0,0.25,0.0,0.0,0.0,57168546.21298429,0.0,171505638.63895288,0.00041907300752991317,0.25,1.0
2021-10-04,228770016.03032756,229408258.69347754,0.0,0.0,0.25,0.0,0.0,0.0,57192504.00758189,0.0,171577512.02274567,0.0027898877406442035,0.25,1.0
2021-10-05,229408258.69347754,230419881.55739802,0.0,0.0,0.25,0.0,0.0,0.0,57352064.673369385,0.0,172056194.02010816,0.004409705516627116,0.25,1.0
2021-10-06,230419881.55739802,229165870.45081663,0.0,0.0,0.25,0.0,0.0,0.0,57604970.389349505,0.0,172814911.1680485,-0.005442286915979616,0.25,1.0
2021-10-07,229165870.45081663,229588256.62108806,0.0,0.0,0.25,0.0,0.0,0.0,57291467.61270416,0.0,171874402.83811247,0.0018431460559135138,0.25,1.0
2021-10-08,229588256.62108806,229744674.35535157,0.0,0.0,0.25,0.0,0.0,0.0,57397064.155272014,0.0,172191192.46581605,0.0006812967551806937,0.25,1.0
2021-10-11,229744674.35535157,229796502.10138014,0.0,0.0,0.25,0.0,0.0,0.0,57436168.58883789,0.0,172308505.76651368,0.00022558845454850873,0.25,1.0
2021-10-12,229796502.10138014,229805227.43785813,0.0,0.0,0.25,0.0,0.0,0.0,57449125.525345035,0.0,172347376.5760351,3.7969840263829546e-05,0.25,1.0
2021-10-13,229805227.43785813,230111642.01361254,0.0,0.0,0.25,0.0,0.0,0.0,57451306.85946453,0.0,172353920.5783936,0.001333366430218641,0.25,1.0
2021-10-14,230111642.01361254,230743366.94744954,0.0,0.0,0.25,0.0,0.0,0.0,57527910.503403135,0.0,172583731.5102094,0.002745297579509809,0.25,1.0
2021-10-15,230743366.94744954,230919224.4354737,0.0,0.0,0.25,0.0,0.0,0.0,57685841.736862384,0.0,173057525.21058714,0.0007621345321887629,0.25,1.0
2021-10-18,230919224.4354737,230306642.11798015,0.0,0.0,0.25,0.0,0.0,0.0,57729806.10886843,0.0,173189418.3266053,-0.0026527991291810382,0.25,1.0
2021-10-19,230306642.11798015,230467117.97838736,0.0,0.0,0.25,0.0,0.0,0.0,57576660.52949504,0.0,172729981.58848512,0.0006967921503758245,0.25,1.0
2021-10-20,230467117.97838736,231153762.77970546,0.0,0.0,0.25,0.0,0.0,0.0,57616779.49459684,0.0,172850338.48379052,0.0029793612526646807,0.25,1.0
2021-10-21,231153762.77970546,230032393.55732346,0.0,0.25,0.25,0.0,0.0,57788440.694926366,57788440.694926366,0.0,115576881.38985273,-0.004851183077866222,0.5,2.0
2021-10-22,230032393.55732346,230235496.62305546,0.0,0.25,0.25,0.0,0.0,57508098.389330864,57508098.389330864,0.0,115016196.77866173,0.0008829324539517958,0.5,2.0
2021-10-25,230235496.62305546,231427111.34347826,0.0,0.25,0.25,0.0,0.0,57558874.155763865,57558874.155763865,0.0,115117748.31152773,0.00517563424363604,0.5,2.0
2021-10-26,231427111.34347826,231484808.65932083,0.0,0.25,0.25,0.0,0.0,57856777.835869566,57856777.835869566,0.0,115713555.67173913,0.0002493109623484535,0.5,2.0
2021-10-27,231484808.65932083,231109503.40758237,0.0,0.25,0.25,0.0,0.0,57871202.16483021,57871202.16483021,0.0,115742404.32966042,-0.0016212953839696564,0.5,2.0
2021-10-28,231109503.40758237,231011523.4945839,0.0,0.25,0.25,0.0,0.0,57777375.85189559,57777375.85189559,0.0,115554751.70379119,-0.0004239544958291319,0.5,2.0
2021-10-29,231011523.4945839,230195983.02930692,0.0,0.25,0.25,0.0,0.0,57752880.873645976,57752880.873645976,0.0,115505761.74729195,-0.003530302094631649,0.5,2.0
2021-11-01,230195983.02930692,230527528.6418934,0.0,0.25,0.25,0.0,0.0,57548995.75732673,57548995.75732673,0.0,115097991.51465346,0.0014402754045636512,0.5,2.0
2021-11-02,230527528.6418934,230051963.67663777,0.0,0.25,0.25,0.0,0.0,57631882.16047335,57631882.16047335,0.0,115263764.3209467,-0.002062942192011863,0.5,2.0
2021-11-03,230051963.67663777,228876160.52688617,0.0,0.25,0.25,0.25,0.0,57512990.91915944,57512990.91915944,57512990.91915944,57512990.91915944,-0.005111032876921384,0.75,3.0
2021-11-04,228876160.52688617,229060343.2234946,0.0,0.25,0.25,0.25,0.0,57219040.13172154,57219040.13172154,57219040.13172154,57219040.13172154,0.000804726434524311,0.75,3.0
2021-11-05,229060343.2234946,230053138.7725563,0.0,0.25,0.25,0.25,0.0,57265085.80587365,57265085.80587365,57265085.80587365,57265085.80587365,0.004334209645765974,0.75,3.0
2021-11-08,230053138.7725563,230362606.664653,0.0,0.25,0.25,0.25,0.0,57513284.693139076,57513284.693139076,57513284.693139076,57513284.693139076,0.0013452017814138961,0.75,3.0
2021-11-09,230362606.664653,230064366.43373075,0.0,0.25,0.25,0.25,0.0,57590651.66616325,57590651.66616325,57590651.66616325,57590651.66616325,-0.001294655566024261,0.75,3.0
2021-11-10,230064366.43373075,230239224.36729124,0.0,0.25,0.25,0.25,0.0,57516091.60843269,57516091.60843269,57516091.60843269,57516091.60843269,0.0007600391849943156,0.75,3.0
2021-11-11,230239224.36729124,230973846.69079006,0.0,0.25,0.25,0.25,0.0,57559806.09182281,57559806.09182281,57559806.09182281,57559806.09182281,0.003190691445029009,0.75,3.0
2021-11-12,230973846.69079006,230856516.42184487,0.0,0.25,0.25,0.25,0.0,57743461.672697514,57743461.672697514,57743461.672697514,57743461.672697514,-0.000507980754644588,0.75,3.0
2021-11-15,230856516.42184487,231309873.51407456,0.0,0.25,0.25,0.25,0.0,57714129.10546122,57714129.10546122,57714129.10546122,57714129.10546122,0.0019638046144700716,0.75,3.0
2021-11-16,231309873.51407456,230694675.77418482,0.0,0.25,0.25,0.25,0.0,57827468.37851864,57827468.37851864,57827468.37851864,57827468.37851864,-0.0026596259404911005,0.75,3.0
2021-11-17,230694675.77418482,230369235.1791432,0.0,0.25,0.25,0.25,0.0,57673668.943546206,57673668.943546206,57673668.943546206,57673668.943546206,-0.0014106983351457603,0.75,3.0
2021-11-18,230369235.1791432,230062005.64770684,0.0,0.25,0.25,0.25,0.0,57592308.7947858,57592308.7947858,57592308.7947858,57592308.7947858,-0.0013336395860213401,0.75,3.0
2021-11-19,230062005.64770684,229475954.53191817,0.0,0.25,0.25,0.25,0.0,57515501.41192671,57515501.41192671,57515501.41192671,57515501.41192671,-0.0025473615868848443,0.75,3.0
2021-11-22,229475954.53191817,228025373.45511264,0.0,0.25,0.25,0.25,0.0,57368988.63297954,57368988.63297954,57368988.63297954,57368988.63297954,-0.006321277014685239,0.75,3.0
2021-11-23,228025373.45511264,227953054.6527853,0.0,0.25,0.25,0.25,0.0,57006343.36377816,57006343.36377816,57006343.36377816,57006343.36377816,-0.00031715243453628306,0.75,3.0
2021-11-24,227953054.6527853,227913441.08687368,0.0,0.25,0.25,0.25,0.0,56988263.663196325,56988263.663196325,56988263.663196325,56988263.663196325,-0.0001737794914483115,0.75,3.0
2021-11-25,227913441.08687368,227904667.2501854,0.0,0.25,0.25,0.25,0.0,56978360.27171842,56978360.27171842,56978360.27171842,56978360.27171842,-3.849635478483937e-05,0.75,3.0
2021-11-26,227904667.2501854,226425399.95593745,0.0,0.0,0.25,0.25,0.0,0.0,56976166.81254635,56976166.81254635,113952333.6250927,-0.006490728391376321,0.5,2.0
2021-11-29,226425399.95593745,225078120.77733666,0.0,0.0,0.25,0.25,0.0,0.0,56606349.98898436,56606349.98898436,113212699.97796872,-0.005950212206152633,0.5,2.0
2021-11-30,225078120.77733666,223094826.51734808,0.0,0.0,0.25,0.25,0.0,0.0,56269530.194334164,56269530.194334164,112539060.38866833,-0.00881158174388072,0.5,2.0
2021-12-01,223094826.51734808,222975260.76912573,0.0,0.0,0.25,0.25,0.0,0.0,55773706.62933702,55773706.62933702,111547413.25867404,-0.0005359413756421683,0.5,2.0
2021-12-02,222975260.76912573,222519140.0362039,0.0,0.0,0.25,0.25,0.0,0.0,55743815.19228143,55743815.19228143,111487630.38456286,-0.002045611389122348,0.5,2.0
2021-12-03,222519140.0362039,223372002.86677513,0.0,0.0,0.25,0.25,0.0,0.0,55629785.00905097,55629785.00905097,111259570.01810195,0.00383276166909724,0.5,2.0
2021-12-06,223372002.86677513,223227329.44668576,0.0,0.0,0.0,0.25,0.0,0.0,0.0,55843000.71669378,167529002.15008134,-0.0006476792894032912,0.25,1.0
2021-12-07,223227329.44668576,223398640.20399025,0.0,0.0,0.0,0.25,0.0,0.0,0.0,55806832.36167144,167420497.0850143,0.0007674273474000404,0.25,1.0
2021-12-08,223398640.20399025,223362954.1203203,0.0,0.0,0.0,0.25,0.0,0.0,0.0,55849660.05099756,167548980.1529927,-0.00015974172285654342,0.25,1.0
2021-12-09,223362954.1203203,223123053.69623467,0.0,0.0,0.0,0.25,0.0,0.0,0.0,55840738.53008007,167522215.5902402,-0.001074038553216805,0.25,1.0
2021-12-10,223123053.69623467,223359017.45131946,0.0,0.0,0.0,0.25,0.0,0.0,0.0,55780763.42405867,167342290.272176,0.001057549863968943,0.25,1.0
2021-12-13,223359017.45131946,223478975.64117923,0.0,0.0,0.0,0.25,0.0,0.0,0.0,55839754.362829864,167519263.0884896,0.0005370644589531293,0.25,1.0
2021-12-14,223478975.64117923,222984279.16748187,0.0,0.0,0.0,0.25,0.0,0.0,0.0,55869743.91029481,167609231.73088443,-0.0022136152731058456,0.25,1.0
2021-12-15,222984279.16748187,223175361.77958152,0.0,0.0,0.0,0.25,0.0,0.0,0.0,55746069.79187047,167238209.3756114,0.0008569331112178169,0.25,1.0
2021-12-16,223175361.77958152,223879645.5071433,0.0,0.0,0.0,0.25,0.0,0.0,0.0,55793840.44489538,167381521.33468613,0.003155741395223177,0.25,1.0
2021-12-17,223879645.5071433,223879645.5071433,0.0,0.0,0.0,0.0,0.0,0.0,0.0,0.0,223879645.5071433,0.0,0.0,0.0
2021-12-20,223879645.5071433,223879645.5071433,0.0,0.0,0.0,0.0,0.0,0.0,0.0,0.0,223879645.5071433,0.0,0.0,0.0
2021-12-21,223879645.5071433,223879645.5071433,0.0,0.0,0.0,0.0,0.0,0.0,0.0,0.0,223879645.5071433,0.0,0.0,0.0
2021-12-22,223879645.5071433,223879645.5071433,0.0,0.0,0.0,0.0,0.0,0.0,0.0,0.0,223879645.5071433,0.0,0.0,0.0
2021-12-23,223879645.5071433,223879645.5071433,0.0,0.0,0.0,0.0,0.0,0.0,0.0,0.0,223879645.5071433,0.0,0.0,0.0
2021-12-24,223879645.5071433,223879645.5071433,0.0,0.0,0.0,0.0,0.0,0.0,0.0,0.0,223879645.5071433,0.0,0.0,0.0
2021-12-27,223879645.5071433,223879645.5071433,0.0,0.0,0.0,0.0,0.0,0.0,0.0,0.0,223879645.5071433,0.0,0.0,0.0
2021-12-28,223879645.5071433,223879645.5071433,0.0,0.0,0.0,0.0,0.0,0.0,0.0,0.0,223879645.5071433,0.0,0.0,0.0
2021-12-29,223879645.5071433,223879645.5071433,0.0,0.0,0.0,0.0,0.0,0.0,0.0,0.0,223879645.5071433,0.0,0.0,0.0
2021-12-30,223879645.5071433,223879645.5071433,0.0,0.0,0.0,0.0,0.0,0.0,0.0,0.0,223879645.5071433,0.0,0.0,0.0
2021-12-31,223879645.5071433,223879645.5071433,0.0,0.0,0.0,0.0,0.0,0.0,0.0,0.0,223879645.5071433,0.0,0.0,0.0
2022-01-03,223879645.5071433,223879645.5071433,0.0,0.0,0.0,0.0,0.0,0.0,0.0,0.0,223879645.5071433,0.0,0.0,0.0
2022-01-04,223879645.5071433,223879645.5071433,0.0,0.0,0.0,0.0,0.0,0.0,0.0,0.0,223879645.5071433,0.0,0.0,0.0
2022-01-05,223879645.5071433,223879645.5071433,0.0,0.0,0.0,0.0,0.0,0.0,0.0,0.0,223879645.5071433,0.0,0.0,0.0
2022-01-06,223879645.5071433,223879645.5071433,0.0,0.0,0.0,0.0,0.0,0.0,0.0,0.0,223879645.5071433,0.0,0.0,0.0
2022-01-07,223879645.5071433,223879645.5071433,0.0,0.0,0.0,0.0,0.0,0.0,0.0,0.0,223879645.5071433,0.0,0.0,0.0
2022-01-10,223879645.5071433,223879645.5071433,0.0,0.0,0.0,0.0,0.0,0.0,0.0,0.0,223879645.5071433,0.0,0.0,0.0
2022-01-11,223879645.5071433,223879645.5071433,0.0,0.0,0.0,0.0,0.0,0.0,0.0,0.0,223879645.5071433,0.0,0.0,0.0
2022-01-12,223879645.5071433,224019447.3828374,0.0,0.0,0.0,0.25,0.0,0.0,0.0,55969911.37678582,167909734.13035747,0.0006244510320597696,0.25,1.0
2022-01-13,224019447.3828374,223908734.92698056,0.0,0.0,0.0,0.25,0.0,0.0,0.0,56004861.84570935,168014585.53712806,-0.0004942091284943773,0.25,1.0
2022-01-14,223908734.92698056,223767451.3089716,0.0,0.0,0.0,0.25,0.0,0.0,0.0,55977183.73174514,167931551.19523543,-0.0006309875229075779,0.25,1.0
2022-01-17,223767451.3089716,223807147.3402197,0.0,0.0,0.0,0.25,0.0,0.0,0.0,55941862.8272429,167825588.4817287,0.00017739859401300073,0.25,1.0
2022-01-18,223807147.3402197,223952200.32700247,0.0,0.0,0.25,0.25,0.0,0.0,55951786.83505493,55951786.83505493,111903573.67010985,0.0006481159717489082,0.5,2.0
2022-01-19,223952200.32700247,225488234.8947155,0.0,0.0,0.25,0.25,0.0,0.0,55988050.08175062,55988050.08175062,111976100.16350123,0.006858760777836648,0.5,2.0
2022-01-20,225488234.8947155,225604456.72831923,0.0,0.0,0.25,0.25,0.0,0.0,56372058.72367887,56372058.72367887,112744117.44735774,0.0005154230492688816,0.5,2.0
2022-01-21,225604456.72831923,225168300.71392474,0.25,0.0,0.25,0.25,56401114.18207981,0.0,56401114.18207981,56401114.18207981,56401114.18207981,-0.0019332774747430614,0.75,3.0
2022-01-24,225168300.71392474,224276106.33781224,0.25,0.0,0.25,0.25,56292075.178481184,0.0,56292075.178481184,56292075.178481184,56292075.178481184,-0.003962344492025011,0.75,3.0
2022-01-25,224276106.33781224,225094175.94564816,0.25,0.0,0.25,0.25,56069026.58445306,0.0,56069026.58445306,56069026.58445306,56069026.58445306,0.0036476003672174517,0.75,3.0
2022-01-26,225094175.94564816,225278776.2882853,0.25,0.0,0.25,0.25,56273543.98641204,0.0,56273543.98641204,56273543.98641204,56273543.98641204,0.000820102705285819,0.75,3.0
2022-01-27,225278776.2882853,224665867.18565843,0.25,0.0,0.25,0.25,56319694.07207132,0.0,56319694.07207132,56319694.07207132,56319694.07207132,-0.002720669530992842,0.75,3.0
2022-01-28,224665867.18565843,225042517.1170266,0.25,0.0,0.25,0.25,56166466.796414606,0.0,56166466.796414606,56166466.796414606,56166466.796414606,0.0016764893398644454,0.75,3.0
2022-01-31,225042517.1170266,226621326.0143027,0.25,0.0,0.25,0.25,56260629.27925665,0.0,56260629.27925665,56260629.27925665,56260629.27925665,0.007015602729217196,0.75,3.0
2022-02-01,226621326.0143027,227444017.75923908,0.25,0.0,0.25,0.25,56655331.503575675,0.0,56655331.503575675,56655331.503575675,56655331.503575675,0.0036302485710653087,0.75,3.0
2022-02-02,227444017.75923908,228319287.67237452,0.25,0.0,0.25,0.25,56861004.43980977,0.0,56861004.43980977,56861004.43980977,56861004.43980977,0.0038482872478181884,0.75,3.0
2022-02-03,228319287.67237452,227987046.68771315,0.25,0.0,0.25,0.25,57079821.91809363,0.0,57079821.91809363,57079821.91809363,57079821.91809363,-0.001455159518271243,0.75,3.0
2022-02-04,227987046.68771315,227592129.9435816,0.25,0.0,0.25,0.25,56996761.67192829,0.0,56996761.67192829,56996761.67192829,56996761.67192829,-0.001732189393516187,0.75,3.0
2022-02-07,227592129.9435816,228512069.2041812,0.25,0.0,0.25,0.25,56898032.4858954,0.0,56898032.4858954,56898032.4858954,56898032.4858954,0.004042052160712212,0.75,3.0
2022-02-08,228512069.2041812,228596933.1159572,0.25,0.0,0.25,0.25,57128017.3010453,0.0,57128017.3010453,57128017.3010453,57128017.3010453,0.00037137605935450013,0.75,3.0
2022-02-09,228596933.1159572,229380388.0689644,0.25,0.0,0.25,0.25,57149233.2789893,0.0,57149233.2789893,57149233.2789893,57149233.2789893,0.0034272330005834517,0.75,3.0
2022-02-10,229380388.0689644,229899605.49196923,0.25,0.0,0.25,0.25,57345097.0172411,0.0,57345097.0172411,57345097.0172411,57345097.0172411,0.0022635650212988467,0.75,3.0
2022-02-11,229899605.49196923,231078104.31681988,0.25,0.0,0.25,0.25,57474901.37299231,0.0,57474901.37299231,57474901.37299231,57474901.37299231,0.0051261454856731115,0.75,3.0
2022-02-14,231078104.31681988,231797016.2907791,0.25,0.0,0.25,0.25,57769526.07920497,0.0,57769526.07920497,57769526.07920497,57769526.07920497,0.0031111211340628386,0.75,3.0
2022-02-15,231797016.2907791,231178813.74531612,0.25,0.0,0.25,0.25,57949254.07269478,0.0,57949254.07269478,57949254.07269478,57949254.07269478,-0.002666999581597107,0.75,3.0
2022-02-16,231178813.74531612,232819136.33428708,0.25,0.0,0.25,0.25,57794703.43632903,0.0,57794703.43632903,57794703.43632903,57794703.43632903,0.007095471087493532,0.75,3.0
2022-02-17,232819136.33428708,233593112.19679388,0.25,0.0,0.25,0.25,58204784.08357177,0.0,58204784.08357177,58204784.08357177,58204784.08357177,0.0033243653193332223,0.75,3.0
2022-02-18,233593112.19679388,234133152.0347067,0.25,0.0,0.25,0.25,58398278.04919847,0.0,58398278.04919847,58398278.04919847,58398278.04919847,0.0023118825415445743,0.75,3.0
2022-02-21,234133152.0347067,234941143.41240883,0.25,0.0,0.25,0.25,58533288.00867668,0.0,58533288.00867668,58533288.00867668,58533288.00867668,0.0034509909027419794,0.75,3.0
2022-02-22,234941143.41240883,236024457.35929608,0.25,0.0,0.25,0.25,58735285.85310221,0.0,58735285.85310221,58735285.85310221,58735285.85310221,0.004611001424240535,0.75,3.0
2022-02-23,236024457.35929608,237046057.78867275,0.25,0.0,0.25,0.25,59006114.33982402,0.0,59006114.33982402,59006114.33982402,59006114.33982402,0.004328366817602514,0.75,3.0
2022-02-24,237046057.78867275,236185201.65867904,0.25,0.0,0.25,0.25,59261514.44716819,0.0,59261514.44716819,59261514.44716819,59261514.44716819,-0.003631598593220098,0.75,3.0
2022-02-25,236185201.65867904,234117656.67840979,0.25,0.0,0.25,0.25,59046300.41466976,0.0,59046300.41466976,59046300.41466976,59046300.41466976,-0.008753914156133913,0.75,3.0
2022-02-28,234117656.67840979,235846150.92024502,0.25,0.0,0.25,0.25,58529414.169602446,0.0,58529414.169602446,58529414.169602446,58529414.169602446,0.007383015302470541,0.75,3.0
2022-03-01,235846150.92024502,239408452.30948997,0.25,0.0,0.25,0.25,58961537.730061255,0.0,58961537.730061255,58961537.730061255,58961537.730061255,0.015104343977398904,0.75,3.0
2022-03-02,239408452.30948997,240066882.05392033,0.25,0.25,0.25,0.25,59852113.07737249,59852113.07737249,59852113.07737249,59852113.07737249,0.0,0.002750236000770623,1.0,4.0
2022-03-03,240066882.05392033,242749485.027203,0.25,0.25,0.25,0.25,60016720.51348008,60016720.51348008,60016720.51348008,60016720.51348008,0.0,0.011174398360703941,1.0,4.0
2022-03-04,242749485.027203,245650968.94364503,0.25,0.25,0.25,0.25,60687371.25680075,60687371.25680075,60687371.25680075,60687371.25680075,0.0,0.011952585259313253,1.0,4.0
2022-03-07,245650968.94364503,248437039.4658744,0.25,0.25,0.25,0.25,61412742.23591126,61412742.23591126,61412742.23591126,61412742.23591126,0.0,0.011341581652252908,1.0,4.0
2022-03-08,248437039.4658744,250078400.62711617,0.25,0.25,0.25,0.25,62109259.8664686,62109259.8664686,62109259.8664686,62109259.8664686,0.0,0.006606748996730111,1.0,4.0
2022-03-09,250078400.62711617,246821156.7242955,0.25,0.25,0.25,0.25,62519600.15677904,62519600.15677904,62519600.15677904,62519600.15677904,0.0,-0.013024890972801156,1.0,4.0
2022-03-10,246821156.7242955,246263677.38047153,0.25,0.25,0.25,0.25,61705289.181073874,61705289.181073874,61705289.181073874,61705289.181073874,0.0,-0.0022586367847174105,1.0,4.0
2022-03-11,246263677.38047153,246499231.64392433,0.25,0.25,0.25,0.25,61565919.34511788,61565919.34511788,61565919.34511788,61565919.34511788,0.0,0.0009565124096188593,1.0,4.0
2022-03-14,246499231.64392433,242794119.31010982,0.25,0.25,0.25,0.25,61624807.91098108,61624807.91098108,61624807.91098108,61624807.91098108,0.0,-0.015030928531114679,1.0,4.0
2022-03-15,242794119.31010982,239900295.79998082,0.25,0.25,0.25,0.25,60698529.827527456,60698529.827527456,60698529.827527456,60698529.827527456,0.0,-0.01191883690738349,1.0,4.0
2022-03-16,239900295.79998082,240436062.84962106,0.25,0.25,0.25,0.25,59975073.949995205,59975073.949995205,59975073.949995205,59975073.949995205,0.0,0.0022332904920091545,1.0,4.0
2022-03-17,240436062.84962106,244682162.20316613,0.25,0.25,0.25,0.25,60109015.712405264,60109015.712405264,60109015.712405264,60109015.712405264,0.0,0.017659993693212084,1.0,4.0
2022-03-18,244682162.20316613,243998049.0700942,0.25,0.25,0.25,0.25,61170540.55079153,61170540.55079153,61170540.55079153,61170540.55079153,0.0,-0.0027959256486538298,1.0,4.0
2022-03-21,243998049.0700942,246582180.62191412,0.25,0.25,0.25,0.25,60999512.26752355,60999512.26752355,60999512.26752355,60999512.26752355,0.0,0.01059078776108402,1.0,4.0
2022-03-22,246582180.62191412,246367603.3753779,0.25,0.25,0.25,0.25,61645545.15547853,61645545.15547853,61645545.15547853,61645545.15547853,0.0,-0.0008702058112839972,1.0,4.0
2022-03-23,246367603.3753779,250369747.68260786,0.25,0.25,0.25,0.25,61591900.84384447,61591900.84384447,61591900.84384447,61591900.84384447,0.0,0.016244604616833913,1.0,4.0
2022-03-24,250369747.68260786,251451498.63097206,0.25,0.25,0.25,0.25,62592436.920651965,62592436.920651965,62592436.920651965,62592436.920651965,0.0,0.004320613645924898,1.0,4.0
2022-03-25,251451498.63097206,252667876.0042002,0.25,0.25,0.25,0.25,62862874.657743014,62862874.657743014,62862874.657743014,62862874.657743014,0.0,0.004837423438916383,1.0,4.0
2022-03-28,252667876.0042002,248863808.57981792,0.25,0.25,0.25,0.25,63166969.00105005,63166969.00105005,63166969.00105005,63166969.00105005,0.0,-0.015055603761512687,1.0,4.0
2022-03-29,248863808.57981792,248465715.34569937,0.25,0.25,0.25,0.25,62215952.14495448,62215952.14495448,62215952.14495448,62215952.14495448,0.0,-0.0015996429388039357,1.0,4.0
2022-03-30,248465715.34569937,250396907.58140534,0.25,0.25,0.25,0.25,62116428.83642484,62116428.83642484,62116428.83642484,62116428.83642484,0.0,0.007772469666565446,1.0,4.0
2022-03-31,250396907.58140534,249541969.86470613,0.25,0.25,0.25,0.25,62599226.895351335,62599226.895351335,62599226.895351335,62599226.895351335,0.0,-0.0034143301726729802,1.0,4.0
2022-04-01,249541969.86470613,249500076.53316978,0.25,0.25,0.25,0.25,62385492.46617653,62385492.46617653,62385492.46617653,62385492.46617653,0.0,-0.00016788090419847523,1.0,4.0
2022-04-04,249500076.53316978,252172840.70764646,0.25,0.25,0.25,0.25,62375019.133292444,62375019.133292444,62375019.133292444,62375019.133292444,0.0,0.010712478375217438,1.0,4.0
2022-04-05,252172840.70764646,252222329.09541652,0.25,0.25,0.25,0.25,63043210.176911615,63043210.176911615,63043210.176911615,63043210.176911615,0.0,0.00019624788946809302,1.0,4.0
2022-04-06,252222329.09541652,250293100.8873647,0.25,0.25,0.25,0.25,63055582.27385413,63055582.27385413,63055582.27385413,63055582.27385413,0.0,-0.007648919169729734,1.0,4.0
2022-04-07,250293100.8873647,249307059.14236718,0.25,0.25,0.25,0.25,62573275.22184117,62573275.22184117,62573275.22184117,62573275.22184117,0.0,-0.003939548239650592,1.0,4.0
2022-04-08,249307059.14236718,250568571.66210756,0.25,0.25,0.25,0.25,62326764.785591796,62326764.785591796,62326764.785591796,62326764.785591796,0.0,0.005060075410941445,1.0,4.0
2022-04-11,250568571.66210756,250866681.55362844,0.25,0.25,0.25,0.25,62642142.91552689,62642142.91552689,62642142.91552689,62642142.91552689,0.0,0.001189733770454282,1.0,4.0
2022-04-12,250866681.55362844,253963312.20306227,0.25,0.25,0.25,0.25,62716670.38840711,62716670.38840711,62716670.38840711,62716670.38840711,0.0,0.012343730264442798,1.0,4.0
2022-04-13,253963312.20306227,254360415.75056142,0.25,0.25,0.25,0.25,63490828.05076557,63490828.05076557,63490828.05076557,63490828.05076557,0.0,0.0015636256436190321,1.0,4.0
2022-04-14,254360415.75056142,254571748.86437547,0.25,0.25,0.25,0.25,63590103.937640354,63590103.937640354,63590103.937640354,63590103.937640354,0.0,0.0008308412029853496,1.0,4.0
2022-04-15,254571748.86437547,254717820.22520804,0.25,0.25,0.25,0.25,63642937.21609387,63642937.21609387,63642937.21609387,63642937.21609387,0.0,0.0005737925024446588,1.0,4.0
2022-04-18,254717820.22520804,256105819.0665785,0.25,0.25,0.25,0.25,63679455.05630201,63679455.05630201,63679455.05630201,63679455.05630201,0.0,0.005449162685764564,1.0,4.0
2022-04-19,256105819.0665785,253553791.93629387,0.25,0.25,0.25,0.25,64026454.76664463,64026454.76664463,64026454.76664463,64026454.76664463,0.0,-0.009964736996550483,1.0,4.0
2022-04-20,253553791.93629387,255246098.1415233,0.25,0.25,0.25,0.25,63388447.98407347,63388447.98407347,63388447.98407347,63388447.98407347,0.0,0.006674347846687273,1.0,4.0
2022-04-21,255246098.1415233,254635315.11681622,0.25,0.25,0.25,0.25,63811524.535380825,63811524.535380825,63811524.535380825,63811524.535380825,0.0,-0.002392918164682123,1.0,4.0
2022-04-22,254635315.11681622,250011184.8597899,0.25,0.25,0.25,0.25,63658828.779204056,63658828.779204056,63658828.779204056,63658828.779204056,0.0,-0.018159815165091964,1.0,4.0
2022-04-25,250011184.8597899,244644849.839006,0.25,0.25,0.25,0.25,62502796.21494748,62502796.21494748,62502796.21494748,62502796.21494748,0.0,-0.02146437977882229,1.0,4.0
2022-04-26,244644849.839006,244902510.78949332,0.25,0.25,0.25,0.25,61161212.4597515,61161212.4597515,61161212.4597515,61161212.4597515,0.0,0.001053204065635971,1.0,4.0
2022-04-27,244902510.78949332,244055500.75532317,0.25,0.25,0.25,0.25,61225627.69737333,61225627.69737333,61225627.69737333,61225627.69737333,0.0,-0.00345856002635353,1.0,4.0
2022-04-28,244055500.75532317,243937396.6317786,0.25,0.25,0.25,0.25,61013875.18883079,61013875.18883079,61013875.18883079,61013875.18883079,0.0,-0.0004839232190179399,1.0,4.0
2022-04-29,243937396.6317786,245398635.4293558,0.25,0.25,0.25,0.25,60984349.15794465,60984349.15794465,60984349.15794465,60984349.15794465,0.0,0.005990220514581146,1.0,4.0
2022-05-02,245398635.4293558,242644412.6459729,0.25,0.25,0.25,0.25,61349658.85733895,61349658.85733895,61349658.85733895,61349658.85733895,0.0,-0.01122346413444425,1.0,4.0
2022-05-03,242644412.6459729,243308375.99411798,0.25,0.25,0.25,0.25,60661103.16149323,60661103.16149323,60661103.16149323,60661103.16149323,0.0,0.0027363636397175484,1.0,4.0
2022-05-04,243308375.99411798,245041502.40791538,0.25,0.0,0.25,0.25,60827093.998529494,0.0,60827093.998529494,60827093.998529494,60827093.998529494,0.007123167900472599,0.75,3.0
2022-05-05,245041502.40791538,245312226.66642064,0.25,0.0,0.25,0.25,61260375.601978846,0.0,61260375.601978846,61260375.601978846,61260375.601978846,0.001104809821377034,0.75,3.0
2022-05-06,245312226.66642064,244170617.15534422,0.25,0.0,0.25,0.25,61328056.66660516,0.0,61328056.66660516,61328056.66660516,61328056.66660516,-0.00465370000749607,0.75,3.0
2022-05-09,244170617.15534422,240607956.95416296,0.25,0.0,0.25,0.0,61042654.288836055,0.0,61042654.288836055,0.0,122085308.57767211,-0.014590863727532988,0.5,2.0
2022-05-10,240607956.95416296,240399314.52043194,0.25,0.0,0.25,0.0,60151989.23854074,0.0,60151989.23854074,0.0,120303978.47708148,-0.0008671468573699659,0.5,2.0
2022-05-11,240399314.52043194,242109673.87849927,0.25,0.0,0.25,0.0,60099828.630107984,0.0,60099828.630107984,0.0,120199657.26021597,0.007114659879456198,0.5,2.0
2022-05-12,242109673.87849927,242042700.14529032,0.25,0.0,0.25,0.0,60527418.46962482,0.0,60527418.46962482,0.0,121054836.93924963,-0.000276625597548652,0.5,2.0
2022-05-13,242042700.14529032,242921750.43288022,0.25,0.0,0.25,0.0,60510675.03632258,0.0,60510675.03632258,0.0,121021350.07264516,0.0036317983854182723,0.5,2.0
2022-05-16,242921750.43288022,244118116.22773293,0.0,0.0,0.25,0.0,0.0,0.0,60730437.608220056,0.0,182191312.82466018,0.004924901918913427,0.25,1.0
2022-05-17,244118116.22773293,244486140.8014747,0.0,0.0,0.25,0.0,0.0,0.0,61029529.05693323,0.0,183088587.1707997,0.0015075676456493547,0.25,1.0
2022-05-18,244486140.8014747,243559535.59933186,0.0,0.0,0.25,0.0,0.0,0.0,61121535.20036867,0.0,183364605.60110602,-0.0037900111601631425,0.25,1.0
2022-05-19,243559535.59933186,244253247.78717595,0.0,0.0,0.25,0.0,0.0,0.0,60889883.899832964,0.0,182669651.6994989,0.0028482243002189156,0.25,1.0
2022-05-20,244253247.78717595,243990337.55362475,0.0,0.0,0.25,0.0,0.0,0.0,61063311.94679399,0.0,183189935.84038198,-0.0010763837776284202,0.25,1.0
2022-05-23,243990337.55362475,244833117.1984802,0.0,0.0,0.25,0.0,0.0,0.0,60997584.38840619,0.0,182992753.16521856,0.0034541517229968455,0.25,1.0
2022-05-24,244833117.1984802,244638970.37019616,0.0,0.0,0.25,0.0,0.0,0.0,61208279.29962005,0.0,183624837.89886016,-0.0007929761729360829,0.25,1.0
2022-05-25,244638970.37019616,244720235.64159805,0.0,0.0,0.25,0.0,0.0,0.0,61159742.59254904,0.0,183479227.77764714,0.00033218448916355614,0.25,1.0
2022-05-26,244720235.64159805,245255737.7203846,0.0,0.0,0.25,0.0,0.0,0.0,61180058.91039951,0.0,183540176.73119855,0.0021882214904810904,0.25,1.0
2022-05-27,245255737.7203846,245536492.61913794,0.0,0.0,0.25,0.0,0.0,0.0,61313934.43009615,0.0,183941803.29028845,0.0011447434476475893,0.25,1.0
2022-05-30,245536492.61913794,245536492.61913794,0.0,0.0,0.25,0.0,0.0,0.0,61384123.154784486,0.0,184152369.46435344,0.0,0.25,1.0
2022-05-31,245536492.61913794,244377099.0559309,0.0,0.0,0.25,0.0,0.0,0.0,61384123.154784486,0.0,184152369.46435344,-0.004721878816626418,0.25,1.0
2022-06-01,244377099.0559309,245056079.381285,0.0,0.0,0.25,0.0,0.0,0.0,61094274.76398273,0.0,183282824.2919482,0.0027784122488446195,0.25,1.0
2022-06-02,245056079.381285,245530496.82919025,0.0,0.0,0.25,0.0,0.0,0.0,61264019.84532125,0.0,183792059.53596377,0.0019359546153805973,0.25,1.0
2022-06-03,245530496.82919025,245524396.68578595,0.0,0.0,0.25,0.0,0.0,0.0,61382624.20729756,0.0,184147872.6218927,-2.4844748343216816e-05,0.25,1.0
2022-06-06,245524396.68578595,246668786.3284407,0.0,0.0,0.25,0.0,0.0,0.0,61381099.17144649,0.0,184143297.51433945,0.004661001750140892,0.25,1.0
2022-06-07,246668786.3284407,246712261.4968699,0.0,0.0,0.25,0.0,0.0,0.0,61667196.582110174,0.0,185001589.74633053,0.00017624916827269077,0.25,1.0
2022-06-08,246712261.4968699,246544782.89274308,0.0,0.0,0.25,0.0,0.0,0.0,61678065.37421747,0.0,185034196.1226524,-0.0006788418342511815,0.25,1.0
2022-06-09,246544782.89274308,246803581.8421359,0.0,0.0,0.25,0.0,0.0,0.0,61636195.72318577,0.0,184908587.1695573,0.0010497036130974746,0.25,1.0
2022-06-10,246803581.8421359,245105254.69795844,0.25,0.0,0.25,0.0,61700895.46053398,0.0,61700895.46053398,0.0,123401790.92106795,-0.006881290504380799,0.5,2.0
2022-06-13,245105254.69795844,242594538.60023078,0.25,0.0,0.25,0.0,61276313.67448961,0.0,61276313.67448961,0.0,122552627.34897922,-0.010243420120966323,0.5,2.0
2022-06-14,242594538.60023078,240691575.0171017,0.0,0.0,0.25,0.0,0.0,0.0,60648634.650057696,0.0,181945903.95017308,-0.007844214441550035,0.25,1.0
2022-06-15,240691575.0171017,240869113.72421992,0.0,0.0,0.25,0.0,0.0,0.0,60172893.754275426,0.0,180518681.26282626,0.0007376191173519842,0.25,1.0
2022-06-16,240869113.72421992,241277835.75632727,0.0,0.0,0.25,0.0,0.0,0.0,60217278.43105498,0.0,180651835.29316494,0.0016968636027585027,0.25,1.0
2022-06-17,241277835.75632727,239635708.76621908,0.0,0.0,0.25,0.0,0.0,0.0,60319458.93908182,0.0,180958376.81724545,-0.006805958719584254,0.25,1.0
2022-06-20,239635708.76621908,239635708.76621908,0.0,0.0,0.25,0.0,0.0,0.0,59908927.19155477,0.0,179726781.5746643,0.0,0.25,1.0
2022-06-21,239635708.76621908,239424758.17881563,0.0,0.0,0.25,0.0,0.0,0.0,59908927.19155477,0.0,179726781.5746643,-0.0008802969661306781,0.25,1.0
2022-06-22,239424758.17881563,238667843.59231797,0.0,0.0,0.25,0.0,0.0,0.0,59856189.54470391,0.0,179568568.63411173,-0.0031613881214922757,0.25,1.0
2022-06-23,238667843.59231797,236840161.27066472,0.0,0.0,0.25,0.0,0.0,0.0,59666960.89807949,0.0,179000882.69423848,-0.007657849059780425,0.25,1.0
2022-06-24,236840161.27066472,237037069.71235672,0.0,0.0,0.25,0.0,0.0,0.0,59210040.31766618,0.0,177630120.95299855,0.0008313980223437767,0.25,1.0
2022-06-27,237037069.71235672,237296502.9377685,0.0,0.0,0.25,0.0,0.0,0.0,59259267.42808918,0.0,177777802.28426754,0.0010944837688324771,0.25,1.0
2022-06-28,237296502.9377685,237712546.9402641,0.0,0.0,0.25,0.0,0.0,0.0,59324125.73444212,0.0,177972377.20332637,0.0017532664718820645,0.25,1.0
2022-06-29,237712546.9402641,237509122.95848173,0.0,0.0,0.25,0.0,0.0,0.0,59428136.73506603,0.0,178284410.20519808,-0.0008557561828384241,0.25,1.0
2022-06-30,237509122.95848173,237509122.95848173,0.0,0.0,0.0,0.0,0.0,0.0,0.0,0.0,237509122.95848173,0.0,0.0,0.0
2022-07-01,237509122.95848173,237509122.95848173,0.0,0.0,0.0,0.0,0.0,0.0,0.0,0.0,237509122.95848173,0.0,0.0,0.0
2022-07-04,237509122.95848173,237509122.95848173,0.0,0.0,0.0,0.0,0.0,0.0,0.0,0.0,237509122.95848173,0.0,0.0,0.0
2022-07-05,237509122.95848173,237509122.95848173,0.0,0.0,0.0,0.0,0.0,0.0,0.0,0.0,237509122.95848173,0.0,0.0,0.0
2022-07-06,237509122.95848173,237509122.95848173,0.0,0.0,0.0,0.0,0.0,0.0,0.0,0.0,237509122.95848173,0.0,0.0,0.0
2022-07-07,237509122.95848173,237509122.95848173,0.0,0.0,0.0,0.0,0.0,0.0,0.0,0.0,237509122.95848173,0.0,0.0,0.0
2022-07-08,237509122.95848173,237509122.95848173,0.0,0.0,0.0,0.0,0.0,0.0,0.0,0.0,237509122.95848173,0.0,0.0,0.0
2022-07-11,237509122.95848173,237509122.95848173,0.0,0.0,0.0,0.0,0.0,0.0,0.0,0.0,237509122.95848173,0.0,0.0,0.0
2022-07-12,237509122.95848173,237509122.95848173,0.0,0.0,0.0,0.0,0.0,0.0,0.0,0.0,237509122.95848173,0.0,0.0,0.0
2022-07-13,237509122.95848173,237509122.95848173,0.0,0.0,0.0,0.0,0.0,0.0,0.0,0.0,237509122.95848173,0.0,0.0,0.0
2022-07-14,237509122.95848173,237509122.95848173,0.0,0.0,0.0,0.0,0.0,0.0,0.0,0.0,237509122.95848173,0.0,0.0,0.0
2022-07-15,237509122.95848173,237509122.95848173,0.0,0.0,0.0,0.0,0.0,0.0,0.0,0.0,237509122.95848173,0.0,0.0,0.0
2022-07-18,237509122.95848173,237509122.95848173,0.0,0.0,0.0,0.0,0.0,0.0,0.0,0.0,237509122.95848173,0.0,0.0,0.0
2022-07-19,237509122.95848173,237509122.95848173,0.0,0.0,0.0,0.0,0.0,0.0,0.0,0.0,237509122.95848173,0.0,0.0,0.0
2022-07-20,237509122.95848173,237509122.95848173,0.0,0.0,0.0,0.0,0.0,0.0,0.0,0.0,237509122.95848173,0.0,0.0,0.0
2022-07-21,237509122.95848173,237509122.95848173,0.0,0.0,0.0,0.0,0.0,0.0,0.0,0.0,237509122.95848173,0.0,0.0,0.0
2022-07-22,237509122.95848173,237509122.95848173,0.0,0.0,0.0,0.0,0.0,0.0,0.0,0.0,237509122.95848173,0.0,0.0,0.0
2022-07-25,237509122.95848173,237509122.95848173,0.0,0.0,0.0,0.0,0.0,0.0,0.0,0.0,237509122.95848173,0.0,0.0,0.0
2022-07-26,237509122.95848173,237509122.95848173,0.0,0.0,0.0,0.0,0.0,0.0,0.0,0.0,237509122.95848173,0.0,0.0,0.0
2022-07-27,237509122.95848173,237509122.95848173,0.0,0.0,0.0,0.0,0.0,0.0,0.0,0.0,237509122.95848173,0.0,0.0,0.0
2022-07-28,237509122.95848173,237509122.95848173,0.0,0.0,0.0,0.0,0.0,0.0,0.0,0.0,237509122.95848173,0.0,0.0,0.0
2022-07-29,237509122.95848173,237509122.95848173,0.0,0.0,0.0,0.0,0.0,0.0,0.0,0.0,237509122.95848173,0.0,0.0,0.0
2022-08-01,237509122.95848173,237509122.95848173,0.0,0.0,0.0,0.0,0.0,0.0,0.0,0.0,237509122.95848173,0.0,0.0,0.0
2022-08-02,237509122.95848173,237509122.95848173,0.0,0.0,0.0,0.0,0.0,0.0,0.0,0.0,237509122.95848173,0.0,0.0,0.0
2022-08-03,237509122.95848173,237509122.95848173,0.0,0.0,0.0,0.0,0.0,0.0,0.0,0.0,237509122.95848173,0.0,0.0,0.0
2022-08-04,237509122.95848173,237509122.95848173,0.0,0.0,0.0,0.0,0.0,0.0,0.0,0.0,237509122.95848173,0.0,0.0,0.0
2022-08-05,237509122.95848173,237509122.95848173,0.0,0.0,0.0,0.0,0.0,0.0,0.0,0.0,237509122.95848173,0.0,0.0,0.0
2022-08-08,237509122.95848173,237509122.95848173,0.0,0.0,0.0,0.0,0.0,0.0,0.0,0.0,237509122.95848173,0.0,0.0,0.0
2022-08-09,237509122.95848173,237509122.95848173,0.0,0.0,0.0,0.0,0.0,0.0,0.0,0.0,237509122.95848173,0.0,0.0,0.0
2022-08-10,237509122.95848173,237509122.95848173,0.0,0.0,0.0,0.0,0.0,0.0,0.0,0.0,237509122.95848173,0.0,0.0,0.0
2022-08-11,237509122.95848173,237509122.95848173,0.0,0.0,0.0,0.0,0.0,0.0,0.0,0.0,237509122.95848173,0.0,0.0,0.0
2022-08-12,237509122.95848173,237509122.95848173,0.0,0.0,0.0,0.0,0.0,0.0,0.0,0.0,237509122.95848173,0.0,0.0,0.0
2022-08-15,237509122.95848173,237509122.95848173,0.0,0.0,0.0,0.0,0.0,0.0,0.0,0.0,237509122.95848173,0.0,0.0,0.0
2022-08-16,237509122.95848173,237509122.95848173,0.0,0.0,0.0,0.0,0.0,0.0,0.0,0.0,237509122.95848173,0.0,0.0,0.0
2022-08-17,237509122.95848173,236683746.5426159,0.0,0.25,0.0,0.0,0.0,59377280.73962043,0.0,0.0,178131842.21886128,-0.0034751356309379033,0.25,1.0
2022-08-18,236683746.5426159,236898233.41878092,0.0,0.25,0.0,0.0,0.0,59170936.63565397,0.0,0.0,177512809.90696192,0.0009062171750203185,0.25,1.0
2022-08-19,236898233.41878092,236270277.21166793,0.0,0.25,0.0,0.0,0.0,59224558.35469523,0.0,0.0,177673675.0640857,-0.0026507424646046718,0.25,1.0
2022-08-22,236270277.21166793,236320970.9260127,0.0,0.25,0.0,0.0,0.0,59067569.30291698,0.0,0.0,177202707.90875095,0.00021455815324311622,0.25,1.0
2022-08-23,236320970.9260127,236942845.89478946,0.0,0.25,0.0,0.0,0.0,59080242.73150317,0.0,0.0,177240728.1945095,0.0026314844862896924,0.25,1.0
2022-08-24,236942845.89478946,236562587.990524,0.25,0.25,0.0,0.0,59235711.473697364,59235711.473697364,0.0,0.0,118471422.94739473,-0.0016048507513676813,0.5,2.0
2022-08-25,236562587.990524,237084409.40556702,0.25,0.25,0.0,0.0,59140646.997631,59140646.997631,0.0,0.0,118281293.995262,0.00220584928274431,0.5,2.0
2022-08-26,237084409.40556702,237089974.30001828,0.25,0.25,0.0,0.0,59271102.351391755,59271102.351391755,0.0,0.0,118542204.70278351,2.3472207494351638e-05,0.5,2.0
2022-08-29,237089974.30001828,237072900.0639541,0.25,0.25,0.0,0.0,59272493.57500457,59272493.57500457,0.0,0.0,118544987.15000914,-7.201585016242129e-05,0.5,2.0
2022-08-30,237072900.0639541,236655692.52831525,0.25,0.25,0.0,0.0,59268225.01598852,59268225.01598852,0.0,0.0,118536450.03197704,-0.0017598280340194172,0.5,2.0
2022-08-31,236655692.52831525,235313492.18693322,0.25,0.25,0.0,0.0,59163923.13207881,59163923.13207881,0.0,0.0,118327846.26415762,-0.005671532034757315,0.5,2.0
2022-09-01,235313492.18693322,233230594.45590886,0.25,0.25,0.25,0.0,58828373.046733305,58828373.046733305,58828373.046733305,0.0,58828373.046733305,-0.008851586501337244,0.75,3.0
2022-09-02,233230594.45590886,234049246.70006424,0.25,0.25,0.25,0.0,58307648.613977216,58307648.613977216,58307648.613977216,0.0,58307648.613977216,0.003510055128338435,0.75,3.0
2022-09-05,234049246.70006424,233699945.8221933,0.25,0.25,0.25,0.0,58512311.67501606,58512311.67501606,58512311.67501606,0.0,58512311.67501606,-0.0014924247046118055,0.75,3.0
2022-09-06,233699945.8221933,231888864.79666376,0.25,0.25,0.25,0.0,58424986.45554832,58424986.45554832,58424986.45554832,0.0,58424986.45554832,-0.007749599680726915,0.75,3.0
2022-09-07,231888864.79666376,230562709.33948365,0.25,0.25,0.25,0.0,57972216.19916594,57972216.19916594,57972216.19916594,0.0,57972216.19916594,-0.005718926858963025,0.75,3.0
2022-09-08,230562709.33948365,231158086.79039192,0.25,0.0,0.25,0.0,57640677.33487091,0.0,57640677.33487091,0.0,115281354.66974182,0.002582279903865947,0.5,2.0
2022-09-09,231158086.79039192,233128577.87302837,0.25,0.0,0.25,0.0,57789521.69759798,0.0,57789521.69759798,0.0,115579043.39519596,0.008524430661269733,0.5,2.0
2022-09-12,233128577.87302837,234545871.97451803,0.25,0.0,0.25,0.0,58282144.46825709,0.0,58282144.46825709,0.0,116564288.93651418,0.006079452439595789,0.5,2.0
2022-09-13,234545871.97451803,233779846.43612248,0.25,0.0,0.25,0.0,58636467.99362951,0.0,58636467.99362951,0.0,117272935.98725902,-0.003265994544891182,0.5,2.0
2022-09-14,233779846.43612248,234354211.72611994,0.25,0.0,0.25,0.0,58444961.60903062,0.0,58444961.60903062,0.0,116889923.21806124,0.0024568640058302282,0.5,2.0
2022-09-15,234354211.72611994,231984241.1688627,0.25,0.0,0.25,0.0,58588552.931529984,0.0,58588552.931529984,0.0,117177105.86305997,-0.010112771346421856,0.5,2.0
2022-09-16,231984241.1688627,231062613.00273833,0.25,0.0,0.25,0.0,57996060.292215675,0.0,57996060.292215675,0.0,115992120.58443135,-0.003972805055553419,0.5,2.0
2022-09-19,231062613.00273833,231669224.99672365,0.25,0.0,0.25,0.0,57765653.25068458,0.0,57765653.25068458,0.0,115531306.50136916,0.0026253143513882415,0.5,2.0
2022-09-20,231669224.99672365,232519742.11897233,0.25,0.0,0.25,0.0,57917306.24918091,0.0,57917306.24918091,0.0,115834612.49836183,0.0036712563883300464,0.5,2.0
2022-09-21,232519742.11897233,232228141.21617165,0.25,0.0,0.25,0.0,58129935.52974308,0.0,58129935.52974308,0.0,116259871.05948617,-0.001254090943604541,0.5,2.0
2022-09-22,232228141.21617165,231762578.43059143,0.25,0.0,0.25,0.0,58057035.30404291,0.0,58057035.30404291,0.0,116114070.60808583,-0.00200476472464578,0.5,2.0
2022-09-23,231762578.43059143,229353699.8227329,0.25,0.0,0.25,0.0,57940644.60764786,0.0,57940644.60764786,0.0,115881289.21529572,-0.010393734071179966,0.5,2.0
2022-09-26,229353699.8227329,228114260.99786344,0.25,0.0,0.0,0.0,57338424.955683224,0.0,0.0,0.0,172015274.86704966,-0.005404049840170094,0.25,1.0
2022-09-27,228114260.99786344,228179936.0581102,0.25,0.0,0.0,0.0,57028565.24946586,0.0,0.0,0.0,171085695.7483976,0.0002879042281685451,0.25,1.0
2022-09-28,228179936.0581102,228048770.52858466,0.25,0.0,0.0,0.0,57044984.01452755,0.0,0.0,0.0,171134952.04358265,-0.000574833755287607,0.25,1.0
2022-09-29,228048770.52858466,227679629.95136282,0.25,0.0,0.0,0.0,57012192.632146165,0.0,0.0,0.0,171036577.89643848,-0.0016186913718772011,0.25,1.0
2022-09-30,227679629.95136282,227620273.03843668,0.25,0.0,0.0,0.0,56919907.487840705,0.0,0.0,0.0,170759722.4635221,-0.0002607036603970436,0.25,1.0
2022-10-03,227620273.03843668,230102769.70007437,0.25,0.0,0.0,0.0,56905068.25960917,0.0,0.0,0.0,170715204.77882752,0.010906307371041979,0.25,1.0
2022-10-04,230102769.70007437,230102769.70007437,0.0,0.0,0.0,0.0,0.0,0.0,0.0,0.0,230102769.70007437,0.0,0.0,0.0
2022-10-05,230102769.70007437,230102769.70007437,0.0,0.0,0.0,0.0,0.0,0.0,0.0,0.0,230102769.70007437,0.0,0.0,0.0
2022-10-06,230102769.70007437,230698539.36899146,0.25,0.0,0.0,0.0,57525692.42501859,0.0,0.0,0.0,172577077.27505577,0.002589146013729393,0.25,1.0
2022-10-07,230698539.36899146,230698539.36899146,0.0,0.0,0.0,0.0,0.0,0.0,0.0,0.0,230698539.36899146,0.0,0.0,0.0
2022-10-10,230698539.36899146,230698539.36899146,0.0,0.0,0.0,0.0,0.0,0.0,0.0,0.0,230698539.36899146,0.0,0.0,0.0
2022-10-11,230698539.36899146,230698539.36899146,0.0,0.0,0.0,0.0,0.0,0.0,0.0,0.0,230698539.36899146,0.0,0.0,0.0
2022-10-12,230698539.36899146,230698539.36899146,0.0,0.0,0.0,0.0,0.0,0.0,0.0,0.0,230698539.36899146,0.0,0.0,0.0
2022-10-13,230698539.36899146,230698539.36899146,0.0,0.0,0.0,0.0,0.0,0.0,0.0,0.0,230698539.36899146,0.0,0.0,0.0
2022-10-14,230698539.36899146,230698539.36899146,0.0,0.0,0.0,0.0,0.0,0.0,0.0,0.0,230698539.36899146,0.0,0.0,0.0
2022-10-17,230698539.36899146,230698539.36899146,0.0,0.0,0.0,0.0,0.0,0.0,0.0,0.0,230698539.36899146,0.0,0.0,0.0
2022-10-18,230698539.36899146,230698539.36899146,0.0,0.0,0.0,0.0,0.0,0.0,0.0,0.0,230698539.36899146,0.0,0.0,0.0
2022-10-19,230698539.36899146,230698539.36899146,0.0,0.0,0.0,0.0,0.0,0.0,0.0,0.0,230698539.36899146,0.0,0.0,0.0
2022-10-20,230698539.36899146,230698539.36899146,0.0,0.0,0.0,0.0,0.0,0.0,0.0,0.0,230698539.36899146,0.0,0.0,0.0
2022-10-21,230698539.36899146,230698539.36899146,0.0,0.0,0.0,0.0,0.0,0.0,0.0,0.0,230698539.36899146,0.0,0.0,0.0
2022-10-24,230698539.36899146,230698539.36899146,0.0,0.0,0.0,0.0,0.0,0.0,0.0,0.0,230698539.36899146,0.0,0.0,0.0
2022-10-25,230698539.36899146,230698539.36899146,0.0,0.0,0.0,0.0,0.0,0.0,0.0,0.0,230698539.36899146,0.0,0.0,0.0
2022-10-26,230698539.36899146,230698539.36899146,0.0,0.0,0.0,0.0,0.0,0.0,0.0,0.0,230698539.36899146,0.0,0.0,0.0
2022-10-27,230698539.36899146,230698539.36899146,0.0,0.0,0.0,0.0,0.0,0.0,0.0,0.0,230698539.36899146,0.0,0.0,0.0
2022-10-28,230698539.36899146,230698539.36899146,0.0,0.0,0.0,0.0,0.0,0.0,0.0,0.0,230698539.36899146,0.0,0.0,0.0
2022-10-31,230698539.36899146,230698539.36899146,0.0,0.0,0.0,0.0,0.0,0.0,0.0,0.0,230698539.36899146,0.0,0.0,0.0
2022-11-01,230698539.36899146,230698539.36899146,0.0,0.0,0.0,0.0,0.0,0.0,0.0,0.0,230698539.36899146,0.0,0.0,0.0
2022-11-02,230698539.36899146,230698539.36899146,0.0,0.0,0.0,0.0,0.0,0.0,0.0,0.0,230698539.36899146,0.0,0.0,0.0
2022-11-03,230698539.36899146,230698539.36899146,0.0,0.0,0.0,0.0,0.0,0.0,0.0,0.0,230698539.36899146,0.0,0.0,0.0
2022-11-04,230698539.36899146,230698539.36899146,0.0,0.0,0.0,0.0,0.0,0.0,0.0,0.0,230698539.36899146,0.0,0.0,0.0
2022-11-07,230698539.36899146,230698539.36899146,0.0,0.0,0.0,0.0,0.0,0.0,0.0,0.0,230698539.36899146,0.0,0.0,0.0
2022-11-08,230698539.36899146,230698539.36899146,0.0,0.0,0.0,0.0,0.0,0.0,0.0,0.0,230698539.36899146,0.0,0.0,0.0
2022-11-09,230698539.36899146,230698539.36899146,0.0,0.0,0.0,0.0,0.0,0.0,0.0,0.0,230698539.36899146,0.0,0.0,0.0
2022-11-10,230698539.36899146,230698539.36899146,0.0,0.0,0.0,0.0,0.0,0.0,0.0,0.0,230698539.36899146,0.0,0.0,0.0
2022-11-11,230698539.36899146,230698539.36899146,0.0,0.0,0.0,0.0,0.0,0.0,0.0,0.0,230698539.36899146,0.0,0.0,0.0
2022-11-14,230698539.36899146,230698539.36899146,0.0,0.0,0.0,0.0,0.0,0.0,0.0,0.0,230698539.36899146,0.0,0.0,0.0
2022-11-15,230698539.36899146,230698539.36899146,0.0,0.0,0.0,0.0,0.0,0.0,0.0,0.0,230698539.36899146,0.0,0.0,0.0
2022-11-16,230698539.36899146,230698539.36899146,0.0,0.0,0.0,0.0,0.0,0.0,0.0,0.0,230698539.36899146,0.0,0.0,0.0
2022-11-17,230698539.36899146,230698539.36899146,0.0,0.0,0.0,0.0,0.0,0.0,0.0,0.0,230698539.36899146,0.0,0.0,0.0
2022-11-18,230698539.36899146,230378787.24108002,0.0,0.0,0.0,0.25,0.0,0.0,0.0,57674634.842247866,173023904.5267436,-0.0013860171320806136,0.25,1.0
2022-11-21,230378787.24108002,229963279.5408072,0.0,0.0,0.0,0.25,0.0,0.0,0.0,57594696.810270004,172784090.43081,-0.0018035848927274167,0.25,1.0
2022-11-22,229963279.5408072,230036050.63700542,0.0,0.0,0.0,0.25,0.0,0.0,0.0,57490819.8852018,172472459.65560538,0.00031644659244556284,0.25,1.0
2022-11-23,230036050.63700542,230347678.2706079,0.0,0.0,0.0,0.25,0.0,0.0,0.0,57509012.659251355,172527037.97775406,0.0013546904180433694,0.25,1.0
2022-11-24,230347678.2706079,230530673.6027807,0.0,0.0,0.0,0.25,0.0,0.0,0.0,57586919.56765197,172760758.7029559,0.0007944309816652062,0.25,1.0
2022-11-25,230530673.6027807,229544362.27749446,0.0,0.25,0.25,0.25,0.0,57632668.400695175,57632668.400695175,57632668.400695175,57632668.400695175,-0.0042784385690284865,0.75,3.0
2022-11-28,229544362.27749446,228344265.64027962,0.0,0.25,0.25,0.25,0.0,57386090.569373615,57386090.569373615,57386090.569373615,57386090.569373615,-0.0052281686437763986,0.75,3.0
2022-11-29,228344265.64027962,229180385.29368934,0.0,0.25,0.25,0.25,0.0,57086066.410069905,57086066.410069905,57086066.410069905,57086066.410069905,0.003661662582439884,0.75,3.0
2022-11-30,229180385.29368934,230108701.8840608,0.0,0.25,0.25,0.25,0.0,57295096.323422335,57295096.323422335,57295096.323422335,57295096.323422335,0.004050593549626252,0.75,3.0
2022-12-01,230108701.8840608,232188331.0137899,0.0,0.25,0.25,0.25,0.0,57527175.4710152,57527175.4710152,57527175.4710152,57527175.4710152,0.009037594461668463,0.75,3.0
2022-12-02,232188331.0137899,230898792.27131927,0.0,0.25,0.25,0.25,0.0,58047082.75344747,58047082.75344747,58047082.75344747,58047082.75344747,-0.005553848192285243,0.75,3.0
2022-12-05,230898792.27131927,228079429.16843024,0.0,0.25,0.25,0.25,0.0,57724698.06782982,57724698.06782982,57724698.06782982,57724698.06782982,-0.012210384797405632,0.75,3.0
2022-12-06,228079429.16843024,227171156.15582317,0.0,0.25,0.25,0.25,0.0,57019857.29210756,57019857.29210756,57019857.29210756,57019857.29210756,-0.003982266247853139,0.75,3.0
2022-12-07,227171156.15582317,228233205.4950831,0.0,0.25,0.25,0.25,0.0,56792789.03895579,56792789.03895579,56792789.03895579,56792789.03895579,0.0046751064581957436,0.75,3.0
2022-12-08,228233205.4950831,228894800.99718362,0.0,0.25,0.25,0.25,0.0,57058301.37377077,57058301.37377077,57058301.37377077,57058301.37377077,0.002898769706473625,0.75,3.0
2022-12-09,228894800.99718362,229688060.36714113,0.0,0.25,0.25,0.25,0.0,57223700.249295905,57223700.249295905,57223700.249295905,57223700.249295905,0.0034656067612793273,0.75,3.0
2022-12-12,229688060.36714113,229248193.61981606,0.0,0.25,0.25,0.25,0.0,57422015.09178528,57422015.09178528,57422015.09178528,57422015.09178528,-0.001915061438639759,0.75,3.0
2022-12-13,229248193.61981606,231352952.80364293,0.0,0.25,0.0,0.25,0.0,57312048.404954016,0.0,57312048.404954016,114624096.80990803,0.009181137485067159,0.5,2.0
2022-12-14,231352952.80364293,231135295.80789188,0.0,0.25,0.0,0.25,0.0,57838238.20091073,0.0,57838238.20091073,115676476.40182146,-0.000940800595425173,0.5,2.0
2022-12-15,231135295.80789188,228956358.87398604,0.0,0.25,0.0,0.25,0.0,57783823.95197297,0.0,57783823.95197297,115567647.90394594,-0.009427105999928714,0.5,2.0
2022-12-16,228956358.87398604,229093411.46136716,0.0,0.25,0.0,0.25,0.0,57239089.71849651,0.0,57239089.71849651,114478179.43699302,0.0005985969905144828,0.5,2.0
2022-12-19,229093411.46136716,229086666.63799343,0.0,0.25,0.0,0.25,0.0,57273352.86534179,0.0,57273352.86534179,114546705.73068358,-2.9441367740468127e-05,0.5,2.0
2022-12-20,229086666.63799343,229778777.08945033,0.0,0.25,0.0,0.25,0.0,57271666.65949836,0.0,57271666.65949836,114543333.31899671,0.0030211729980364477,0.5,2.0
2022-12-21,229778777.08945033,230089655.48068017,0.0,0.25,0.0,0.25,0.0,57444694.27236258,0.0,57444694.27236258,114889388.54472516,0.0013529464956147375,0.5,2.0
2022-12-22,230089655.48068017,229380485.85652488,0.25,0.25,0.0,0.25,57522413.87017004,57522413.87017004,0.0,57522413.87017004,57522413.87017004,-0.0030821447521131307,0.75,3.0
2022-12-23,229380485.85652488,230269165.22825944,0.25,0.25,0.0,0.25,57345121.46413122,57345121.46413122,0.0,57345121.46413122,57345121.46413122,0.003874258825532495,0.75,3.0
2022-12-26,230269165.22825944,230269165.22825944,0.25,0.25,0.0,0.25,57567291.30706486,57567291.30706486,0.0,57567291.30706486,57567291.30706486,0.0,0.75,3.0
2022-12-27,230269165.22825944,229412248.01242113,0.25,0.25,0.0,0.25,57567291.30706486,57567291.30706486,0.0,57567291.30706486,57567291.30706486,-0.003721371964799852,0.75,3.0
2022-12-28,229412248.01242113,229422672.08666185,0.25,0.25,0.0,0.25,57353062.00310528,57353062.00310528,0.0,57353062.00310528,57353062.00310528,4.543817660573879e-05,0.75,3.0
2022-12-29,229422672.08666185,230096904.08535,0.25,0.25,0.0,0.25,57355668.02166546,57355668.02166546,0.0,57355668.02166546,57355668.02166546,0.0029388202680922237,0.75,3.0
2022-12-30,230096904.08535,230140858.71796843,0.25,0.25,0.0,0.25,57524226.0213375,57524226.0213375,0.0,57524226.0213375,57524226.0213375,0.000191026614604628,0.75,3.0
2023-01-02,230140858.71796843,230140858.71796843,0.25,0.25,0.0,0.25,57535214.67949211,57535214.67949211,0.0,57535214.67949211,57535214.67949211,0.0,0.75,3.0
2023-01-03,230140858.71796843,229182505.68198997,0.25,0.25,0.0,0.25,57535214.67949211,57535214.67949211,0.0,57535214.67949211,57535214.67949211,-0.004164202051374605,0.75,3.0
2023-01-04,229182505.68198997,229911058.8122385,0.25,0.25,0.0,0.25,57295626.42049749,57295626.42049749,0.0,57295626.42049749,57295626.42049749,0.003178921218618236,0.75,3.0
2023-01-05,229911058.8122385,228279741.72898048,0.0,0.25,0.0,0.25,0.0,57477764.70305963,0.0,57477764.70305963,114955529.40611926,-0.007095426778014419,0.5,2.0
2023-01-06,228279741.72898048,230159399.28524336,0.0,0.25,0.0,0.25,0.0,57069935.43224512,0.0,57069935.43224512,114139870.86449024,0.00823400947463171,0.5,2.0
2023-01-09,230159399.28524336,231201192.14163265,0.0,0.25,0.0,0.25,0.0,57539849.82131084,0.0,57539849.82131084,115079699.64262168,0.004526397182233466,0.5,2.0
2023-01-10,231201192.14163265,230837187.8788141,0.0,0.25,0.0,0.25,0.0,57800298.03540816,0.0,57800298.03540816,115600596.07081632,-0.0015744047833262387,0.5,2.0
2023-01-11,230837187.8788141,230952238.22338334,0.0,0.25,0.0,0.25,0.0,57709296.969703525,0.0,57709296.969703525,115418593.93940705,0.0004984047225079502,0.5,2.0
2023-01-12,230952238.22338334,231894079.2192573,0.0,0.25,0.0,0.25,0.0,57738059.555845834,0.0,57738059.555845834,115476119.11169167,0.004078076935383479,0.5,2.0
2023-01-13,231894079.2192573,233313508.61769783,0.25,0.25,0.0,0.25,57973519.804814324,57973519.804814324,0.0,57973519.804814324,57973519.804814324,0.0061210247506944815,0.75,3.0
2023-01-16,233313508.61769783,232990574.12376377,0.25,0.25,0.0,0.25,58328377.15442446,58328377.15442446,0.0,58328377.15442446,58328377.15442446,-0.0013841225733021156,0.75,3.0
2023-01-17,232990574.12376377,233027904.6271532,0.25,0.25,0.0,0.25,58247643.53094094,58247643.53094094,0.0,58247643.53094094,58247643.53094094,0.00016022323448006137,0.75,3.0
2023-01-18,233027904.6271532,233242991.62464795,0.25,0.25,0.0,0.25,58256976.1567883,58256976.1567883,0.0,58256976.1567883,58256976.1567883,0.0009230096191221449,0.75,3.0
2023-01-19,233242991.62464795,231783719.22453818,0.25,0.25,0.0,0.25,58310747.90616199,58310747.90616199,0.0,58310747.90616199,58310747.90616199,-0.006256446935212323,0.75,3.0
2023-01-20,231783719.22453818,232241532.60443744,0.25,0.25,0.0,0.25,57945929.806134544,57945929.806134544,0.0,57945929.806134544,57945929.806134544,0.0019751748804056335,0.75,3.0
2023-01-23,232241532.60443744,233436481.32045725,0.25,0.25,0.0,0.25,58060383.15110936,58060383.15110936,0.0,58060383.15110936,58060383.15110936,0.00514528431938599,0.75,3.0
2023-01-24,233436481.32045725,234006469.20206273,0.25,0.25,0.0,0.25,58359120.33011431,58359120.33011431,0.0,58359120.33011431,58359120.33011431,0.0024417258107272133,0.75,3.0
2023-01-25,234006469.20206273,235444843.35608664,0.25,0.25,0.0,0.25,58501617.30051568,58501617.30051568,0.0,58501617.30051568,58501617.30051568,0.0061467281606725765,0.75,3.0
2023-01-26,235444843.35608664,234885289.2229418,0.25,0.25,0.0,0.25,58861210.83902166,58861210.83902166,0.0,58861210.83902166,58861210.83902166,-0.0023765826644103205,0.75,3.0
2023-01-27,234885289.2229418,234820165.00312626,0.25,0.25,0.0,0.25,58721322.30573545,58721322.30573545,0.0,58721322.30573545,58721322.30573545,-0.00027725967867534007,0.75,3.0
2023-01-30,234820165.00312626,234563903.0194029,0.25,0.25,0.0,0.25,58705041.250781566,58705041.250781566,0.0,58705041.250781566,58705041.250781566,-0.0010913116585193339,0.75,3.0
2023-01-31,234563903.0194029,234495045.1268043,0.25,0.25,0.0,0.25,58640975.75485072,58640975.75485072,0.0,58640975.75485072,58640975.75485072,-0.00029355707213363225,0.75,3.0
2023-02-01,234495045.1268043,235604926.00825343,0.25,0.25,0.0,0.25,58623761.28170107,58623761.28170107,0.0,58623761.28170107,58623761.28170107,0.004733067518970346,0.75,3.0
2023-02-02,235604926.00825343,235660397.44569162,0.25,0.25,0.0,0.25,58901231.50206336,58901231.50206336,0.0,58901231.50206336,58901231.50206336,0.0002354426046093372,0.75,3.0
2023-02-03,235660397.44569162,231685641.54697412,0.25,0.25,0.0,0.25,58915099.361422904,58915099.361422904,0.0,58915099.361422904,58915099.361422904,-0.016866456739442037,0.75,3.0
2023-02-06,231685641.54697412,230007350.0767405,0.25,0.25,0.0,0.25,57921410.38674353,57921410.38674353,0.0,57921410.38674353,57921410.38674353,-0.00724383029965775,0.75,3.0
2023-02-07,230007350.0767405,230673213.71488476,0.25,0.25,0.0,0.25,57501837.519185126,57501837.519185126,0.0,57501837.519185126,57501837.519185126,0.0028949667822444347,0.75,3.0
2023-02-08,230673213.71488476,230551574.19050723,0.25,0.25,0.0,0.25,57668303.42872119,57668303.42872119,0.0,57668303.42872119,57668303.42872119,-0.0005273240113951305,0.75,3.0
2023-02-09,230551574.19050723,230057708.83201665,0.25,0.25,0.0,0.25,57637893.54762681,57637893.54762681,0.0,57637893.54762681,57637893.54762681,-0.0021421036062087284,0.75,3.0
2023-02-10,230057708.83201665,229909096.21890393,0.25,0.25,0.0,0.25,57514427.20800416,57514427.20800416,0.0,57514427.20800416,57514427.20800416,-0.0006459797146865509,0.75,3.0
2023-02-13,229909096.21890393,230730373.05390233,0.25,0.25,0.0,0.25,57477274.05472598,57477274.05472598,0.0,57477274.05472598,57477274.05472598,0.0035721806944795376,0.75,3.0
2023-02-14,230730373.05390233,230939101.88164526,0.25,0.25,0.0,0.25,57682593.26347558,57682593.26347558,0.0,57682593.26347558,57682593.26347558,0.0009046439139340223,0.75,3.0
2023-02-15,230939101.88164526,228867663.14218393,0.25,0.25,0.0,0.25,57734775.470411316,57734775.470411316,0.0,57734775.470411316,57734775.470411316,-0.008969631918474053,0.75,3.0
2023-02-16,228867663.14218393,228802693.75652328,0.25,0.25,0.0,0.25,57216915.78554598,57216915.78554598,0.0,57216915.78554598,57216915.78554598,-0.00028387315520539413,0.75,3.0
2023-02-17,228802693.75652328,229357851.1400054,0.25,0.25,0.0,0.25,57200673.43913082,57200673.43913082,0.0,57200673.43913082,57200673.43913082,0.0024263585990507708,0.75,3.0
2023-02-20,229357851.1400054,230142291.02659333,0.25,0.25,0.0,0.25,57339462.78500135,57339462.78500135,0.0,57339462.78500135,57339462.78500135,0.003420157115568201,0.75,3.0
2023-02-21,230142291.02659333,229747691.9070279,0.25,0.25,0.0,0.25,57535572.75664833,57535572.75664833,0.0,57535572.75664833,57535572.75664833,-0.0017145876049345365,0.75,3.0
2023-02-22,229747691.9070279,228775377.6683029,0.25,0.25,0.0,0.25,57436922.976756975,57436922.976756975,0.0,57436922.976756975,57436922.976756975,-0.004232095785834861,0.75,3.0
2023-02-23,228775377.6683029,229032576.26780736,0.25,0.25,0.0,0.25,57193844.41707572,57193844.41707572,0.0,57193844.41707572,57193844.41707572,0.0011242407383430242,0.75,3.0
2023-02-24,229032576.26780736,227266111.53391775,0.25,0.25,0.0,0.25,57258144.06695184,57258144.06695184,0.0,57258144.06695184,57258144.06695184,-0.00771272262957079,0.75,3.0
2023-02-27,227266111.53391775,227479173.37375525,0.25,0.25,0.0,0.25,56816527.88347944,56816527.88347944,0.0,56816527.88347944,56816527.88347944,0.0009374993851895275,0.75,3.0
2023-02-28,227479173.37375525,227709324.75426874,0.25,0.25,0.0,0.25,56869793.34343881,56869793.34343881,0.0,56869793.34343881,56869793.34343881,0.0010117470408395335,0.75,3.0
2023-03-01,227709324.75426874,228453714.41658288,0.25,0.25,0.0,0.25,56927331.188567184,56927331.188567184,0.0,56927331.188567184,56927331.188567184,0.003269034604170995,0.75,3.0
2023-03-02,228453714.41658288,228048000.82173115,0.25,0.25,0.0,0.0,57113428.60414572,57113428.60414572,0.0,0.0,114226857.20829144,-0.0017759115709185813,0.5,2.0
2023-03-03,228048000.82173115,227993259.84444243,0.25,0.0,0.0,0.0,57012000.20543279,0.0,0.0,0.0,171036000.61629838,-0.00024004146974102025,0.25,1.0
2023-03-06,227993259.84444243,228452810.56522647,0.25,0.0,0.0,0.0,56998314.96111061,0.0,0.0,0.0,170994944.88333184,0.002015632923085431,0.25,1.0
2023-03-07,228452810.56522647,228180061.44454056,0.25,0.0,0.0,0.0,57113202.64130662,0.0,0.0,0.0,171339607.92391986,-0.0011938969803482469,0.25,1.0
2023-03-08,228180061.44454056,229081783.6476323,0.25,0.0,0.0,0.0,57045015.36113514,0.0,0.0,0.0,171135046.08340544,0.003951801035476876,0.25,1.0
2023-03-09,229081783.6476323,228793067.56898504,0.25,0.0,0.0,0.0,57270445.911908075,0.0,0.0,0.0,171811337.7357242,-0.001260318799906457,0.25,1.0
2023-03-10,228793067.56898504,228641331.383007,0.25,0.0,0.0,0.0,57198266.89224626,0.0,0.0,0.0,171594800.6767388,-0.0006632027254598605,0.25,1.0
2023-03-13,228641331.383007,227822792.06615695,0.25,0.0,0.0,0.0,57160332.84575175,0.0,0.0,0.0,171480998.53725523,-0.0035800146539510525,0.25,1.0
2023-03-14,227822792.06615695,227641088.61872336,0.25,0.0,0.0,0.0,56955698.01653924,0.0,0.0,0.0,170867094.0496177,-0.0007975648344298869,0.25,1.0
2023-03-15,227641088.61872336,227098046.94442636,0.25,0.0,0.0,0.0,56910272.15468084,0.0,0.0,0.0,170730816.4640425,-0.002385516945082461,0.25,1.0
2023-03-16,227098046.94442636,227406633.40542865,0.25,0.0,0.0,0.0,56774511.73610659,0.0,0.0,0.0,170323535.20831978,0.0013588248122529123,0.25,1.0
2023-03-17,227406633.40542865,227463253.74923623,0.25,0.0,0.0,0.0,56851658.35135716,0.0,0.0,0.0,170554975.0540715,0.00024898281531932076,0.25,1.0
2023-03-20,227463253.74923623,227463253.74923623,0.0,0.0,0.0,0.0,0.0,0.0,0.0,0.0,227463253.74923623,0.0,0.0,0.0
2023-03-21,227463253.74923623,227463253.74923623,0.0,0.0,0.0,0.0,0.0,0.0,0.0,0.0,227463253.74923623,0.0,0.0,0.0
2023-03-22,227463253.74923623,227463253.74923623,0.0,0.0,0.0,0.0,0.0,0.0,0.0,0.0,227463253.74923623,0.0,0.0,0.0
2023-03-23,227463253.74923623,228135502.9104277,0.0,0.0,0.0,0.25,0.0,0.0,0.0,56865813.43730906,170597440.31192717,0.002955418732964177,0.25,1.0
2023-03-24,228135502.9104277,227700896.42286754,0.0,0.0,0.0,0.25,0.0,0.0,0.0,57033875.72760692,171101627.18282077,-0.0019050366208488156,0.25,1.0
2023-03-27,227700896.42286754,227081058.62645707,0.0,0.0,0.0,0.25,0.0,0.0,0.0,56925224.105716884,170775672.31715065,-0.0027221579104341753,0.25,1.0
2023-03-28,227081058.62645707,227570519.98926076,0.0,0.0,0.0,0.25,0.0,0.0,0.0,56770264.65661427,170310793.9698428,0.0021554477760685198,0.25,1.0
2023-03-29,227570519.98926076,227315683.07226074,0.0,0.0,0.0,0.25,0.0,0.0,0.0,56892629.99731519,170677889.99194556,-0.0011198151544939416,0.25,1.0
2023-03-30,227315683.07226074,227768937.6090529,0.0,0.0,0.0,0.25,0.0,0.0,0.0,56828920.768065184,170486762.30419555,0.0019939430956379955,0.25,1.0
2023-03-31,227768937.6090529,227450063.16664007,0.0,0.0,0.0,0.25,0.0,0.0,0.0,56942234.402263224,170826703.20678967,-0.0013999909107893782,0.25,1.0
2023-04-03,227450063.16664007,227893868.44964597,0.0,0.0,0.0,0.25,0.0,0.0,0.0,56862515.79166002,170587547.37498006,0.0019512207507312307,0.25,1.0
2023-04-04,227893868.44964597,228920719.9945587,0.0,0.0,0.0,0.25,0.0,0.0,0.0,56973467.11241149,170920401.33723447,0.004505832262615583,0.25,1.0
2023-04-05,228920719.9945587,228929501.01820704,0.0,0.0,0.0,0.25,0.0,0.0,0.0,57230179.99863967,171690539.99591902,3.835836113280644e-05,0.25,1.0
2023-04-06,228929501.01820704,228566404.98322794,0.0,0.0,0.0,0.25,0.0,0.0,0.0,57232375.25455176,171697125.76365528,-0.0015860604830927327,0.25,1.0
2023-04-07,228566404.98322794,228566404.98322794,0.0,0.0,0.0,0.25,0.0,0.0,0.0,57141601.245806985,171424803.73742095,0.0,0.25,1.0
2023-04-10,228566404.98322794,228098835.96446285,0.0,0.0,0.0,0.25,0.0,0.0,0.0,57141601.245806985,171424803.73742095,-0.0020456594170057407,0.25,1.0
2023-04-11,228098835.96446285,228446456.81285304,0.0,0.0,0.0,0.25,0.0,0.0,0.0,57024708.99111571,171074126.97334713,0.0015239922068009393,0.25,1.0
2023-04-12,228446456.81285304,229595436.28003463,0.25,0.0,0.0,0.25,57111614.20321326,0.0,0.0,57111614.20321326,114223228.40642652,0.005029535074482783,0.5,2.0
2023-04-13,229595436.28003463,230661836.95559224,0.25,0.0,0.0,0.25,57398859.07000866,0.0,0.0,57398859.07000866,114797718.14001732,0.004644694567260188,0.5,2.0
2023-04-14,230661836.95559224,229042737.90231797,0.25,0.0,0.0,0.25,57665459.23889806,0.0,0.0,57665459.23889806,115330918.47779612,-0.007019362520666872,0.5,2.0
2023-04-17,229042737.90231797,228860882.23578894,0.25,0.0,0.0,0.25,57260684.47557949,0.0,0.0,57260684.47557949,114521368.95115899,-0.0007939813686937969,0.5,2.0
2023-04-18,228860882.23578894,228973924.82993796,0.25,0.0,0.0,0.25,57215220.558947235,0.0,0.0,57215220.558947235,114430441.11789447,0.0004939358489081114,0.5,2.0
2023-04-19,228973924.82993796,227964732.1414213,0.25,0.0,0.0,0.25,57243481.20748449,0.0,0.0,57243481.20748449,114486962.41496898,-0.0044074568283974935,0.5,2.0
2023-04-20,227964732.1414213,228149454.74247202,0.25,0.0,0.0,0.25,56991183.03535532,0.0,0.0,56991183.03535532,113982366.07071064,0.0008103121887124698,0.5,2.0
2023-04-21,228149454.74247202,227413350.1019622,0.25,0.0,0.0,0.25,57037363.685618006,0.0,0.0,57037363.685618006,114074727.37123601,-0.0032264142000282547,0.5,2.0
2023-04-24,227413350.1019622,227456309.60200268,0.25,0.0,0.0,0.25,56853337.52549055,0.0,0.0,56853337.52549055,113706675.0509811,0.00018890491706485824,0.5,2.0
2023-04-25,227456309.60200268,226941017.7486916,0.25,0.0,0.25,0.25,56864077.40050067,0.0,56864077.40050067,56864077.40050067,56864077.40050067,-0.0022654542061845695,0.75,3.0
2023-04-26,226941017.7486916,226287771.839446,0.25,0.0,0.25,0.25,56735254.4371729,0.0,56735254.4371729,56735254.4371729,56735254.4371729,-0.0028784832099809365,0.75,3.0
2023-04-27,226287771.839446,226739768.16417745,0.25,0.0,0.25,0.25,56571942.9598615,0.0,56571942.9598615,56571942.9598615,56571942.9598615,0.0019974403435824017,0.75,3.0
2023-04-28,226739768.16417745,227388905.30393022,0.25,0.0,0.25,0.25,56684942.04104436,0.0,56684942.04104436,56684942.04104436,56684942.04104436,0.0028629170127879577,0.75,3.0
2023-05-01,227388905.30393022,226999035.9463996,0.25,0.0,0.25,0.25,56847226.325982556,0.0,56847226.325982556,56847226.325982556,56847226.325982556,-0.0017145487243960256,0.75,3.0
2023-05-02,226999035.9463996,226679069.60296696,0.25,0.0,0.25,0.25,56749758.9865999,0.0,56749758.9865999,56749758.9865999,56749758.9865999,-0.0014095493493997135,0.75,3.0
2023-05-03,226679069.60296696,227209414.76063615,0.25,0.0,0.25,0.25,56669767.40074174,0.0,56669767.40074174,56669767.40074174,56669767.40074174,0.0023396300267073955,0.75,3.0
2023-05-04,227209414.76063615,227500603.15048072,0.25,0.0,0.25,0.25,56802353.69015904,0.0,56802353.69015904,56802353.69015904,56802353.69015904,0.0012815859331855584,0.75,3.0
2023-05-05,227500603.15048072,227185769.35479912,0.25,0.0,0.0,0.25,56875150.78762018,0.0,0.0,56875150.78762018,113750301.57524036,-0.0013838811472219326,0.5,2.0
2023-05-08,227185769.35479912,227458276.90583265,0.25,0.0,0.0,0.25,56796442.33869978,0.0,0.0,56796442.33869978,113592884.67739956,0.0011994921680499315,0.5,2.0
2023-05-09,227458276.90583265,227292293.28182217,0.25,0.0,0.0,0.25,56864569.22645816,0.0,0.0,56864569.22645816,113729138.45291632,-0.0007297321788785616,0.5,2.0
2023-05-10,227292293.28182217,227767788.85528964,0.25,0.0,0.0,0.25,56823073.32045554,0.0,0.0,56823073.32045554,113646146.64091109,0.0020920004220199573,0.5,2.0
2023-05-11,227767788.85528964,227115364.45224202,0.25,0.0,0.0,0.25,56941947.21382241,0.0,0.0,56941947.21382241,113883894.42764482,-0.0028644278733465645,0.5,2.0
2023-05-12,227115364.45224202,227583816.318421,0.25,0.0,0.0,0.25,56778841.113060504,0.0,0.0,56778841.113060504,113557682.22612101,0.0020626163593502334,0.5,2.0
2023-05-15,227583816.318421,227947389.8609912,0.25,0.0,0.0,0.25,56895954.07960525,0.0,0.0,56895954.07960525,113791908.1592105,0.0015975368919095567,0.5,2.0
2023-05-16,227947389.8609912,227123207.76096183,0.25,0.0,0.0,0.25,56986847.4652478,0.0,0.0,56986847.4652478,113973694.9304956,-0.003615668073812972,0.5,2.0
2023-05-17,227123207.76096183,226400950.55035615,0.25,0.0,0.0,0.25,56780801.94024046,0.0,0.0,56780801.94024046,113561603.88048092,-0.003180023819344041,0.5,2.0
2023-05-18,226400950.55035615,225556644.3112652,0.25,0.0,0.0,0.25,56600237.63758904,0.0,0.0,56600237.63758904,113200475.27517807,-0.0037292521830785685,0.5,2.0
2023-05-19,225556644.3112652,225951493.93324158,0.25,0.0,0.0,0.25,56389161.0778163,0.0,0.0,56389161.0778163,112778322.1556326,0.0017505563765680965,0.5,2.0
2023-05-22,225951493.93324158,226130560.87390566,0.25,0.0,0.0,0.25,56487873.483310394,0.0,0.0,56487873.483310394,112975746.96662079,0.0007925016893979842,0.5,2.0
2023-05-23,226130560.87390566,226254979.4930492,0.25,0.0,0.0,0.25,56532640.218476415,0.0,0.0,56532640.218476415,113065280.43695283,0.0005502070072382348,0.5,2.0
2023-05-24,226254979.4930492,225851337.88058496,0.25,0.0,0.0,0.25,56563744.8732623,0.0,0.0,56563744.8732623,113127489.7465246,-0.001784012061827961,0.5,2.0
2023-05-25,225851337.88058496,224886469.18726403,0.25,0.0,0.0,0.25,56462834.47014624,0.0,0.0,56462834.47014624,112925668.94029248,-0.00427214070270901,0.5,2.0
2023-05-26,224886469.18726403,224977697.61158052,0.25,0.0,0.0,0.25,56221617.29681601,0.0,0.0,56221617.29681601,112443234.59363201,0.0004056643543127736,0.5,2.0
2023-05-29,224977697.61158052,224869179.4861601,0.25,0.0,0.0,0.25,56244424.40289513,0.0,0.0,56244424.40289513,112488848.80579026,-0.00048235059106971345,0.5,2.0
2023-05-30,224869179.4861601,224806816.79724276,0.25,0.0,0.0,0.25,56217294.871540025,0.0,0.0,56217294.871540025,112434589.74308005,-0.00027732875203187457,0.5,2.0
2023-05-31,224806816.79724276,224249050.89609194,0.25,0.0,0.0,0.25,56201704.19931069,0.0,0.0,56201704.19931069,112403408.39862138,-0.002481089804558134,0.5,2.0
2023-06-01,224249050.89609194,225526543.15709573,0.25,0.0,0.0,0.25,56062262.724022985,0.0,0.0,56062262.724022985,112124525.44804597,0.0056967566011941195,0.5,2.0
2023-06-02,225526543.15709573,225628034.54305556,0.25,0.0,0.0,0.25,56381635.78927393,0.0,0.0,56381635.78927393,112763271.57854787,0.0004500196940860346,0.5,2.0
2023-06-05,225628034.54305556,226410608.51087672,0.25,0.0,0.0,0.25,56407008.63576389,0.0,0.0,56407008.63576389,112814017.27152778,0.0034684252309605257,0.5,2.0
2023-06-06,226410608.51087672,226508410.2483384,0.25,0.0,0.0,0.0,56602652.12771918,0.0,0.0,0.0,169807956.38315755,0.00043196623208136,0.25,1.0
2023-06-07,226508410.2483384,226489713.9561402,0.25,0.0,0.0,0.0,56627102.5620846,0.0,0.0,0.0,169881307.6862538,-8.254127154785906e-05,0.25,1.0
2023-06-08,226489713.9561402,226428693.1531295,0.25,0.0,0.0,0.0,56622428.48903505,0.0,0.0,0.0,169867285.46710515,-0.0002694197539694909,0.25,1.0
2023-06-09,226428693.1531295,227026179.9392269,0.25,0.0,0.0,0.0,56607173.28828237,0.0,0.0,0.0,169821519.86484712,0.002638741485352758,0.25,1.0
2023-06-12,227026179.9392269,226937969.96061823,0.25,0.0,0.0,0.0,56756544.984806724,0.0,0.0,0.0,170269634.95442018,-0.00038854540314367525,0.25,1.0
2023-06-13,226937969.96061823,227341119.95557413,0.25,0.0,0.0,0.0,56734492.49015456,0.0,0.0,0.0,170203477.47046366,0.0017764766073560811,0.25,1.0
2023-06-14,227341119.95557413,227499769.27247998,0.25,0.0,0.0,0.0,56835279.98889353,0.0,0.0,0.0,170505839.9666806,0.0006978469928223263,0.25,1.0
2023-06-15,227499769.27247998,227800133.21521643,0.25,0.0,0.0,0.0,56874942.318119995,0.0,0.0,0.0,170624826.95435998,0.0013202824059865836,0.25,1.0
2023-06-16,227800133.21521643,227746004.49665216,0.25,0.0,0.0,0.0,56950033.30380411,0.0,0.0,0.0,170850099.91141233,-0.00023761495570823188,0.25,1.0
2023-06-19,227746004.49665216,228343755.83670482,0.25,0.0,0.0,0.0,56936501.12416304,0.0,0.0,0.0,170809503.37248912,0.0026246402933556845,0.25,1.0
2023-06-20,228343755.83670482,228151321.57971492,0.25,0.0,0.0,0.0,57085938.959176205,0.0,0.0,0.0,171257816.8775286,-0.0008427393001607664,0.25,1.0
2023-06-21,228151321.57971492,228432900.9676399,0.25,0.0,0.0,0.0,57037830.39492873,0.0,0.0,0.0,171113491.1847862,0.001234178202323355,0.25,1.0
2023-06-22,228432900.9676399,228385039.4268918,0.25,0.0,0.0,0.0,57108225.24190997,0.0,0.0,0.0,171324675.7257299,-0.00020952122284204067,0.25,1.0
2023-06-23,228385039.4268918,227635359.69424587,0.25,0.25,0.0,0.0,57096259.85672295,57096259.85672295,0.0,0.0,114192519.7134459,-0.003282525574035744,0.5,2.0
2023-06-26,227635359.69424587,227679361.14125237,0.25,0.25,0.0,0.0,56908839.92356147,56908839.92356147,0.0,0.0,113817679.84712294,0.00019329794398204037,0.5,2.0
2023-06-27,227679361.14125237,227565172.83269063,0.25,0.25,0.0,0.0,56919840.28531309,56919840.28531309,0.0,0.0,113839680.57062618,-0.0005015312235125691,0.5,2.0
2023-06-28,227565172.83269063,226111070.9258059,0.25,0.25,0.0,0.0,56891293.20817266,56891293.20817266,0.0,0.0,113782586.41634531,-0.006389826214549116,0.5,2.0
2023-06-29,226111070.9258059,226250814.73366314,0.25,0.25,0.0,0.0,56527767.731451474,56527767.731451474,0.0,0.0,113055535.46290295,0.0006180316925000484,0.5,2.0
2023-06-30,226250814.73366314,226999339.38143957,0.25,0.25,0.0,0.0,56562703.683415785,56562703.683415785,0.0,0.0,113125407.36683157,0.0033083843196657914,0.5,2.0
2023-07-03,226999339.38143957,227686707.04844657,0.25,0.25,0.0,0.0,56749834.84535989,56749834.84535989,0.0,0.0,113499669.69071978,0.0030280602088094133,0.5,2.0
2023-07-04,227686707.04844657,227458534.8776629,0.25,0.25,0.0,0.0,56921676.76211164,56921676.76211164,0.0,0.0,113843353.52422328,-0.0010021321566880959,0.5,2.0
2023-07-05,227458534.8776629,226781985.2810877,0.25,0.25,0.0,0.0,56864633.719415724,56864633.719415724,0.0,0.0,113729267.43883145,-0.0029743865049473017,0.5,2.0
2023-07-06,226781985.2810877,225806767.48129648,0.25,0.25,0.0,0.0,56695496.320271924,56695496.320271924,0.0,0.0,113390992.64054385,-0.004300243683740879,0.5,2.0
2023-07-07,225806767.48129648,226780637.77759948,0.25,0.25,0.0,0.0,56451691.87032412,56451691.87032412,0.0,0.0,112903383.74064824,0.004312848136332648,0.5,2.0
2023-07-10,226780637.77759948,226503096.48361176,0.25,0.25,0.0,0.0,56695159.44439987,56695159.44439987,0.0,0.0,113390318.88879974,-0.0012238315259519295,0.5,2.0
2023-07-11,226503096.48361176,226240245.18207952,0.25,0.25,0.0,0.0,56625774.12090294,56625774.12090294,0.0,0.0,113251548.24180588,-0.0011604755326215521,0.5,2.0
2023-07-12,226240245.18207952,228623110.51808536,0.25,0.25,0.25,0.0,56560061.29551988,56560061.29551988,56560061.29551988,0.0,56560061.29551988,0.010532455594220669,0.75,3.0
2023-07-13,228623110.51808536,230104910.5456312,0.25,0.25,0.25,0.0,57155777.62952134,57155777.62952134,57155777.62952134,0.0,57155777.62952134,0.006481409618598499,0.75,3.0
2023-07-14,230104910.5456312,229922776.40739998,0.25,0.25,0.25,0.0,57526227.6364078,57526227.6364078,57526227.6364078,0.0,57526227.6364078,-0.0007915265163153384,0.75,3.0
2023-07-17,229922776.40739998,228646666.94238222,0.25,0.25,0.25,0.0,57480694.101849996,57480694.101849996,57480694.101849996,0.0,57480694.101849996,-0.005550165516254257,0.75,3.0
2023-07-18,228646666.94238222,229902514.3934581,0.25,0.25,0.25,0.0,57161666.735595554,57161666.735595554,57161666.735595554,0.0,57161666.735595554,0.0054925246358057955,0.75,3.0
2023-07-19,229902514.3934581,229756898.2997635,0.25,0.25,0.25,0.0,57475628.598364525,57475628.598364525,57475628.598364525,0.0,57475628.598364525,-0.0006333819100621252,0.75,3.0
2023-07-20,229756898.2997635,230167671.4425378,0.25,0.25,0.25,0.0,57439224.574940875,57439224.574940875,57439224.574940875,0.0,57439224.574940875,0.0017878598893617537,0.75,3.0
2023-07-21,230167671.4425378,230127204.3472594,0.25,0.25,0.25,0.0,57541917.86063445,57541917.86063445,57541917.86063445,0.0,57541917.86063445,-0.00017581572175096039,0.75,3.0
2023-07-24,230127204.3472594,231577802.7436138,0.25,0.25,0.25,0.0,57531801.08681485,57531801.08681485,57531801.08681485,0.0,57531801.08681485,0.006303463340933346,0.75,3.0
2023-07-25,231577802.7436138,232165740.8564913,0.25,0.25,0.25,0.0,57894450.68590345,57894450.68590345,57894450.68590345,0.0,57894450.68590345,0.0025388362179446233,0.75,3.0
2023-07-26,232165740.8564913,231600430.49704605,0.25,0.25,0.25,0.0,58041435.214122824,58041435.214122824,58041435.214122824,0.0,58041435.214122824,-0.0024349430599008848,0.75,3.0
2023-07-27,231600430.49704605,231092688.70087886,0.25,0.25,0.25,0.0,57900107.62426151,57900107.62426151,57900107.62426151,0.0,57900107.62426151,-0.0021923180154610755,0.75,3.0
2023-07-28,231092688.70087886,230870239.8587485,0.25,0.25,0.25,0.0,57773172.175219715,57773172.175219715,57773172.175219715,0.0,57773172.175219715,-0.0009625957592205858,0.75,3.0
2023-07-31,230870239.8587485,231119695.08123145,0.25,0.25,0.25,0.0,57717559.964687124,57717559.964687124,57717559.964687124,0.0,57717559.964687124,0.0010804996895032726,0.75,3.0
2023-08-01,231119695.08123145,229508443.48516202,0.25,0.25,0.25,0.0,57779923.77030786,57779923.77030786,57779923.77030786,0.0,57779923.77030786,-0.006971502776962013,0.75,3.0
2023-08-02,229508443.48516202,227449846.03508836,0.25,0.25,0.25,0.0,57377110.871290505,57377110.871290505,57377110.871290505,0.0,57377110.871290505,-0.00896959353134541,0.75,3.0
2023-08-03,227449846.03508836,226934771.60325077,0.25,0.25,0.25,0.0,56862461.50877209,56862461.50877209,56862461.50877209,0.0,56862461.50877209,-0.0022645626753166614,0.75,3.0
2023-08-04,226934771.60325077,227968862.4264053,0.25,0.25,0.25,0.0,56733692.90081269,56733692.90081269,56733692.90081269,0.0,56733692.90081269,0.004556775569688365,0.75,3.0
2023-08-07,227968862.4264053,226899170.86333287,0.25,0.25,0.25,0.25,56992215.60660133,56992215.60660133,56992215.60660133,56992215.60660133,0.0,-0.004692270478025368,1.0,4.0
2023-08-08,226899170.86333287,225928334.5596158,0.25,0.25,0.25,0.25,56724792.71583322,56724792.71583322,56724792.71583322,56724792.71583322,0.0,-0.004278712434351933,1.0,4.0
2023-08-09,225928334.5596158,226427236.79845357,0.25,0.25,0.25,0.25,56482083.63990395,56482083.63990395,56482083.63990395,56482083.63990395,0.0,0.002208232268919641,1.0,4.0
2023-08-10,226427236.79845357,226962172.29483902,0.25,0.25,0.25,0.25,56606809.19961339,56606809.19961339,56606809.19961339,56606809.19961339,0.0,0.0023625050764613797,1.0,4.0
2023-08-11,226962172.29483902,226052736.3884444,0.25,0.25,0.25,0.25,56740543.073709756,56740543.073709756,56740543.073709756,56740543.073709756,0.0,-0.004006993311701401,1.0,4.0
2023-08-14,226052736.3884444,224814178.61599165,0.25,0.0,0.25,0.25,56513184.0971111,0.0,56513184.0971111,56513184.0971111,56513184.0971111,-0.005479065603189337,0.75,3.0
2023-08-15,224814178.61599165,223682433.76108783,0.25,0.0,0.25,0.25,56203544.65399791,0.0,56203544.65399791,56203544.65399791,56203544.65399791,-0.0050341346879057836,0.75,3.0
2023-08-16,223682433.76108783,223591396.47219148,0.25,0.0,0.25,0.0,55920608.44027196,0.0,55920608.44027196,0.0,111841216.88054392,-0.00040699346553779714,0.5,2.0
2023-08-17,223591396.47219148,223616596.9079939,0.25,0.0,0.25,0.0,55897849.11804787,0.0,55897849.11804787,0.0,111795698.23609574,0.00011270753794651034,0.5,2.0
2023-08-18,223616596.9079939,224135368.05540967,0.25,0.0,0.25,0.0,55904149.22699848,0.0,55904149.22699848,0.0,111808298.45399696,0.0023199134348209083,0.5,2.0
2023-08-21,224135368.05540967,223888715.1367272,0.25,0.0,0.25,0.0,56033842.01385242,0.0,56033842.01385242,0.0,112067684.02770483,-0.0011004640669717292,0.5,2.0
2023-08-22,223888715.1367272,223714613.23157987,0.0,0.0,0.25,0.0,0.0,0.0,55972178.7841818,0.0,167916536.3525454,-0.0007776269788364876,0.25,1.0
2023-08-23,223714613.23157987,224093389.42158502,0.0,0.0,0.25,0.0,0.0,0.0,55928653.30789497,0.0,167785959.9236849,0.0016931222530961465,0.25,1.0
2023-08-24,224093389.42158502,224226328.22886017,0.0,0.0,0.25,0.0,0.0,0.0,56023347.355396256,0.0,168070042.06618875,0.000593229490697067,0.25,1.0
2023-08-25,224226328.22886017,224540528.6436997,0.0,0.0,0.25,0.0,0.0,0.0,56056582.05721504,0.0,168169746.17164513,0.001401264594222018,0.25,1.0
2023-08-28,224540528.6436997,224634942.90415072,0.0,0.0,0.25,0.0,0.0,0.0,56135132.16092493,0.0,168405396.4827748,0.0004204775904879665,0.25,1.0
2023-08-29,224634942.90415072,224703564.83981568,0.0,0.0,0.25,0.0,0.0,0.0,56158735.72603768,0.0,168476207.17811304,0.00030548201797020447,0.25,1.0
2023-08-30,224703564.83981568,224884813.70937508,0.0,0.0,0.25,0.0,0.0,0.0,56175891.20995392,0.0,168527673.62986177,0.0008066132359252354,0.25,1.0
2023-08-31,224884813.70937508,224834909.04806328,0.0,0.0,0.25,0.0,0.0,0.0,56221203.42734377,0.0,168663610.2820313,-0.00022191210019306684,0.25,1.0
2023-09-01,224834909.04806328,225203081.88663343,0.0,0.0,0.25,0.0,0.0,0.0,56208727.26201582,0.0,168626181.78604746,0.0016375252407598295,0.25,1.0
2023-09-04,225203081.88663343,225203081.88663343,0.0,0.0,0.25,0.0,0.0,0.0,56300770.47165836,0.0,168902311.41497508,0.0,0.25,1.0
2023-09-05,225203081.88663343,225158293.81379238,0.0,0.0,0.25,0.0,0.0,0.0,56300770.47165836,0.0,168902311.41497508,-0.00019887859644651673,0.25,1.0
2023-09-06,225158293.81379238,225024641.1461497,0.0,0.0,0.25,0.0,0.0,0.0,56289573.453448094,0.0,168868720.3603443,-0.0005935942459805721,0.25,1.0
2023-09-07,225024641.1461497,224826977.063658,0.0,0.0,0.25,0.0,0.0,0.0,56256160.286537424,0.0,168768480.8596123,-0.0008784108330756324,0.25,1.0
2023-09-08,224826977.063658,224864673.91274804,0.0,0.0,0.25,0.0,0.0,0.0,56206744.2659145,0.0,168620232.7977435,0.00016767048857907474,0.25,1.0
2023-09-11,224864673.91274804,225182524.88786757,0.0,0.0,0.25,0.0,0.0,0.0,56216168.47818701,0.0,168648505.434561,0.0014135211618116483,0.25,1.0
2023-09-12,225182524.88786757,225253869.07717347,0.0,0.0,0.25,0.0,0.0,0.0,56295631.22196689,0.0,168886893.66590068,0.00031682826783047124,0.25,1.0
2023-09-13,225253869.07717347,225325936.3299082,0.0,0.0,0.25,0.0,0.0,0.0,56313467.26929337,0.0,168940401.8078801,0.00031993791285334083,0.25,1.0
2023-09-14,225325936.3299082,225724954.71758297,0.0,0.0,0.25,0.0,0.0,0.0,56331484.08247705,0.0,168994452.24743116,0.0017708497928554667,0.25,1.0
2023-09-15,225724954.71758297,225598325.90137225,0.0,0.0,0.25,0.0,0.0,0.0,56431238.67939574,0.0,169293716.03818724,-0.0005609872261096438,0.25,1.0
2023-09-18,225598325.90137225,225561642.88835913,0.0,0.0,0.25,0.0,0.0,0.0,56399581.47534306,0.0,169198744.4260292,-0.00016260321465857985,0.25,1.0
2023-09-19,225561642.88835913,225595141.00897956,0.0,0.0,0.25,0.0,0.0,0.0,56390410.72208978,0.0,169171232.16626936,0.00014850982725372885,0.25,1.0
2023-09-20,225595141.00897956,225480731.311369,0.0,0.0,0.25,0.0,0.0,0.0,56398785.25224489,0.0,169196355.75673467,-0.0005071461073977435,0.25,1.0
2023-09-21,225480731.311369,224862345.00084624,0.0,0.0,0.25,0.0,0.0,0.0,56370182.82784225,0.0,169110548.48352677,-0.00274252397056865,0.25,1.0
2023-09-22,224862345.00084624,224944440.0998205,0.0,0.0,0.25,0.0,0.0,0.0,56215586.25021156,0.0,168646758.75063467,0.0003650904688997092,0.25,1.0
2023-09-25,224944440.0998205,224694453.59808326,0.0,0.0,0.25,0.0,0.0,0.0,56236110.02495512,0.0,168708330.07486537,-0.0011113255416594081,0.25,1.0
2023-09-26,224694453.59808326,224509974.4337185,0.0,0.0,0.25,0.0,0.0,0.0,56173613.399520814,0.0,168520840.19856244,-0.0008210223323748267,0.25,1.0
2023-09-27,224509974.4337185,224703695.62507325,0.0,0.0,0.25,0.0,0.0,0.0,56127493.608429626,0.0,168382480.8252889,0.000862862293060096,0.25,1.0
2023-09-28,224703695.62507325,224769554.50372532,0.0,0.0,0.25,0.0,0.0,0.0,56175923.90626831,0.0,168527771.71880496,0.00029309210277511655,0.25,1.0
2023-09-29,224769554.50372532,224210404.87414575,0.0,0.0,0.25,0.0,0.0,0.0,56192388.62593133,0.0,168577165.877794,-0.002487657328921311,0.25,1.0
2023-10-02,224210404.87414575,223626990.87641335,0.0,0.0,0.25,0.0,0.0,0.0,56052601.21853644,0.0,168157803.6556093,-0.0026020826199385505,0.25,1.0
2023-10-03,223626990.87641335,223472819.84719315,0.0,0.0,0.25,0.0,0.0,0.0,55906747.71910334,0.0,167720243.15731,-0.0006894115447156068,0.25,1.0
2023-10-04,223472819.84719315,222482858.52662396,0.0,0.0,0.25,0.0,0.0,0.0,55868204.96179829,0.0,167604614.88539487,-0.004429895864947242,0.25,1.0
2023-10-05,222482858.52662396,222492217.26182324,0.0,0.0,0.25,0.0,0.0,0.0,55620714.63165599,0.0,166862143.89496797,4.206497193209868e-05,0.25,1.0
2023-10-06,222492217.26182324,223000370.77006492,0.0,0.0,0.25,0.0,0.0,0.0,55623054.31545581,0.0,166869162.94636744,0.002283915880274212,0.25,1.0
2023-10-09,223000370.77006492,223000370.77006492,0.0,0.0,0.0,0.0,0.0,0.0,0.0,0.0,223000370.77006492,0.0,0.0,0.0
2023-10-10,223000370.77006492,223000370.77006492,0.0,0.0,0.0,0.0,0.0,0.0,0.0,0.0,223000370.77006492,0.0,0.0,0.0
2023-10-11,223000370.77006492,223000370.77006492,0.0,0.0,0.0,0.0,0.0,0.0,0.0,0.0,223000370.77006492,0.0,0.0,0.0
2023-10-12,223000370.77006492,223000370.77006492,0.0,0.0,0.0,0.0,0.0,0.0,0.0,0.0,223000370.77006492,0.0,0.0,0.0
2023-10-13,223000370.77006492,223000370.77006492,0.0,0.0,0.0,0.0,0.0,0.0,0.0,0.0,223000370.77006492,0.0,0.0,0.0
2023-10-16,223000370.77006492,223000370.77006492,0.0,0.0,0.0,0.0,0.0,0.0,0.0,0.0,223000370.77006492,0.0,0.0,0.0
2023-10-17,223000370.77006492,223000370.77006492,0.0,0.0,0.0,0.0,0.0,0.0,0.0,0.0,223000370.77006492,0.0,0.0,0.0
2023-10-18,223000370.77006492,223000370.77006492,0.0,0.0,0.0,0.0,0.0,0.0,0.0,0.0,223000370.77006492,0.0,0.0,0.0
2023-10-19,223000370.77006492,223000370.77006492,0.0,0.0,0.0,0.0,0.0,0.0,0.0,0.0,223000370.77006492,0.0,0.0,0.0
2023-10-20,223000370.77006492,223000370.77006492,0.0,0.0,0.0,0.0,0.0,0.0,0.0,0.0,223000370.77006492,0.0,0.0,0.0
2023-10-23,223000370.77006492,223000370.77006492,0.0,0.0,0.0,0.0,0.0,0.0,0.0,0.0,223000370.77006492,0.0,0.0,0.0
2023-10-24,223000370.77006492,223000370.77006492,0.0,0.0,0.0,0.0,0.0,0.0,0.0,0.0,223000370.77006492,0.0,0.0,0.0
2023-10-25,223000370.77006492,223000370.77006492,0.0,0.0,0.0,0.0,0.0,0.0,0.0,0.0,223000370.77006492,0.0,0.0,0.0
2023-10-26,223000370.77006492,223000370.77006492,0.0,0.0,0.0,0.0,0.0,0.0,0.0,0.0,223000370.77006492,0.0,0.0,0.0
2023-10-27,223000370.77006492,223000370.77006492,0.0,0.0,0.0,0.0,0.0,0.0,0.0,0.0,223000370.77006492,0.0,0.0,0.0
2023-10-30,223000370.77006492,223000370.77006492,0.0,0.0,0.0,0.0,0.0,0.0,0.0,0.0,223000370.77006492,0.0,0.0,0.0
2023-10-31,223000370.77006492,222659072.17144635,0.0,0.0,0.0,0.25,0.0,0.0,0.0,55750092.69251623,167250278.07754868,-0.0015304844446670796,0.25,1.0
2023-11-01,222659072.17144635,222621193.14808917,0.0,0.0,0.0,0.25,0.0,0.0,0.0,55664768.04286159,166994304.12858477,-0.00017012117668407933,0.25,1.0
2023-11-02,222621193.14808917,222712429.9613696,0.0,0.0,0.0,0.25,0.0,0.0,0.0,55655298.28702229,166965894.86106688,0.0004098298638608444,0.25,1.0
2023-11-03,222712429.9613696,222905053.8162068,0.0,0.0,0.0,0.25,0.0,0.0,0.0,55678107.4903424,167034322.4710272,0.0008648994349827466,0.25,1.0
2023-11-06,222905053.8162068,222499268.51386154,0.0,0.0,0.0,0.25,0.0,0.0,0.0,55726263.4540517,167178790.3621551,-0.001820440117431571,0.25,1.0
2023-11-07,222499268.51386154,222254907.82106608,0.0,0.0,0.0,0.25,0.0,0.0,0.0,55624817.128465384,166874451.38539615,-0.0010982539152941673,0.25,1.0
2023-11-08,222254907.82106608,221711811.14743188,0.0,0.0,0.0,0.25,0.0,0.0,0.0,55563726.95526652,166691180.86579955,-0.0024435756175582024,0.25,1.0
2023-11-09,221711811.14743188,221949132.14310938,0.0,0.0,0.0,0.25,0.0,0.0,0.0,55427952.78685797,166283858.36057392,0.0010704030355860872,0.25,1.0
2023-11-10,221949132.14310938,221429262.01280558,0.0,0.0,0.0,0.25,0.0,0.0,0.0,55487283.035777345,166461849.10733205,-0.0023422940440631923,0.25,1.0
2023-11-13,221429262.01280558,221620995.42182606,0.0,0.0,0.0,0.25,0.0,0.0,0.0,55357315.503201395,166071946.5096042,0.000865890114421175,0.25,1.0
2023-11-14,221620995.42182606,222648426.77790764,0.25,0.0,0.0,0.25,55405248.855456516,0.0,0.0,55405248.855456516,110810497.71091303,0.004635983852188719,0.5,2.0
2023-11-15,222648426.77790764,222581903.3831403,0.25,0.0,0.0,0.25,55662106.69447691,0.0,0.0,55662106.69447691,111324213.38895382,-0.00029878223587748165,0.5,2.0
2023-11-16,222581903.3831403,223267577.13179138,0.25,0.0,0.0,0.25,55645475.845785074,0.0,0.0,55645475.845785074,111290951.69157015,0.00308054580461925,0.5,2.0
2023-11-17,223267577.13179138,222865683.9663681,0.25,0.0,0.0,0.25,55816894.282947846,0.0,0.0,55816894.282947846,111633788.56589569,-0.0018000516267798472,0.5,2.0
2023-11-20,222865683.9663681,223528451.16102403,0.25,0.25,0.0,0.25,55716420.99159203,55716420.99159203,0.0,55716420.99159203,55716420.99159203,0.002973841386706755,0.75,3.0
2023-11-21,223528451.16102403,223946397.7206551,0.25,0.25,0.0,0.25,55882112.79025601,55882112.79025601,0.0,55882112.79025601,55882112.79025601,0.0018697689598806133,0.75,3.0
2023-11-22,223946397.7206551,223441457.9970351,0.25,0.25,0.0,0.25,55986599.43016378,55986599.43016378,0.0,55986599.43016378,55986599.43016378,-0.002254734743489084,0.75,3.0
2023-11-23,223441457.9970351,223758088.9456726,0.25,0.25,0.0,0.25,55860364.49925877,55860364.49925877,0.0,55860364.49925877,55860364.49925877,0.0014170644582962022,0.75,3.0
2023-11-24,223758088.9456726,224078971.0303856,0.25,0.25,0.0,0.25,55939522.23641815,55939522.23641815,0.0,55939522.23641815,55939522.23641815,0.0014340580321585417,0.75,3.0
2023-11-27,224078971.0303856,224448619.9989662,0.25,0.25,0.0,0.25,56019742.7575964,56019742.7575964,0.0,56019742.7575964,56019742.7575964,0.0016496370314485198,0.75,3.0
2023-11-28,224448619.9989662,226121144.70086628,0.25,0.25,0.0,0.25,56112154.99974155,56112154.99974155,0.0,56112154.99974155,56112154.99974155,0.007451704100064405,0.75,3.0
2023-11-29,226121144.70086628,225826377.73872855,0.25,0.25,0.0,0.25,56530286.17521657,56530286.17521657,0.0,56530286.17521657,56530286.17521657,-0.0013035798245567831,0.75,3.0
2023-11-30,225826377.73872855,225171170.5151132,0.25,0.25,0.0,0.25,56456594.43468214,56456594.43468214,0.0,56456594.43468214,56456594.43468214,-0.002901375960488506,0.75,3.0
2023-12-01,225171170.5151132,226558094.3254435,0.25,0.25,0.0,0.25,56292792.6287783,56292792.6287783,0.0,56292792.6287783,56292792.6287783,0.0061594199966074625,0.75,3.0
2023-12-04,226558094.3254435,224913792.0810669,0.25,0.25,0.0,0.25,56639523.58136088,56639523.58136088,0.0,56639523.58136088,56639523.58136088,-0.007257751038524274,0.75,3.0
2023-12-05,224913792.0810669,223875573.8974856,0.25,0.25,0.0,0.25,56228448.02026673,56228448.02026673,0.0,56228448.02026673,56228448.02026673,-0.004616071668948979,0.75,3.0
2023-12-06,223875573.8974856,224912376.61769432,0.25,0.25,0.0,0.25,55968893.4743714,55968893.4743714,0.0,55968893.4743714,55968893.4743714,0.004631156057620989,0.75,3.0
2023-12-07,224912376.61769432,224918835.77553922,0.25,0.25,0.0,0.25,56228094.15442358,56228094.15442358,0.0,56228094.15442358,56228094.15442358,2.871855227362663e-05,0.75,3.0
2023-12-08,224918835.77553922,224131011.63825315,0.25,0.25,0.0,0.25,56229708.943884805,56229708.943884805,0.0,56229708.943884805,56229708.943884805,-0.003502704140227131,0.75,3.0
2023-12-11,224131011.63825315,223036443.26975447,0.25,0.25,0.0,0.25,56032752.90956329,56032752.90956329,0.0,56032752.90956329,56032752.90956329,-0.0048836096374977045,0.75,3.0
2023-12-12,223036443.26975447,222792899.30923784,0.25,0.25,0.0,0.25,55759110.81743862,55759110.81743862,0.0,55759110.81743862,55759110.81743862,-0.0010919469345287425,0.75,3.0
2023-12-13,222792899.30923784,224354209.32101616,0.25,0.25,0.0,0.25,55698224.82730946,55698224.82730946,0.0,55698224.82730946,55698224.82730946,0.00700789844119401,0.75,3.0
2023-12-14,224354209.32101616,226326574.09091395,0.25,0.25,0.0,0.25,56088552.33025404,56088552.33025404,0.0,56088552.33025404,56088552.33025404,0.00879129825942182,0.75,3.0
2023-12-15,226326574.09091395,225456223.20366618,0.25,0.25,0.0,0.25,56581643.52272849,56581643.52272849,0.0,56581643.52272849,56581643.52272849,-0.0038455532265431747,0.75,3.0
2023-12-18,225456223.20366618,225525983.2289097,0.25,0.25,0.0,0.25,56364055.800916545,56364055.800916545,0.0,56364055.800916545,56364055.800916545,0.00030941716423821264,0.75,3.0
2023-12-19,225525983.2289097,227427499.56651065,0.25,0.25,0.0,0.25,56381495.807227425,56381495.807227425,0.0,56381495.807227425,56381495.807227425,0.008431473439895754,0.75,3.0
2023-12-20,227427499.56651065,226947814.61081588,0.25,0.25,0.0,0.25,56856874.89162766,56856874.89162766,0.0,56856874.89162766,56856874.89162766,-0.002109177459230255,0.75,3.0
2023-12-21,226947814.61081588,227557857.5665843,0.25,0.25,0.0,0.25,56736953.65270397,56736953.65270397,0.0,56736953.65270397,56736953.65270397,0.00268803185796046,0.75,3.0
2023-12-22,227557857.5665843,228083521.83907536,0.25,0.25,0.0,0.25,56889464.39164607,56889464.39164607,0.0,56889464.39164607,56889464.39164607,0.002310024703661262,0.75,3.0
2023-12-25,228083521.83907536,228083521.83907536,0.25,0.25,0.0,0.25,57020880.45976884,57020880.45976884,0.0,57020880.45976884,57020880.45976884,0.0,0.75,3.0
2023-12-26,228083521.83907536,228925213.78017023,0.25,0.25,0.0,0.25,57020880.45976884,57020880.45976884,0.0,57020880.45976884,57020880.45976884,0.0036902794831829566,0.75,3.0
2023-12-27,228925213.78017023,229579697.6914852,0.25,0.25,0.0,0.25,57231303.44504256,57231303.44504256,0.0,57231303.44504256,57231303.44504256,0.0028589420121430398,0.75,3.0
2023-12-28,229579697.6914852,229183077.7705569,0.25,0.25,0.0,0.25,57394924.4228713,57394924.4228713,0.0,57394924.4228713,57394924.4228713,-0.0017275914417367866,0.75,3.0
2023-12-29,229183077.7705569,228611177.77745968,0.25,0.25,0.0,0.25,57295769.442639224,57295769.442639224,0.0,57295769.442639224,57295769.442639224,-0.0024953849065145473,0.75,3.0
2024-01-01,228611177.77745968,228611177.77745968,0.25,0.25,0.0,0.25,57152794.44436492,57152794.44436492,0.0,57152794.44436492,57152794.44436492,0.0,0.75,3.0
2024-01-02,228611177.77745968,227410469.09430623,0.25,0.25,0.0,0.25,57152794.44436492,57152794.44436492,0.0,57152794.44436492,57152794.44436492,-0.005252187118874346,0.75,3.0
2024-01-03,227410469.09430623,226307294.1307845,0.25,0.25,0.0,0.25,56852617.27357656,56852617.27357656,0.0,56852617.27357656,56852617.27357656,-0.0048510298048952405,0.75,3.0
2024-01-04,226307294.1307845,226383804.57227913,0.25,0.25,0.0,0.25,56576823.53269613,56576823.53269613,0.0,56576823.53269613,56576823.53269613,0.0003380820834274767,0.75,3.0
2024-01-05,226383804.57227913,227140798.43456006,0.25,0.25,0.0,0.25,56595951.14306978,56595951.14306978,0.0,56595951.14306978,56595951.14306978,0.0033438516669122564,0.75,3.0
2024-01-08,227140798.43456006,226444014.29162565,0.25,0.25,0.0,0.25,56785199.608640015,56785199.608640015,0.0,56785199.608640015,56785199.608640015,-0.0030676309484539144,0.75,3.0
2024-01-09,226444014.29162565,225986314.30721,0.25,0.25,0.0,0.25,56611003.57290641,56611003.57290641,0.0,56611003.57290641,56611003.57290641,-0.002021250090656901,0.75,3.0
2024-01-10,225986314.30721,226049177.14263391,0.25,0.25,0.0,0.25,56496578.5768025,56496578.5768025,0.0,56496578.5768025,56496578.5768025,0.00027817098401106133,0.75,3.0
2024-01-11,226049177.14263391,226058436.70100138,0.25,0.25,0.0,0.25,56512294.28565848,56512294.28565848,0.0,56512294.28565848,56512294.28565848,4.096258382568774e-05,0.75,3.0
2024-01-12,226058436.70100138,227287402.31866223,0.25,0.25,0.0,0.25,56514609.175250344,56514609.175250344,0.0,56514609.175250344,56514609.175250344,0.005436495251386675,0.75,3.0
2024-01-15,227287402.31866223,226824501.33678803,0.25,0.25,0.0,0.25,56821850.57966556,56821850.57966556,0.0,56821850.57966556,56821850.57966556,-0.002036632814453876,0.75,3.0
2024-01-16,226824501.33678803,225142352.84748718,0.25,0.25,0.0,0.25,56706125.33419701,56706125.33419701,0.0,56706125.33419701,56706125.33419701,-0.007416079300900574,0.75,3.0
2024-01-17,225142352.84748718,223679622.6820348,0.25,0.25,0.0,0.25,56285588.211871795,56285588.211871795,0.0,56285588.211871795,56285588.211871795,-0.006496912495372403,0.75,3.0
2024-01-18,223679622.6820348,224278949.7782236,0.25,0.25,0.0,0.25,55919905.6705087,55919905.6705087,0.0,55919905.6705087,55919905.6705087,0.002679399620772599,0.75,3.0
2024-01-19,224278949.7782236,224887399.47659332,0.25,0.25,0.0,0.25,56069737.4445559,56069737.4445559,0.0,56069737.4445559,56069737.4445559,0.002712914872177563,0.75,3.0
2024-01-22,224887399.47659332,224280134.24367768,0.25,0.25,0.0,0.25,56221849.86914833,56221849.86914833,0.0,56221849.86914833,56221849.86914833,-0.0027003079511301875,0.75,3.0
2024-01-23,224280134.24367768,224152836.79145688,0.25,0.25,0.0,0.25,56070033.56091942,56070033.56091942,0.0,56070033.56091942,56070033.56091942,-0.0005675823792867518,0.75,3.0
2024-01-24,224152836.79145688,224684480.01763898,0.25,0.25,0.0,0.25,56038209.19786422,56038209.19786422,0.0,56038209.19786422,56038209.19786422,0.0023717889712755735,0.75,3.0
2024-01-25,224684480.01763898,224748590.10000437,0.25,0.25,0.0,0.25,56171120.004409745,56171120.004409745,0.0,56171120.004409745,56171120.004409745,0.0002853338261741556,0.75,3.0
2024-01-26,224748590.10000437,224760895.77094957,0.0,0.25,0.0,0.25,0.0,56187147.525001094,0.0,56187147.525001094,112374295.05000219,5.475305068544656e-05,0.5,2.0
2024-01-29,224760895.77094957,225193851.90308112,0.0,0.25,0.0,0.25,0.0,56190223.94273739,0.0,56190223.94273739,112380447.88547479,0.0019262965234521645,0.5,2.0
2024-01-30,225193851.90308112,225185442.35320413,0.0,0.25,0.0,0.25,0.0,56298462.97577028,0.0,56298462.97577028,112596925.95154056,-3.734360332627307e-05,0.5,2.0
2024-01-31,225185442.35320413,225500819.9803488,0.0,0.25,0.0,0.25,0.0,56296360.58830103,0.0,56296360.58830103,112592721.17660207,0.001400524047420304,0.5,2.0
2024-02-01,225500819.9803488,225378689.83331272,0.0,0.25,0.0,0.25,0.0,56375204.9950872,0.0,56375204.9950872,112750409.9901744,-0.0005415951349831416,0.5,2.0
2024-02-02,225378689.83331272,224961106.60344768,0.0,0.0,0.0,0.25,0.0,0.0,0.0,56344672.45832818,169034017.37498453,-0.0018528070696207377,0.25,1.0
2024-02-05,224961106.60344768,224557176.7033932,0.0,0.0,0.0,0.25,0.0,0.0,0.0,56240276.65086192,168720829.95258576,-0.0017955543789465456,0.25,1.0
2024-02-06,224557176.7033932,224862945.9775361,0.0,0.0,0.0,0.25,0.0,0.0,0.0,56139294.1758483,168417882.5275449,0.001361654428648329,0.25,1.0
2024-02-07,224862945.9775361,224841410.97774947,0.0,0.0,0.0,0.25,0.0,0.0,0.0,56215736.49438403,168647209.4831521,-9.576944610883986e-05,0.25,1.0
2024-02-08,224841410.97774947,224818212.7738419,0.0,0.0,0.0,0.25,0.0,0.0,0.0,56210352.74443737,168631058.2333121,-0.00010317585095509507,0.25,1.0
2024-02-09,224818212.7738419,224534775.54257116,0.0,0.0,0.0,0.25,0.0,0.0,0.0,56204553.19346047,168613659.58038142,-0.0012607396339185672,0.25,1.0
2024-02-12,224534775.54257116,224418030.23749247,0.0,0.0,0.0,0.25,0.0,0.0,0.0,56133693.88564279,168401081.65692836,-0.0005199430903145008,0.25,1.0
2024-02-13,224418030.23749247,224418030.23749247,0.0,0.0,0.0,0.0,0.0,0.0,0.0,0.0,224418030.23749247,0.0,0.0,0.0
2024-02-14,224418030.23749247,224418030.23749247,0.0,0.0,0.0,0.0,0.0,0.0,0.0,0.0,224418030.23749247,0.0,0.0,0.0
2024-02-15,224418030.23749247,224418030.23749247,0.0,0.0,0.0,0.0,0.0,0.0,0.0,0.0,224418030.23749247,0.0,0.0,0.0
2024-02-16,224418030.23749247,224418030.23749247,0.0,0.0,0.0,0.0,0.0,0.0,0.0,0.0,224418030.23749247,0.0,0.0,0.0
2024-02-19,224418030.23749247,224418030.23749247,0.0,0.0,0.0,0.0,0.0,0.0,0.0,0.0,224418030.23749247,0.0,0.0,0.0
2024-02-20,224418030.23749247,224418030.23749247,0.0,0.0,0.0,0.0,0.0,0.0,0.0,0.0,224418030.23749247,0.0,0.0,0.0
2024-02-21,224418030.23749247,224418030.23749247,0.0,0.0,0.0,0.0,0.0,0.0,0.0,0.0,224418030.23749247,0.0,0.0,0.0
2024-02-22,224418030.23749247,224418030.23749247,0.0,0.0,0.0,0.0,0.0,0.0,0.0,0.0,224418030.23749247,0.0,0.0,0.0
2024-02-23,224418030.23749247,224418030.23749247,0.0,0.0,0.0,0.0,0.0,0.0,0.0,0.0,224418030.23749247,0.0,0.0,0.0
2024-02-26,224418030.23749247,224418030.23749247,0.0,0.0,0.0,0.0,0.0,0.0,0.0,0.0,224418030.23749247,0.0,0.0,0.0
2024-02-27,224418030.23749247,224418030.23749247,0.0,0.0,0.0,0.0,0.0,0.0,0.0,0.0,224418030.23749247,0.0,0.0,0.0
2024-02-28,224418030.23749247,224418030.23749247,0.0,0.0,0.0,0.0,0.0,0.0,0.0,0.0,224418030.23749247,0.0,0.0,0.0
2024-02-29,224418030.23749247,224418030.23749247,0.0,0.0,0.0,0.0,0.0,0.0,0.0,0.0,224418030.23749247,0.0,0.0,0.0
2024-03-01,224418030.23749247,224418030.23749247,0.0,0.0,0.0,0.0,0.0,0.0,0.0,0.0,224418030.23749247,0.0,0.0,0.0
2024-03-04,224418030.23749247,224418030.23749247,0.0,0.0,0.0,0.0,0.0,0.0,0.0,0.0,224418030.23749247,0.0,0.0,0.0
2024-03-05,224418030.23749247,224418030.23749247,0.0,0.0,0.0,0.0,0.0,0.0,0.0,0.0,224418030.23749247,0.0,0.0,0.0
2024-03-06,224418030.23749247,224949009.3460834,0.0,0.0,0.0,0.25,0.0,0.0,0.0,56104507.55937312,168313522.67811936,0.00236602695438054,0.25,1.0
2024-03-07,224949009.3460834,225257921.81038857,0.0,0.0,0.0,0.25,0.0,0.0,0.0,56237252.33652085,168711757.00956255,0.0013732555000046665,0.25,1.0
2024-03-08,225257921.81038857,225752503.1001161,0.0,0.0,0.0,0.25,0.0,0.0,0.0,56314480.45259714,168943441.35779142,0.0021956221816868404,0.25,1.0
2024-03-11,225752503.1001161,225850928.89141238,0.0,0.0,0.0,0.25,0.0,0.0,0.0,56438125.775029026,169314377.32508707,0.0004359898116065297,0.25,1.0
2024-03-12,225850928.89141238,225219498.2220458,0.0,0.0,0.0,0.25,0.0,0.0,0.0,56462732.222853094,169388196.66855928,-0.0027957851334325934,0.25,1.0
2024-03-13,225219498.2220458,225638718.2402575,0.0,0.0,0.0,0.25,0.0,0.0,0.0,56304874.55551145,168914623.66653436,0.0018613842119405977,0.25,1.0
2024-03-14,225638718.2402575,225321700.6197425,0.0,0.0,0.0,0.25,0.0,0.0,0.0,56409679.560064375,169229038.68019313,-0.0014049788218412906,0.25,1.0
2024-03-15,225321700.6197425,225157830.48149168,0.0,0.0,0.0,0.25,0.0,0.0,0.0,56330425.15493563,168991275.46480688,-0.0007272718863744476,0.25,1.0
2024-03-18,225157830.48149168,225274278.82370925,0.0,0.0,0.0,0.25,0.0,0.0,0.0,56289457.62037292,168868372.86111876,0.000517185398209552,0.25,1.0
2024-03-19,225274278.82370925,225202067.5079631,0.0,0.0,0.0,0.25,0.0,0.0,0.0,56318569.70592731,168955709.11778194,-0.0003205484271139869,0.25,1.0
2024-03-20,225202067.5079631,225760523.1137704,0.0,0.0,0.25,0.25,0.0,0.0,56300516.87699077,56300516.87699077,112601033.75398155,0.002479797863257055,0.5,2.0
2024-03-21,225760523.1137704,225740338.63450676,0.0,0.0,0.25,0.25,0.0,0.0,56440130.7784426,56440130.7784426,112880261.5568852,-8.940659325748501e-05,0.5,2.0
2024-03-22,225740338.63450676,224909618.02936855,0.0,0.0,0.25,0.25,0.0,0.0,56435084.65862669,56435084.65862669,112870169.31725338,-0.003679982984712532,0.5,2.0
2024-03-25,224909618.02936855,225405199.94644636,0.0,0.0,0.25,0.25,0.0,0.0,56227404.50734214,56227404.50734214,112454809.01468427,0.002203471427411674,0.5,2.0
2024-03-26,225405199.94644636,225242885.31504256,0.0,0.0,0.25,0.25,0.0,0.0,56351299.98661159,56351299.98661159,112702599.97322318,-0.0007201015391054555,0.5,2.0
2024-03-27,225242885.31504256,225446487.14209428,0.0,0.0,0.25,0.25,0.0,0.0,56310721.32876064,56310721.32876064,112621442.65752128,0.0009039212349237491,0.5,2.0
2024-03-28,225446487.14209428,227023082.06392226,0.0,0.0,0.25,0.25,0.0,0.0,56361621.78552357,56361621.78552357,112723243.57104714,0.006993211301776714,0.5,2.0
2024-03-29,227023082.06392226,227023082.06392226,0.0,0.0,0.25,0.25,0.0,0.0,56755770.515980564,56755770.515980564,113511541.03196113,0.0,0.5,2.0
2024-04-01,227023082.06392226,227808951.89400372,0.0,0.0,0.25,0.25,0.0,0.0,56755770.515980564,56755770.515980564,113511541.03196113,0.0034616296410786562,0.5,2.0
2024-04-02,227808951.89400372,229000984.11076888,0.0,0.0,0.25,0.25,0.0,0.0,56952237.97350093,56952237.97350093,113904475.94700186,0.005232596027744341,0.5,2.0
2024-04-03,229000984.11076888,230174590.10226452,0.0,0.0,0.25,0.25,0.0,0.0,57250246.02769222,57250246.02769222,114500492.05538444,0.005124894969569138,0.5,2.0
2024-04-04,230174590.10226452,230145603.8682138,0.0,0.0,0.25,0.25,0.0,0.0,57543647.52556613,57543647.52556613,115087295.05113226,-0.00012593151154463578,0.5,2.0
2024-04-05,230145603.8682138,231478491.15079725,0.0,0.0,0.25,0.25,0.0,0.0,57536400.96705345,57536400.96705345,115072801.9341069,0.005791495732183072,0.5,2.0
2024-04-08,231478491.15079725,231721486.36955044,0.0,0.0,0.25,0.25,0.0,0.0,57869622.78769931,57869622.78769931,115739245.57539862,0.001049752905961654,0.5,2.0
2024-04-09,231721486.36955044,231997806.0634029,0.0,0.0,0.25,0.25,0.0,0.0,57930371.59238761,57930371.59238761,115860743.18477522,0.0011924647048559,0.5,2.0
2024-04-10,231997806.0634029,230708284.10585302,0.0,0.25,0.25,0.25,0.0,57999451.51585072,57999451.51585072,57999451.51585072,57999451.51585072,-0.0055583368628815966,0.75,3.0
2024-04-11,230708284.10585302,231366725.69841853,0.0,0.0,0.25,0.25,0.0,0.0,57677071.026463255,57677071.026463255,115354142.05292651,0.0028540006489901903,0.5,2.0
2024-04-12,231366725.69841853,231005840.52532262,0.0,0.0,0.25,0.25,0.0,0.0,57841681.42460463,57841681.42460463,115683362.84920926,-0.0015597972094150425,0.5,2.0
2024-04-15,231005840.52532262,231902819.9200546,0.0,0.0,0.25,0.25,0.0,0.0,57751460.131330654,57751460.131330654,115502920.26266131,0.0038829295081552195,0.5,2.0
2024-04-16,231902819.9200546,231903997.24835902,0.0,0.0,0.25,0.25,0.0,0.0,57975704.98001365,57975704.98001365,115951409.9600273,5.076817542915002e-06,0.5,2.0
2024-04-17,231903997.24835902,231028273.15675065,0.0,0.0,0.25,0.25,0.0,0.0,57975999.312089756,57975999.312089756,115951998.62417951,-0.0037762354336243753,0.5,2.0
2024-04-18,231028273.15675065,231395585.5407209,0.0,0.0,0.25,0.25,0.0,0.0,57757068.28918766,57757068.28918766,115514136.57837532,0.0015899023048188687,0.5,2.0
2024-04-19,231395585.5407209,232253484.78044364,0.0,0.0,0.25,0.25,0.0,0.0,57848896.38518023,57848896.38518023,115697792.77036045,0.0037075004595184535,0.5,2.0
2024-04-22,232253484.78044364,230531079.86142227,0.0,0.0,0.25,0.25,0.0,0.0,58063371.19511091,58063371.19511091,116126742.39022182,-0.007416056300079382,0.5,2.0
2024-04-23,230531079.86142227,230495593.7552323,0.0,0.0,0.25,0.25,0.0,0.0,57632769.96535557,57632769.96535557,115265539.93071114,-0.00015393198266927532,0.5,2.0
2024-04-24,230495593.7552323,230201087.69548512,0.0,0.0,0.25,0.25,0.0,0.0,57623898.438808076,57623898.438808076,115247796.87761615,-0.0012777079810901704,0.5,2.0
2024-04-25,230201087.69548512,230793205.86517835,0.0,0.0,0.25,0.25,0.0,0.0,57550271.92387128,57550271.92387128,115100543.84774256,0.002572177984130619,0.5,2.0
2024-04-26,230793205.86517835,230872469.2132753,0.0,0.0,0.25,0.25,0.0,0.0,57698301.46629459,57698301.46629459,115396602.93258917,0.00034343882784518276,0.5,2.0
2024-04-29,230872469.2132753,231072707.70515996,0.0,0.0,0.25,0.25,0.0,0.0,57718117.30331883,57718117.30331883,115436234.60663766,0.0008673121250316052,0.5,2.0
2024-04-30,231072707.70515996,228898992.8755523,0.0,0.0,0.25,0.25,0.0,0.0,57768176.92628999,57768176.92628999,115536353.85257998,-0.009407060016716678,0.5,2.0
2024-05-01,228898992.8755523,229090052.64653417,0.0,0.0,0.25,0.25,0.0,0.0,57224748.218888074,57224748.218888074,114449496.43777615,0.00083469030851413,0.5,2.0
2024-05-02,229090052.64653417,228878208.87569693,0.0,0.0,0.25,0.25,0.0,0.0,57272513.16163354,57272513.16163354,114545026.32326709,-0.0009247183297133033,0.5,2.0
2024-05-03,228878208.87569693,229108532.68261632,0.0,0.0,0.25,0.25,0.0,0.0,57219552.21892423,57219552.21892423,114439104.43784846,0.001006316014315306,0.5,2.0
2024-05-06,229108532.68261632,230340739.97165993,0.0,0.0,0.25,0.25,0.0,0.0,57277133.17065408,57277133.17065408,114554266.34130816,0.005378268869412228,0.5,2.0
2024-05-07,230340739.97165993,230098588.0258399,0.0,0.0,0.25,0.25,0.0,0.0,57585184.99291498,57585184.99291498,115170369.98582996,-0.0010512771029989598,0.5,2.0
2024-05-08,230098588.0258399,229696461.57870725,0.0,0.0,0.25,0.25,0.0,0.0,57524647.006459974,57524647.006459974,115049294.01291995,-0.0017476267480941166,0.5,2.0
2024-05-09,229696461.57870725,230857521.4656551,0.0,0.0,0.25,0.25,0.0,0.0,57424115.39467681,57424115.39467681,114848230.78935362,0.005054757391419418,0.5,2.0
2024-05-10,230857521.4656551,231385576.58899385,0.0,0.0,0.25,0.25,0.0,0.0,57714380.36641377,57714380.36641377,115428760.73282754,0.0022873637384054346,0.5,2.0
2024-05-13,231385576.58899385,231065857.6293202,0.0,0.0,0.25,0.25,0.0,0.0,57846394.14724846,57846394.14724846,115692788.29449692,-0.0013817583809103418,0.5,2.0
2024-05-14,231065857.6293202,231523595.85780525,0.0,0.0,0.25,0.25,0.0,0.0,57766464.40733005,57766464.40733005,115532928.8146601,0.001980985997591056,0.5,2.0
2024-05-15,231523595.85780525,232643775.7443565,0.0,0.0,0.25,0.25,0.0,0.0,57880898.96445131,57880898.96445131,115761797.92890263,0.004838296858689306,0.5,2.0
2024-05-16,232643775.7443565,232635013.44778126,0.0,0.25,0.25,0.25,0.0,58160943.93608913,58160943.93608913,58160943.93608913,58160943.93608913,-3.766400604199305e-05,0.75,3.0
2024-05-17,232635013.44778126,234608131.61183637,0.0,0.25,0.25,0.25,0.0,58158753.361945316,58158753.361945316,58158753.361945316,58158753.361945316,0.00848160444471524,0.75,3.0
2024-05-20,234608131.61183637,235559670.9626473,0.0,0.25,0.25,0.25,0.0,58652032.90295909,58652032.90295909,58652032.90295909,58652032.90295909,0.004055866880118386,0.75,3.0
2024-05-21,235559670.9626473,235270556.38476136,0.0,0.25,0.25,0.25,0.0,58889917.74066182,58889917.74066182,58889917.74066182,58889917.74066182,-0.0012273517648603016,0.75,3.0
2024-05-22,235270556.38476136,233658320.26375353,0.0,0.25,0.25,0.25,0.0,58817639.09619034,58817639.09619034,58817639.09619034,58817639.09619034,-0.006852689710867138,0.75,3.0
2024-05-23,233658320.26375353,231602456.73770356,0.0,0.25,0.25,0.25,0.0,58414580.06593838,58414580.06593838,58414580.06593838,58414580.06593838,-0.008798588998368606,0.75,3.0
2024-05-24,231602456.73770356,231684500.80756912,0.0,0.25,0.25,0.25,0.0,57900614.18442589,57900614.18442589,57900614.18442589,57900614.18442589,0.0003542452486091363,0.75,3.0
2024-05-27,231684500.80756912,232365843.5207137,0.0,0.25,0.25,0.25,0.0,57921125.20189228,57921125.20189228,57921125.20189228,57921125.20189228,0.0029408212926184674,0.75,3.0
2024-05-28,232365843.5207137,233572827.76266617,0.0,0.25,0.25,0.25,0.0,58091460.88017842,58091460.88017842,58091460.88017842,58091460.88017842,0.005194327288661482,0.75,3.0
2024-05-29,233572827.76266617,231976866.15704623,0.0,0.25,0.25,0.25,0.0,58393206.94066654,58393206.94066654,58393206.94066654,58393206.94066654,-0.006832822211843975,0.75,3.0
2024-05-30,231976866.15704623,231491945.75489998,0.0,0.25,0.25,0.25,0.0,57994216.53926156,57994216.53926156,57994216.53926156,57994216.53926156,-0.0020903825893482386,0.75,3.0
2024-05-31,231491945.75489998,230583842.89474422,0.0,0.25,0.25,0.25,0.0,57872986.438724995,57872986.438724995,57872986.438724995,57872986.438724995,-0.003922827021883707,0.75,3.0
2024-06-03,230583842.89474422,231272491.41579533,0.0,0.25,0.25,0.25,0.0,57645960.723686054,57645960.723686054,57645960.723686054,57645960.723686054,0.0029865428228006974,0.75,3.0
2024-06-04,231272491.41579533,229591083.8816994,0.0,0.25,0.25,0.25,0.0,57818122.85394883,57818122.85394883,57818122.85394883,57818122.85394883,-0.00727024439354082,0.75,3.0
2024-06-05,229591083.8816994,230459555.79981712,0.0,0.25,0.25,0.25,0.0,57397770.97042485,57397770.97042485,57397770.97042485,57397770.97042485,0.0037826900915943207,0.75,3.0
2024-06-06,230459555.79981712,232042623.64596877,0.0,0.25,0.25,0.25,0.0,57614888.94995428,57614888.94995428,57614888.94995428,57614888.94995428,0.006869178588223834,0.75,3.0
2024-06-07,232042623.64596877,228611608.86092025,0.0,0.25,0.25,0.25,0.0,58010655.91149219,58010655.91149219,58010655.91149219,58010655.91149219,-0.014786140283792437,0.75,3.0
2024-06-10,228611608.86092025,229399305.5308956,0.0,0.25,0.25,0.25,0.0,57152902.21523006,57152902.21523006,57152902.21523006,57152902.21523006,0.0034455672391270897,0.75,3.0
2024-06-11,229399305.5308956,229720036.82589993,0.0,0.25,0.25,0.25,0.0,57349826.3827239,57349826.3827239,57349826.3827239,57349826.3827239,0.0013981354226949572,0.75,3.0
2024-06-12,229720036.82589993,231106079.68813545,0.0,0.25,0.25,0.25,0.0,57430009.20647498,57430009.20647498,57430009.20647498,57430009.20647498,0.006033617621635623,0.75,3.0
2024-06-13,231106079.68813545,229813330.62345564,0.0,0.25,0.25,0.25,0.0,57776519.92203386,57776519.92203386,57776519.92203386,57776519.92203386,-0.005593747539763105,0.75,3.0
2024-06-14,229813330.62345564,230072096.61790383,0.0,0.25,0.25,0.25,0.0,57453332.65586391,57453332.65586391,57453332.65586391,57453332.65586391,0.0011259833959422483,0.75,3.0
2024-06-17,230072096.61790383,229297417.90336746,0.0,0.25,0.25,0.25,0.0,57518024.15447596,57518024.15447596,57518024.15447596,57518024.15447596,-0.0033671128569011943,0.75,3.0
2024-06-18,229297417.90336746,230431554.67853275,0.0,0.25,0.25,0.25,0.0,57324354.475841865,57324354.475841865,57324354.475841865,57324354.475841865,0.004946138449946402,0.75,3.0
2024-06-19,230431554.67853275,230683645.94361755,0.0,0.25,0.25,0.25,0.0,57607888.66963319,57607888.66963319,57607888.66963319,57607888.66963319,0.0010939962863873443,0.75,3.0
2024-06-20,230683645.94361755,231402537.00784284,0.0,0.25,0.25,0.25,0.0,57670911.48590439,57670911.48590439,57670911.48590439,57670911.48590439,0.003116350364953918,0.75,3.0
2024-06-21,231402537.00784284,229647571.87952167,0.0,0.25,0.25,0.25,0.0,57850634.25196071,57850634.25196071,57850634.25196071,57850634.25196071,-0.007584035814878182,0.75,3.0
2024-06-24,229647571.87952167,230616831.37314004,0.0,0.25,0.25,0.25,0.0,57411892.96988042,57411892.96988042,57411892.96988042,57411892.96988042,0.0042206389803539635,0.75,3.0
2024-06-25,230616831.37314004,229798797.4478965,0.0,0.25,0.25,0.0,0.0,57654207.84328501,57654207.84328501,0.0,115308415.68657002,-0.00354715620873286,0.5,2.0
2024-06-26,229798797.4478965,229927049.62408963,0.0,0.25,0.0,0.0,0.0,57449699.36197413,0.0,0.0,172349098.0859224,0.0005581063853140056,0.25,1.0
2024-06-27,229927049.62408963,229970105.5522434,0.0,0.25,0.0,0.0,0.0,57481762.40602241,0.0,0.0,172445287.21806723,0.00018725908162670057,0.25,1.0
2024-06-28,229970105.5522434,230149774.23429403,0.0,0.25,0.0,0.0,0.0,57492526.38806085,0.0,0.0,172477579.16418254,0.0007812697290335846,0.25,1.0
2024-07-01,230149774.23429403,229898262.4993558,0.0,0.25,0.0,0.0,0.0,57537443.55857351,0.0,0.0,172612330.6757205,-0.0010928176478774143,0.25,1.0
2024-07-02,229898262.4993558,229993369.340226,0.0,0.25,0.0,0.0,0.0,57474565.62483895,0.0,0.0,172423696.87451684,0.0004136909946002576,0.25,1.0
2024-07-03,229993369.340226,230509398.29952148,0.0,0.25,0.0,0.0,0.0,57498342.3350565,0.0,0.0,172495027.0051695,0.0022436688534797633,0.25,1.0
2024-07-04,230509398.29952148,230530383.9472436,0.0,0.25,0.0,0.0,0.0,57627349.57488037,0.0,0.0,172882048.7246411,9.10403127895032e-05,0.25,1.0
2024-07-05,230530383.9472436,230629678.21653402,0.0,0.25,0.0,0.0,0.0,57632595.9868109,0.0,0.0,172897787.9604327,0.0004307209643703014,0.25,1.0
2024-07-08,230629678.21653402,230703812.93753818,0.0,0.25,0.0,0.0,0.0,57657419.554133505,0.0,0.0,172972258.6624005,0.00032144484429513787,0.25,1.0
2024-07-09,230703812.93753818,230592757.90218893,0.0,0.25,0.0,0.0,0.0,57675953.234384544,0.0,0.0,173027859.70315364,-0.00048137494536912295,0.25,1.0
2024-07-10,230592757.90218893,230676689.76727417,0.0,0.25,0.0,0.0,0.0,57648189.47554723,0.0,0.0,172944568.4266417,0.0003639830923087284,0.25,1.0
2024-07-11,230676689.76727417,231029394.68632093,0.0,0.25,0.0,0.0,0.0,57669172.44181854,0.0,0.0,173007517.32545564,0.0015290011288206506,0.25,1.0
2024-07-12,231029394.68632093,231061974.37780777,0.0,0.25,0.0,0.0,0.0,57757348.67158023,0.0,0.0,173272046.0147407,0.00014101968076868365,0.25,1.0
2024-07-15,231061974.37780777,231201083.68823856,0.0,0.25,0.0,0.25,0.0,57765493.59445194,0.0,57765493.59445194,115530987.18890388,0.0006020432864617953,0.5,2.0
2024-07-16,231201083.68823856,231875067.63578936,0.0,0.25,0.0,0.25,0.0,57800270.92205964,0.0,57800270.92205964,115600541.84411928,0.0029151418185377753,0.5,2.0
2024-07-17,231875067.63578936,231683365.7405171,0.0,0.25,0.0,0.25,0.0,57968766.90894734,0.0,57968766.90894734,115937533.81789468,-0.0008267464770010946,0.5,2.0
2024-07-18,231683365.7405171,231398418.9496402,0.0,0.25,0.0,0.25,0.0,57920841.43512928,0.0,57920841.43512928,115841682.87025855,-0.0012298974937890728,0.5,2.0
2024-07-19,231398418.9496402,230006901.86091965,0.0,0.25,0.0,0.25,0.0,57849604.73741005,0.0,57849604.73741005,115699209.4748201,-0.006013511652486286,0.5,2.0
2024-07-22,230006901.86091965,229436087.06834647,0.0,0.25,0.0,0.25,0.0,57501725.46522991,0.0,57501725.46522991,115003450.93045983,-0.0024817289740215742,0.5,2.0
2024-07-23,229436087.06834647,229534774.91008377,0.0,0.25,0.0,0.25,0.0,57359021.76708662,0.0,57359021.76708662,114718043.53417324,0.00043013216882459293,0.5,2.0
2024-07-24,229534774.91008377,229170554.64962405,0.0,0.25,0.0,0.25,0.0,57383693.72752094,0.0,57383693.72752094,114767387.45504189,-0.0015867759497548706,0.5,2.0
2024-07-25,229170554.64962405,227924069.4195958,0.0,0.25,0.0,0.25,0.0,57292638.66240601,0.0,57292638.66240601,114585277.32481202,-0.005439115997838223,0.5,2.0
2024-07-26,227924069.4195958,228463675.27210552,0.0,0.25,0.0,0.25,0.0,56981017.35489895,0.0,56981017.35489895,113962034.7097979,0.002367480774995906,0.5,2.0
2024-07-29,228463675.27210552,228202936.55553225,0.0,0.25,0.0,0.25,0.0,57115918.81802638,0.0,57115918.81802638,114231837.63605276,-0.0011412699032471163,0.5,2.0
2024-07-30,228202936.55553225,228907430.20726928,0.0,0.25,0.0,0.25,0.0,57050734.13888306,0.0,57050734.13888306,114101468.27776612,0.003087136661651224,0.5,2.0
2024-07-31,228907430.20726928,229683649.74859187,0.0,0.25,0.0,0.25,0.0,57226857.55181732,0.0,57226857.55181732,114453715.10363464,0.0033909757346877456,0.5,2.0
2024-08-01,229683649.74859187,229629886.9412316,0.0,0.25,0.0,0.25,0.0,57420912.43714797,0.0,57420912.43714797,114841824.87429594,-0.00023407328914837322,0.5,2.0
2024-08-02,229629886.9412316,229488324.95968267,0.0,0.25,0.0,0.25,0.0,57407471.7353079,0.0,57407471.7353079,114814943.4706158,-0.0006164789062721721,0.5,2.0
2024-08-05,229488324.95968267,228726335.1280511,0.0,0.0,0.0,0.25,0.0,0.0,0.0,57372081.23992067,172116243.719762,-0.003320386044760232,0.25,1.0
2024-08-06,228726335.1280511,228252666.23605853,0.0,0.0,0.0,0.25,0.0,0.0,0.0,57181583.782012776,171544751.34603834,-0.0020708979214282275,0.25,1.0
2024-08-07,228252666.23605853,228064112.09320533,0.0,0.0,0.0,0.25,0.0,0.0,0.0,57063166.55901463,171189499.6770439,-0.0008260764089308426,0.25,1.0
2024-08-08,228064112.09320533,229131493.71328467,0.0,0.0,0.0,0.25,0.0,0.0,0.0,57016028.02330133,171048084.069904,0.004680182297349511,0.25,1.0
2024-08-09,229131493.71328467,229220927.04275677,0.0,0.0,0.0,0.25,0.0,0.0,0.0,57282873.42832117,171848620.2849635,0.00039031443483705797,0.25,1.0
2024-08-12,229220927.04275677,230200950.87203857,0.0,0.0,0.0,0.25,0.0,0.0,0.0,57305231.76068919,171915695.28206757,0.004275455308227649,0.25,1.0
2024-08-13,230200950.87203857,230020822.74719027,0.0,0.0,0.0,0.25,0.0,0.0,0.0,57550237.71800964,172650713.15402892,-0.0007824821060293807,0.25,1.0
2024-08-14,230020822.74719027,229617029.43947864,0.0,0.0,0.0,0.25,0.0,0.0,0.0,57505205.68679757,172515617.0603927,-0.001755464148371716,0.25,1.0
2024-08-15,229617029.43947864,229826680.3824683,0.0,0.0,0.0,0.25,0.0,0.0,0.0,57404257.35986966,172212772.07960898,0.0009130461425332359,0.25,1.0
2024-08-16,229826680.3824683,231024556.7342516,0.0,0.0,0.0,0.25,0.0,0.0,0.0,57456670.09561708,172370010.28685123,0.005212085689049573,0.25,1.0
2024-08-19,231024556.7342516,230938659.78840417,0.0,0.0,0.0,0.25,0.0,0.0,0.0,57756139.1835629,173268417.55068868,-0.00037180872484560146,0.25,1.0
2024-08-20,230938659.78840417,231162517.98183155,0.0,0.0,0.0,0.25,0.0,0.0,0.0,57734664.94710104,173203994.8413031,0.0009693404890826485,0.25,1.0
2024-08-21,231162517.98183155,231129645.69507682,0.0,0.0,0.0,0.25,0.0,0.0,0.0,57790629.49545789,173371888.48637366,-0.00014220422515601183,0.25,1.0
2024-08-22,231129645.69507682,230490087.2918168,0.0,0.0,0.0,0.25,0.0,0.0,0.0,57782411.423769206,173347234.27130762,-0.0027670980991498784,0.25,1.0
2024-08-23,230490087.2918168,231135709.9933164,0.0,0.0,0.0,0.25,0.0,0.0,0.0,57622521.8229542,172867565.4688626,0.00280108662843348,0.25,1.0
2024-08-26,231135709.9933164,231260817.7767554,0.0,0.0,0.0,0.25,0.0,0.0,0.0,57783927.4983291,173351782.4949873,0.0005412741434137613,0.25,1.0
2024-08-27,231260817.7767554,231412586.62040544,0.0,0.0,0.0,0.25,0.0,0.0,0.0,57815204.44418885,173445613.33256656,0.0006562670023788075,0.25,1.0
2024-08-28,231412586.62040544,230953591.06955397,0.0,0.0,0.0,0.25,0.0,0.0,0.0,57853146.65510136,173559439.96530408,-0.00198345110590023,0.25,1.0
2024-08-29,230953591.06955397,231340648.41521433,0.0,0.0,0.0,0.25,0.0,0.0,0.0,57738397.76738849,173215193.30216548,0.0016759096226557912,0.25,1.0
2024-08-30,231340648.41521433,230876461.1600876,0.0,0.25,0.0,0.25,0.0,57835162.10380358,0.0,57835162.10380358,115670324.20760716,-0.0020065097003343635,0.5,2.0
2024-09-02,230876461.1600876,230836113.60216233,0.0,0.25,0.0,0.25,0.0,57719115.2900219,0.0,57719115.2900219,115438230.5800438,-0.00017475821364604238,0.5,2.0
2024-09-03,230836113.60216233,230045860.99544656,0.0,0.25,0.0,0.25,0.0,57709028.40054058,0.0,57709028.40054058,115418056.80108117,-0.003423435763078936,0.5,2.0
2024-09-04,230045860.99544656,230294623.0730738,0.0,0.25,0.0,0.25,0.0,57511465.24886164,0.0,57511465.24886164,115022930.49772328,0.0010813586323650815,0.5,2.0
2024-09-05,230294623.0730738,230631788.8344963,0.0,0.25,0.0,0.25,0.0,57573655.76826845,0.0,57573655.76826845,115147311.5365369,0.0014640626729505446,0.5,2.0
2024-09-06,230631788.8344963,229973409.22542137,0.0,0.25,0.0,0.25,0.0,57657947.20862407,0.0,57657947.20862407,115315894.41724814,-0.0028546785003144837,0.5,2.0
2024-09-09,229973409.22542137,229810763.64412388,0.0,0.25,0.0,0.25,0.0,57493352.30635534,0.0,57493352.30635534,114986704.61271068,-0.0007072364663606445,0.5,2.0
2024-09-10,229810763.64412388,229981096.7361149,0.0,0.25,0.0,0.25,0.0,57452690.91103097,0.0,57452690.91103097,114905381.82206194,0.000741188486083233,0.5,2.0
2024-09-11,229981096.7361149,229757315.10581526,0.0,0.25,0.0,0.25,0.0,57495274.18402872,0.0,57495274.18402872,114990548.36805744,-0.0009730435826054429,0.5,2.0
2024-09-12,229757315.10581526,231283374.11570063,0.0,0.25,0.0,0.25,0.0,57439328.776453815,0.0,57439328.776453815,114878657.55290763,0.006642047541261298,0.5,2.0
2024-09-13,231283374.11570063,231943449.5255236,0.0,0.25,0.0,0.25,0.0,57820843.52892516,0.0,57820843.52892516,115641687.05785032,0.002853968264457829,0.5,2.0
2024-09-16,231943449.5255236,232220300.20044908,0.0,0.25,0.0,0.25,0.0,57985862.3813809,0.0,57985862.3813809,115971724.7627618,0.0011936128202447716,0.5,2.0
2024-09-17,232220300.20044908,232185810.43467736,0.0,0.25,0.0,0.25,0.0,58055075.05011227,0.0,58055075.05011227,116110150.10022454,-0.00014852175172433424,0.5,2.0
2024-09-18,232185810.43467736,231979920.83702695,0.0,0.25,0.0,0.25,0.0,58046452.60866934,0.0,58046452.60866934,116092905.21733868,-0.0008867449619980039,0.5,2.0
2024-09-19,231979920.83702695,232922274.61188158,0.0,0.25,0.0,0.25,0.0,57994980.20925674,0.0,57994980.20925674,115989960.41851348,0.004062221296801893,0.5,2.0
2024-09-20,232922274.61188158,233609954.7092755,0.0,0.25,0.0,0.25,0.0,58230568.652970396,0.0,58230568.652970396,116461137.30594079,0.002952401604955246,0.5,2.0
2024-09-23,233609954.7092755,234242974.8761926,0.0,0.25,0.0,0.25,0.0,58402488.67731888,0.0,58402488.67731888,116804977.35463776,0.0027097311315558703,0.5,2.0
2024-09-24,234242974.8761926,235045301.9634357,0.0,0.25,0.0,0.25,0.0,58560743.71904815,0.0,58560743.71904815,117121487.4380963,0.003425191674018113,0.5,2.0
2024-09-25,235045301.9634357,234997360.34150082,0.0,0.25,0.0,0.25,0.0,58761325.49085893,0.0,58761325.49085893,117522650.98171785,-0.00020396758214022426,0.5,2.0
2024-09-26,234997360.34150082,235521333.91232118,0.0,0.25,0.0,0.25,0.0,58749340.085375205,0.0,58749340.085375205,117498680.17075041,0.002229699814750963,0.5,2.0
2024-09-27,235521333.91232118,235606547.16430616,0.0,0.25,0.0,0.25,0.0,58880333.478080295,0.0,58880333.478080295,117760666.95616059,0.00036180693514870077,0.5,2.0
2024-09-30,235606547.16430616,235141010.789465,0.0,0.25,0.0,0.25,0.0,58901636.79107654,0.0,58901636.79107654,117803273.58215308,-0.0019759059348910257,0.5,2.0
2024-10-01,235141010.789465,235112697.6021219,0.25,0.25,0.0,0.25,58785252.69736625,58785252.69736625,0.0,58785252.69736625,58785252.69736625,-0.00012040939710217247,0.75,3.0
2024-10-02,235112697.6021219,235454356.54722157,0.25,0.25,0.25,0.25,58778174.40053047,58778174.40053047,58778174.40053047,58778174.40053047,0.0,0.0014531709626243727,1.0,4.0
2024-10-03,235454356.54722157,234809896.64855555,0.25,0.25,0.25,0.25,58863589.13680539,58863589.13680539,58863589.13680539,58863589.13680539,0.0,-0.0027370905687056357,1.0,4.0
2024-10-04,234809896.64855555,234681394.8481088,0.25,0.25,0.25,0.25,58702474.16213889,58702474.16213889,58702474.16213889,58702474.16213889,0.0,-0.0005472588774189657,1.0,4.0
2024-10-07,234681394.8481088,234006116.59148195,0.25,0.25,0.25,0.25,58670348.7120272,58670348.7120272,58670348.7120272,58670348.7120272,0.0,-0.002877425613836526,1.0,4.0
2024-10-08,234006116.59148195,231567387.1954849,0.25,0.25,0.25,0.25,58501529.14787049,58501529.14787049,58501529.14787049,58501529.14787049,0.0,-0.010421648081338275,1.0,4.0
2024-10-09,231567387.1954849,230121508.84669816,0.25,0.25,0.25,0.25,57891846.79887123,57891846.79887123,57891846.79887123,57891846.79887123,0.0,-0.006243877284698024,1.0,4.0
2024-10-10,230121508.84669816,231357676.9598205,0.25,0.25,0.25,0.25,57530377.21167454,57530377.21167454,57530377.21167454,57530377.21167454,0.0,0.005371806048542149,1.0,4.0
2024-10-11,231357676.9598205,231733979.8046551,0.25,0.25,0.25,0.25,57839419.23995513,57839419.23995513,57839419.23995513,57839419.23995513,0.0,0.001626498198717602,1.0,4.0
2024-10-14,231733979.8046551,231024755.59866264,0.25,0.25,0.25,0.25,57933494.951163776,57933494.951163776,57933494.951163776,57933494.951163776,0.0,-0.003060510187544968,1.0,4.0
2024-10-15,231024755.59866264,230218120.40652612,0.25,0.25,0.25,0.25,57756188.89966566,57756188.89966566,57756188.89966566,57756188.89966566,0.0,-0.003491553059092156,1.0,4.0
2024-10-16,230218120.40652612,229687926.23163873,0.25,0.25,0.25,0.25,57554530.10163153,57554530.10163153,57554530.10163153,57554530.10163153,0.0,-0.0023030080080193027,1.0,4.0
2024-10-17,229687926.23163873,230369996.50981477,0.25,0.25,0.25,0.25,57421981.55790968,57421981.55790968,57421981.55790968,57421981.55790968,0.0,0.0029695521630866417,1.0,4.0
2024-10-18,230369996.50981477,231006928.97885656,0.25,0.25,0.25,0.25,57592499.12745369,57592499.12745369,57592499.12745369,57592499.12745369,0.0,0.0027648238863200447,1.0,4.0
2024-10-21,231006928.97885656,230699690.78075477,0.25,0.25,0.25,0.25,57751732.24471414,57751732.24471414,57751732.24471414,57751732.24471414,0.0,-0.0013299955956294907,1.0,4.0
2024-10-22,230699690.78075477,232291100.4788864,0.25,0.25,0.25,0.25,57674922.69518869,57674922.69518869,57674922.69518869,57674922.69518869,0.0,0.006898187391347843,1.0,4.0
2024-10-23,232291100.4788864,230542229.93289337,0.25,0.25,0.25,0.25,58072775.1197216,58072775.1197216,58072775.1197216,58072775.1197216,0.0,-0.0075287884141388706,1.0,4.0
2024-10-24,230542229.93289337,231083552.02536455,0.0,0.25,0.25,0.25,0.0,57635557.48322334,57635557.48322334,57635557.48322334,57635557.48322334,0.0023480387633483812,0.75,3.0
2024-10-25,231083552.02536455,231621469.5475777,0.0,0.25,0.25,0.25,0.0,57770888.00634114,57770888.00634114,57770888.00634114,57770888.00634114,0.002327805321921228,0.75,3.0
2024-10-28,231621469.5475777,229912801.95276392,0.0,0.25,0.25,0.25,0.0,57905367.38689443,57905367.38689443,57905367.38689443,57905367.38689443,-0.007376982790720216,0.75,3.0
2024-10-29,229912801.95276392,230421335.67433923,0.0,0.25,0.25,0.25,0.0,57478200.48819098,57478200.48819098,57478200.48819098,57478200.48819098,0.00221185474343355,0.75,3.0
2024-10-30,230421335.67433923,230944921.00320867,0.0,0.0,0.25,0.25,0.0,0.0,57605333.91858481,57605333.91858481,115210667.83716962,0.002272295346857134,0.5,2.0
2024-10-31,230944921.00320867,229577256.1873096,0.0,0.0,0.25,0.25,0.0,0.0,57736230.25080217,57736230.25080217,115472460.50160433,-0.005922038943130037,0.5,2.0
2024-11-01,229577256.1873096,229407068.62042788,0.0,0.0,0.25,0.25,0.0,0.0,57394314.0468274,57394314.0468274,114788628.0936548,-0.0007413084802392056,0.5,2.0
2024-11-04,229407068.62042788,229901142.5870432,0.0,0.0,0.25,0.25,0.0,0.0,57351767.15510697,57351767.15510697,114703534.31021394,0.002153699838398526,0.5,2.0
2024-11-05,229901142.5870432,230160297.41981193,0.0,0.0,0.25,0.25,0.0,0.0,57475285.6467608,57475285.6467608,114950571.2935216,0.001127244648950032,0.5,2.0
2024-11-06,230160297.41981193,227818718.49673286,0.0,0.0,0.25,0.25,0.0,0.0,57540074.35495298,57540074.35495298,115080148.70990597,-0.010173687422762034,0.5,2.0
2024-11-07,227818718.49673286,229530329.92822915,0.0,0.0,0.25,0.25,0.0,0.0,56954679.624183215,56954679.624183215,113909359.24836643,0.00751304125837593,0.5,2.0
2024-11-08,229530329.92822915,228381983.85038814,0.0,0.0,0.25,0.25,0.0,0.0,57382582.48205729,57382582.48205729,114765164.96411458,-0.005003025431105812,0.5,2.0
2024-11-11,228381983.85038814,226436751.1732976,0.0,0.0,0.25,0.25,0.0,0.0,57095495.962597035,57095495.962597035,114190991.92519407,-0.008517452402746595,0.5,2.0
2024-11-12,226436751.1732976,225766076.7090739,0.0,0.0,0.25,0.25,0.0,0.0,56609187.7933244,56609187.7933244,113218375.5866488,-0.0029618622451902665,0.5,2.0
2024-11-13,225766076.7090739,225165445.2001194,0.0,0.0,0.25,0.25,0.0,0.0,56441519.177268475,56441519.177268475,112883038.35453695,-0.0026604152302671102,0.5,2.0
2024-11-14,225165445.2001194,224547256.58672827,0.0,0.0,0.25,0.25,0.0,0.0,56291361.30002985,56291361.30002985,112582722.6000597,-0.0027454861594848057,0.5,2.0
2024-11-15,224547256.58672827,224590913.41790968,0.0,0.0,0.25,0.25,0.0,0.0,56136814.14668207,56136814.14668207,112273628.29336414,0.00019442157452745357,0.5,2.0
2024-11-18,224590913.41790968,226576001.15589452,0.0,0.0,0.25,0.25,0.0,0.0,56147728.35447742,56147728.35447742,112295456.70895484,0.008838682330353398,0.5,2.0
2024-11-19,226576001.15589452,227147969.38629642,0.0,0.0,0.25,0.25,0.0,0.0,56644000.28897363,56644000.28897363,113288000.57794726,0.0025243989984992665,0.5,2.0
2024-11-20,227147969.38629642,227893277.23796475,0.0,0.0,0.25,0.25,0.0,0.0,56786992.346574105,56786992.346574105,113573984.69314821,0.00328115568755466,0.5,2.0
2024-11-21,227893277.23796475,228304252.06072095,0.0,0.0,0.0,0.25,0.0,0.0,0.0,56973319.30949119,170919957.92847356,0.001803365275786617,0.25,1.0
2024-11-22,228304252.06072095,229297736.264426,0.0,0.0,0.0,0.25,0.0,0.0,0.0,57076063.01518024,171228189.04554072,0.0043515799409676315,0.25,1.0
2024-11-25,229297736.264426,227373407.73875302,0.0,0.0,0.0,0.25,0.0,0.0,0.0,57324434.0661065,171973302.1983195,-0.008392270054745798,0.25,1.0
2024-11-26,227373407.73875302,227549675.59477964,0.0,0.0,0.0,0.25,0.0,0.0,0.0,56843351.934688255,170530055.80406475,0.0007752351419613723,0.25,1.0
2024-11-27,227549675.59477964,227611679.99720228,0.0,0.0,0.0,0.25,0.0,0.0,0.0,56887418.89869491,170662256.69608474,0.00027248732506690576,0.25,1.0
2024-11-28,227611679.99720228,227652694.6890478,0.0,0.0,0.0,0.25,0.0,0.0,0.0,56902919.99930057,170708759.9979017,0.00018019590139678465,0.25,1.0
2024-11-29,227652694.6890478,227765532.03752917,0.0,0.0,0.0,0.25,0.0,0.0,0.0,56913173.67226195,170739521.01678586,0.0004956556681021684,0.25,1.0
2024-12-02,227765532.03752917,227678929.17363662,0.0,0.0,0.0,0.25,0.0,0.0,0.0,56941383.00938229,170824149.02814686,-0.000380228136882127,0.25,1.0
2024-12-03,227678929.17363662,227678929.17363662,0.0,0.0,0.0,0.0,0.0,0.0,0.0,0.0,227678929.17363662,0.0,0.0,0.0
2024-12-04,227678929.17363662,227678929.17363662,0.0,0.0,0.0,0.0,0.0,0.0,0.0,0.0,227678929.17363662,0.0,0.0,0.0
2024-12-05,227678929.17363662,227678929.17363662,0.0,0.0,0.0,0.0,0.0,0.0,0.0,0.0,227678929.17363662,0.0,0.0,0.0
2024-12-06,227678929.17363662,227678929.17363662,0.0,0.0,0.0,0.0,0.0,0.0,0.0,0.0,227678929.17363662,0.0,0.0,0.0
2024-12-09,227678929.17363662,227678929.17363662,0.0,0.0,0.0,0.0,0.0,0.0,0.0,0.0,227678929.17363662,0.0,0.0,0.0
2024-12-10,227678929.17363662,227678929.17363662,0.0,0.0,0.0,0.0,0.0,0.0,0.0,0.0,227678929.17363662,0.0,0.0,0.0
2024-12-11,227678929.17363662,227678929.17363662,0.0,0.0,0.0,0.0,0.0,0.0,0.0,0.0,227678929.17363662,0.0,0.0,0.0
2024-12-12,227678929.17363662,227678929.17363662,0.0,0.0,0.0,0.0,0.0,0.0,0.0,0.0,227678929.17363662,0.0,0.0,0.0
2024-12-13,227678929.17363662,227678929.17363662,0.0,0.0,0.0,0.0,0.0,0.0,0.0,0.0,227678929.17363662,0.0,0.0,0.0
2024-12-16,227678929.17363662,227678929.17363662,0.0,0.0,0.0,0.0,0.0,0.0,0.0,0.0,227678929.17363662,0.0,0.0,0.0
2024-12-17,227678929.17363662,227678929.17363662,0.0,0.0,0.0,0.0,0.0,0.0,0.0,0.0,227678929.17363662,0.0,0.0,0.0
2024-12-18,227678929.17363662,227678929.17363662,0.0,0.0,0.0,0.0,0.0,0.0,0.0,0.0,227678929.17363662,0.0,0.0,0.0
2024-12-19,227678929.17363662,227678929.17363662,0.0,0.0,0.0,0.0,0.0,0.0,0.0,0.0,227678929.17363662,0.0,0.0,0.0
2024-12-20,227678929.17363662,227678929.17363662,0.0,0.0,0.0,0.0,0.0,0.0,0.0,0.0,227678929.17363662,0.0,0.0,0.0
2024-12-23,227678929.17363662,227678929.17363662,0.0,0.0,0.0,0.0,0.0,0.0,0.0,0.0,227678929.17363662,0.0,0.0,0.0
2024-12-24,227678929.17363662,227678929.17363662,0.0,0.0,0.0,0.0,0.0,0.0,0.0,0.0,227678929.17363662,0.0,0.0,0.0
2024-12-25,227678929.17363662,227678929.17363662,0.0,0.0,0.0,0.0,0.0,0.0,0.0,0.0,227678929.17363662,0.0,0.0,0.0
2024-12-26,227678929.17363662,227678929.17363662,0.0,0.0,0.0,0.0,0.0,0.0,0.0,0.0,227678929.17363662,0.0,0.0,0.0
2024-12-27,227678929.17363662,227678929.17363662,0.0,0.0,0.0,0.0,0.0,0.0,0.0,0.0,227678929.17363662,0.0,0.0,0.0
2024-12-30,227678929.17363662,227678929.17363662,0.0,0.0,0.0,0.0,0.0,0.0,0.0,0.0,227678929.17363662,0.0,0.0,0.0
2024-12-31,227678929.17363662,227678929.17363662,0.0,0.0,0.0,0.0,0.0,0.0,0.0,0.0,227678929.17363662,0.0,0.0,0.0
2025-01-01,227678929.17363662,227678929.17363662,0.0,0.0,0.0,0.0,0.0,0.0,0.0,0.0,227678929.17363662,0.0,0.0,0.0
2025-01-02,227678929.17363662,227678929.17363662,0.0,0.0,0.0,0.0,0.0,0.0,0.0,0.0,227678929.17363662,0.0,0.0,0.0
2025-01-03,227678929.17363662,227678929.17363662,0.0,0.0,0.0,0.0,0.0,0.0,0.0,0.0,227678929.17363662,0.0,0.0,0.0
2025-01-06,227678929.17363662,227678929.17363662,0.0,0.0,0.0,0.0,0.0,0.0,0.0,0.0,227678929.17363662,0.0,0.0,0.0
2025-01-07,227678929.17363662,227808869.41546035,0.0,0.0,0.25,0.0,0.0,0.0,56919732.293409154,0.0,170759196.88022745,0.0005707170281207818,0.25,1.0
2025-01-08,227808869.41546035,227794329.06202182,0.0,0.0,0.25,0.0,0.0,0.0,56952217.35386509,0.0,170856652.06159526,-6.382698564749711e-05,0.25,1.0
2025-01-09,227794329.06202182,228360538.09803203,0.0,0.0,0.25,0.0,0.0,0.0,56948582.265505455,0.0,170845746.79651636,0.002485615152675924,0.25,1.0
2025-01-10,228360538.09803203,229519775.0945999,0.0,0.0,0.25,0.0,0.0,0.0,57090134.52450801,0.0,171270403.57352403,0.005076345528973236,0.25,1.0
2025-01-13,229519775.0945999,229828534.59413764,0.0,0.0,0.25,0.0,0.0,0.0,57379943.773649976,0.0,172139831.3209499,0.0013452413824056597,0.25,1.0
2025-01-14,229828534.59413764,229653446.0872158,0.0,0.0,0.25,0.0,0.0,0.0,57457133.64853441,0.0,172371400.94560322,-0.000761822317803168,0.25,1.0
2025-01-15,229653446.0872158,230433984.87397152,0.0,0.0,0.25,0.0,0.0,0.0,57413361.52180395,0.0,172240084.56541187,0.0033987680135191822,0.25,1.0
2025-01-16,230433984.87397152,230486378.86765113,0.0,0.0,0.25,0.0,0.0,0.0,57608496.21849288,0.0,172825488.65547866,0.00022737094837937954,0.25,1.0
2025-01-17,230486378.86765113,230196666.6958481,0.0,0.0,0.25,0.0,0.0,0.0,57621594.71691278,0.0,172864784.15073836,-0.0012569600564960315,0.25,1.0
2025-01-20,230196666.6958481,230196666.6958481,0.0,0.0,0.25,0.0,0.0,0.0,57549166.67396203,0.0,172647500.02188608,0.0,0.25,1.0
2025-01-21,230196666.6958481,230050429.14290628,0.0,0.0,0.25,0.0,0.0,0.0,57549166.67396203,0.0,172647500.02188608,-0.0006352722436899771,0.25,1.0
2025-01-22,230050429.14290628,230386032.83431852,0.0,0.0,0.25,0.25,0.0,0.0,57512607.28572657,57512607.28572657,115025214.57145314,0.001458826626242693,0.5,2.0
2025-01-23,230386032.83431852,230281338.7047197,0.0,0.0,0.25,0.25,0.0,0.0,57596508.20857963,57596508.20857963,115193016.41715926,-0.0004544291522834143,0.5,2.0
2025-01-24,230281338.7047197,230587774.17371914,0.0,0.0,0.25,0.25,0.0,0.0,57570334.67617992,57570334.67617992,115140669.35235985,0.0013307003977095222,0.5,2.0
2025-01-27,230587774.17371914,229070339.81135893,0.0,0.0,0.25,0.25,0.0,0.0,57646943.543429784,57646943.543429784,115293887.08685957,-0.006580723404776084,0.5,2.0
2025-01-28,229070339.81135893,229636322.43007478,0.0,0.0,0.25,0.25,0.0,0.0,57267584.95283973,57267584.95283973,114535169.90567946,0.0024707808928119412,0.5,2.0
2025-01-29,229636322.43007478,229947828.00713113,0.0,0.0,0.25,0.25,0.0,0.0,57409080.607518695,57409080.607518695,114818161.21503739,0.0013565170081105415,0.5,2.0
2025-01-30,229947828.00713113,230707598.02257094,0.0,0.0,0.25,0.25,0.0,0.0,57486957.00178278,57486957.00178278,114973914.00356556,0.003304097377324511,0.5,2.0
2025-01-31,230707598.02257094,230538850.31371734,0.0,0.0,0.25,0.25,0.0,0.0,57676899.505642734,57676899.505642734,115353799.01128547,-0.0007314354199858542,0.5,2.0
2025-02-03,230538850.31371734,231725100.5910736,0.0,0.0,0.25,0.25,0.0,0.0,57634712.578429334,57634712.578429334,115269425.15685867,0.00514555475461953,0.5,2.0
2025-02-04,231725100.5910736,233170107.02585724,0.25,0.0,0.25,0.25,57931275.1477684,0.0,57931275.1477684,57931275.1477684,57931275.1477684,0.006235864958512416,0.75,3.0
2025-02-05,233170107.02585724,233251614.04248175,0.25,0.0,0.25,0.25,58292526.75646431,0.0,58292526.75646431,58292526.75646431,58292526.75646431,0.00034956031741859017,0.75,3.0
2025-02-06,233251614.04248175,233420338.3210169,0.25,0.0,0.25,0.25,58312903.51062044,0.0,58312903.51062044,58312903.51062044,58312903.51062044,0.0007233573890915446,0.75,3.0
2025-02-07,233420338.3210169,233629456.88470212,0.25,0.0,0.25,0.25,58355084.58025423,0.0,58355084.58025423,58355084.58025423,58355084.58025423,0.0008958883582699251,0.75,3.0
2025-02-10,233629456.88470212,235206850.47074097,0.25,0.0,0.25,0.25,58407364.22117553,0.0,58407364.22117553,58407364.22117553,58407364.22117553,0.006751689650236703,0.75,3.0
2025-02-11,235206850.47074097,235182600.82768285,0.25,0.0,0.25,0.25,58801712.61768524,0.0,58801712.61768524,58801712.61768524,58801712.61768524,-0.00010309922100301683,0.75,3.0
2025-02-12,235182600.82768285,235213948.7148574,0.25,0.0,0.25,0.25,58795650.20692071,0.0,58795650.20692071,58795650.20692071,58795650.20692071,0.00013329169362125137,0.75,3.0
2025-02-13,235213948.7148574,235989888.9700152,0.25,0.0,0.25,0.25,58803487.17871435,0.0,58803487.17871435,58803487.17871435,58803487.17871435,0.003298870068706883,0.75,3.0
2025-02-14,235989888.9700152,235487980.90588957,0.25,0.0,0.25,0.25,58997472.2425038,0.0,58997472.2425038,58997472.2425038,58997472.2425038,-0.002126820205375024,0.75,3.0
2025-02-17,235487980.90588957,235853118.70466375,0.25,0.0,0.25,0.25,58871995.22647239,0.0,58871995.22647239,58871995.22647239,58871995.22647239,0.0015505581107346234,0.75,3.0
2025-02-18,235853118.70466375,237816369.82987124,0.25,0.0,0.25,0.25,58963279.67616594,0.0,58963279.67616594,58963279.67616594,58963279.67616594,0.0083240414033528,0.75,3.0
2025-02-19,237816369.82987124,237763426.40340972,0.25,0.0,0.25,0.25,59454092.45746781,0.0,59454092.45746781,59454092.45746781,59454092.45746781,-0.00022262313775708864,0.75,3.0
2025-02-20,237763426.40340972,237948722.22836974,0.25,0.0,0.25,0.25,59440856.60085243,0.0,59440856.60085243,59440856.60085243,59440856.60085243,0.0007793285441874409,0.75,3.0
2025-02-21,237948722.22836974,237400829.13035008,0.25,0.0,0.25,0.25,59487180.557092436,0.0,59487180.557092436,59487180.557092436,59487180.557092436,-0.0023025679351782458,0.75,3.0
2025-02-24,237400829.13035008,236875525.14265665,0.25,0.0,0.25,0.25,59350207.28258752,0.0,59350207.28258752,59350207.28258752,59350207.28258752,-0.0022127302150449224,0.75,3.0
2025-02-25,236875525.14265665,235253699.13690698,0.25,0.25,0.25,0.25,59218881.28566416,59218881.28566416,59218881.28566416,59218881.28566416,0.0,-0.006846743684358891,1.0,4.0
2025-02-26,235253699.13690698,234658530.57091138,0.25,0.25,0.25,0.25,58813424.784226745,58813424.784226745,58813424.784226745,58813424.784226745,0.0,-0.0025299009885035306,1.0,4.0
2025-02-27,234658530.57091138,232656805.86171395,0.25,0.25,0.25,0.25,58664632.642727844,58664632.642727844,58664632.642727844,58664632.642727844,0.0,-0.008530372641162215,1.0,4.0
2025-02-28,232656805.86171395,230706758.182522,0.25,0.25,0.25,0.25,58164201.46542849,58164201.46542849,58164201.46542849,58164201.46542849,0.0,-0.008381648978500106,1.0,4.0
2025-03-03,230706758.182522,231781917.28986502,0.25,0.25,0.25,0.25,57676689.5456305,57676689.5456305,57676689.5456305,57676689.5456305,0.0,0.004660284405246573,1.0,4.0
2025-03-04,231781917.28986502,232097224.30745137,0.25,0.25,0.25,0.25,57945479.322466254,57945479.322466254,57945479.322466254,57945479.322466254,0.0,0.0013603607273298401,1.0,4.0
2025-03-05,232097224.30745137,233766119.9024665,0.25,0.25,0.25,0.25,58024306.07686284,58024306.07686284,58024306.07686284,58024306.07686284,0.0,0.0071905021699198435,1.0,4.0
2025-03-06,233766119.9024665,235088535.56967354,0.25,0.25,0.25,0.25,58441529.97561663,58441529.97561663,58441529.97561663,58441529.97561663,0.0,0.005657003109598491,1.0,4.0
2025-03-07,235088535.56967354,234818556.21157047,0.25,0.25,0.25,0.25,58772133.892418385,58772133.892418385,58772133.892418385,58772133.892418385,0.0,-0.0011484156700745096,1.0,4.0
2025-03-10,234818556.21157047,233955117.96099377,0.25,0.25,0.25,0.25,58704639.05289262,58704639.05289262,58704639.05289262,58704639.05289262,0.0,-0.0036770443720757495,1.0,4.0
2025-03-11,233955117.96099377,234218834.58731565,0.25,0.25,0.25,0.25,58488779.49024844,58488779.49024844,58488779.49024844,58488779.49024844,0.0,0.0011272103325641325,1.0,4.0
2025-03-12,234218834.58731565,234559296.7036272,0.25,0.25,0.25,0.25,58554708.64682891,58554708.64682891,58554708.64682891,58554708.64682891,0.0,0.0014536069095868742,1.0,4.0
2025-03-13,234559296.7036272,235938350.97279543,0.25,0.25,0.25,0.25,58639824.1759068,58639824.1759068,58639824.1759068,58639824.1759068,0.0,0.005879341763676688,1.0,4.0
2025-03-14,235938350.97279543,236948227.7858598,0.25,0.25,0.25,0.25,58984587.74319886,58984587.74319886,58984587.74319886,58984587.74319886,0.0,0.0042802571472612405,1.0,4.0
2025-03-17,236948227.7858598,238513584.31581149,0.25,0.25,0.25,0.25,59237056.94646495,59237056.94646495,59237056.94646495,59237056.94646495,0.0,0.006606323012326387,1.0,4.0
2025-03-18,238513584.31581149,239237344.57410112,0.25,0.25,0.25,0.25,59628396.07895287,59628396.07895287,59628396.07895287,59628396.07895287,0.0,0.003034461371941549,1.0,4.0
2025-03-19,239237344.57410112,239835441.31488433,0.25,0.25,0.25,0.25,59809336.14352528,59809336.14352528,59809336.14352528,59809336.14352528,0.0,0.002500014125503658,1.0,4.0
2025-03-20,239835441.31488433,239075796.89159873,0.25,0.25,0.25,0.25,59958860.32872108,59958860.32872108,59958860.32872108,59958860.32872108,0.0,-0.003167356830670709,1.0,4.0
2025-03-21,239075796.89159873,237551960.1832608,0.25,0.25,0.25,0.25,59768949.22289968,59768949.22289968,59768949.22289968,59768949.22289968,0.0,-0.006373864390082473,1.0,4.0
2025-03-24,237551960.1832608,237281447.78929204,0.25,0.25,0.25,0.25,59387990.0458152,59387990.0458152,59387990.0458152,59387990.0458152,0.0,-0.0011387504180562225,1.0,4.0
2025-03-25,237281447.78929204,238233330.05082247,0.25,0.25,0.25,0.25,59320361.94732301,59320361.94732301,59320361.94732301,59320361.94732301,0.0,0.00401161688112972,1.0,4.0
2025-03-26,238233330.05082247,237706671.86046764,0.25,0.25,0.25,0.25,59558332.51270562,59558332.51270562,59558332.51270562,59558332.51270562,0.0,-0.002210682234272121,1.0,4.0
2025-03-27,237706671.86046764,238727990.90425417,0.25,0.25,0.25,0.25,59426667.96511691,59426667.96511691,59426667.96511691,59426667.96511691,0.0,0.004296551862818521,1.0,4.0
2025-03-28,238727990.90425417,239006238.41817534,0.25,0.25,0.25,0.25,59681997.72606354,59681997.72606354,59681997.72606354,59681997.72606354,0.0,0.0011655420584205933,1.0,4.0
2025-03-31,239006238.41817534,239893955.49169877,0.25,0.25,0.25,0.25,59751559.604543835,59751559.604543835,59751559.604543835,59751559.604543835,0.0,0.0037142004300752818,1.0,4.0
2025-04-01,239893955.49169877,240584141.73631158,0.25,0.25,0.25,0.25,59973488.87292469,59973488.87292469,59973488.87292469,59973488.87292469,0.0,0.0028770472486400744,1.0,4.0
2025-04-02,240584141.73631158,241439223.42659345,0.25,0.25,0.25,0.25,60146035.434077896,60146035.434077896,60146035.434077896,60146035.434077896,0.0,0.003554189748795289,1.0,4.0
2025-04-03,241439223.42659345,241314224.28580996,0.25,0.25,0.25,0.25,60359805.85664836,60359805.85664836,60359805.85664836,60359805.85664836,0.0,-0.000517725078011344,1.0,4.0
2025-04-04,241314224.28580996,231992787.72244713,0.25,0.25,0.25,0.25,60328556.07145249,60328556.07145249,60328556.07145249,60328556.07145249,0.0,-0.038627795733759296,1.0,4.0
2025-04-07,231992787.72244713,228949502.8586,0.25,0.25,0.25,0.25,57998196.93061178,57998196.93061178,57998196.93061178,57998196.93061178,0.0,-0.013118014976776282,1.0,4.0
2025-04-08,228949502.8586,228033051.5233545,0.25,0.25,0.25,0.25,57237375.71465,57237375.71465,57237375.71465,57237375.71465,0.0,-0.004002853571652004,1.0,4.0
2025-04-09,228033051.5233545,230287417.07445,0.25,0.0,0.25,0.25,57008262.880838625,0.0,57008262.880838625,57008262.880838625,57008262.880838625,0.009886135084521325,0.75,3.0
2025-04-10,230287417.07445,233398890.8348176,0.25,0.0,0.0,0.25,57571854.2686125,0.0,0.0,57571854.2686125,115143708.537225,0.013511262577415195,0.5,2.0
2025-04-11,233398890.8348176,234811136.18935397,0.25,0.0,0.0,0.25,58349722.7087044,0.0,0.0,58349722.7087044,116699445.4174088,0.00605078005934423,0.5,2.0
2025-04-14,234811136.18935397,234846217.37881044,0.25,0.0,0.0,0.25,58702784.04733849,0.0,0.0,58702784.04733849,117405568.09467699,0.00014940172781319205,0.5,2.0
2025-04-15,234846217.37881044,234855423.81336302,0.25,0.0,0.0,0.25,58711554.34470261,0.0,0.0,58711554.34470261,117423108.68940522,3.920197078469134e-05,0.5,2.0
2025-04-16,234855423.81336302,236883362.55418113,0.25,0.0,0.0,0.25,58713855.953340754,0.0,0.0,58713855.953340754,117427711.90668151,0.008634838863375155,0.5,2.0
2025-04-17,236883362.55418113,236821280.50738135,0.25,0.0,0.0,0.25,59220840.63854528,0.0,0.0,59220840.63854528,118441681.27709056,-0.00026207854418455745,0.5,2.0
2025-04-18,236821280.50738135,236821280.50738135,0.25,0.0,0.0,0.25,59205320.12684534,0.0,0.0,59205320.12684534,118410640.25369067,0.0,0.5,2.0
2025-04-21,236821280.50738135,238549826.3522257,0.0,0.0,0.0,0.25,0.0,0.0,0.0,59205320.12684534,177615960.38053602,0.007298946450846888,0.25,1.0
2025-04-22,238549826.3522257,237794774.11970907,0.0,0.0,0.0,0.25,0.0,0.0,0.0,59637456.58805642,178912369.76416928,-0.003165176198459102,0.25,1.0
2025-04-23,237794774.11970907,236171845.87086877,0.0,0.0,0.0,0.25,0.0,0.0,0.0,59448693.52992727,178346080.58978182,-0.0068249113330947075,0.25,1.0
2025-04-24,236171845.87086877,237268731.9945855,0.0,0.0,0.0,0.25,0.0,0.0,0.0,59042961.46771719,177128884.40315157,0.004644440660029059,0.25,1.0
2025-04-25,237268731.9945855,236742578.73660135,0.0,0.0,0.0,0.25,0.0,0.0,0.0,59317182.99864638,177951548.99593914,-0.0022175414921344894,0.25,1.0
2025-04-28,236742578.73660135,237175098.26838037,0.0,0.0,0.0,0.25,0.0,0.0,0.0,59185644.68415034,177556934.052451,0.001826961309989994,0.25,1.0
2025-04-29,237175098.26838037,236703972.36743367,0.0,0.0,0.0,0.25,0.0,0.0,0.0,59293774.56709509,177881323.70128527,-0.00198640542108508,0.25,1.0
2025-04-30,236703972.36743367,236192021.47751158,0.0,0.0,0.0,0.25,0.0,0.0,0.0,59175993.09185842,177527979.27557525,-0.002162831847736635,0.25,1.0
2025-05-01,236192021.47751158,235303081.21040446,0.0,0.0,0.0,0.25,0.0,0.0,0.0,59048005.369377896,177144016.10813367,-0.0037636337652149354,0.25,1.0
2025-05-02,235303081.21040446,235326508.36639675,0.0,0.0,0.0,0.25,0.0,0.0,0.0,58825770.302601114,176477310.90780336,9.956162015312131e-05,0.25,1.0
2025-05-05,235326508.36639675,237153666.37803638,0.0,0.25,0.0,0.25,0.0,58831627.09159919,0.0,58831627.09159919,117663254.18319838,0.007764352704348887,0.5,2.0
2025-05-06,237153666.37803638,238872174.24057397,0.0,0.25,0.0,0.25,0.0,59288416.594509095,0.0,59288416.594509095,118576833.18901819,0.00724638960376936,0.5,2.0
2025-05-07,238872174.24057397,237371003.0719556,0.25,0.25,0.0,0.25,59718043.56014349,59718043.56014349,0.0,59718043.56014349,59718043.56014349,-0.0062844120433489525,0.75,3.0
2025-05-08,237371003.0719556,236484276.72912207,0.25,0.25,0.0,0.25,59342750.7679889,59342750.7679889,0.0,59342750.7679889,59342750.7679889,-0.0037356135810940883,0.75,3.0
2025-05-09,236484276.72912207,237188148.77341315,0.25,0.25,0.0,0.25,59121069.18228052,59121069.18228052,0.0,59121069.18228052,59121069.18228052,0.002976401027698472,0.75,3.0
2025-05-12,237188148.77341315,234876689.3062455,0.25,0.25,0.0,0.25,59297037.19335329,59297037.19335329,0.0,59297037.19335329,59297037.19335329,-0.009745257000069507,0.75,3.0
2025-05-13,234876689.3062455,236517631.81519642,0.25,0.25,0.0,0.25,58719172.32656138,58719172.32656138,0.0,58719172.32656138,58719172.32656138,0.0069864000288737405,0.75,3.0
2025-05-14,236517631.81519642,235352974.16925597,0.25,0.25,0.0,0.25,59129407.953799106,59129407.953799106,0.0,59129407.953799106,59129407.953799106,-0.004924189528713263,0.75,3.0
2025-05-15,235352974.16925597,235715487.64036575,0.25,0.25,0.0,0.25,58838243.54231399,58838243.54231399,0.0,58838243.54231399,58838243.54231399,0.0015402969619966733,0.75,3.0
2025-05-16,235715487.64036575,234447790.34628874,0.25,0.25,0.0,0.25,58928871.91009144,58928871.91009144,0.0,58928871.91009144,58928871.91009144,-0.005378082309174165,0.75,3.0
2025-05-19,234447790.34628874,235986447.00974342,0.25,0.25,0.0,0.25,58611947.586572185,58611947.586572185,0.0,58611947.586572185,58611947.586572185,0.006562896844461763,0.75,3.0
2025-05-20,235986447.00974342,236447965.39850837,0.25,0.25,0.0,0.25,58996611.752435856,58996611.752435856,0.0,58996611.752435856,58996611.752435856,0.0019556987047900376,0.75,3.0
2025-05-21,236447965.39850837,237650679.5947664,0.25,0.25,0.0,0.25,59111991.34962709,59111991.34962709,0.0,59111991.34962709,59111991.34962709,0.005086591437701793,0.75,3.0
2025-05-22,237650679.5947664,236993748.90122184,0.25,0.25,0.0,0.25,59412669.8986916,59412669.8986916,0.0,59412669.8986916,59412669.8986916,-0.0027642702081254467,0.75,3.0
2025-05-23,236993748.90122184,238206133.16184548,0.25,0.25,0.0,0.25,59248437.22530546,59248437.22530546,0.0,59248437.22530546,59248437.22530546,0.005115680334374401,0.75,3.0
2025-05-26,238206133.16184548,238415182.52296573,0.25,0.25,0.0,0.25,59551533.29046137,59551533.29046137,0.0,59551533.29046137,59551533.29046137,0.000877598567028598,0.75,3.0
2025-05-27,238415182.52296573,237238993.17263225,0.25,0.25,0.0,0.25,59603795.63074143,59603795.63074143,0.0,59603795.63074143,59603795.63074143,-0.0049333659789899675,0.75,3.0
2025-05-28,237238993.17263225,236389548.80970338,0.25,0.25,0.0,0.25,59309748.29315806,59309748.29315806,0.0,59309748.29315806,59309748.29315806,-0.0035805427749001917,0.75,3.0
2025-05-29,236389548.80970338,237718048.76394945,0.25,0.25,0.0,0.25,59097387.202425845,59097387.202425845,0.0,59097387.202425845,59097387.202425845,0.005619960615583619,0.75,3.0
2025-05-30,237718048.76394945,236197407.15645427,0.25,0.25,0.0,0.25,59429512.19098736,59429512.19098736,0.0,59429512.19098736,59429512.19098736,-0.00639682857655105,0.75,3.0
2025-06-02,236197407.15645427,238990429.21226862,0.25,0.25,0.0,0.25,59049351.78911357,59049351.78911357,0.0,59049351.78911357,59049351.78911357,0.011824947993456458,0.75,3.0
2025-06-03,238990429.21226862,238669749.24655092,0.25,0.25,0.0,0.25,59747607.303067155,59747607.303067155,0.0,59747607.303067155,59747607.303067155,-0.001341810911736796,0.75,3.0
2025-06-04,238669749.24655092,239474977.07818547,0.25,0.25,0.0,0.25,59667437.31163773,59667437.31163773,0.0,59667437.31163773,59667437.31163773,0.00337381605409387,0.75,3.0
2025-06-05,239474977.07818547,239672860.08290645,0.25,0.25,0.0,0.25,59868744.26954637,59868744.26954637,0.0,59868744.26954637,59868744.26954637,0.0008263201739710513,0.75,3.0
2025-06-06,239672860.08290645,238481826.90166464,0.25,0.25,0.0,0.25,59918215.02072661,59918215.02072661,0.0,59918215.02072661,59918215.02072661,-0.004969411976098681,0.75,3.0
2025-06-09,238481826.90166464,239346612.34329617,0.25,0.25,0.0,0.25,59620456.72541616,59620456.72541616,0.0,59620456.72541616,59620456.72541616,0.003626211073886665,0.75,3.0
2025-06-10,239346612.34329617,239658195.15061003,0.25,0.25,0.0,0.25,59836653.08582404,59836653.08582404,0.0,59836653.08582404,59836653.08582404,0.0013018057964694907,0.75,3.0
2025-06-11,239658195.15061003,240355919.76036856,0.25,0.25,0.0,0.25,59914548.78765251,59914548.78765251,0.0,59914548.78765251,59914548.78765251,0.0029113321550303384,0.75,3.0
2025-06-12,240355919.76036856,240924980.62978408,0.25,0.25,0.0,0.25,60088979.94009214,60088979.94009214,0.0,60088979.94009214,60088979.94009214,0.0023675758432863403,0.75,3.0
2025-06-13,240924980.62978408,241493451.54060456,0.25,0.25,0.0,0.25,60231245.15744602,60231245.15744602,0.0,60231245.15744602,60231245.15744602,0.0023595349445892644,0.75,3.0
2025-06-16,241493451.54060456,241585068.06875488,0.25,0.25,0.0,0.25,60373362.88515114,60373362.88515114,0.0,60373362.88515114,60373362.88515114,0.0003793747928396707,0.75,3.0
2025-06-17,241585068.06875488,242216822.5601495,0.25,0.25,0.25,0.25,60396267.01718872,60396267.01718872,60396267.01718872,60396267.01718872,0.0,0.002615039482551207,1.0,4.0
2025-06-18,242216822.5601495,242337219.38420266,0.25,0.25,0.25,0.25,60554205.64003737,60554205.64003737,60554205.64003737,60554205.64003737,0.0,0.0004970621890777183,1.0,4.0
2025-06-19,242337219.38420266,241675906.08879673,0.25,0.25,0.25,0.25,60584304.846050665,60584304.846050665,60584304.846050665,60584304.846050665,0.0,-0.00272889693579198,1.0,4.0
2025-06-20,241675906.08879673,241278173.64447793,0.25,0.25,0.25,0.25,60418976.52219918,60418976.52219918,60418976.52219918,60418976.52219918,0.0,-0.0016457265052010617,1.0,4.0
2025-06-23,241278173.64447793,239941972.23535082,0.25,0.25,0.25,0.25,60319543.41111948,60319543.41111948,60319543.41111948,60319543.41111948,0.0,-0.005538011950869587,1.0,4.0
2025-06-24,239941972.23535082,238582453.22084138,0.25,0.25,0.25,0.25,59985493.058837704,59985493.058837704,59985493.058837704,59985493.058837704,0.0,-0.005666032507126051,1.0,4.0
2025-06-25,238582453.22084138,237913384.94309545,0.25,0.25,0.25,0.25,59645613.305210344,59645613.305210344,59645613.305210344,59645613.305210344,0.0,-0.002804348218880204,1.0,4.0
2025-06-26,237913384.94309545,239005940.58953658,0.25,0.25,0.25,0.25,59478346.23577386,59478346.23577386,59478346.23577386,59478346.23577386,0.0,0.004592241191904628,1.0,4.0
2025-06-27,239005940.58953658,238253830.19214272,0.25,0.25,0.25,0.25,59751485.147384144,59751485.147384144,59751485.147384144,59751485.147384144,0.0,-0.0031468272108161333,1.0,4.0
2025-06-30,238253830.19214272,238821770.58919302,0.25,0.25,0.25,0.25,59563457.54803568,59563457.54803568,59563457.54803568,59563457.54803568,0.0,0.0023837618752751977,1.0,4.0
2025-07-01,238821770.58919302,239852997.7511374,0.25,0.25,0.25,0.25,59705442.647298254,59705442.647298254,59705442.647298254,59705442.647298254,0.0,0.004317978044464932,1.0,4.0
2025-07-02,239852997.7511374,241060642.3722287,0.25,0.25,0.25,0.25,59963249.43778435,59963249.43778435,59963249.43778435,59963249.43778435,0.0,0.005034936533685863,1.0,4.0
2025-07-03,241060642.3722287,240711699.63914552,0.25,0.25,0.25,0.25,60265160.59305718,60265160.59305718,60265160.59305718,60265160.59305718,0.0,-0.001447530918565837,1.0,4.0
2025-07-04,240711699.63914552,240814815.34344852,0.25,0.25,0.25,0.25,60177924.90978638,60177924.90978638,60177924.90978638,60177924.90978638,0.0,0.0004283784479838515,1.0,4.0
2025-07-07,240814815.34344852,239581791.898149,0.25,0.25,0.25,0.25,60203703.83586213,60203703.83586213,60203703.83586213,60203703.83586213,0.0,-0.005120214234082682,1.0,4.0
2025-07-08,239581791.898149,239333838.9403496,0.25,0.25,0.25,0.25,59895447.97453725,59895447.97453725,59895447.97453725,59895447.97453725,0.0,-0.0010349407433467572,1.0,4.0
2025-07-09,239333838.9403496,239273719.0544706,0.25,0.25,0.25,0.25,59833459.7350874,59833459.7350874,59833459.7350874,59833459.7350874,0.0,-0.00025119676408966174,1.0,4.0
2025-07-10,239273719.0544706,239043659.1150356,0.25,0.25,0.25,0.25,59818429.76361765,59818429.76361765,59818429.76361765,59818429.76361765,0.0,-0.0009614927219928071,1.0,4.0
2025-07-11,239043659.1150356,239918178.148121,0.25,0.25,0.25,0.25,59760914.7787589,59760914.7787589,59760914.7787589,59760914.7787589,0.0,0.0036584071559268017,1.0,4.0
2025-07-14,239918178.148121,239667010.6873029,0.25,0.25,0.25,0.25,59979544.53703025,59979544.53703025,59979544.53703025,59979544.53703025,0.0,-0.0010468879963860256,1.0,4.0
2025-07-15,239667010.6873029,239042014.5303469,0.25,0.25,0.25,0.25,59916752.67182572,59916752.67182572,59916752.67182572,59916752.67182572,0.0,-0.0026077688170920432,1.0,4.0
2025-07-16,239042014.5303469,239415311.1230608,0.25,0.25,0.25,0.25,59760503.632586725,59760503.632586725,59760503.632586725,59760503.632586725,0.0,0.0015616359050826811,1.0,4.0
2025-07-17,239415311.1230608,239318539.36838007,0.25,0.25,0.25,0.25,59853827.7807652,59853827.7807652,59853827.7807652,59853827.7807652,0.0,-0.00040420035889446315,1.0,4.0
2025-07-18,239318539.36838007,240563670.64164156,0.25,0.25,0.25,0.25,59829634.84209502,59829634.84209502,59829634.84209502,59829634.84209502,0.0,0.005202819959321536,1.0,4.0
2025-07-21,240563670.64164156,241039462.9876339,0.25,0.25,0.25,0.25,60140917.66041039,60140917.66041039,60140917.66041039,60140917.66041039,0.0,0.0019778229386146207,1.0,4.0
2025-07-22,241039462.9876339,241776073.62233347,0.25,0.25,0.25,0.25,60259865.74690848,60259865.74690848,60259865.74690848,60259865.74690848,0.0,0.003055975256372634,1.0,4.0
2025-07-23,241776073.62233347,241198769.7879463,0.25,0.25,0.25,0.25,60444018.40558337,60444018.40558337,60444018.40558337,60444018.40558337,0.0,-0.0023877624685433863,1.0,4.0
2025-07-24,241198769.7879463,241396876.13342038,0.25,0.25,0.25,0.25,60299692.44698658,60299692.44698658,60299692.44698658,60299692.44698658,0.0,0.0008213406131725998,1.0,4.0
2025-07-25,241396876.13342038,239878001.06633395,0.25,0.25,0.25,0.25,60349219.033355094,60349219.033355094,60349219.033355094,60349219.033355094,0.0,-0.006292024534099383,1.0,4.0
2025-07-28,239878001.06633395,238532419.44143918,0.25,0.25,0.25,0.25,59969500.26658349,59969500.26658349,59969500.26658349,59969500.26658349,0.0,-0.0056094415449236545,1.0,4.0
2025-07-29,238532419.44143918,238830953.8969094,0.25,0.25,0.25,0.25,59633104.860359795,59633104.860359795,59633104.860359795,59633104.860359795,0.0,0.0012515466709692724,1.0,4.0
2025-07-30,238830953.8969094,237051095.40393043,0.25,0.25,0.25,0.25,59707738.47422735,59707738.47422735,59707738.47422735,59707738.47422735,0.0,-0.007452377775735097,1.0,4.0
2025-07-31,237051095.40393043,236043500.5761083,0.25,0.25,0.25,0.25,59262773.85098261,59262773.85098261,59262773.85098261,59262773.85098261,0.0,-0.004250538585806596,1.0,4.0
2025-08-01,236043500.5761083,237766845.81960154,0.25,0.25,0.25,0.25,59010875.14402708,59010875.14402708,59010875.14402708,59010875.14402708,0.0,0.007300964607316246,1.0,4.0
2025-08-04,237766845.81960154,238451311.273686,0.25,0.25,0.25,0.25,59441711.454900384,59441711.454900384,59441711.454900384,59441711.454900384,0.0,0.002878725382107178,1.0,4.0
2025-08-05,238451311.273686,238390056.03464082,0.25,0.25,0.25,0.25,59612827.8184215,59612827.8184215,59612827.8184215,59612827.8184215,0.0,-0.0002568878263574381,1.0,4.0
2025-08-06,238390056.03464082,238916940.15621176,0.25,0.25,0.25,0.25,59597514.008660205,59597514.008660205,59597514.008660205,59597514.008660205,0.0,0.0022101765918223215,1.0,4.0
2025-08-07,238916940.15621176,239692506.49052155,0.25,0.25,0.25,0.25,59729235.03905294,59729235.03905294,59729235.03905294,59729235.03905294,0.0,0.0032461755696465144,1.0,4.0
2025-08-08,239692506.49052155,240481490.5576091,0.25,0.25,0.0,0.25,59923126.62263039,59923126.62263039,0.0,59923126.62263039,59923126.62263039,0.003291650951627534,0.75,3.0
2025-08-11,240481490.5576091,239087887.8724948,0.25,0.25,0.0,0.25,60120372.63940228,60120372.63940228,0.0,60120372.63940228,60120372.63940228,-0.005795051760045772,0.75,3.0
2025-08-12,239087887.8724948,239790749.4662451,0.25,0.25,0.0,0.25,59771971.9681237,59771971.9681237,0.0,59771971.9681237,59771971.9681237,0.0029397624447005666,0.75,3.0
2025-08-13,239790749.4662451,240447339.89885384,0.25,0.25,0.0,0.25,59947687.36656128,59947687.36656128,0.0,59947687.36656128,59947687.36656128,0.0027381808267010754,0.75,3.0
2025-08-14,240447339.89885384,239555979.66380617,0.25,0.25,0.0,0.25,60111834.97471346,60111834.97471346,0.0,60111834.97471346,60111834.97471346,-0.003707091271721419,0.75,3.0
2025-08-15,239555979.66380617,239800780.66319332,0.25,0.25,0.0,0.25,59888994.91595154,59888994.91595154,0.0,59888994.91595154,59888994.91595154,0.0010218947560009517,0.75,3.0
2025-08-18,239800780.66319332,239240355.0399265,0.25,0.25,0.0,0.25,59950195.16579833,59950195.16579833,0.0,59950195.16579833,59950195.16579833,-0.0023370467006690876,0.75,3.0
2025-08-19,239240355.0399265,238082088.90147462,0.25,0.25,0.0,0.25,59810088.759981625,59810088.759981625,0.0,59810088.759981625,59810088.759981625,-0.004841432952474051,0.75,3.0
2025-08-20,238082088.90147462,238753088.13407847,0.25,0.0,0.0,0.25,59520522.225368656,0.0,0.0,59520522.225368656,119041044.45073731,0.0028183524249971725,0.5,2.0
2025-08-21,238753088.13407847,238652018.66797686,0.25,0.0,0.0,0.0,59688272.03351962,0.0,0.0,0.0,179064816.10055885,-0.00042332213120893636,0.25,1.0
2025-08-22,238652018.66797686,239344880.7286818,0.25,0.0,0.0,0.0,59663004.666994214,0.0,0.0,0.0,178989014.00098264,0.0029032315107666573,0.25,1.0
2025-08-25,239344880.7286818,239553282.87500063,0.25,0.0,0.0,0.0,59836220.18217045,0.0,0.0,0.0,179508660.54651135,0.0008707190464417591,0.25,1.0
2025-08-26,239553282.87500063,239796004.46689177,0.25,0.0,0.0,0.25,59888320.71875016,0.0,0.0,59888320.71875016,119776641.43750031,0.0010132259052270387,0.5,2.0
2025-08-27,239796004.46689177,239708272.82762176,0.25,0.0,0.0,0.25,59949001.11672294,0.0,0.0,59949001.11672294,119898002.23344588,-0.00036585947069897595,0.5,2.0
2025-08-28,239708272.82762176,240506156.19882238,0.25,0.0,0.0,0.25,59927068.20690544,0.0,0.0,59927068.20690544,119854136.41381088,0.0033285600108360347,0.5,2.0
2025-08-29,240506156.19882238,240868914.14886186,0.25,0.0,0.0,0.25,60126539.049705595,0.0,0.0,60126539.049705595,120253078.09941119,0.0015083104556357918,0.5,2.0
2025-09-01,240868914.14886186,241220724.487442,0.25,0.0,0.0,0.25,60217228.537215464,0.0,0.0,60217228.537215464,120434457.07443093,0.0014605883861073532,0.5,2.0
2025-09-02,241220724.487442,242066749.95159033,0.25,0.0,0.0,0.25,60305181.1218605,0.0,0.0,60305181.1218605,120610362.243721,0.003507266906465134,0.5,2.0
2025-09-03,242066749.95159033,242718650.0236218,0.25,0.0,0.0,0.25,60516687.48789758,0.0,0.0,60516687.48789758,121033374.97579516,0.0026930591341513543,0.5,2.0
2025-09-04,242718650.0236218,242274505.04222658,0.25,0.0,0.0,0.25,60679662.50590545,0.0,0.0,60679662.50590545,121359325.0118109,-0.0018298757897342866,0.5,2.0
2025-09-05,242274505.04222658,243556725.12437546,0.25,0.0,0.0,0.25,60568626.260556646,0.0,0.0,60568626.260556646,121137252.52111329,0.0052924267946617976,0.5,2.0
2025-09-08,243556725.12437546,244090293.27724174,0.25,0.0,0.0,0.25,60889181.281093866,0.0,0.0,60889181.281093866,121778362.56218773,0.002190734633148922,0.5,2.0
2025-09-09,244090293.27724174,244147039.59869403,0.25,0.0,0.0,0.25,61022573.319310434,0.0,0.0,61022573.319310434,122045146.63862087,0.00023248086062921391,0.5,2.0
2025-09-10,244147039.59869403,244600709.27107537,0.25,0.0,0.0,0.25,61036759.89967351,0.0,0.0,61036759.89967351,122073519.79934701,0.0018581821558312783,0.5,2.0
2025-09-11,244600709.27107537,244789556.7093892,0.25,0.0,0.0,0.25,61150177.31776884,0.0,0.0,61150177.31776884,122300354.63553768,0.0007720641484510182,0.5,2.0
2025-09-12,244789556.7093892,245131886.8410883,0.25,0.25,0.0,0.25,61197389.1773473,61197389.1773473,0.0,61197389.1773473,61197389.1773473,0.0013984670600366844,0.75,3.0
2025-09-15,245131886.8410883,246418885.97551778,0.25,0.25,0.0,0.25,61282971.710272074,61282971.710272074,0.0,61282971.710272074,61282971.710272074,0.005250231420377505,0.75,3.0
2025-09-16,246418885.97551778,246881515.6121265,0.25,0.25,0.0,0.25,61604721.493879445,61604721.493879445,0.0,61604721.493879445,61604721.493879445,0.0018774114442456913,0.75,3.0
2025-09-17,246881515.6121265,245803076.5873774,0.25,0.25,0.25,0.25,61720378.903031625,61720378.903031625,61720378.903031625,61720378.903031625,0.0,-0.004368245318306568,1.0,4.0
2025-09-18,245803076.5873774,244506720.5299578,0.25,0.25,0.25,0.25,61450769.14684435,61450769.14684435,61450769.14684435,61450769.14684435,0.0,-0.00527396188614751,1.0,4.0
2025-09-19,244506720.5299578,244629452.48345888,0.25,0.25,0.25,0.25,61126680.13248945,61126680.13248945,61126680.13248945,61126680.13248945,0.0,0.0005019573827461099,1.0,4.0
2025-09-22,244629452.48345888,245179352.3169743,0.25,0.25,0.25,0.25,61157363.12086472,61157363.12086472,61157363.12086472,61157363.12086472,0.0,0.0022478889108931976,1.0,4.0
2025-09-23,245179352.3169743,246657358.94019857,0.25,0.25,0.25,0.25,61294838.07924358,61294838.07924358,61294838.07924358,61294838.07924358,0.0,0.006028267100214313,1.0,4.0
2025-09-24,246657358.94019857,246250968.9099624,0.25,0.25,0.25,0.25,61664339.73504964,61664339.73504964,61664339.73504964,61664339.73504964,0.0,-0.0016475893197848146,1.0,4.0
2025-09-25,246250968.9099624,245866250.73165318,0.25,0.25,0.25,0.25,61562742.2274906,61562742.2274906,61562742.2274906,61562742.2274906,0.0,-0.0015623011759594574,1.0,4.0
2025-09-26,245866250.73165318,246403016.83459622,0.25,0.25,0.25,0.25,61466562.682913296,61466562.682913296,61466562.682913296,61466562.682913296,0.0,0.002183163005681804,1.0,4.0
2025-09-29,246403016.83459622,248145837.84730494,0.25,0.25,0.25,0.25,61600754.208649054,61600754.208649054,61600754.208649054,61600754.208649054,0.0,0.007073050626967836,1.0,4.0
2025-09-30,248145837.84730494,248827808.10970327,0.25,0.25,0.25,0.25,62036459.461826235,62036459.461826235,62036459.461826235,62036459.461826235,0.0,0.002748263957657121,1.0,4.0
2025-10-01,248827808.10970327,249254063.6648177,0.25,0.25,0.25,0.25,62206952.02742582,62206952.02742582,62206952.02742582,62206952.02742582,0.0,0.0017130543340495574,1.0,4.0
2025-10-02,249254063.6648177,248274712.03545323,0.25,0.25,0.25,0.25,62313515.91620442,62313515.91620442,62313515.91620442,62313515.91620442,0.0,-0.003929130040910417,1.0,4.0
2025-10-03,248274712.03545323,249134462.30717248,0.25,0.25,0.25,0.25,62068678.00886331,62068678.00886331,62068678.00886331,62068678.00886331,0.0,0.0034628990792926473,1.0,4.0
2025-10-06,249134462.30717248,251275468.2265161,0.25,0.25,0.25,0.25,62283615.57679312,62283615.57679312,62283615.57679312,62283615.57679312,0.0,0.008593776627754846,1.0,4.0
2025-10-07,251275468.2265161,251473098.14689085,0.25,0.25,0.25,0.25,62818867.056629024,62818867.056629024,62818867.056629024,62818867.056629024,0.0,0.0007865070226297788,1.0,4.0
2025-10-08,251473098.14689085,252547725.28777653,0.25,0.25,0.25,0.25,62868274.53672271,62868274.53672271,62868274.53672271,62868274.53672271,0.0,0.004273328434749618,1.0,4.0
2025-10-09,252547725.28777653,250444646.88261506,0.25,0.25,0.25,0.25,63136931.32194413,63136931.32194413,63136931.32194413,63136931.32194413,0.0,-0.008327449406899334,1.0,4.0
2025-10-10,250444646.88261506,249019509.38637584,0.25,0.25,0.25,0.25,62611161.720653765,62611161.720653765,62611161.720653765,62611161.720653765,0.0,-0.005690429058789831,1.0,4.0
2025-10-13,249019509.38637584,251088970.47424316,0.25,0.25,0.25,0.25,62254877.34659396,62254877.34659396,62254877.34659396,62254877.34659396,0.0,0.008310437575621277,1.0,4.0
2025-10-14,251088970.47424316,250607540.24324408,0.25,0.25,0.25,0.25,62772242.61856079,62772242.61856079,62772242.61856079,62772242.61856079,0.0,-0.0019173690906844898,1.0,4.0
2025-10-15,250607540.24324408,252710984.3116511,0.25,0.25,0.25,0.25,62651885.06081102,62651885.06081102,62651885.06081102,62651885.06081102,0.0,0.008393379011522928,1.0,4.0
2025-10-16,252710984.3116511,254994607.34733838,0.25,0.25,0.25,0.25,63177746.07791278,63177746.07791278,63177746.07791278,63177746.07791278,0.0,0.009036500894124166,1.0,4.0
2025-10-17,254994607.34733838,253251845.00351626,0.25,0.25,0.25,0.25,63748651.836834595,63748651.836834595,63748651.836834595,63748651.836834595,0.0,-0.006834506666441809,1.0,4.0
2025-10-20,253251845.00351626,256847849.52507433,0.25,0.25,0.25,0.25,63312961.250879064,63312961.250879064,63312961.250879064,63312961.250879064,0.0,0.014199322107636136,1.0,4.0
2025-10-21,256847849.52507433,252129111.9855883,0.25,0.25,0.25,0.25,64211962.38126858,64211962.38126858,64211962.38126858,64211962.38126858,0.0,-0.01837172298001019,1.0,4.0
2025-10-22,252129111.9855883,251705471.2533389,0.25,0.25,0.25,0.25,63032277.99639708,63032277.99639708,63032277.99639708,63032277.99639708,0.0,-0.0016802531405956944,1.0,4.0
2025-10-23,251705471.2533389,253652981.7899363,0.25,0.25,0.25,0.25,62926367.813334726,62926367.813334726,62926367.813334726,62926367.813334726,0.0,0.007737259452089029,1.0,4.0
2025-10-24,253652981.7899363,252994530.81801522,0.25,0.25,0.25,0.25,63413245.447484076,63413245.447484076,63413245.447484076,63413245.447484076,0.0,-0.002595873177892949,1.0,4.0
2025-10-27,252994530.81801522,251236891.6197216,0.25,0.25,0.25,0.25,63248632.704503804,63248632.704503804,63248632.704503804,63248632.704503804,0.0,-0.006947340689977044,1.0,4.0
2025-10-28,251236891.6197216,250625867.39286754,0.25,0.0,0.25,0.25,62809222.9049304,0.0,62809222.9049304,62809222.9049304,62809222.9049304,-0.0024320641085580907,0.75,3.0
2025-10-29,250625867.39286754,250811899.28431317,0.25,0.0,0.25,0.25,62656466.848216884,0.0,62656466.848216884,62656466.848216884,62656466.848216884,0.0007422693171331984,0.75,3.0
2025-10-30,250811899.28431317,251972848.80336195,0.25,0.0,0.25,0.25,62702974.82107829,0.0,62702974.82107829,62702974.82107829,62702974.82107829,0.004628765709926486,0.75,3.0
2025-10-31,251972848.80336195,251948365.0564867,0.25,0.0,0.25,0.25,62993212.20084049,0.0,62993212.20084049,62993212.20084049,62993212.20084049,-9.716819487304296e-05,0.75,3.0
2025-11-03,251948365.0564867,252500322.02257988,0.0,0.0,0.25,0.25,0.0,0.0,62987091.264121674,62987091.264121674,125974182.52824335,0.0021907543078098224,0.5,2.0
2025-11-04,252500322.02257988,250945527.40814847,0.0,0.0,0.25,0.25,0.0,0.0,63125080.50564497,63125080.50564497,126250161.01128994,-0.006157594580383896,0.5,2.0
2025-11-05,250945527.40814847,251708263.81546116,0.0,0.0,0.25,0.25,0.0,0.0,62736381.85203712,62736381.85203712,125472763.70407423,0.0030394500957656723,0.5,2.0
2025-11-06,251708263.81546116,251394771.39688516,0.0,0.0,0.25,0.25,0.0,0.0,62927065.95386529,62927065.95386529,125854131.90773058,-0.001245459381523789,0.5,2.0
2025-11-07,251394771.39688516,251937765.88760173,0.0,0.0,0.25,0.25,0.0,0.0,62848692.84922129,62848692.84922129,125697385.69844258,0.0021599275422452546,0.5,2.0
2025-11-10,251937765.88760173,254814908.1366092,0.0,0.0,0.25,0.25,0.0,0.0,62984441.47190043,62984441.47190043,125968882.94380087,0.011420051451480506,0.5,2.0
2025-11-11,254814908.1366092,256045099.30034137,0.25,0.0,0.25,0.25,63703727.0341523,0.0,63703727.0341523,63703727.0341523,63703727.0341523,0.004827783322130574,0.75,3.0
2025-11-12,256045099.30034137,256893066.708581,0.25,0.0,0.25,0.25,64011274.82508534,0.0,64011274.82508534,64011274.82508534,64011274.82508534,0.003311789253365005,0.75,3.0
2025-11-13,256893066.708581,256802902.98946962,0.25,0.0,0.25,0.25,64223266.67714525,0.0,64223266.67714525,64223266.67714525,64223266.67714525,-0.0003509776276434118,0.75,3.0
2025-11-14,256802902.98946962,254912974.56262627,0.25,0.0,0.25,0.25,64200725.747367404,0.0,64200725.747367404,64200725.747367404,64200725.747367404,-0.007359451177702814,0.75,3.0
2025-11-17,254912974.56262627,253804348.85081792,0.25,0.0,0.25,0.25,63728243.64065657,0.0,63728243.64065657,63728243.64065657,63728243.64065657,-0.00434903603361303,0.75,3.0
2025-11-18,253804348.85081792,253992332.64968783,0.25,0.0,0.25,0.25,63451087.21270448,0.0,63451087.21270448,63451087.21270448,63451087.21270448,0.0007406642152550102,0.75,3.0
2025-11-19,253992332.64968783,253955071.07560208,0.25,0.0,0.25,0.25,63498083.16242196,0.0,63498083.16242196,63498083.16242196,63498083.16242196,-0.0001467035390282645,0.75,3.0
2025-11-20,253955071.07560208,253425081.55731812,0.25,0.0,0.25,0.25,63488767.76890052,0.0,63488767.76890052,63488767.76890052,63488767.76890052,-0.0020869420564798014,0.75,3.0
2025-11-21,253425081.55731812,252177227.42902687,0.25,0.0,0.25,0.25,63356270.38932953,0.0,63356270.38932953,63356270.38932953,63356270.38932953,-0.004923956700035675,0.75,3.0
2025-11-24,252177227.42902687,253551020.8762949,0.25,0.0,0.25,0.25,63044306.85725672,0.0,63044306.85725672,63044306.85725672,63044306.85725672,0.005447730000341489,0.75,3.0
2025-11-25,253551020.8762949,253376373.344652,0.25,0.0,0.25,0.25,63387755.21907373,0.0,63387755.21907373,63387755.21907373,63387755.21907373,-0.0006888062648665316,0.75,3.0
2025-11-26,253376373.344652,255121736.5142667,0.25,0.0,0.25,0.25,63344093.336163,0.0,63344093.336163,63344093.336163,63344093.336163,0.0068884211521986205,0.75,3.0
2025-11-27,255121736.5142667,255111954.44806454,0.25,0.0,0.25,0.25,63780434.128566675,0.0,63780434.128566675,63780434.128566675,63780434.128566675,-3.8342739179381136e-05,0.75,3.0
2025-11-28,255111954.44806454,257522614.19188604,0.25,0.0,0.25,0.25,63777988.612016134,0.0,63777988.612016134,63777988.612016134,63777988.612016134,0.009449418977785617,0.75,3.0
2025-12-01,257522614.19188604,257840447.98017764,0.25,0.0,0.25,0.25,64380653.54797151,0.0,64380653.54797151,64380653.54797151,64380653.54797151,0.001234197584118829,0.75,3.0
2025-12-02,257840447.98017764,257053389.08125365,0.25,0.0,0.25,0.25,64460111.99504441,0.0,64460111.99504441,64460111.99504441,64460111.99504441,-0.0030525036125617355,0.75,3.0
2025-12-03,257053389.08125365,257737073.05272558,0.25,0.0,0.25,0.25,64263347.27031341,0.0,64263347.27031341,64263347.27031341,64263347.27031341,0.0026596963919267025,0.75,3.0
2025-12-04,257737073.05272558,258157051.60581505,0.25,0.0,0.25,0.25,64434268.263181396,0.0,64434268.263181396,64434268.263181396,64434268.263181396,0.0016294844514029294,0.75,3.0
2025-12-05,258157051.60581505,257583380.05914044,0.25,0.0,0.25,0.25,64539262.90145376,0.0,64539262.90145376,64539262.90145376,64539262.90145376,-0.002222180425079129,0.75,3.0
2025-12-08,257583380.05914044,255624961.84047675,0.25,0.0,0.25,0.25,64395845.01478511,0.0,64395845.01478511,64395845.01478511,64395845.01478511,-0.007603045733051789,0.75,3.0
2025-12-09,255624961.84047675,255640811.73708156,0.25,0.0,0.25,0.25,63906240.46011919,0.0,63906240.46011919,63906240.46011919,63906240.46011919,6.200449475149417e-05,0.75,3.0
2025-12-10,255640811.73708156,255513707.1550946,0.25,0.0,0.25,0.25,63910202.93427039,0.0,63910202.93427039,63910202.93427039,63910202.93427039,-0.0004971998841785674,0.75,3.0
2025-12-11,255513707.1550946,256707804.5565386,0.0,0.0,0.25,0.25,0.0,0.0,63878426.78877365,63878426.78877365,127756853.5775473,0.004673320326878838,0.5,2.0
2025-12-12,256707804.5565386,256177201.6813157,0.0,0.0,0.25,0.25,0.0,0.0,64176951.13913465,64176951.13913465,128353902.2782693,-0.0020669526434520247,0.5,2.0
2025-12-15,256177201.6813157,256144166.14363617,0.0,0.25,0.25,0.25,0.0,64044300.42032892,64044300.42032892,64044300.42032892,64044300.42032892,-0.00012895580661639872,0.75,3.0
2025-12-16,256144166.14363617,255305577.82303202,0.0,0.25,0.25,0.25,0.0,64036041.53590904,64036041.53590904,64036041.53590904,64036041.53590904,-0.003273891938393364,0.75,3.0
2025-12-17,255305577.82303202,256277144.8161215,0.0,0.25,0.25,0.25,0.0,63826394.455758005,63826394.455758005,63826394.455758005,63826394.455758005,0.003805506332348635,0.75,3.0
2025-12-18,256277144.8161215,255895550.24213096,0.0,0.25,0.25,0.25,0.0,64069286.20403037,64069286.20403037,64069286.20403037,64069286.20403037,-0.0014889918266583757,0.75,3.0
2025-12-19,255895550.24213096,256334692.84998485,0.0,0.25,0.25,0.25,0.0,63973887.56053274,63973887.56053274,63973887.56053274,63973887.56053274,0.0017161009929183568,0.75,3.0
2025-12-22,256334692.84998485,258930938.9398893,0.0,0.25,0.25,0.25,0.0,64083673.21249621,64083673.21249621,64083673.21249621,64083673.21249621,0.010128344552346069,0.75,3.0
2025-12-23,258930938.9398893,260678692.57356074,0.0,0.25,0.25,0.25,0.0,64732734.73497233,64732734.73497233,64732734.73497233,64732734.73497233,0.006749883350468111,0.75,3.0
2025-12-24,260678692.57356074,260908613.45826638,0.0,0.25,0.25,0.25,0.0,65169673.143390186,65169673.143390186,65169673.143390186,65169673.143390186,0.0008820087381739561,0.75,3.0
2025-12-25,260908613.45826638,260908613.45826638,0.0,0.25,0.25,0.25,0.0,65227153.364566594,65227153.364566594,65227153.364566594,65227153.364566594,0.0,0.75,3.0
2025-12-26,260908613.45826638,262378482.18284735,0.0,0.25,0.25,0.25,0.0,65227153.364566594,65227153.364566594,65227153.364566594,65227153.364566594,0.005633653504567238,0.75,3.0
2025-12-29,262378482.18284735,258022585.81715322,0.0,0.25,0.25,0.25,0.0,65594620.54571184,65594620.54571184,65594620.54571184,65594620.54571184,-0.016601576201887597,0.75,3.0
2025-12-30,258022585.81715322,259141083.47661805,0.0,0.25,0.25,0.25,0.0,64505646.454288304,64505646.454288304,64505646.454288304,64505646.454288304,0.0043348827619975605,0.75,3.0
2025-12-31,259141083.47661805,257203680.4644537,0.0,0.25,0.25,0.25,0.0,64785270.86915451,64785270.86915451,64785270.86915451,64785270.86915451,-0.007476248019697457,0.75,3.0
2026-01-01,257203680.4644537,257203680.4644537,0.0,0.25,0.25,0.25,0.0,64300920.116113424,64300920.116113424,64300920.116113424,64300920.116113424,0.0,0.75,3.0
2026-01-02,257203680.4644537,257500183.08416438,0.0,0.25,0.25,0.25,0.0,64300920.116113424,64300920.116113424,64300920.116113424,64300920.116113424,0.001152793067250385,0.75,3.0
2026-01-05,257500183.08416438,260734172.04026356,0.0,0.25,0.25,0.25,0.0,64375045.771041095,64375045.771041095,64375045.771041095,64375045.771041095,0.012559171482383613,0.75,3.0
2026-01-06,260734172.04026356,262133282.1370224,0.0,0.25,0.25,0.25,0.0,65183543.01006589,65183543.01006589,65183543.01006589,65183543.01006589,0.005366040384391202,0.75,3.0
2026-01-07,262133282.1370224,260993624.9478913,0.0,0.25,0.25,0.25,0.0,65533320.5342556,65533320.5342556,65533320.5342556,65533320.5342556,-0.004347624917523524,0.75,3.0
2026-01-08,260993624.9478913,260818677.27384776,0.0,0.25,0.25,0.25,0.0,65248406.236972824,65248406.236972824,65248406.236972824,65248406.236972824,-0.0006703139744446418,0.75,3.0
2026-01-09,260818677.27384776,261570164.43578792,0.0,0.25,0.25,0.25,0.0,65204669.31846194,65204669.31846194,65204669.31846194,65204669.31846194,0.002881262836676085,0.75,3.0
2026-01-12,261570164.43578792,264199034.9258489,0.0,0.25,0.25,0.25,0.0,65392541.10894698,65392541.10894698,65392541.10894698,65392541.10894698,0.010050345366152735,0.75,3.0
2026-01-13,264199034.9258489,264122474.62301767,0.0,0.25,0.25,0.25,0.0,66049758.731462225,66049758.731462225,66049758.731462225,66049758.731462225,-0.00028978267408408254,0.75,3.0
2026-01-14,264122474.62301767,264995154.45992345,0.0,0.25,0.25,0.25,0.0,66030618.65575442,66030618.65575442,66030618.65575442,66030618.65575442,0.0033040726206710613,0.75,3.0
2026-01-15,264995154.45992345,264349933.5262693,0.0,0.25,0.25,0.25,0.0,66248788.61498086,66248788.61498086,66248788.61498086,66248788.61498086,-0.0024348404972502624,0.75,3.0
2026-01-16,264349933.5262693,263670766.81710163,0.0,0.25,0.25,0.25,0.0,66087483.38156732,66087483.38156732,66087483.38156732,66087483.38156732,-0.0025691956873527266,0.75,3.0
2026-01-19,263670766.81710163,265063654.4973878,0.0,0.25,0.25,0.25,0.0,65917691.70427541,65917691.70427541,65917691.70427541,65917691.70427541,0.00528267770106039,0.75,3.0
2026-01-20,265063654.4973878,268095933.17305568,0.0,0.25,0.25,0.25,0.0,66265913.62434695,66265913.62434695,66265913.62434695,66265913.62434695,0.011439813132500865,0.75,3.0
2026-01-21,268095933.17305568,270139613.99322116,0.0,0.25,0.25,0.25,0.0,67023983.29326392,67023983.29326392,67023983.29326392,67023983.29326392,0.0076229459954034184,0.75,3.0
2026-01-22,270139613.99322116,272316925.77351147,0.0,0.25,0.25,0.25,0.0,67534903.49830529,67534903.49830529,67534903.49830529,67534903.49830529,0.008059949994393967,0.75,3.0
2026-01-23,272316925.77351147,274569590.413076,0.0,0.25,0.25,0.25,0.0,68079231.44337787,68079231.44337787,68079231.44337787,68079231.44337787,0.00827221676789236,0.75,3.0
2026-01-26,274569590.413076,276945485.48114586,0.25,0.25,0.25,0.25,68642397.603269,68642397.603269,68642397.603269,68642397.603269,0.0,0.008653161715743707,1.0,4.0
2026-01-27,276945485.48114586,280065978.586488,0.25,0.25,0.25,0.25,69236371.37028646,69236371.37028646,69236371.37028646,69236371.37028646,0.0,0.011267535558201175,1.0,4.0
2026-01-28,280065978.586488,284625892.848236,0.25,0.25,0.25,0.25,70016494.646622,70016494.646622,70016494.646622,70016494.646622,0.0,0.016281571523832528,1.0,4.0
2026-01-29,284625892.848236,284599816.0890237,0.25,0.25,0.25,0.25,71156473.212059,71156473.212059,71156473.212059,71156473.212059,0.0,-9.161766328200094e-05,1.0,4.0
2026-01-30,284599816.0890237,276321215.5117512,0.25,0.25,0.25,0.25,71149954.02225593,71149954.02225593,71149954.02225593,71149954.02225593,0.0,-0.02908856615242139,1.0,4.0
2026-02-02,276321215.5117512,268877756.8203596,0.25,0.25,0.25,0.25,69080303.8779378,69080303.8779378,69080303.8779378,69080303.8779378,0.0,-0.026937702476468067,1.0,4.0
2026-02-03,268877756.8203596,275785857.07646435,0.25,0.25,0.25,0.25,67219439.2050899,67219439.2050899,67219439.2050899,67219439.2050899,0.0,0.025692345613847756,1.0,4.0
2026-02-04,275785857.07646435,276113816.1994665,0.25,0.25,0.25,0.25,68946464.26911609,68946464.26911609,68946464.26911609,68946464.26911609,0.0,0.0011891803534772316,1.0,4.0
2026-02-05,276113816.1994665,272111540.91124624,0.25,0.25,0.25,0.25,69028454.04986663,69028454.04986663,69028454.04986663,69028454.04986663,0.0,-0.014495020000480696,1.0,4.0
2026-02-06,272111540.91124624,276063580.48586184,0.25,0.25,0.25,0.25,68027885.22781156,68027885.22781156,68027885.22781156,68027885.22781156,0.0,0.01452360146644649,1.0,4.0
2026-02-09,276063580.48586184,279107777.5352197,0.25,0.25,0.25,0.25,69015895.12146546,69015895.12146546,69015895.12146546,69015895.12146546,0.0,0.011027159192821434,1.0,4.0
2026-02-10,279107777.5352197,277950472.5246958,0.25,0.25,0.25,0.25,69776944.38380493,69776944.38380493,69776944.38380493,69776944.38380493,0.0,-0.004146444863500187,1.0,4.0
2026-02-11,277950472.5246958,279868263.76013696,0.25,0.25,0.25,0.25,69487618.13117395,69487618.13117395,69487618.13117395,69487618.13117395,0.0,0.006899758859991445,1.0,4.0
2026-02-12,279868263.76013696,277105828.9519465,0.25,0.25,0.25,0.25,69967065.94003424,69967065.94003424,69967065.94003424,69967065.94003424,0.0,-0.009870482530159291,1.0,4.0
2026-02-13,277105828.9519465,277406669.75858927,0.25,0.25,0.25,0.25,69276457.23798662,69276457.23798662,69276457.23798662,69276457.23798662,0.0,0.0010856531159256222,1.0,4.0
2026-02-16,277406669.75858927,276954915.1905997,0.25,0.25,0.25,0.25,69351667.43964732,69351667.43964732,69351667.43964732,69351667.43964732,0.0,-0.0016284920920710821,1.0,4.0
2026-02-17,276954915.1905997,273970408.3218878,0.25,0.25,0.25,0.25,69238728.79764992,69238728.79764992,69238728.79764992,69238728.79764992,0.0,-0.010776146964779104,1.0,4.0
2026-02-18,273970408.3218878,277102500.6836232,0.25,0.25,0.25,0.25,68492602.08047195,68492602.08047195,68492602.08047195,68492602.08047195,0.0,0.011432228688199986,1.0,4.0
2026-02-19,277102500.6836232,277739897.4170068,0.25,0.25,0.25,0.25,69275625.1709058,69275625.1709058,69275625.1709058,69275625.1709058,0.0,0.002300220069509057,1.0,4.0
2026-02-20,277739897.4170068,280683794.85923034,0.25,0.25,0.25,0.25,69434974.3542517,69434974.3542517,69434974.3542517,69434974.3542517,0.0,0.010599476235146399,1.0,4.0
2026-02-23,280683794.85923034,282778370.00847036,0.25,0.25,0.25,0.25,70170948.71480758,70170948.71480758,70170948.71480758,70170948.71480758,0.0,0.0074624014196847666,1.0,4.0
2026-02-24,282778370.00847036,281482079.8372617,0.25,0.25,0.25,0.25,70694592.50211759,70694592.50211759,70694592.50211759,70694592.50211759,0.0,-0.004584120670791808,1.0,4.0
2026-02-25,281482079.8372617,282920446.6986931,0.25,0.25,0.25,0.25,70370519.95931542,70370519.95931542,70370519.95931542,70370519.95931542,0.0,0.005109976671562766,1.0,4.0
2026-02-26,282920446.6986931,282943896.7319706,0.25,0.25,0.25,0.25,70730111.67467327,70730111.67467327,70730111.67467327,70730111.67467327,0.0,8.288560813160539e-05,1.0,4.0
2026-02-27,282943896.7319706,285551229.6375931,0.25,0.25,0.25,0.25,70735974.18299265,70735974.18299265,70735974.18299265,70735974.18299265,0.0,0.009215017308157103,1.0,4.0
2026-03-02,285551229.6375931,285792622.26558274,0.25,0.25,0.25,0.25,71387807.40939827,71387807.40939827,71387807.40939827,71387807.40939827,0.0,0.0008453566398435863,1.0,4.0
2026-03-03,285792622.26558274,281025695.64280427,0.25,0.25,0.25,0.25,71448155.56639569,71448155.56639569,71448155.56639569,71448155.56639569,0.0,-0.016679669982343437,1.0,4.0
2026-03-04,281025695.64280427,283933744.54171836,0.25,0.25,0.25,0.25,70256423.91070107,70256423.91070107,70256423.91070107,70256423.91070107,0.0,0.010347982209464202,1.0,4.0
2026-03-05,283933744.54171836,283071822.7510689,0.25,0.25,0.25,0.25,70983436.13542959,70983436.13542959,70983436.13542959,70983436.13542959,0.0,-0.003035644079715183,1.0,4.0
2026-03-06,283071822.7510689,286596568.4823243,0.25,0.25,0.25,0.25,70767955.68776722,70767955.68776722,70767955.68776722,70767955.68776722,0.0,0.01245177176943893,1.0,4.0
2026-03-09,286596568.4823243,288182877.1783401,0.25,0.25,0.25,0.25,71649142.12058108,71649142.12058108,71649142.12058108,71649142.12058108,0.0,0.005534988448801348,1.0,4.0
2026-03-10,288182877.1783401,289325612.5350344,0.25,0.25,0.25,0.25,72045719.29458502,72045719.29458502,72045719.29458502,72045719.29458502,0.0,0.003965313164623452,1.0,4.0
2026-03-11,289325612.5350344,290244702.0113649,0.25,0.25,0.25,0.25,72331403.1337586,72331403.1337586,72331403.1337586,72331403.1337586,0.0,0.003176661299625322,1.0,4.0
2026-03-12,290244702.0113649,289146889.67944086,0.25,0.25,0.25,0.25,72561175.50284122,72561175.50284122,72561175.50284122,72561175.50284122,0.0,-0.003782368202817521,1.0,4.0
2026-03-13,289146889.67944086,286450590.76977766,0.25,0.25,0.25,0.25,72286722.41986021,72286722.41986021,72286722.41986021,72286722.41986021,0.0,-0.009325014398918141,1.0,4.0
2026-03-16,286450590.76977766,285669616.0013848,0.25,0.25,0.25,0.25,71612647.69244441,71612647.69244441,71612647.69244441,71612647.69244441,0.0,-0.0027263856090999627,1.0,4.0
2026-03-17,285669616.0013848,287796148.2562311,0.25,0.25,0.25,0.25,71417404.0003462,71417404.0003462,71417404.0003462,71417404.0003462,0.0,0.0074440267208397415,1.0,4.0
2026-03-18,287796148.2562311,285288826.6043553,0.25,0.25,0.25,0.25,71949037.06405778,71949037.06405778,71949037.06405778,71949037.06405778,0.0,-0.008712144575484554,1.0,4.0
2026-03-19,285288826.6043553,281405213.3911704,0.25,0.25,0.25,0.25,71322206.65108882,71322206.65108882,71322206.65108882,71322206.65108882,0.0,-0.013612917335072389,1.0,4.0
2026-03-20,281405213.3911704,278640672.3661925,0.25,0.25,0.25,0.25,70351303.3477926,70351303.3477926,70351303.3477926,70351303.3477926,0.0,-0.009824057598872393,1.0,4.0
2026-03-23,278640672.3661925,274781586.8041028,0.25,0.25,0.25,0.25,69660168.09154813,69660168.09154813,69660168.09154813,69660168.09154813,0.0,-0.013849685077626184,1.0,4.0
2026-03-24,274781586.8041028,276460039.15098685,0.25,0.25,0.25,0.25,68695396.7010257,68695396.7010257,68695396.7010257,68695396.7010257,0.0,0.006108314484990274,1.0,4.0
2026-03-25,276460039.15098685,277205152.93150085,0.25,0.25,0.25,0.25,69115009.78774671,69115009.78774671,69115009.78774671,69115009.78774671,0.0,0.0026951952361804477,1.0,4.0
2026-03-26,277205152.93150085,275449685.8833659,0.25,0.25,0.25,0.25,69301288.23287521,69301288.23287521,69301288.23287521,69301288.23287521,0.0,-0.006332735988384464,1.0,4.0
2026-03-27,275449685.8833659,278248151.7086269,0.25,0.25,0.25,0.25,68862421.47084148,68862421.47084148,68862421.47084148,68862421.47084148,0.0,0.010159626126587523,1.0,4.0
2026-03-30,278248151.7086269,278535350.99470866,0.25,0.25,0.25,0.25,69562037.92715673,69562037.92715673,69562037.92715673,69562037.92715673,0.0,0.0010321696094588717,1.0,4.0
2026-03-31,278535350.99470866,278791783.1320815,0.25,0.25,0.25,0.0,69633837.74867716,69633837.74867716,69633837.74867716,0.0,69633837.74867716,0.0009206448533627398,0.75,3.0
2026-04-01,278791783.1320815,280333018.21009016,0.25,0.25,0.25,0.0,69697945.78302038,69697945.78302038,69697945.78302038,0.0,69697945.78302038,0.005528265792821091,0.75,3.0
2026-04-02,280333018.21009016,281381878.1046358,0.25,0.25,0.25,0.0,70083254.55252254,70083254.55252254,70083254.55252254,0.0,70083254.55252254,0.0037414782648242384,0.75,3.0
2026-04-03,281381878.1046358,281381878.1046358,0.25,0.25,0.25,0.0,70345469.52615894,70345469.52615894,70345469.52615894,0.0,70345469.52615894,0.0,0.75,3.0
2026-04-06,281381878.1046358,281896172.9796176,0.25,0.25,0.25,0.0,70345469.52615894,70345469.52615894,70345469.52615894,0.0,70345469.52615894,0.001827746969513544,0.75,3.0
2026-04-07,281896172.9796176,281985872.02972174,0.25,0.25,0.25,0.0,70474043.2449044,70474043.2449044,70474043.2449044,0.0,70474043.2449044,0.00031819889272022284,0.75,3.0
2026-04-08,281985872.02972174,280687150.1865618,0.25,0.25,0.25,0.0,70496468.00743043,70496468.00743043,70496468.00743043,0.0,70496468.00743043,-0.0046056273451281216,0.75,3.0
2026-04-09,280687150.1865618,281542317.72376925,0.25,0.0,0.25,0.0,70171787.54664046,0.0,70171787.54664046,0.0,140343575.0932809,0.0030466928629936385,0.5,2.0
2026-04-10,281542317.72376925,282209574.41350126,0.25,0.0,0.25,0.0,70385579.43094231,0.0,70385579.43094231,0.0,140771158.86188462,0.0023700049609830798,0.5,2.0
2026-04-13,282209574.41350126,283022628.14952755,0.25,0.0,0.25,0.0,70552393.60337532,0.0,70552393.60337532,0.0,141104787.20675063,0.0028810281781402047,0.5,2.0
2026-04-14,283022628.14952755,283395025.87293094,0.25,0.0,0.25,0.0,70755657.03738189,0.0,70755657.03738189,0.0,141511314.07476377,0.0013157878076330287,0.5,2.0
2026-04-15,283395025.87293094,283412216.7141422,0.25,0.0,0.25,0.0,70848756.46823274,0.0,70848756.46823274,0.0,141697512.93646547,6.066034913038143e-05,0.5,2.0
2026-04-16,283412216.7141422,283660530.51119614,0.25,0.0,0.25,0.0,70853054.17853555,0.0,70853054.17853555,0.0,141706108.3570711,0.0008761577039014812,0.5,2.0
2026-04-17,283660530.51119614,282636603.0279318,0.25,0.0,0.25,0.0,70915132.62779903,0.0,70915132.62779903,0.0,141830265.25559807,-0.0036096931829713574,0.5,2.0
2026-04-20,282636603.0279318,283449790.2192844,0.25,0.0,0.25,0.0,70659150.75698295,0.0,70659150.75698295,0.0,141318301.5139659,0.002877147484228182,0.5,2.0
