date,w_stock,w_bond,w_trend,ret_dynamic_mv_3a,nav_dynamic_mv_3a
2001-05-04,0.6,0.4,0.0,0.009084725850029063,100908472.5850029
2001-05-07,0.6,0.4,0.0,-0.0015661066322973038,100750439.15683255
2001-05-08,0.6,0.4,0.0,-0.0014647830484066926,100602861.6214361
2001-05-09,0.6,0.4,0.0,-0.0015934380399816204,100442557.19479752
2001-05-10,0.6,0.4,0.0,-0.002273142007723594,100214236.99867484
2001-05-11,0.6,0.4,0.0,-0.008412371222460212,99371197.63526638
2001-05-14,0.6,0.4,0.0,0.0028731913776220085,99656710.10349602
2001-05-15,0.6,0.4,0.0,-0.0006016987844473577,99596746.78216471
2001-05-16,0.6,0.4,0.0,0.01790546615682098,101380072.96100225
2001-05-17,0.6,0.4,0.0,0.002215340841740865,101604664.37717141
2001-05-18,0.6,0.4,0.0,0.0021101533355563527,101819065.798615
2001-05-21,0.6,0.4,0.0,0.00995493311309641,102832667.78827815
2001-05-22,0.6,0.4,0.0,-0.001673224630298442,102660605.63573551
2001-05-23,0.6,0.4,0.0,-0.009295900789528067,101706282.83075285
2001-05-24,0.6,0.4,0.0,0.00020802921139715367,101727440.70856425
2001-05-25,0.6,0.4,0.0,-0.006961915518486017,101019222.86043943
2001-05-28,0.6,0.4,0.0,0.0,101019222.86043943
2001-05-29,0.6,0.4,0.0,-0.004566491381255754,100557919.44990608
2001-05-30,0.6,0.4,0.0,-0.009096261463949573,99643218.32231896
2001-05-31,0.6,0.4,0.0,0.005982399343761813,100239323.84622072
2001-06-01,0.6,0.4,0.0,0.0033304476300755944,100573165.66476473
2001-06-04,0.6,0.4,0.0,0.00377287121219525,100952615.26622066
2001-06-05,0.6,0.4,0.0,0.008977928764014731,101858960.6546218
2001-06-06,0.6,0.4,0.0,-0.006229096956950797,101224471.3127699
2001-06-07,0.6,0.4,0.0,0.002373915794569825,101464769.68401627
2001-06-08,0.6,0.4,0.0,-0.006297907540376157,100825753.94594078
2001-06-11,0.6,0.4,0.0,-0.0036941185199245163,100453291.66100372
2001-06-12,0.6,0.4,0.0,0.0017596845363920365,100630057.76496927
2001-06-13,0.6,0.4,0.0,-0.006627804757444755,99963101.38937266
2001-06-14,0.6,0.4,0.0,-0.009626163811429667,99000840.20030001
2001-06-15,0.6,0.4,0.0,-0.003106999668657462,98693244.62260087
2001-06-18,0.6,0.4,0.0,-0.00276485575042591,98420372.03767788
2001-06-19,0.6,0.4,0.0,0.00234767455062741,98651431.04037403
2001-06-20,0.6,0.4,0.0,0.005872807302691463,99230791.8850089
2001-06-21,0.6,0.4,0.0,0.007348381542894655,99959977.60458353
2001-06-22,0.6,0.4,0.0,-0.003974075771726015,99562729.07944287
2001-06-25,0.6,0.4,0.0,-0.0035082231796145225,99213440.80546069
2001-06-26,0.6,0.4,0.0,-0.0025453461004165904,98960908.2607976
2001-06-27,0.6,0.4,0.0,-0.0029979765021029615,98664225.78320497
2001-06-28,0.6,0.4,0.0,0.005652076100549941,99221883.49573347
2001-06-29,0.6,0.4,0.0,-0.002232449930833269,99000375.60878628
2001-07-02,0.6,0.4,0.0,0.007502069269040401,99743083.28426442
2001-07-03,0.6,0.4,0.0,-0.0019286200780507022,99550716.7711957
2001-07-04,0.6,0.4,0.0,0.0,99550716.7711957
2001-07-05,0.6,0.4,0.0,-0.007901598753591109,98764106.95163731
2001-07-06,0.6,0.4,0.0,-0.012952391142239627,97484875.60758571
2001-07-09,0.6,0.4,0.0,0.005054444129942182,97977607.46485862
2001-07-10,0.6,0.4,0.0,-0.007468670251529685,97245845.02266978
2001-07-11,0.6,0.4,0.0,-0.0008814077217251803,97160131.7839611
2001-07-12,0.6,0.4,0.0,0.015316427664063026,98648277.91426097
2001-07-13,0.6,0.4,0.0,0.0038251671304470936,99025624.0644138
2001-07-16,0.6,0.4,0.0,-0.005266561683252368,98504099.50705601
2001-07-17,0.6,0.4,0.0,0.006121855669768727,99107127.38711873
2001-07-18,0.6,0.4,0.0,-0.0010586047900906113,99002212.10733461
2001-07-19,0.6,0.4,0.0,0.0032837913883746236,99327314.7188827
2001-07-20,0.6,0.4,0.0,-0.0022139686675229694,99107407.15626588
2001-07-23,0.6,0.4,0.0,-0.009271147347730735,98188567.78126861
2001-07-24,0.6,0.4,0.0,-0.009290204962724879,97276375.86158422
2001-07-25,0.6,0.4,0.0,0.008287337654194094,98082538.03412546
2001-07-26,0.6,0.4,0.0,0.006528244114093073,98722844.78574204
2001-07-27,0.6,0.4,0.0,0.0027638949660648837,98995704.35948096
2001-07-30,0.6,0.4,0.0,0.00011351441912494937,99006941.79935719
2001-07-31,0.6,0.4,0.0,0.004251120730317259,99427832.26208575
2001-08-01,0.6,0.4,0.0,0.0018265107519846336,99609438.26675896
2001-08-02,0.6,0.4,0.0,0.001104267360453859,99719433.71823008
2001-08-03,0.6,0.4,0.0,-0.0033544915415012924,99384925.72129898
2001-08-06,0.6,0.4,0.0,-0.006649761202068949,98724039.69816698
2001-08-07,0.6,0.4,0.0,0.0019114370808738454,98912744.48841973
2001-08-08,0.6,0.4,0.0,-0.008005250430352561,98120923.19803645
2001-08-09,0.6,0.4,0.0,-0.00043432541806276426,98078306.78704776
2001-08-10,0.6,0.4,0.0,0.004176760105759092,98487956.3460763
2001-08-13,0.6,0.4,0.0,0.0012476149025090865,98610831.38813134
2001-08-14,0.6,0.4,0.0,-0.0024626049444053774,98367991.86718298
2001-08-15,0.6,0.4,0.0,-0.004735165159154731,97902203.17931749
2001-08-16,0.6,0.4,0.0,0.00288212788131581,98184369.84874284
2001-08-17,0.6,0.4,0.0,-0.008217382559906094,97377551.32029243
2001-08-20,0.6,0.4,0.0,0.003909146926712247,97758214.47576691
2001-08-21,0.6,0.4,0.0,-0.006826440320309168,97090873.8588281
2001-08-22,0.6,0.4,0.0,0.004153474172704774,97494138.29580608
2001-08-23,0.6,0.4,0.0,-0.0008609419220844128,97410201.50498973
2001-08-24,0.6,0.4,0.0,0.011008019892380582,98482494.94087745
2001-08-27,0.6,0.4,0.0,-0.003142239678642067,98173039.33762257
2001-08-28,0.6,0.4,0.0,-0.007253957170645342,97460896.31495537
2001-08-29,0.6,0.4,0.0,-0.0052614762645564195,96948108.12227184
2001-08-30,0.6,0.4,0.0,-0.010125757779836264,95966435.06221235
2001-08-31,0.6,0.4,0.0,0.0022741072795339433,96184673.03077824
2001-09-03,0.6,0.4,0.0,0.0,96184673.03077824
2001-09-04,0.6,0.4,0.0,-0.0037284912453412924,95826049.31944698
2001-09-05,0.6,0.4,0.0,-0.00015235917728126933,95811449.34141056
2001-09-06,0.6,0.4,0.0,-0.011103250170855627,94747630.85014062
2001-09-07,0.6,0.4,0.0,-0.009716712888010792,93826995.32435057
2001-09-10,0.6,0.4,0.0,0.003136291297737248,94121264.11327916
2001-09-11,0.6,0.4,0.0,0.0,94121264.11327916
2001-09-12,0.6,0.4,0.0,0.0,94121264.11327916
2001-09-13,0.6,0.4,0.0,0.0,94121264.11327916
2001-09-14,0.6,0.4,0.0,0.005905583571298401,94677105.1043364
2001-09-17,0.6,0.4,0.0,-0.03080221954905744,91760840.12664343
2001-09-18,0.6,0.4,0.0,-0.005759256324277628,91232365.92782302
2001-09-19,0.6,0.4,0.0,-0.008811681458537368,90428455.38055833
2001-09-20,0.6,0.4,0.0,-0.020079198820486456,88612724.44594261
2001-09-21,0.6,0.4,0.0,-0.010561376163286717,87676852.13021533
2001-09-24,0.6,0.4,0.0,0.02336796997346058,89725682.17816174
2001-09-25,0.6,0.4,0.0,0.005821221755524996,90247995.27128658
2001-09-26,0.6,0.4,0.0,-0.0011327877064234216,90145763.4517139
2001-09-27,0.6,0.4,0.0,0.008471556995058504,90909438.42465815
2001-09-28,0.6,0.4,0.0,0.013173206701090656,92107007.24810624
2001-10-01,0.6,0.4,0.0,-0.0004484474227084423,92065702.09809244
2001-10-02,0.6,0.4,0.0,0.008363047894623365,92835651.9741909
2001-10-03,0.6,0.4,0.0,0.012476938270242854,93993956.67315063
2001-10-04,0.6,0.4,0.0,-0.0013519015222748674,93866886.10003956
2001-10-05,0.6,0.4,0.0,0.0012330584220400453,93982629.45449589
2001-10-08,0.6,0.4,0.0,-0.005007602366361019,93512001.81684272
2001-10-09,0.6,0.4,0.0,-0.004516023178377337,93089699.44918141
2001-10-10,0.6,0.4,0.0,0.014122093513945977,94404320.88998786
2001-10-11,0.6,0.4,0.0,0.007491198543087484,95111522.40110008
2001-10-12,0.6,0.4,0.0,-0.0030857136736074818,94818035.4759094
2001-10-15,0.6,0.4,0.0,0.000555444585983711,94870701.64036809
2001-10-16,0.6,0.4,0.0,0.004887360816363495,95334368.99018614
2001-10-17,0.6,0.4,0.0,-0.010802917709589232,94304479.64708956
2001-10-18,0.6,0.4,0.0,-0.004431871381218921,93886534.32262087
2001-10-19,0.6,0.4,0.0,0.0017472594223025162,94050578.4543434
2001-10-22,0.6,0.4,0.0,0.00944018857708313,94938433.65073615
2001-10-23,0.6,0.4,0.0,-0.0031861720509837265,94635943.466874
2001-10-24,0.6,0.4,0.0,0.0018740709285949286,94813297.93732542
2001-10-25,0.6,0.4,0.0,0.00944055108563333,95708387.7201001
2001-10-26,0.6,0.4,0.0,0.002689974098509307,95965840.80407727
2001-10-29,0.6,0.4,0.0,-0.013134157739246775,94705410.31337707
2001-10-30,0.6,0.4,0.0,-0.009098709018270546,93843713.34247974
2001-10-31,0.6,0.4,0.0,0.004020380662126088,94221000.79286395
2001-11-01,0.6,0.4,0.0,0.014633912128155303,95599822.63909358
2001-11-02,0.6,0.4,0.0,-0.0011310700720981173,95491692.54080862
2001-11-05,0.6,0.4,0.0,0.010428987299126603,96487574.1894888
2001-11-06,0.6,0.4,0.0,0.00935648096619266,97390358.34086685
2001-11-07,0.6,0.4,0.0,0.0007264504917269931,97461107.61457305
2001-11-08,0.6,0.4,0.0,-0.0005345217099365751,97409012.53667858
2001-11-09,0.6,0.4,0.0,0.0005352669626724981,97461152.36295603
2001-11-12,0.6,0.4,0.0,-0.001061771776152609,97357670.86210573
2001-11-13,0.6,0.4,0.0,0.0099906367305997,98330335.98462632
2001-11-14,0.6,0.4,0.0,-0.0016419504635808216,98168882.4438723
2001-11-15,0.6,0.4,0.0,-0.004452657832676099,97731770.00053352
2001-11-16,0.6,0.4,0.0,-0.004864654704092542,97256338.68586113
2001-11-19,0.6,0.4,0.0,0.009717853219956218,98201461.50992069
2001-11-20,0.6,0.4,0.0,-0.006766002805123451,97537030.14587735
2001-11-21,0.6,0.4,0.0,-0.00509167575656666,97040403.21411607
2001-11-22,0.6,0.4,0.0,0.0,97040403.21411607
2001-11-23,0.6,0.4,0.0,0.005994640904593363,97622125.58462164
2001-11-26,0.6,0.4,0.0,0.003600187473992555,97973583.53833593
2001-11-27,0.6,0.4,0.0,-0.0029761192130511203,97682002.47399603
2001-11-28,0.6,0.4,0.0,-0.010718408795648315,96635006.8395022
2001-11-29,0.6,0.4,0.0,0.00978656575567336,97580731.68823692
2001-11-30,0.6,0.4,0.0,-0.00043385867191993995,97538395.4415817
2001-12-03,0.6,0.4,0.0,-0.004079753562304988,97140462.8253174
2001-12-04,0.6,0.4,0.0,0.009406841201838967,98054247.73338829
2001-12-05,0.6,0.4,0.0,0.008386049442527455,98876535.50293031
2001-12-06,0.6,0.4,0.0,-0.003997493467855428,98481277.19813319
2001-12-07,0.6,0.4,0.0,-0.007778596994920672,97715231.03126384
2001-12-10,0.6,0.4,0.0,-0.008395706842339812,96894842.59749384
2001-12-11,0.6,0.4,0.0,-0.00038788641701403815,96857258.40417157
2001-12-12,0.6,0.4,0.0,0.0023222847919213145,97082188.54235077
2001-12-13,0.6,0.4,0.0,-0.01158569698223837,95957423.72352655
2001-12-14,0.6,0.4,0.0,0.0006344235762565818,96018301.37545359
2001-12-17,0.6,0.4,0.0,0.004898342954583024,96488631.94550708
2001-12-18,0.6,0.4,0.0,0.007005705706407639,97164602.90493119
2001-12-19,0.6,0.4,0.0,0.005345737401031991,97684019.3567365
2001-12-20,0.6,0.4,0.0,-0.005198865534295516,97176173.27525131
2001-12-21,0.6,0.4,0.0,0.002058575563640774,97376217.77092387
2001-12-24,0.6,0.4,0.0,-0.0009455467678189499,97284144.00294814
2001-12-25,0.6,0.4,0.0,0.0,97284144.00294814
2001-12-26,0.6,0.4,0.0,0.0016209870718652208,97441840.3426744
2001-12-27,0.6,0.4,0.0,0.00586394707855371,98013234.13768072
2001-12-28,0.6,0.4,0.0,0.0013769145325488895,98148189.98414701
2001-12-31,0.6,0.4,0.0,-0.004586416089014355,97698041.54649608
2002-01-01,0.6,0.4,0.0,0.0,97698041.54649608
2002-01-02,0.6,0.4,0.0,0.0007970343901010585,97775910.24545416
2002-01-03,0.6,0.4,0.0,0.0063165948515539585,98393521.0567166
2002-01-04,0.6,0.4,0.0,0.0032844309942840154,98716687.78691202
2002-01-07,0.6,0.4,0.0,-0.0013257297181448855,98585816.14023608
2002-01-08,0.6,0.4,0.0,-0.002076811644123144,98381071.96933065
2002-01-09,0.6,0.4,0.0,-0.002595900904238335,98125684.45564553
2002-01-10,0.6,0.4,0.0,0.0032765168803175816,98447194.91715717
2002-01-11,0.6,0.4,0.0,-0.0037366840038370423,98079328.8586876
2002-01-14,0.6,0.4,0.0,-0.0038494295947027134,97701779.3875504
2002-01-15,0.6,0.4,0.0,0.005041132767946,98194307.02910762
2002-01-16,0.6,0.4,0.0,-0.010031182075957634,97209302.05647615
2002-01-17,0.6,0.4,0.0,0.0042010201043453325,97617680.28874479
2002-01-18,0.6,0.4,0.0,-0.004810940811924724,97148047.40667824
2002-01-21,0.6,0.4,0.0,0.0,97148047.40667824
2002-01-22,0.6,0.4,0.0,-0.004594858308238491,96701665.89392252
2002-01-23,0.6,0.4,0.0,0.0024129553116287276,96935002.69228463
2002-01-24,0.6,0.4,0.0,0.0016929338703094209,97099107.24156092
2002-01-25,0.6,0.4,0.0,0.00015810153282402867,97114458.75925165
2002-01-28,0.6,0.4,0.0,0.00016622542494062475,97130601.65142678
2002-01-29,0.6,0.4,0.0,-0.014796811645106045,95693378.4338148
2002-01-30,0.6,0.4,0.0,0.007086593394600448,96371518.49733086
2002-01-31,0.6,0.4,0.0,0.00796089914779734,97138722.4368082
2002-02-01,0.6,0.4,0.0,-0.0032128520930002624,96826630.08911572
2002-02-04,0.6,0.4,0.0,-0.012966507351189692,95571126.87827429
2002-02-05,0.6,0.4,0.0,-0.0024550040139530217,95336499.37817012
2002-02-06,0.6,0.4,0.0,-0.004064180914046256,94949034.59698537
2002-02-07,0.6,0.4,0.0,-0.0023664135606524138,94724345.91394421
2002-02-08,0.6,0.4,0.0,0.010097206061122988,95680797.15364242
2002-02-11,0.6,0.4,0.0,0.008289008994630675,96473896.14186238
2002-02-12,0.6,0.4,0.0,-0.003908450381662898,96096832.70566621
2002-02-13,0.6,0.4,0.0,0.005738961042787105,96648328.68489927
2002-02-14,0.6,0.4,0.0,4.258908850771634e-05,96652444.84912375
2002-02-15,0.6,0.4,0.0,-0.004874188799228407,96181342.5850221
2002-02-18,0.6,0.4,0.0,0.0,96181342.5850221
2002-02-19,0.6,0.4,0.0,-0.011508018800496544,95074485.88629666
2002-02-20,0.6,0.4,0.0,0.008190586961862412,95853201.73080274
2002-02-21,0.6,0.4,0.0,-0.008862649974827573,95003688.3548961
2002-02-22,0.6,0.4,0.0,0.005744961084105249,95549480.84734143
2002-02-25,0.6,0.4,0.0,0.010473738132986554,96550241.08847928
2002-02-26,0.6,0.4,0.0,-0.001456898338857915,96409577.20262116
2002-02-27,0.6,0.4,0.0,0.0024443529746356776,96645236.23943974
2002-02-28,0.6,0.4,0.0,-0.0026407824113489297,96390017.19943798
2002-03-01,0.6,0.4,0.0,0.011338859771667797,97482970.08785103
2002-03-04,0.6,0.4,0.0,0.011445128026399631,98598675.16090019
2002-03-05,0.6,0.4,0.0,-0.0038312284650672936,98220921.11000583
2002-03-06,0.6,0.4,0.0,0.008036025599066354,99010226.9464097
2002-03-07,0.6,0.4,0.0,-0.006318132049399306,98384667.25832129
2002-03-08,0.6,0.4,0.0,0.0016837001185804111,98550317.5342506
2002-03-11,0.6,0.4,0.0,0.0019541491618504827,98742899.55466026
2002-03-12,0.6,0.4,0.0,-0.0011230026053675735,98632011.02119882
2002-03-13,0.6,0.4,0.0,-0.0049032820250062056,98148390.45446837
2002-03-14,0.6,0.4,0.0,-0.003353222809831258,97819277.03284822
2002-03-15,0.6,0.4,0.0,0.007931022116526387,98595083.88241835
2002-03-18,0.6,0.4,0.0,0.0007150739959092213,98665586.66302717
2002-03-19,0.6,0.4,0.0,0.0020160418967947622,98864500.61951165
2002-03-20,0.6,0.4,0.0,-0.01103522474981895,97773508.63539672
2002-03-21,0.6,0.4,0.0,0.0014808108991176462,97918292.71262899
2002-03-22,0.6,0.4,0.0,-0.0030131374748982196,97623251.4353785
2002-03-25,0.6,0.4,0.0,-0.008679947865374803,96775886.70247105
2002-03-26,0.6,0.4,0.0,0.0051658797294981355,97275819.29389156
2002-03-27,0.6,0.4,0.0,0.003488484788391055,97615164.50977659
2002-03-28,0.6,0.4,0.0,6.549008696810077e-05,97621557.33538975
2002-03-29,0.6,0.4,0.0,0.0,97621557.33538975
2002-04-01,0.6,0.4,0.0,-0.00041571050922166724,97580975.02807884
2002-04-02,0.6,0.4,0.0,-0.0031386299513405324,97274704.4571747
2002-04-03,0.6,0.4,0.0,-0.00441767709487797,96844976.22338322
2002-04-04,0.6,0.4,0.0,0.0007362509495215886,96916278.42908409
2002-04-05,0.6,0.4,0.0,-0.0005214890086218114,96865737.6551268
2002-04-08,0.6,0.4,0.0,0.0010611060121477056,96968522.47172378
2002-04-09,0.6,0.4,0.0,-0.003337585424770517,96644881.74446063
2002-04-10,0.6,0.4,0.0,0.006530356675892434,97276007.2931514
2002-04-11,0.6,0.4,0.0,-0.013541685420659389,95958726.20340978
2002-04-12,0.6,0.4,0.0,0.004900190993113629,96428942.2892624
2002-04-15,0.6,0.4,0.0,-0.0037252568037233983,96069719.71592347
2002-04-16,0.6,0.4,0.0,0.013234619977397343,97341165.9476988
2002-04-17,0.6,0.4,0.0,-0.0023113769198578995,97116173.82337523
2002-04-18,0.6,0.4,0.0,-0.0004008332407811287,97077246.43268934
2002-04-19,0.6,0.4,0.0,0.0007702584929330848,97152021.00622468
2002-04-22,0.6,0.4,0.0,-0.008675089340490572,96309218.54438646
2002-04-23,0.6,0.4,0.0,-0.003534125593990223,95968849.67019154
2002-04-24,0.6,0.4,0.0,-0.002536091969802223,95725463.84119181
2002-04-25,0.6,0.4,0.0,-0.0006385814711600045,95664335.33366463
2002-04-26,0.6,0.4,0.0,-0.00756068970546595,94941046.97832716
2002-04-29,0.6,0.4,0.0,-0.006465770726001251,94327179.93607876
2002-04-30,0.6,0.4,0.0,0.007005444795908566,94987983.78787468
2002-05-01,0.6,0.4,0.0,0.006109518694704485,95568314.65059899
2002-05-02,0.6,0.4,0.0,-0.001962428551246642,95380768.66133413
2002-05-03,0.6,0.4,0.0,-0.004932366564405898,94910315.74710162
2002-05-06,0.6,0.4,0.0,-0.011628396282681464,93806660.98427992
2002-05-07,0.6,0.4,0.0,-0.0015795289492302575,93658490.6476246
2002-05-08,0.6,0.4,0.0,0.01958447264380609,95492742.79557317
2002-05-09,0.6,0.4,0.0,-0.0077296959714943545,94754612.9262793
2002-05-10,0.6,0.4,0.0,-0.008806890564133616,93920119.41979071
2002-05-13,0.6,0.4,0.0,0.009469058468969126,94809454.52198927
2002-05-14,0.6,0.4,0.0,0.010899581214133168,95842837.87141937
2002-05-15,0.6,0.4,0.0,-0.002509091276191344,95602359.44303077
2002-05-16,0.6,0.4,0.0,0.005236226827723467,96102955.08234003
2002-05-17,0.6,0.4,0.0,0.0033327272685747204,96423240.02133356
2002-05-20,0.6,0.4,0.0,-0.006566658974315076,95790061.48691495
2002-05-21,0.6,0.4,0.0,-0.005590882214242797,95254510.53584653
2002-05-22,0.6,0.4,0.0,0.004584494569905351,95691204.32215711
2002-05-23,0.6,0.4,0.0,0.0052402373014847296,96192648.9404701
2002-05-24,0.6,0.4,0.0,-0.006995922117283015,95519692.66022742
2002-05-27,0.6,0.4,0.0,0.0,95519692.66022742
2002-05-28,0.6,0.4,0.0,-0.004949318008695558,95046935.32515909
2002-05-29,0.6,0.4,0.0,-0.002531302078880481,94806342.82017928
2002-05-30,0.6,0.4,0.0,-0.0006374387158160299,94745909.58676077
2002-05-31,0.6,0.4,0.0,0.0010279613283943776,94843304.71783951
2002-06-03,0.6,0.4,0.0,-0.01453714385815703,93464553.95317325
2002-06-04,0.6,0.4,0.0,0.00063127604904758,93523555.88751882
2002-06-05,0.6,0.4,0.0,0.004770703596464454,93969729.05194554
2002-06-06,0.6,0.4,0.0,-0.010992820058101094,92936736.72956899
2002-06-07,0.6,0.4,0.0,-0.001868808946073819,92763055.72454987
2002-06-10,0.6,0.4,0.0,0.00253421916945924,92998137.63858464
2002-06-11,0.6,0.4,0.0,-0.008733190439923842,92185967.19202864
2002-06-12,0.6,0.4,0.0,0.004836782959728136,92631850.7072691
2002-06-13,0.6,0.4,0.0,-0.005423259941513825,92129484.10202008
2002-06-14,0.6,0.4,0.0,0.0009559559041843579,92217555.82629687
2002-06-17,0.6,0.4,0.0,0.016134550485825017,93705444.63645566
2002-06-18,0.6,0.4,0.0,0.0008449567162661875,93784621.68125193
2002-06-19,0.6,0.4,0.0,-0.0075145676158192565,93079870.80030414
2002-06-20,0.6,0.4,0.0,-0.010019866658842158,92147222.90626284
2002-06-21,0.6,0.4,0.0,-0.008769919262837166,91339099.20108025
2002-06-24,0.6,0.4,0.0,0.0007271134556714907,91405513.08913827
2002-06-25,0.6,0.4,0.0,-0.009964538970698045,90494699.29182489
2002-06-26,0.6,0.4,0.0,0.0012054959896176556,90603790.28890285
2002-06-27,0.6,0.4,0.0,0.008237636165565432,91350151.34852402
2002-06-28,0.6,0.4,0.0,-0.0006218532085397799,91293344.96380734
2002-07-01,0.6,0.4,0.0,-0.012486033354206127,90153453.2135722
2002-07-02,0.6,0.4,0.0,-0.010924305761848108,89168589.32518066
2002-07-03,0.6,0.4,0.0,0.003789343948340651,89506479.77952212
2002-07-04,0.6,0.4,0.0,0.0,89506479.77952212
2002-07-05,0.6,0.4,0.0,0.019733434560242902,91272750.04096901
2002-07-08,0.6,0.4,0.0,-0.006018646748962619,90723411.60066608
2002-07-09,0.6,0.4,0.0,-0.01313164715751609,89532063.7706
2002-07-10,0.6,0.4,0.0,-0.0181264315297629,87909166.94694386
2002-07-11,0.6,0.4,0.0,0.005030401522259887,88351385.35417438
2002-07-12,0.6,0.4,0.0,-0.0034096344308353283,88050139.42865878
2002-07-15,0.6,0.4,0.0,-0.0026406966154485676,87817625.72347975
2002-07-16,0.6,0.4,0.0,-0.013064432896247301,86670338.24510759
2002-07-17,0.6,0.4,0.0,0.0044676064866503665,87057547.21045162
2002-07-18,0.6,0.4,0.0,-0.015115646670327231,85741616.0868331
2002-07-19,0.6,0.4,0.0,-0.021935869354835713,83860799.19807985
2002-07-22,0.6,0.4,0.0,-0.017694596863487955,82376916.16361992
2002-07-23,0.6,0.4,0.0,-0.01557360063409783,81094010.96981914
2002-07-24,0.6,0.4,0.0,0.03443165740325309,83886212.1729876
2002-07-25,0.6,0.4,0.0,-0.0027798201914636996,83653023.58660372
2002-07-26,0.6,0.4,0.0,0.010195043169346675,84505869.77331552
2002-07-29,0.6,0.4,0.0,0.029609478530089238,87008044.51003504
2002-07-30,0.6,0.4,0.0,0.0023169376117155413,87209636.72088216
2002-07-31,0.6,0.4,0.0,0.008623008517052933,87961646.16109541
2002-08-01,0.6,0.4,0.0,-0.016607636998609163,86500811.07185183
2002-08-02,0.6,0.4,0.0,-0.010908929308932747,85557179.83870366
2002-08-05,0.6,0.4,0.0,-0.019714255721339224,83870483.71656685
2002-08-06,0.6,0.4,0.0,0.015502137725411692,85170655.50623795
2002-08-07,0.6,0.4,0.0,0.013856956187553449,86350861.5480531
2002-08-08,0.6,0.4,0.0,0.018189861256703032,87921571.73900896
2002-08-09,0.6,0.4,0.0,0.004700169137584709,88334817.9970246
2002-08-12,0.6,0.4,0.0,-0.0021719962438787157,88142955.10413136
2002-08-13,0.6,0.4,0.0,-0.011049867470776653,87168987.1317481
2002-08-14,0.6,0.4,0.0,0.024966982402212155,89345333.6994851
2002-08-15,0.6,0.4,0.0,0.004964005038148844,89788844.38610442
2002-08-16,0.6,0.4,0.0,-0.003560736703936174,89469129.95229481
2002-08-19,0.6,0.4,0.0,0.014770132060909002,90790600.81706484
2002-08-20,0.6,0.4,0.0,-0.005797058346443195,90264282.40681969
2002-08-21,0.6,0.4,0.0,0.007220896801912291,90916071.474978
2002-08-22,0.6,0.4,0.0,0.006549657388090723,91511540.59421027
2002-08-23,0.6,0.4,0.0,-0.011948592685824865,90418106.46959773
2002-08-26,0.6,0.4,0.0,0.005039439441485881,90873763.04156508
2002-08-27,0.6,0.4,0.0,-0.010003797917701673,89964680.28007616
2002-08-28,0.6,0.4,0.0,-0.009409641965838045,89118144.84906955
2002-08-29,0.6,0.4,0.0,0.001344564653279612,89237969.95659946
2002-08-30,0.6,0.4,0.0,-0.0005473049250286133,89189129.57614265
2002-09-02,0.6,0.4,0.0,0.0,89189129.57614265
2002-09-03,0.6,0.4,0.0,-0.021257669157609446,87293176.56715786
2002-09-04,0.6,0.4,0.0,0.011163136328353173,88267642.19771203
2002-09-05,0.6,0.4,0.0,-0.00848227204447094,87518932.04386702
2002-09-06,0.6,0.4,0.0,0.00711052088163444,88141237.23770328
2002-09-09,0.6,0.4,0.0,0.0059826242199426,88668553.13837726
2002-09-10,0.6,0.4,0.0,0.005363029438604983,89144085.1991369
2002-09-11,0.6,0.4,0.0,-0.0014514369234290836,89014698.18237355
2002-09-12,0.6,0.4,0.0,-0.012766927991224896,87878253.94051857
2002-09-13,0.6,0.4,0.0,0.0034722717952463625,88183391.12309174
2002-09-16,0.6,0.4,0.0,0.0015766587992689374,88322426.24265534
2002-09-17,0.6,0.4,0.0,-0.0115938785170697,87298426.76246515
2002-09-18,0.6,0.4,0.0,-0.002688068485393469,87063762.61266053
2002-09-19,0.6,0.4,0.0,-0.016592650022846777,85619144.06995644
2002-09-20,0.6,0.4,0.0,0.0011743059355433072,85719687.13903393
2002-09-23,0.6,0.4,0.0,-0.006350267219530892,85175344.21972647
2002-09-24,0.6,0.4,0.0,-0.00963683229880179,84354523.71148826
2002-09-25,0.6,0.4,0.0,0.012646510165939073,85421314.05314854
2002-09-26,0.6,0.4,0.0,0.010964433436042052,86357910.36510353
2002-09-27,0.6,0.4,0.0,-0.017749016482899303,84825142.39060457
2002-09-30,0.6,0.4,0.0,-0.006970132823256603,84233899.8813904
2002-10-01,0.6,0.4,0.0,0.022114251989216748,86096669.56940192
2002-10-02,0.6,0.4,0.0,-0.013783472023235332,84909958.53309833
2002-10-03,0.6,0.4,0.0,-0.006416754206790287,84365112.19948268
2002-10-04,0.6,0.4,0.0,-0.013423290411079813,83232654.79786567
2002-10-07,0.6,0.4,0.0,-0.010545013604855935,82354965.3206539
2002-10-08,0.6,0.4,0.0,0.010064212054134547,83183803.15535186
2002-10-09,0.6,0.4,0.0,-0.014819628256350923,81951050.11564007
2002-10-10,0.6,0.4,0.0,0.019808966630317483,83574415.73270026
2002-10-11,0.6,0.4,0.0,0.020783397848581363,85311376.06483571
2002-10-14,0.6,0.4,0.0,0.004397004938664839,85686490.60671708
2002-10-15,0.6,0.4,0.0,0.024288741043957437,87767707.58802912
2002-10-16,0.6,0.4,0.0,-0.015024038656269533,86449082.1564544
2002-10-17,0.6,0.4,0.0,0.011550987862512584,87447654.45516896
2002-10-18,0.6,0.4,0.0,0.0034542031714359656,87749716.42052265
2002-10-21,0.6,0.4,0.0,0.009013396069775935,88540639.36963135
2002-10-22,0.6,0.4,0.0,-0.006833504611434327,87935596.50219963
2002-10-23,0.6,0.4,0.0,0.004137971438220678,88299471.48892863
2002-10-24,0.6,0.4,0.0,-0.007304316668180433,87654504.18754053
2002-10-25,0.6,0.4,0.0,0.011582209072540282,88669736.98119049
2002-10-28,0.6,0.4,0.0,-0.004453979425594978,88274803.79700334
2002-10-29,0.6,0.4,0.0,-0.0023274213757616285,88069351.13170505
2002-10-30,0.6,0.4,0.0,0.005580048765557288,88560782.40577094
2002-10-31,0.6,0.4,0.0,-0.0021777077941102837,88367922.89967339
2002-11-01,0.6,0.4,0.0,0.009322158408511916,89191702.67517531
2002-11-04,0.6,0.4,0.0,0.0037460537386424077,89525819.58643754
2002-11-05,0.6,0.4,0.0,0.004148968140047371,89897259.35961328
2002-11-06,0.6,0.4,0.0,0.006437895600555299,90476008.53014652
2002-11-07,0.6,0.4,0.0,-0.010447907873027008,89530723.52830434
2002-11-08,0.6,0.4,0.0,-0.003996603012087085,89172904.7689768
2002-11-11,0.6,0.4,0.0,-0.012441553161211604,88063455.3337539
2002-11-12,0.6,0.4,0.0,0.004871202156413679,88492430.22727694
2002-11-13,0.6,0.4,0.0,0.0003419718509102943,88522692.1474333
2002-11-14,0.6,0.4,0.0,0.011356236459918545,89527976.77152811
2002-11-15,0.6,0.4,0.0,0.00330244215696176,89823637.73624592
2002-11-18,0.6,0.4,0.0,-0.005429683027153587,89335923.85499221
2002-11-19,0.6,0.4,0.0,-0.0016027382544175016,89192741.75233608
2002-11-20,0.6,0.4,0.0,0.009658198948776332,90054182.99696699
2002-11-21,0.6,0.4,0.0,0.0113861801971892,91079556.1520811
2002-11-22,0.6,0.4,0.0,-0.0027443614632290726,90829600.92808932
2002-11-25,0.6,0.4,0.0,0.0016046662970049751,90975352.12746906
2002-11-26,0.6,0.4,0.0,-0.010358884708641013,90032948.94345258
2002-11-27,0.6,0.4,0.0,0.013151867885092018,91217050.3932621
2002-11-28,0.6,0.4,0.0,0.0,91217050.3932621
2002-11-29,0.6,0.4,0.0,-0.0005752108821944768,91164581.3532342
2002-12-02,0.6,0.4,0.0,-0.001137406802051033,91060890.13829692
2002-12-03,0.6,0.4,0.0,-0.008977460852004526,90243394.56193167
2002-12-04,0.6,0.4,0.0,-0.0005845164623537124,90190645.81219155
2002-12-05,0.6,0.4,0.0,-0.005963598219142207,89652785.03744267
2002-12-06,0.6,0.4,0.0,0.004300277472413771,90038316.88927834
2002-12-09,0.6,0.4,0.0,-0.01214882227192715,88944457.37972704
2002-12-10,0.6,0.4,0.0,0.00871666925496326,89719756.7967683
2002-12-11,0.6,0.4,0.0,0.001779748991408381,89879435.44343676
2002-12-12,0.6,0.4,0.0,-0.002236625704239325,89678408.78784144
2002-12-13,0.6,0.4,0.0,-0.00940594370358494,88834898.72335593
2002-12-16,0.6,0.4,0.0,0.012751449552594041,89967672.4529366
2002-12-17,0.6,0.4,0.0,-0.004462137691239087,89566224.31069131
2002-12-18,0.6,0.4,0.0,-0.006407902908061791,88992292.64146672
2002-12-19,0.6,0.4,0.0,-0.0024713026940143207,88772365.74891534
2002-12-20,0.6,0.4,0.0,0.007887848214427473,89472588.69557844
2002-12-23,0.6,0.4,0.0,0.0008548112969514409,89549070.87516291
2002-12-24,0.6,0.4,0.0,-0.0020947359259893437,89361489.21926175
2002-12-25,0.6,0.4,0.0,0.0,89361489.21926175
2002-12-26,0.6,0.4,0.0,-0.0014741414113270234,89229757.74742578
2002-12-27,0.6,0.4,0.0,-0.007314623781878859,88577075.63935517
2002-12-30,0.6,0.4,0.0,0.003438555141306043,88881652.79819673
2002-12-31,0.6,0.4,0.0,-0.00029646470625857015,88855302.52510814
2003-01-01,0.6,0.4,0.0,0.0,88855302.52510814
2003-01-02,0.6,0.4,0.0,0.015555295668037284,90237473.0275591
2003-01-03,0.6,0.4,0.0,-0.00027299602979662384,90212838.5556837
2003-01-06,0.6,0.4,0.0,0.013024829145188566,91387845.36457397
2003-01-07,0.6,0.4,0.0,-0.0030860068282763773,91105821.84975743
2003-01-08,0.6,0.4,0.0,-0.007141441552168071,90455194.94795515
2003-01-09,0.6,0.4,0.0,0.008072104815642512,91185358.76269442
2003-01-10,0.6,0.4,0.0,0.00010373147621458579,91194817.55456804
2003-01-13,0.6,0.4,0.0,-2.1432779418817296e-05,91192862.99615926
2003-01-14,0.6,0.4,0.0,0.004387681248620634,91592988.21113552
2003-01-15,0.6,0.4,0.0,-0.008060761693453732,90854678.96037424
2003-01-16,0.6,0.4,0.0,-0.002218008641014135,90653162.49736355
2003-01-17,0.6,0.4,0.0,-0.0072940532044763135,89991933.50695376
2003-01-20,0.6,0.4,0.0,0.0,89991933.50695376
2003-01-21,0.6,0.4,0.0,-0.008629901236199621,89215312.0087341
2003-01-22,0.6,0.4,0.0,-0.004950931480796727,88773613.11194097
2003-01-23,0.6,0.4,0.0,0.0054036252112758636,89253312.4458487
2003-01-24,0.6,0.4,0.0,-0.016329143262195322,87795882.32029495
2003-01-27,0.6,0.4,0.0,-0.01057335089262712,86867585.64959466
2003-01-28,0.6,0.4,0.0,0.007644737714924199,87531665.55781454
2003-01-29,0.6,0.4,0.0,0.003008419576753374,87794997.53406452
2003-01-30,0.6,0.4,0.0,-0.012581653321525764,86690391.3117267
2003-01-31,0.6,0.4,0.0,0.008413197043850485,87419734.65564078
2003-02-03,0.6,0.4,0.0,0.0031653744280763173,87696450.84822896
2003-02-04,0.6,0.4,0.0,-0.007235238455714166,87061946.1146222
2003-02-05,0.6,0.4,0.0,-0.004783252033565643,86645506.88382326
2003-02-06,0.6,0.4,0.0,-0.002266364448926583,86449136.58736254
2003-02-07,0.6,0.4,0.0,-0.005419123534947289,85980658.03670609
2003-02-10,0.6,0.4,0.0,0.003421419944505643,86274833.9749546
2003-02-11,0.6,0.4,0.0,-0.004526116829804194,85884343.99691199
2003-02-12,0.6,0.4,0.0,-0.006554319069792092,85321430.60325645
2003-02-13,0.6,0.4,0.0,0.0004894192017398159,85363188.54971358
2003-02-14,0.6,0.4,0.0,0.011099997967452068,86310719.76911063
2003-02-17,0.6,0.4,0.0,0.0,86310719.76911063
2003-02-18,0.6,0.4,0.0,0.01209896105249788,87354989.80601016
2003-02-19,0.6,0.4,0.0,-0.002762717909387158,87113652.61119877
2003-02-20,0.6,0.4,0.0,-0.004977274376986828,86680064.0601713
2003-02-21,0.6,0.4,0.0,0.006851580731517926,87273959.51689272
2003-02-24,0.6,0.4,0.0,-0.009969187684551128,86403909.03449489
2003-02-25,0.6,0.4,0.0,0.0051224963944590755,86846512.74699128
2003-02-26,0.6,0.4,0.0,-0.006777075345467898,86257947.38661377
2003-02-27,0.6,0.4,0.0,0.007496667644631305,86904594.54987931
2003-02-28,0.6,0.4,0.0,0.0040644251478035185,87257811.76942751
2003-03-03,0.6,0.4,0.0,-0.004153862881854708,86895354.78396662
2003-03-04,0.6,0.4,0.0,-0.008706524716090723,86138798.22982654
2003-03-05,0.6,0.4,0.0,0.006586982480255487,86706192.98463668
2003-03-06,0.6,0.4,0.0,-0.006149615430567734,86172983.24233258
2003-03-07,0.6,0.4,0.0,0.005707740691507724,86664836.28529346
2003-03-10,0.6,0.4,0.0,-0.014409147473396366,85416069.87850091
2003-03-11,0.6,0.4,0.0,-0.0053502301557492695,84959074.24565136
2003-03-12,0.6,0.4,0.0,0.002870560451853388,85202954.40420699
2003-03-13,0.6,0.4,0.0,0.01747821371077234,86692149.85007292
2003-03-14,0.6,0.4,0.0,0.0015815600051471532,86829258.68703602
2003-03-17,0.6,0.4,0.0,0.019210780069095445,88497316.47923528
2003-03-18,0.6,0.4,0.0,0.0009362948598932606,88580176.06176913
2003-03-19,0.6,0.4,0.0,0.004104490530552462,88943752.55560933
2003-03-20,0.6,0.4,0.0,0.00025807459132529673,88966706.67820106
2003-03-21,0.6,0.4,0.0,0.011905490343559144,90025898.94545664
2003-03-24,0.6,0.4,0.0,-0.018522280209542448,88358414.01907293
2003-03-25,0.6,0.4,0.0,0.007427989607116946,89014739.40010795
2003-03-26,0.6,0.4,0.0,-0.0028509586257951633,88760962.06099232
2003-03-27,0.6,0.4,0.0,-0.00043629724033098497,88722235.89819598
2003-03-28,0.6,0.4,0.0,-0.0026955376035035393,88483081.77506548
2003-03-31,0.6,0.4,0.0,-0.008775694516085107,87706581.27956574
2003-04-01,0.6,0.4,0.0,0.007295738645344895,88346465.57405816
2003-04-02,0.6,0.4,0.0,0.013683640241319229,89555366.82556565
2003-04-03,0.6,0.4,0.0,-0.0027610209870081227,89308102.57826105
2003-04-04,0.6,0.4,0.0,0.00118027436079009,89413510.64194497
2003-04-07,0.6,0.4,0.0,-0.0003786524980183616,89379653.99278381
2003-04-08,0.6,0.4,0.0,0.0009035781440779767,89460415.49465695
2003-04-09,0.6,0.4,0.0,-0.007728050390868101,88769060.89572625
2003-04-10,0.6,0.4,0.0,0.003212610301418017,89054241.29520707
2003-04-11,0.6,0.4,0.0,-0.0029776385088558623,88789069.95694952
2003-04-14,0.6,0.4,0.0,0.010988386271483819,89764718.55432229
2003-04-15,0.6,0.4,0.0,0.004861352442817912,90201096.48814519
2003-04-16,0.6,0.4,0.0,-0.006695497063952227,89597155.31144354
2003-04-17,0.6,0.4,0.0,0.009183572762196635,90419977.30653203
2003-04-18,0.6,0.4,0.0,0.0,90419977.30653203
2003-04-21,0.6,0.4,0.0,-0.0012841530043240068,90303864.22102293
2003-04-22,0.6,0.4,0.0,0.01305219498641308,91482527.8648623
2003-04-23,0.6,0.4,0.0,0.005099186959403657,91949014.3779641
2003-04-24,0.6,0.4,0.0,-0.0029556247593886635,91677247.5944672
2003-04-25,0.6,0.4,0.0,-0.00784250299964766,90958268.50520815
2003-04-28,0.6,0.4,0.0,0.010735667790356373,91934766.25866608
2003-04-29,0.6,0.4,0.0,0.0014275235521017393,92066005.30275731
2003-04-30,0.6,0.4,0.0,0.0012877154315417364,92184560.11850607
2003-05-01,0.02053545665841411,0.554157494326049,0.42530704901553684,0.0012019591861512585,92295362.19736181
2003-05-02,0.02053545665841411,0.554157494326049,0.42530704901553684,-0.00219499067765694,92092774.73774764
2003-05-05,0.02053545665841411,0.554157494326049,0.42530704901553684,-0.0015826772096030376,91947021.6020011
2003-05-06,0.02053545665841411,0.554157494326049,0.42530704901553684,0.0028347615524077115,92207669.48369686
2003-05-07,0.02053545665841411,0.554157494326049,0.42530704901553684,0.003991276580811325,92575695.79547831
2003-05-08,0.02053545665841411,0.554157494326049,0.42530704901553684,0.0042296016773033405,92967254.1136924
2003-05-09,0.02053545665841411,0.554157494326049,0.42530704901553684,0.00163777712655818,93119513.75599872
2003-05-12,0.02053545665841411,0.554157494326049,0.42530704901553684,0.002382783417233915,93341397.3891974
2003-05-13,0.02053545665841411,0.554157494326049,0.42530704901553684,0.00022567886814322912,93362462.57011108
2003-05-14,0.02053545665841411,0.554157494326049,0.42530704901553684,0.002208690119714707,93568671.31874192
2003-05-15,0.02053545665841411,0.554157494326049,0.42530704901553684,-0.002024687216146326,93379224.02609107
2003-05-16,0.02053545665841411,0.554157494326049,0.42530704901553684,0.0037600658952333136,93730336.06167492
2003-05-19,0.02053545665841411,0.554157494326049,0.42530704901553684,0.0021082208647017625,93927940.31181566
2003-05-20,0.02053545665841411,0.554157494326049,0.42530704901553684,0.00349878137022291,94256573.63952206
2003-05-21,0.02053545665841411,0.554157494326049,0.42530704901553684,0.0014217191051876755,94390580.0110549
2003-05-22,0.02053545665841411,0.554157494326049,0.42530704901553684,0.001172710789405096,94501272.86265206
2003-05-23,0.02053545665841411,0.554157494326049,0.42530704901553684,0.0032069906793912297,94804337.5639132
2003-05-26,0.02053545665841411,0.554157494326049,0.42530704901553684,0.0013381336822677053,94931198.44123256
2003-05-27,0.02053545665841411,0.554157494326049,0.42530704901553684,-0.00831555507499285,94141792.83225942
2003-05-28,0.02053545665841411,0.554157494326049,0.42530704901553684,-0.0023967073638161292,93916162.50413549
2003-05-29,0.02053545665841411,0.554157494326049,0.42530704901553684,0.0074827394344436785,94618912.6768368
2003-05-30,0.02053545665841411,0.554157494326049,0.42530704901553684,-0.0018220451986878904,94446512.74128892
2003-06-02,0.03767533834281791,0.5859174748637807,0.3764071867934015,0.000458876451798046,94489852.02194034
2003-06-03,0.03767533834281791,0.5859174748637807,0.3764071867934015,0.0034843522117891253,94819087.94682461
2003-06-04,0.03767533834281791,0.5859174748637807,0.3764071867934015,0.002412327535584306,95047822.64357772
2003-06-05,0.03767533834281791,0.5859174748637807,0.3764071867934015,0.002419003454807432,95277743.65492447
2003-06-06,0.03767533834281791,0.5859174748637807,0.3764071867934015,-0.0013194604216360535,95152028.44310902
2003-06-09,0.03767533834281791,0.5859174748637807,0.3764071867934015,0.0006413519627189493,95213054.38330768
2003-06-10,0.03767533834281791,0.5859174748637807,0.3764071867934015,0.0016223289982724197,95367521.28244781
2003-06-11,0.03767533834281791,0.5859174748637807,0.3764071867934015,0.0022827734081946,95585223.7240368
2003-06-12,0.03767533834281791,0.5859174748637807,0.3764071867934015,-0.00013955935256055392,95571883.91209953
2003-06-13,0.03767533834281791,0.5859174748637807,0.3764071867934015,0.001993225020992624,95762380.18241651
2003-06-16,0.03767533834281791,0.5859174748637807,0.3764071867934015,-0.0006687828022486596,95698335.94944812
2003-06-17,0.03767533834281791,0.5859174748637807,0.3764071867934015,-0.0012246401484604427,95581139.92510356
2003-06-18,0.03767533834281791,0.5859174748637807,0.3764071867934015,-0.0055596741647881,95049739.93082097
2003-06-19,0.03767533834281791,0.5859174748637807,0.3764071867934015,0.00155716567487721,95197748.12324725
2003-06-20,0.03767533834281791,0.5859174748637807,0.3764071867934015,-0.0028206697684712507,94929226.71308947
2003-06-23,0.03767533834281791,0.5859174748637807,0.3764071867934015,-0.0003576066785181487,94895279.3876303
2003-06-24,0.03767533834281791,0.5859174748637807,0.3764071867934015,0.000461343793685005,94939058.73582579
2003-06-25,0.03767533834281791,0.5859174748637807,0.3764071867934015,-0.0015935124136326109,94787772.16719165
2003-06-26,0.03767533834281791,0.5859174748637807,0.3764071867934015,-0.009023944077977455,93932412.61187884
2003-06-27,0.03767533834281791,0.5859174748637807,0.3764071867934015,0.0005580803662579919,93984834.44711277
2003-06-30,0.03767533834281791,0.5859174748637807,0.3764071867934015,0.003220245726813926,94287488.7086264
2003-07-01,0.03793394464756,0.5779693693458186,0.3840966860066215,0.0029025764245913487,94561165.35048598
2003-07-02,0.03793394464756,0.5779693693458186,0.3840966860066215,0.0032683000590948553,94870219.61278906
2003-07-03,0.03793394464756,0.5779693693458186,0.3840966860066215,-0.0040998403799697445,94481266.85556395
2003-07-04,0.03793394464756,0.5779693693458186,0.3840966860066215,-0.0005194278323228652,94432190.65592605
2003-07-07,0.03793394464756,0.5779693693458186,0.3840966860066215,-0.0023631980598941035,94209028.6861764
2003-07-08,0.03793394464756,0.5779693693458186,0.3840966860066215,-0.004203446612479741,93813026.0636805
2003-07-09,0.03793394464756,0.5779693693458186,0.3840966860066215,0.0020353638491116804,94003969.70550628
2003-07-10,0.03793394464756,0.5779693693458186,0.3840966860066215,-0.0013962182268171127,93872719.6496103
2003-07-11,0.03793394464756,0.5779693693458186,0.3840966860066215,0.0013952895301060455,94003699.27249998
2003-07-14,0.03793394464756,0.5779693693458186,0.3840966860066215,-0.0010482292052369122,93905161.84952223
2003-07-15,0.03793394464756,0.5779693693458186,0.3840966860066215,-0.005337353248629071,93403956.82886164
2003-07-16,0.03793394464756,0.5779693693458186,0.3840966860066215,-0.000990189007583199,93311469.25754493
2003-07-17,0.03793394464756,0.5779693693458186,0.3840966860066215,-0.000686432728387611,93247417.21111262
2003-07-18,0.03793394464756,0.5779693693458186,0.3840966860066215,-0.0010926316987629739,93145532.12723999
2003-07-21,0.03793394464756,0.5779693693458186,0.3840966860066215,-0.005787233770549766,92606477.1581374
2003-07-22,0.03793394464756,0.5779693693458186,0.3840966860066215,0.001403358624021177,92736437.25649749
2003-07-23,0.03793394464756,0.5779693693458186,0.3840966860066215,0.002171980793683405,92937859.01709321
2003-07-24,0.03793394464756,0.5779693693458186,0.3840966860066215,-0.0007117193093780171,92871713.3482585
2003-07-25,0.03793394464756,0.5779693693458186,0.3840966860066215,-2.3889708586536155e-05,92869494.67009068
2003-07-28,0.03793394464756,0.5779693693458186,0.3840966860066215,-0.003113830568816927,92580314.79867636
2003-07-29,0.03793394464756,0.5779693693458186,0.3840966860066215,-0.003591480243021082,92247814.42718424
2003-07-30,0.03793394464756,0.5779693693458186,0.3840966860066215,-0.0007404664795462759,92179508.0127895
2003-07-31,0.03793394464756,0.5779693693458186,0.3840966860066215,-0.006354067385354917,91593793.20732737
2003-08-01,0.028583024601685863,0.519982660532313,0.45143431486600116,-0.0011623309168868933,91487330.90968755
2003-08-04,0.028583024601685863,0.519982660532313,0.45143431486600116,-0.000952942627923622,91400148.73214875
2003-08-05,0.028583024601685863,0.519982660532313,0.45143431486600116,-0.003860406405501833,91047307.01251934
2003-08-06,0.028583024601685863,0.519982660532313,0.45143431486600116,0.004417412645803903,91449500.53788283
2003-08-07,0.028583024601685863,0.519982660532313,0.45143431486600116,0.0013434562839590286,91572358.94404536
2003-08-08,0.028583024601685863,0.519982660532313,0.45143431486600116,0.00012186873717682367,91583518.75179018
2003-08-11,0.028583024601685863,0.519982660532313,0.45143431486600116,-0.001588384062721064,91438048.95019692
2003-08-12,0.028583024601685863,0.519982660532313,0.45143431486600116,0.0009828504253579311,91527918.87550151
2003-08-13,0.028583024601685863,0.519982660532313,0.45143431486600116,-0.005347786441892694,91038447.11188444
2003-08-14,0.028583024601685863,0.519982660532313,0.45143431486600116,-2.9970942514467635e-05,91035718.60381944
2003-08-15,0.028583024601685863,0.519982660532313,0.45143431486600116,0.00041581122197330495,91073572.2772153
2003-08-18,0.028583024601685863,0.519982660532313,0.45143431486600116,-0.00019233749023398004,91056055.41489686
2003-08-19,0.028583024601685863,0.519982660532313,0.45143431486600116,0.004202526047057463,91438720.85952029
2003-08-20,0.028583024601685863,0.519982660532313,0.45143431486600116,-0.00021739046216448618,91418842.95373291
2003-08-21,0.028583024601685863,0.519982660532313,0.45143431486600116,-0.0028361026937597017,91159569.72697143
2003-08-22,0.028583024601685863,0.519982660532313,0.45143431486600116,0.0023236809523596727,91371395.4827713
2003-08-25,0.028583024601685863,0.519982660532313,0.45143431486600116,-0.0027421833333893517,91120838.36492991
2003-08-26,0.028583024601685863,0.519982660532313,0.45143431486600116,0.0023237491528236695,91332580.33588499
2003-08-27,0.028583024601685863,0.519982660532313,0.45143431486600116,0.0005904668109779525,91386509.19333431
2003-08-28,0.028583024601685863,0.519982660532313,0.45143431486600116,0.0027758697888705004,91640186.24331442
2003-08-29,0.028583024601685863,0.519982660532313,0.45143431486600116,0.0020938939665707335,91832071.07638471
2003-09-01,0.031349123206813746,0.5240333470223747,0.44461752977081154,0.0,91832071.07638471
2003-09-02,0.031349123206813746,0.5240333470223747,0.44461752977081154,-0.006606135027623297,91225416.0149878
2003-09-03,0.031349123206813746,0.5240333470223747,0.44461752977081154,0.0016261806699841331,91373765.02312264
2003-09-04,0.031349123206813746,0.5240333470223747,0.44461752977081154,0.0019376679311144417,91550817.03735314
2003-09-05,0.031349123206813746,0.5240333470223747,0.44461752977081154,0.006038607837365907,92103656.51863216
2003-09-08,0.031349123206813746,0.5240333470223747,0.44461752977081154,-0.0009169709818867994,92019200.1382789
2003-09-09,0.031349123206813746,0.5240333470223747,0.44461752977081154,0.0028900560980578294,92285140.78877693
2003-09-10,0.031349123206813746,0.5240333470223747,0.44461752977081154,0.0023819757005351496,92504961.75165626
2003-09-11,0.031349123206813746,0.5240333470223747,0.44461752977081154,-0.0017062945696954875,92347121.03774953
2003-09-12,0.031349123206813746,0.5240333470223747,0.44461752977081154,-0.0005364390507560783,92297582.43579997
2003-09-15,0.031349123206813746,0.5240333470223747,0.44461752977081154,-8.670934510389644e-05,92289579.3728723
2003-09-16,0.031349123206813746,0.5240333470223747,0.44461752977081154,-0.002236117860612445,92083208.9960882
2003-09-17,0.031349123206813746,0.5240333470223747,0.44461752977081154,0.003418129431628345,92397961.32291654
2003-09-18,0.031349123206813746,0.5240333470223747,0.44461752977081154,-6.434871451931409e-05,92392015.6328812
2003-09-19,0.031349123206813746,0.5240333470223747,0.44461752977081154,0.0024599849045079487,92619298.59663515
2003-09-22,0.031349123206813746,0.5240333470223747,0.44461752977081154,0.00010428231398948483,92628957.15141289
2003-09-23,0.031349123206813746,0.5240333470223747,0.44461752977081154,-0.00037572918281442115,92594153.74903743
2003-09-24,0.031349123206813746,0.5240333470223747,0.44461752977081154,0.004645214388884382,93024273.44435903
2003-09-25,0.031349123206813746,0.5240333470223747,0.44461752977081154,-0.0006653222082543441,92962382.32932979
2003-09-26,0.031349123206813746,0.5240333470223747,0.44461752977081154,-0.001026162757236781,92866987.79475942
2003-09-29,0.031349123206813746,0.5240333470223747,0.44461752977081154,0.0007479994552341237,92936452.25103915
2003-09-30,0.031349123206813746,0.5240333470223747,0.44461752977081154,0.006379845804306802,93529372.48600009
2003-10-01,0.03680754249066805,0.5558163709679614,0.4073760865413705,0.0018760974528075156,93704842.70348378
2003-10-02,0.03680754249066805,0.5558163709679614,0.4073760865413705,-0.0006601197041079467,93642986.29044487
2003-10-03,0.03680754249066805,0.5558163709679614,0.4073760865413705,-0.009204297392569932,92781068.39589925
2003-10-06,0.03680754249066805,0.5558163709679614,0.4073760865413705,0.004463891856323663,93195233.05153272
2003-10-07,0.03680754249066805,0.5558163709679614,0.4073760865413705,0.0007703600211035415,93267026.93323304
2003-10-08,0.03680754249066805,0.5558163709679614,0.4073760865413705,-0.00022627863732046187,93245922.59747165
2003-10-09,0.03680754249066805,0.5558163709679614,0.4073760865413705,-0.0006966463085717449,93180963.16970477
2003-10-10,0.03680754249066805,0.5558163709679614,0.4073760865413705,0.004655827019096597,93614797.61569571
2003-10-13,0.03680754249066805,0.5558163709679614,0.4073760865413705,0.0014552493614216977,93751030.49014558
2003-10-14,0.03680754249066805,0.5558163709679614,0.4073760865413705,-0.002897869911748862,93479352.19969273
2003-10-15,0.03680754249066805,0.5558163709679614,0.4073760865413705,-0.0018758205179488737,93304001.71283199
2003-10-16,0.03680754249066805,0.5558163709679614,0.4073760865413705,-0.0033869167616121807,92987988.8255053
2003-10-17,0.03680754249066805,0.5558163709679614,0.4073760865413705,0.0004932216164891326,93033852.5116679
2003-10-20,0.03680754249066805,0.5558163709679614,0.4073760865413705,3.0196236685417596e-05,93036661.78389809
2003-10-21,0.03680754249066805,0.5558163709679614,0.4073760865413705,0.004162060345504919,93423885.984587
2003-10-22,0.03680754249066805,0.5558163709679614,0.4073760865413705,0.0052667551870056555,93915926.72068654
2003-10-23,0.03680754249066805,0.5558163709679614,0.4073760865413705,-0.00100274785864164,93821752.72627503
2003-10-24,0.03680754249066805,0.5558163709679614,0.4073760865413705,0.003386186802685086,94139450.70716152
2003-10-27,0.03680754249066805,0.5558163709679614,0.4073760865413705,-0.0006442727816511821,94078799.22139129
2003-10-28,0.03680754249066805,0.5558163709679614,0.4073760865413705,0.0019368169716916434,94261012.63639966
2003-10-29,0.03680754249066805,0.5558163709679614,0.4073760865413705,-0.00028894731496002064,94233776.16989295
2003-10-30,0.03680754249066805,0.5558163709679614,0.4073760865413705,-0.003242420008711048,93928230.6885433
2003-10-31,0.03680754249066805,0.5558163709679614,0.4073760865413705,0.0019240854280556578,94108956.62849417
2003-11-03,0.043260535750897375,0.49674954832573165,0.459989915923371,-0.005319999572558942,93608297.01945661
2003-11-04,0.043260535750897375,0.49674954832573165,0.459989915923371,0.002336170171482375,93826981.93075673
2003-11-05,0.043260535750897375,0.49674954832573165,0.459989915923371,0.002201323641005457,94033525.48424509
2003-11-06,0.043260535750897375,0.49674954832573165,0.459989915923371,-0.003610404311422461,93694026.43841852
2003-11-07,0.043260535750897375,0.49674954832573165,0.459989915923371,0.0015520698624736655,93839446.1131474
2003-11-10,0.043260535750897375,0.49674954832573165,0.459989915923371,0.0007761157575825611,93912276.38595863
2003-11-11,0.043260535750897375,0.49674954832573165,0.459989915923371,0.0006558707314146655,93973870.6993607
2003-11-12,0.043260535750897375,0.49674954832573165,0.459989915923371,0.004666202467559709,94412371.8067042
2003-11-13,0.043260535750897375,0.49674954832573165,0.459989915923371,0.0037322159226205447,94764739.16405353
2003-11-14,0.043260535750897375,0.49674954832573165,0.459989915923371,0.003369302939489883,95084030.27827898
2003-11-17,0.043260535750897375,0.49674954832573165,0.459989915923371,-0.0037073276513593626,94731522.62362562
2003-11-18,0.043260535750897375,0.49674954832573165,0.459989915923371,0.004988462745645233,95204087.29507181
2003-11-19,0.043260535750897375,0.49674954832573165,0.459989915923371,-0.004275670230125943,94797026.01323797
2003-11-20,0.043260535750897375,0.49674954832573165,0.459989915923371,0.000946928983053024,94886792.06467713
2003-11-21,0.043260535750897375,0.49674954832573165,0.459989915923371,0.0017191160371522836,95049913.47062945
2003-11-24,0.043260535750897375,0.49674954832573165,0.459989915923371,-0.005111312774150477,94564083.63372512
2003-11-25,0.043260535750897375,0.49674954832573165,0.459989915923371,0.0012981410277012352,94686841.15043704
2003-11-26,0.043260535750897375,0.49674954832573165,0.459989915923371,0.0019920420221733,94875461.31695555
2003-11-27,0.043260535750897375,0.49674954832573165,0.459989915923371,-0.0004619414210432077,94831634.41153267
2003-11-28,0.043260535750897375,0.49674954832573165,0.459989915923371,-0.0007566987681911239,94759875.43058792
2003-12-01,0.04622572300677723,0.4934361599798987,0.460338117013324,0.003307008808504316,95073247.17332965
2003-12-02,0.04622572300677723,0.4934361599798987,0.460338117013324,0.0031372713769282786,95371517.75039814
2003-12-03,0.04622572300677723,0.4934361599798987,0.460338117013324,0.0010484483940299094,95471509.86501974
2003-12-04,0.04622572300677723,0.4934361599798987,0.460338117013324,0.0014279891760478399,95607842.14772792
2003-12-05,0.04622572300677723,0.4934361599798987,0.460338117013324,0.0043929526176480545,96027842.86815847
2003-12-08,0.04622572300677723,0.4934361599798987,0.460338117013324,0.0023117897806830415,96249839.05396211
2003-12-09,0.04622572300677723,0.4934361599798987,0.460338117013324,-0.0021756441003044982,96040433.6594691
2003-12-10,0.04622572300677723,0.4934361599798987,0.460338117013324,0.000440540301633979,96082743.3410825
2003-12-11,0.04622572300677723,0.4934361599798987,0.460338117013324,0.0011423949184117474,96192507.7788224
2003-12-12,0.04622572300677723,0.4934361599798987,0.460338117013324,0.0044936048845969695,96624758.90163895
2003-12-15,0.04622572300677723,0.4934361599798987,0.460338117013324,-0.0003947606922854777,96586615.24492303
2003-12-16,0.04622572300677723,0.4934361599798987,0.460338117013324,0.00022008982113302174,96607872.97579613
2003-12-17,0.04622572300677723,0.4934361599798987,0.460338117013324,0.003427075922982118,96938955.49124199
2003-12-18,0.04622572300677723,0.4934361599798987,0.460338117013324,0.0013018840745046755,97065158.77359515
2003-12-19,0.04622572300677723,0.4934361599798987,0.460338117013324,-0.0013042358796563885,96938562.9108581
2003-12-22,0.04622572300677723,0.4934361599798987,0.460338117013324,-0.0029210298270024664,96655402.47720872
2003-12-23,0.04622572300677723,0.4934361599798987,0.460338117013324,-0.0019197984074439116,96469843.58946212
2003-12-24,0.04622572300677723,0.4934361599798987,0.460338117013324,0.004071058050083084,96862577.92279726
2003-12-25,0.04622572300677723,0.4934361599798987,0.460338117013324,0.0002513677377211329,96886926.04987957
2003-12-26,0.04622572300677723,0.4934361599798987,0.460338117013324,0.0012332268152562944,97006409.60513204
2003-12-29,0.04622572300677723,0.4934361599798987,0.460338117013324,3.2091212006392627e-06,97006720.91045769
2003-12-30,0.04622572300677723,0.4934361599798987,0.460338117013324,0.000996179563668127,97103357.02336714
2003-12-31,0.04622572300677723,0.4934361599798987,0.460338117013324,0.0002984611742392122,97132338.60532689
2004-01-01,0.053625839544029504,0.4701657584524511,0.4762084020035193,0.00011462472066518702,97143472.37250708
2004-01-02,0.053625839544029504,0.4701657584524511,0.4762084020035193,-0.0018850614985628212,96960350.95290096
2004-01-05,0.053625839544029504,0.4701657584524511,0.4762084020035193,0.00905178723284329,97838015.41974844
2004-01-06,0.053625839544029504,0.4701657584524511,0.4762084020035193,0.0024602658708786315,98078722.94996013
2004-01-07,0.053625839544029504,0.4701657584524511,0.4762084020035193,-0.0006951291550886171,98010545.57014374
2004-01-08,0.053625839544029504,0.4701657584524511,0.4762084020035193,0.0038139360904903977,98384351.52714236
2004-01-09,0.053625839544029504,0.4701657584524511,0.4762084020035193,0.006600035111646517,99033691.70165807
2004-01-12,0.053625839544029504,0.4701657584524511,0.4762084020035193,0.0022411466524507595,99255640.72829507
2004-01-13,0.053625839544029504,0.4701657584524511,0.4762084020035193,-0.0013929691942296167,99117380.67840704
2004-01-14,0.053625839544029504,0.4701657584524511,0.4762084020035193,-0.00029550304859359195,99088091.19024797
2004-01-15,0.053625839544029504,0.4701657584524511,0.4762084020035193,-0.006288848659029861,98464941.18084034
2004-01-16,0.053625839544029504,0.4701657584524511,0.4762084020035193,-0.0002797292736034222,98437397.65436842
2004-01-19,0.053625839544029504,0.4701657584524511,0.4762084020035193,-0.0018559851723028847,98254699.30392182
2004-01-20,0.053625839544029504,0.4701657584524511,0.4762084020035193,0.005049152505558509,98750802.26509511
2004-01-21,0.053625839544029504,0.4701657584524511,0.4762084020035193,0.0005850080336322501,98808572.27774782
2004-01-22,0.053625839544029504,0.4701657584524511,0.4762084020035193,0.0019265951712207508,98998936.39597337
2004-01-23,0.053625839544029504,0.4701657584524511,0.4762084020035193,-0.004303342165592283,98572910.0986318
2004-01-26,0.053625839544029504,0.4701657584524511,0.4762084020035193,-0.0030014602781042675,98277047.42447361
2004-01-27,0.053625839544029504,0.4701657584524511,0.4762084020035193,0.0022485327797005044,98498026.58709975
2004-01-28,0.053625839544029504,0.4701657584524511,0.4762084020035193,-0.004989963106399353,98006525.06837697
2004-01-29,0.053625839544029504,0.4701657584524511,0.4762084020035193,-0.008730879134178327,97150841.94364415
2004-01-30,0.053625839544029504,0.4701657584524511,0.4762084020035193,0.0034417274038666254,97485208.65867032
2004-02-02,0.058748105438234687,0.5026383345786879,0.43861355998307744,-0.0017193503573116047,97317597.43033044
2004-02-03,0.058748105438234687,0.5026383345786879,0.43861355998307744,0.003756791288901447,97683199.33261351
2004-02-04,0.058748105438234687,0.5026383345786879,0.43861355998307744,-0.0016755451298977719,97519526.72369893
2004-02-05,0.058748105438234687,0.5026383345786879,0.43861355998307744,-0.0017953590566512374,97344444.15819518
2004-02-06,0.058748105438234687,0.5026383345786879,0.43861355998307744,0.0052199392305877,97852576.2411363
2004-02-09,0.058748105438234687,0.5026383345786879,0.43861355998307744,0.00327158379688762,98172709.1440505
2004-02-10,0.058748105438234687,0.5026383345786879,0.43861355998307744,0.00033359269961500846,98205458.84312238
2004-02-11,0.058748105438234687,0.5026383345786879,0.43861355998307744,0.005181731891355015,98714333.20111494
2004-02-12,0.058748105438234687,0.5026383345786879,0.43861355998307744,0.00024989120213186823,98739001.0445062
2004-02-13,0.058748105438234687,0.5026383345786879,0.43861355998307744,0.0007928812751356827,98817289.34956
2004-02-16,0.058748105438234687,0.5026383345786879,0.43861355998307744,0.0004478835877680359,98861547.99164736
2004-02-17,0.058748105438234687,0.5026383345786879,0.43861355998307744,0.002077328406305839,99066915.8935818
2004-02-18,0.058748105438234687,0.5026383345786879,0.43861355998307744,-0.0018437302571106906,98884263.22327015
2004-02-19,0.058748105438234687,0.5026383345786879,0.43861355998307744,0.0005204062118833058,98935723.20810905
2004-02-20,0.058748105438234687,0.5026383345786879,0.43861355998307744,-0.004957136971867735,98445285.27675566
2004-02-23,0.058748105438234687,0.5026383345786879,0.43861355998307744,0.0020997518140534305,98651995.94310054
2004-02-24,0.058748105438234687,0.5026383345786879,0.43861355998307744,0.00260608301050686,98909091.23368044
2004-02-25,0.058748105438234687,0.5026383345786879,0.43861355998307744,0.00012354767362420503,98921311.22180264
2004-02-26,0.058748105438234687,0.5026383345786879,0.43861355998307744,0.0007324286005308782,98993764.0193435
2004-02-27,0.058748105438234687,0.5026383345786879,0.43861355998307744,0.002734677294487976,99264480.01810311
2004-03-01,0.059381452027512605,0.49712828705752665,0.44349026091496074,0.002198288017111191,99482691.93505168
2004-03-02,0.059381452027512605,0.49712828705752665,0.44349026091496074,-0.004944111791335977,98990838.38482174
2004-03-03,0.059381452027512605,0.49712828705752665,0.44349026091496074,-0.004583654010636604,98537098.63144287
2004-03-04,0.059381452027512605,0.49712828705752665,0.44349026091496074,0.00234556180556046,98768223.48642355
2004-03-05,0.059381452027512605,0.49712828705752665,0.44349026091496074,0.007381669804566013,99497297.89938392
2004-03-08,0.059381452027512605,0.49712828705752665,0.44349026091496074,-0.0011055306764448485,99387300.58433278
2004-03-09,0.059381452027512605,0.49712828705752665,0.44349026091496074,0.0024145672117394067,99627277.90158701
2004-03-10,0.059381452027512605,0.49712828705752665,0.44349026091496074,-0.0035329133663449426,99275303.35983592
2004-03-11,0.059381452027512605,0.49712828705752665,0.44349026091496074,-0.0005493171962674616,99220769.72853568
2004-03-12,0.059381452027512605,0.49712828705752665,0.44349026091496074,-0.0010836989407400216,99113244.28548147
2004-03-15,0.059381452027512605,0.49712828705752665,0.44349026091496074,0.0013891710458680201,99250929.5347049
2004-03-16,0.059381452027512605,0.49712828705752665,0.44349026091496074,0.0032098359613567254,99569508.73752348
2004-03-17,0.059381452027512605,0.49712828705752665,0.44349026091496074,0.0014750980769535353,99716383.52838542
2004-03-18,0.059381452027512605,0.49712828705752665,0.44349026091496074,-0.00089681715683125,99626956.16481999
2004-03-19,0.059381452027512605,0.49712828705752665,0.44349026091496074,-0.001520821197728608,99475441.37801936
2004-03-22,0.059381452027512605,0.49712828705752665,0.44349026091496074,0.0013221081248481763,99606958.66728811
2004-03-23,0.059381452027512605,0.49712828705752665,0.44349026091496074,-2.5412123101812482e-05,99604427.44299264
2004-03-24,0.059381452027512605,0.49712828705752665,0.44349026091496074,-0.0009813293261103802,99506682.69733241
2004-03-25,0.059381452027512605,0.49712828705752665,0.44349026091496074,-0.0014097705024917443,99366401.1112649
2004-03-26,0.059381452027512605,0.49712828705752665,0.44349026091496074,-0.002423293108551773,99125607.19623038
2004-03-29,0.059381452027512605,0.49712828705752665,0.44349026091496074,-0.0003437047557387329,99091537.25362155
2004-03-30,0.059381452027512605,0.49712828705752665,0.44349026091496074,0.0017534578225874237,99265290.08477113
2004-03-31,0.059381452027512605,0.49712828705752665,0.44349026091496074,0.0018975109488904669,99453647.05955179
2004-04-01,0.055765590762677834,0.5102690146536358,0.4339653945836863,-0.0019556408230716996,99259151.44735876
2004-04-02,0.055765590762677834,0.5102690146536358,0.4339653945836863,-0.007000821614341074,98564255.83448493
2004-04-05,0.055765590762677834,0.5102690146536358,0.4339653945836863,-0.0037536434786238746,98194280.75834641
2004-04-06,0.055765590762677834,0.5102690146536358,0.4339653945836863,0.0028181082487603974,98471002.8709326
2004-04-07,0.055765590762677834,0.5102690146536358,0.4339653945836863,0.001478665762677876,98616608.57149442
2004-04-08,0.055765590762677834,0.5102690146536358,0.4339653945836863,-0.0010787908440076897,98510221.87710041
2004-04-09,0.055765590762677834,0.5102690146536358,0.4339653945836863,0.0,98510221.87710041
2004-04-12,0.055765590762677834,0.5102690146536358,0.4339653945836863,-0.0006395206121151565,98447222.55970596
2004-04-13,0.055765590762677834,0.5102690146536358,0.4339653945836863,-0.008710393259416312,97589708.53591363
2004-04-14,0.055765590762677834,0.5102690146536358,0.4339653945836863,-0.0021063166429079426,97384153.7086479
2004-04-15,0.055765590762677834,0.5102690146536358,0.4339653945836863,-0.0031074258391429297,97081539.67309059
2004-04-16,0.055765590762677834,0.5102690146536358,0.4339653945836863,0.002848494339691331,97358075.88933791
2004-04-19,0.055765590762677834,0.5102690146536358,0.4339653945836863,-0.0005566263008304373,97303883.82369967
2004-04-20,0.055765590762677834,0.5102690146536358,0.4339653945836863,-0.00447688936963106,96868265.10058552
2004-04-21,0.055765590762677834,0.5102690146536358,0.4339653945836863,-0.004297482559481667,96451975.42074852
2004-04-22,0.055765590762677834,0.5102690146536358,0.4339653945836863,0.0040165658626237725,96839381.1326061
2004-04-23,0.055765590762677834,0.5102690146536358,0.4339653945836863,-0.0010004916536337897,96742494.14003988
2004-04-26,0.055765590762677834,0.5102690146536358,0.4339653945836863,0.0017580276318826592,96912570.1179153
2004-04-27,0.055765590762677834,0.5102690146536358,0.4339653945836863,0.002944840338939465,97197962.16374885
2004-04-28,0.055765590762677834,0.5102690146536358,0.4339653945836863,-0.008006718187312143,96419725.47232269
2004-04-29,0.055765590762677834,0.5102690146536358,0.4339653945836863,-0.0016203346571989647,96263493.24950226
2004-04-30,0.055765590762677834,0.5102690146536358,0.4339653945836863,0.0018562254471696238,96442179.99530543
2004-05-03,0.049620980047710206,0.48933109504836525,0.46104792490392454,0.0018272018548517936,96618399.32547879
2004-05-04,0.049620980047710206,0.48933109504836525,0.46104792490392454,0.00047647023749224635,96664435.11715153
2004-05-05,0.049620980047710206,0.48933109504836525,0.46104792490392454,-0.00015437983836735737,96649512.07728228
2004-05-06,0.049620980047710206,0.48933109504836525,0.46104792490392454,-0.002245614169935988,96432474.56344414
2004-05-07,0.049620980047710206,0.48933109504836525,0.46104792490392454,-0.004780063747435698,95971521.18770792
2004-05-10,0.049620980047710206,0.48933109504836525,0.46104792490392454,-0.002715947833986079,95710867.5426138
2004-05-11,0.049620980047710206,0.48933109504836525,0.46104792490392454,0.002249102768867296,95926131.11981459
2004-05-12,0.049620980047710206,0.48933109504836525,0.46104792490392454,-0.0005459168498066105,95873763.42849952
2004-05-13,0.049620980047710206,0.48933109504836525,0.46104792490392454,-0.0011477491834216771,95763724.3948129
2004-05-14,0.049620980047710206,0.48933109504836525,0.46104792490392454,0.0009730206686258873,95856904.47795364
2004-05-17,0.049620980047710206,0.48933109504836525,0.46104792490392454,0.0011768951719576387,95969718.00603256
2004-05-18,0.049620980047710206,0.48933109504836525,0.46104792490392454,-0.001509045049299097,95824895.37819293
2004-05-19,0.049620980047710206,0.48933109504836525,0.46104792490392454,0.0013343049817256742,95952755.0134694
2004-05-20,0.049620980047710206,0.48933109504836525,0.46104792490392454,0.00021231774144128668,95973127.48569892
2004-05-21,0.049620980047710206,0.48933109504836525,0.46104792490392454,-0.0008392236177831131,95892584.57044041
2004-05-24,0.049620980047710206,0.48933109504836525,0.46104792490392454,0.0033770776093281036,96216421.27069384
2004-05-25,0.049620980047710206,0.48933109504836525,0.46104792490392454,0.0010523829941419644,96317677.79619633
2004-05-26,0.049620980047710206,0.48933109504836525,0.46104792490392454,0.0013598350782277936,96448653.95311704
2004-05-27,0.049620980047710206,0.48933109504836525,0.46104792490392454,0.0011451848775227403,96559105.49308157
2004-05-28,0.049620980047710206,0.48933109504836525,0.46104792490392454,-0.0008072517253743347,96481157.98857169
2004-05-31,0.049620980047710206,0.48933109504836525,0.46104792490392454,0.0,96481157.98857169
2004-06-01,0.06277206751960503,0.4700656107668024,0.4671623217135927,0.002438356577379349,96716413.45474629
2004-06-02,0.06277206751960503,0.4700656107668024,0.4671623217135927,-0.0034490736291557817,96382831.42359301
2004-06-03,0.06277206751960503,0.4700656107668024,0.4671623217135927,-0.0017264446154836369,96216431.80325668
2004-06-04,0.06277206751960503,0.4700656107668024,0.4671623217135927,-0.0019093126738392216,96032724.55058312
2004-06-07,0.06277206751960503,0.4700656107668024,0.4671623217135927,0.001904705677645587,96215638.62627439
2004-06-08,0.06277206751960503,0.4700656107668024,0.4671623217135927,-0.0018256192492461664,96039985.50431974
2004-06-09,0.06277206751960503,0.4700656107668024,0.4671623217135927,-0.0021771789751106538,95830889.26710983
2004-06-10,0.06277206751960503,0.4700656107668024,0.4671623217135927,0.0008045894825323486,95907993.79271586
2004-06-11,0.06277206751960503,0.4700656107668024,0.4671623217135927,0.0,95907993.79271586
2004-06-14,0.06277206751960503,0.4700656107668024,0.4671623217135927,-0.0025392316321346782,95664461.18110283
2004-06-15,0.06277206751960503,0.4700656107668024,0.4671623217135927,0.004930063259100144,96136093.02637339
2004-06-16,0.06277206751960503,0.4700656107668024,0.4671623217135927,-0.0009976185403275592,96040185.87757562
2004-06-17,0.06277206751960503,0.4700656107668024,0.4671623217135927,0.0010040131063821206,96136611.4829361
2004-06-18,0.06277206751960503,0.4700656107668024,0.4671623217135927,-0.00022774330225176494,96114717.01356968
2004-06-21,0.06277206751960503,0.4700656107668024,0.4671623217135927,0.0003036553936330684,96143902.76579838
2004-06-22,0.06277206751960503,0.4700656107668024,0.4671623217135927,-5.461362215742162e-06,96143377.68912053
2004-06-23,0.06277206751960503,0.4700656107668024,0.4671623217135927,0.0008446841920780787,96224588.48042752
2004-06-24,0.06277206751960503,0.4700656107668024,0.4671623217135927,0.0012091309185401316,96340936.605483
2004-06-25,0.06277206751960503,0.4700656107668024,0.4671623217135927,-0.0002956773672507163,96312450.77098902
2004-06-28,0.06277206751960503,0.4700656107668024,0.4671623217135927,-0.0022789131484559945,96092963.06056699
2004-06-29,0.06277206751960503,0.4700656107668024,0.4671623217135927,0.0012452315239229034,96212621.04739717
2004-06-30,0.06277206751960503,0.4700656107668024,0.4671623217135927,0.0023581740974455705,96439507.15819849
2004-07-01,0.06333961936975036,0.4561966480167826,0.4804637326134671,0.0006765444880936786,96504752.77520083
2004-07-02,0.06333961936975036,0.4561966480167826,0.4804637326134671,0.0022156173237768274,96718570.37727638
2004-07-05,0.06333961936975036,0.4561966480167826,0.4804637326134671,9.055102386232837e-05,96727328.34285052
2004-07-06,0.06333961936975036,0.4561966480167826,0.4804637326134671,-0.002348915725724132,96500124.00019872
2004-07-07,0.06333961936975036,0.4561966480167826,0.4804637326134671,0.003225301431261945,96811365.98825352
2004-07-08,0.06333961936975036,0.4561966480167826,0.4804637326134671,0.0013282717688176912,96939957.79259638
2004-07-09,0.06333961936975036,0.4561966480167826,0.4804637326134671,0.000266167751562099,96965760.08319856
2004-07-12,0.06333961936975036,0.4561966480167826,0.4804637326134671,0.0007340775776105336,97036940.4734716
2004-07-13,0.06333961936975036,0.4561966480167826,0.4804637326134671,-0.0026188670994377506,96782813.62263553
2004-07-14,0.06333961936975036,0.4561966480167826,0.4804637326134671,0.0008928517349518698,96869226.32569201
2004-07-15,0.06333961936975036,0.4561966480167826,0.4804637326134671,-0.0008443291984765087,96787436.8094714
2004-07-16,0.06333961936975036,0.4561966480167826,0.4804637326134671,0.005867595626370204,97355346.35038225
2004-07-19,0.06333961936975036,0.4561966480167826,0.4804637326134671,2.737394772380745e-05,97358011.35054389
2004-07-20,0.06333961936975036,0.4561966480167826,0.4804637326134671,-0.0036155118105954532,97006012.31064992
2004-07-21,0.06333961936975036,0.4561966480167826,0.4804637326134671,-0.007005357650228429,96326450.50019135
2004-07-22,0.06333961936975036,0.4561966480167826,0.4804637326134671,0.0003726015897328422,96362341.88878103
2004-07-23,0.06333961936975036,0.4561966480167826,0.4804637326134671,-0.002710820392192162,96101120.88734952
2004-07-26,0.06333961936975036,0.4561966480167826,0.4804637326134671,-0.0022769189996649877,95882306.41931202
2004-07-27,0.06333961936975036,0.4561966480167826,0.4804637326134671,-0.003953167656835846,95503267.58671238
2004-07-28,0.06333961936975036,0.4561966480167826,0.4804637326134671,0.001090536724918469,95607417.4073654
2004-07-29,0.06333961936975036,0.4561966480167826,0.4804637326134671,0.0017822687019697033,95777815.51508671
2004-07-30,0.06333961936975036,0.4561966480167826,0.4804637326134671,0.004561675301404429,96214722.81054434
2004-08-02,0.07195571563133771,0.44911445196764804,0.4789298324010144,0.001055694786910315,96316296.19183944
2004-08-03,0.07195571563133771,0.44911445196764804,0.4789298324010144,0.0005046548934141929,96364902.68202819
2004-08-04,0.07195571563133771,0.44911445196764804,0.4789298324010144,-0.0009371736990843642,96274592.02971977
2004-08-05,0.07195571563133771,0.44911445196764804,0.4789298324010144,-0.0004937749855765186,96227054.0444289
2004-08-06,0.07195571563133771,0.44911445196764804,0.4789298324010144,0.007785817528948424,96976260.32856707
2004-08-09,0.07195571563133771,0.44911445196764804,0.4789298324010144,0.000523392231073864,97027016.94982164
2004-08-10,0.07195571563133771,0.44911445196764804,0.4789298324010144,0.00011541271444439287,97038215.10122228
2004-08-11,0.07195571563133771,0.44911445196764804,0.4789298324010144,-0.0018342601494964945,96860221.77028383
2004-08-12,0.07195571563133771,0.44911445196764804,0.4789298324010144,-0.00032190702356677453,96829041.78459173
2004-08-13,0.07195571563133771,0.44911445196764804,0.4789298324010144,0.0038424046721502736,97201098.14714468
2004-08-16,0.07195571563133771,0.44911445196764804,0.4789298324010144,0.0019186764940996729,97387595.6093603
2004-08-17,0.07195571563133771,0.44911445196764804,0.4789298324010144,0.0014984642273387257,97533527.43756744
2004-08-18,0.07195571563133771,0.44911445196764804,0.4789298324010144,0.0009824229638533397,97629346.61466773
2004-08-19,0.07195571563133771,0.44911445196764804,0.4789298324010144,0.0022062937824517737,97844745.63508852
2004-08-20,0.07195571563133771,0.44911445196764804,0.4789298324010144,8.891788269072649e-05,97853445.7827028
2004-08-23,0.07195571563133771,0.44911445196764804,0.4789298324010144,-0.002659960790698719,97593159.45368606
2004-08-24,0.07195571563133771,0.44911445196764804,0.4789298324010144,-0.003479988982901458,97253536.33398068
2004-08-25,0.07195571563133771,0.44911445196764804,0.4789298324010144,0.002433724155036706,97490224.61451943
2004-08-26,0.07195571563133771,0.44911445196764804,0.4789298324010144,4.313764751140165e-05,97494430.11346465
2004-08-27,0.07195571563133771,0.44911445196764804,0.4789298324010144,-0.0006362655081385246,97432397.77034783
2004-08-30,0.07195571563133771,0.44911445196764804,0.4789298324010144,0.001918195611903263,97619292.16820812
2004-08-31,0.07195571563133771,0.44911445196764804,0.4789298324010144,0.0038248508595997684,97992671.40177122
2004-09-01,0.08347577125686266,0.4324156908456741,0.4841085378974632,0.00012341311100017238,98004764.98220412
2004-09-02,0.08347577125686266,0.4324156908456741,0.4841085378974632,-0.002899981157301436,97720553.01043
2004-09-03,0.08347577125686266,0.4324156908456741,0.4841085378974632,-0.004452772595891921,97285425.60992974
2004-09-06,0.08347577125686266,0.4324156908456741,0.4841085378974632,0.0012294474199879169,97405032.9254483
2004-09-07,0.08347577125686266,0.4324156908456741,0.4841085378974632,0.000611575080115368,97464603.41626333
2004-09-08,0.08347577125686266,0.4324156908456741,0.4841085378974632,0.003464745252012502,97802293.4381891
2004-09-09,0.08347577125686266,0.4324156908456741,0.4841085378974632,-0.0009400270219569636,97710356.63954784
2004-09-10,0.08347577125686266,0.4324156908456741,0.4841085378974632,0.0020232512355206175,97908049.23934197
2004-09-13,0.08347577125686266,0.4324156908456741,0.4841085378974632,0.0010519710386215628,98011045.6715897
2004-09-14,0.08347577125686266,0.4324156908456741,0.4841085378974632,0.0009576157052120461,98104902.58820908
2004-09-15,0.08347577125686266,0.4324156908456741,0.4841085378974632,-0.001004806505042651,98006326.14391187
2004-09-16,0.08347577125686266,0.4324156908456741,0.4841085378974632,0.0029723525673294427,98297635.49904026
2004-09-17,0.08347577125686266,0.4324156908456741,0.4841085378974632,0.0001400771129014724,98311404.748026
2004-09-20,0.08347577125686266,0.4324156908456741,0.4841085378974632,0.0015793359934238784,98466671.48810862
2004-09-21,0.08347577125686266,0.4324156908456741,0.4841085378974632,0.0014970884153242064,98614084.80128902
2004-09-22,0.08347577125686266,0.4324156908456741,0.4841085378974632,-0.00030074218039762436,98584427.38640796
2004-09-23,0.08347577125686266,0.4324156908456741,0.4841085378974632,-0.0004870878995728501,98536408.10474172
2004-09-24,0.08347577125686266,0.4324156908456741,0.4841085378974632,-0.0004236183346442052,98494666.27563858
2004-09-27,0.08347577125686266,0.4324156908456741,0.4841085378974632,0.00045938585127205803,98539913.33175136
2004-09-28,0.08347577125686266,0.4324156908456741,0.4841085378974632,0.001711550762976456,98708569.39559795
2004-09-29,0.08347577125686266,0.4324156908456741,0.4841085378974632,-0.0006284214702100064,98646538.81129603
2004-09-30,0.08347577125686266,0.4324156908456741,0.4841085378974632,0.0008212054998514532,98727547.89150919
2004-10-01,0.07264064407717623,0.3707890797289437,0.5565702761938801,0.0016798925085186151,98893399.55959655
2004-10-04,0.07264064407717623,0.3707890797289437,0.5565702761938801,-0.0014947513819897635,98745578.51393518
2004-10-05,0.07264064407717623,0.3707890797289437,0.5565702761938801,0.00418565215417857,99158893.15735765
2004-10-06,0.07264064407717623,0.3707890797289437,0.5565702761938801,-0.00045197208832664545,99114076.10534115
2004-10-07,0.07264064407717623,0.3707890797289437,0.5565702761938801,-0.001117593769002298,99003306.8314654
2004-10-08,0.07264064407717623,0.3707890797289437,0.5565702761938801,0.0075374641719333085,99749540.70961049
2004-10-11,0.07264064407717623,0.3707890797289437,0.5565702761938801,-0.0004579532016656462,99703860.08807784
2004-10-12,0.07264064407717623,0.3707890797289437,0.5565702761938801,-0.005099631380951621,99195407.15437068
2004-10-13,0.07264064407717623,0.3707890797289437,0.5565702761938801,-0.003356591857872904,98862448.65837792
2004-10-14,0.07264064407717623,0.3707890797289437,0.5565702761938801,0.0018274912688955492,99043118.92012274
2004-10-15,0.07264064407717623,0.3707890797289437,0.5565702761938801,0.0018122937380925209,99222614.14434282
2004-10-18,0.07264064407717623,0.3707890797289437,0.5565702761938801,-0.0026875460791167885,98955948.79673947
2004-10-19,0.07264064407717623,0.3707890797289437,0.5565702761938801,0.0015185136892157287,99106214.75961666
2004-10-20,0.07264064407717623,0.3707890797289437,0.5565702761938801,0.004851740362049426,99587052.38189583
2004-10-21,0.07264064407717623,0.3707890797289437,0.5565702761938801,0.0029306692875808527,99878909.09775214
2004-10-22,0.07264064407717623,0.3707890797289437,0.5565702761938801,0.001136575152989373,99992428.98414035
2004-10-25,0.07264064407717623,0.3707890797289437,0.5565702761938801,0.0006396387955629392,100056388.02098118
2004-10-26,0.07264064407717623,0.3707890797289437,0.5565702761938801,0.0026217408192382163,100318709.93768133
2004-10-27,0.07264064407717623,0.3707890797289437,0.5565702761938801,-0.0039453198778156,99922920.53724739
2004-10-28,0.07264064407717623,0.3707890797289437,0.5565702761938801,-0.0009585804734532489,99827136.37676996
2004-10-29,0.07264064407717623,0.3707890797289437,0.5565702761938801,0.004839218214915474,100310221.67346728
2004-11-01,0.07353385767822353,0.4777799281271289,0.4486862141946476,-0.003824422907971951,99926592.96379553
2004-11-02,0.07353385767822353,0.4777799281271289,0.4486862141946476,-0.0012374928111528122,99802934.52335985
2004-11-03,0.07353385767822353,0.4777799281271289,0.4486862141946476,0.0059522985617981045,100396991.38698648
2004-11-04,0.07353385767822353,0.4777799281271289,0.4486862141946476,0.0013340823056292841,100530929.23673429
2004-11-05,0.07353385767822353,0.4777799281271289,0.4486862141946476,-0.0009635944149221235,100434058.19479483
2004-11-08,0.07353385767822353,0.4777799281271289,0.4486862141946476,-0.003196376941041956,100113033.08708572
2004-11-09,0.07353385767822353,0.4777799281271289,0.4486862141946476,0.0006883256339277929,100181943.45404983
2004-11-10,0.07353385767822353,0.4777799281271289,0.4486862141946476,0.0005077066705683119,100232806.49501194
2004-11-11,0.07353385767822353,0.4777799281271289,0.4486862141946476,0.0007315886140815995,100306135.67500113
2004-11-12,0.07353385767822353,0.4777799281271289,0.4486862141946476,0.004915549761036794,100799195.47624889
2004-11-15,0.07353385767822353,0.4777799281271289,0.4486862141946476,0.0009064832959385593,100890568.26319213
2004-11-16,0.07353385767822353,0.4777799281271289,0.4486862141946476,-0.0006566614953819841,100824317.31176649
2004-11-17,0.07353385767822353,0.4777799281271289,0.4486862141946476,0.007793007854118319,101610042.00846322
2004-11-18,0.07353385767822353,0.4777799281271289,0.4486862141946476,-0.002009496726168908,101405856.96170132
2004-11-19,0.07353385767822353,0.4777799281271289,0.4486862141946476,0.00020761588112120418,101426910.42804529
2004-11-22,0.07353385767822353,0.4777799281271289,0.4486862141946476,0.002372125041802354,101667507.7421843
2004-11-23,0.07353385767822353,0.4777799281271289,0.4486862141946476,0.0010448289050364544,101773732.89297633
2004-11-24,0.07353385767822353,0.4777799281271289,0.4486862141946476,0.0026359779554830567,102042006.20932944
2004-11-25,0.07353385767822353,0.4777799281271289,0.4486862141946476,0.0017401678345395951,102219576.42630681
2004-11-26,0.07353385767822353,0.4777799281271289,0.4486862141946476,-0.00038918064152524285,102179794.54597679
2004-11-29,0.07353385767822353,0.4777799281271289,0.4486862141946476,-0.004157262340994296,101755006.33410026
2004-11-30,0.07353385767822353,0.4777799281271289,0.4486862141946476,-0.0029349461219062897,101456360.87287544
2004-12-01,0.07801378973505699,0.45215086817570854,0.4698353420892345,0.0005362015270906904,101510761.92850854
2004-12-02,0.07801378973505699,0.45215086817570854,0.4698353420892345,-0.006660081165846481,100834692.01485775
2004-12-03,0.07801378973505699,0.45215086817570854,0.4698353420892345,0.00644156971803328,101484225.71346787
2004-12-06,0.07801378973505699,0.45215086817570854,0.4698353420892345,-0.001193928322263139,101363060.8221256
2004-12-07,0.07801378973505699,0.45215086817570854,0.4698353420892345,-0.0024068511228002186,101119095.0253754
2004-12-08,0.07801378973505699,0.45215086817570854,0.4698353420892345,-0.0031669621992120927,100798854.6738115
2004-12-09,0.07801378973505699,0.45215086817570854,0.4698353420892345,-0.002721449649144339,100524535.6661253
2004-12-10,0.07801378973505699,0.45215086817570854,0.4698353420892345,-0.0006241500206571603,100461793.27511273
2004-12-13,0.07801378973505699,0.45215086817570854,0.4698353420892345,0.003959310478647433,100859552.7059306
2004-12-14,0.07801378973505699,0.45215086817570854,0.4698353420892345,-0.0006451778908356995,100794480.35244516
2004-12-15,0.07801378973505699,0.45215086817570854,0.4698353420892345,0.005924850178028677,101391672.54730566
2004-12-16,0.07801378973505699,0.45215086817570854,0.4698353420892345,-0.005340354075574075,100850205.11558838
2004-12-17,0.07801378973505699,0.45215086817570854,0.4698353420892345,0.002678150926189768,101120297.18582511
2004-12-20,0.07801378973505699,0.45215086817570854,0.4698353420892345,0.002385751870910247,101361545.1240232
2004-12-21,0.07801378973505699,0.45215086817570854,0.4698353420892345,0.00028246690001267473,101390176.40545489
2004-12-22,0.07801378973505699,0.45215086817570854,0.4698353420892345,-0.0010017029542308468,101288613.56621957
2004-12-23,0.07801378973505699,0.45215086817570854,0.4698353420892345,0.0011306023942117397,101403130.71522391
2004-12-24,0.07801378973505699,0.45215086817570854,0.4698353420892345,0.0009929891817650313,101503822.92702122
2004-12-27,0.07801378973505699,0.45215086817570854,0.4698353420892345,0.00036333283588437437,101540702.59885839
2004-12-28,0.07801378973505699,0.45215086817570854,0.4698353420892345,0.0006175613968530847,101603410.2169928
2004-12-29,0.07801378973505699,0.45215086817570854,0.4698353420892345,-0.002807780942116386,101318130.0981315
2004-12-30,0.07801378973505699,0.45215086817570854,0.4698353420892345,0.0035319921902564203,101675984.94236946
2004-12-31,0.07801378973505699,0.45215086817570854,0.4698353420892345,0.0013114939539482003,101809332.38188311
2005-01-03,0.09784666305866964,0.4721613386485452,0.4299919982927851,-0.003734551356703024,101429120.20151134
2005-01-04,0.09784666305866964,0.4721613386485452,0.4299919982927851,-0.005582641079062331,100862877.82846121
2005-01-05,0.09784666305866964,0.4721613386485452,0.4299919982927851,-0.0008911784580147765,100772991.00452712
2005-01-06,0.09784666305866964,0.4721613386485452,0.4299919982927851,-0.0019471431106772288,100576771.56935032
2005-01-07,0.09784666305866964,0.4721613386485452,0.4299919982927851,-0.001011739628200345,100475014.06387715
2005-01-10,0.09784666305866964,0.4721613386485452,0.4299919982927851,0.0015099987143090466,100626731.2059338
2005-01-11,0.09784666305866964,0.4721613386485452,0.4299919982927851,0.0001082120986713844,100637620.23570003
2005-01-12,0.09784666305866964,0.4721613386485452,0.4299919982927851,0.0022652948946433457,100865594.123029
2005-01-13,0.09784666305866964,0.4721613386485452,0.4299919982927851,0.00046584167534392405,100912581.52037986
2005-01-14,0.09784666305866964,0.4721613386485452,0.4299919982927851,-0.0011661295884706378,100794904.37321998
2005-01-17,0.09784666305866964,0.4721613386485452,0.4299919982927851,-8.836723066065219e-05,100785997.40665582
2005-01-18,0.09784666305866964,0.4721613386485452,0.4299919982927851,0.0009197030293380764,100878690.59378555
2005-01-19,0.09784666305866964,0.4721613386485452,0.4299919982927851,-3.300884112696035e-05,100875360.70511465
2005-01-20,0.09784666305866964,0.4721613386485452,0.4299919982927851,-0.0003208596094012686,100842993.87628059
2005-01-21,0.09784666305866964,0.4721613386485452,0.4299919982927851,0.002710625212490552,101116341.43798469
2005-01-24,0.09784666305866964,0.4721613386485452,0.4299919982927851,0.00046118824974008665,101162975.10651259
2005-01-25,0.09784666305866964,0.4721613386485452,0.4299919982927851,-0.0012226956133081551,101039283.58062066
2005-01-26,0.09784666305866964,0.4721613386485452,0.4299919982927851,0.0012886634661715417,101169489.21401916
2005-01-27,0.09784666305866964,0.4721613386485452,0.4299919982927851,-0.00010079971439545792,101159291.35840085
2005-01-28,0.09784666305866964,0.4721613386485452,0.4299919982927851,0.002070190843651319,101368710.39712128
2005-01-31,0.09784666305866964,0.4721613386485452,0.4299919982927851,0.002634292862275225,101635745.26737843
2005-02-01,0.08380519179055711,0.5215451015930153,0.39464970661642756,0.000572997906277094,101693982.33661957
2005-02-02,0.08380519179055711,0.5215451015930153,0.39464970661642756,5.247716411585577e-05,101699318.94842026
2005-02-03,0.08380519179055711,0.5215451015930153,0.39464970661642756,-7.374547608843295e-05,101691819.08372653
2005-02-04,0.08380519179055711,0.5215451015930153,0.39464970661642756,0.0030231859144220848,101999252.35879241
2005-02-07,0.08380519179055711,0.5215451015930153,0.39464970661642756,0.001135385614825377,102115060.84264353
2005-02-08,0.08380519179055711,0.5215451015930153,0.39464970661642756,-0.000598505581743729,102053944.4087491
2005-02-09,0.08380519179055711,0.5215451015930153,0.39464970661642756,0.0021277512167942104,102271089.81314348
2005-02-10,0.08380519179055711,0.5215451015930153,0.39464970661642756,-0.0024311348542523223,102022455.00211637
2005-02-11,0.08380519179055711,0.5215451015930153,0.39464970661642756,0.0003942489055810553,102062677.24334566
2005-02-14,0.08380519179055711,0.5215451015930153,0.39464970661642756,0.001744362652352815,102240711.5657281
2005-02-15,0.08380519179055711,0.5215451015930153,0.39464970661642756,-0.00044055268523300687,102195669.14570768
2005-02-16,0.08380519179055711,0.5215451015930153,0.39464970661642756,-0.0017793178473507075,102013830.56767477
2005-02-17,0.08380519179055711,0.5215451015930153,0.39464970661642756,0.0002638991865913309,102040751.93458264
2005-02-18,0.08380519179055711,0.5215451015930153,0.39464970661642756,-0.002327652603665504,101803236.51266213
2005-02-21,0.08380519179055711,0.5215451015930153,0.39464970661642756,9.338115137562141e-05,101812743.01610143
2005-02-22,0.08380519179055711,0.5215451015930153,0.39464970661642756,-0.001775581038393048,101631966.24013527
2005-02-23,0.08380519179055711,0.5215451015930153,0.39464970661642756,0.0005052534277484521,101683316.13944693
2005-02-24,0.08380519179055711,0.5215451015930153,0.39464970661642756,-0.0013529322845682449,101545745.49823992
2005-02-25,0.08380519179055711,0.5215451015930153,0.39464970661642756,0.0014929792297517204,101697351.18713845
2005-02-28,0.08380519179055711,0.5215451015930153,0.39464970661642756,0.0010642405193867768,101805581.62898612
2005-03-01,0.09551344386646593,0.5087561309752286,0.3957304251583054,-0.002008267508538425,101601128.78721277
2005-03-02,0.09551344386646593,0.5087561309752286,0.3957304251583054,-5.986111451647409e-05,101595046.83040743
2005-03-03,0.09551344386646593,0.5087561309752286,0.3957304251583054,-0.001532292623513295,101439373.48956372
2005-03-04,0.09551344386646593,0.5087561309752286,0.3957304251583054,0.005523863766452475,101999710.76927437
2005-03-07,0.09551344386646593,0.5087561309752286,0.3957304251583054,0.0002511713026579425,102025330.16949902
2005-03-08,0.09551344386646593,0.5087561309752286,0.3957304251583054,-0.0011274447260757256,101910302.24907327
2005-03-09,0.09551344386646593,0.5087561309752286,0.3957304251583054,-0.004097386282068189,101492736.3746365
2005-03-10,0.09551344386646593,0.5087561309752286,0.3957304251583054,-0.00010701364906104318,101481875.26656385
2005-03-11,0.09551344386646593,0.5087561309752286,0.3957304251583054,0.0004157343195912238,101524064.76492864
2005-03-14,0.09551344386646593,0.5087561309752286,0.3957304251583054,-0.00269793827715337,101250159.10454713
2005-03-15,0.09551344386646593,0.5087561309752286,0.3957304251583054,0.00010729493048380304,101261022.73332973
2005-03-16,0.09551344386646593,0.5087561309752286,0.3957304251583054,0.0023815904366356667,101502185.01667538
2005-03-17,0.09551344386646593,0.5087561309752286,0.3957304251583054,3.06165385009331e-05,101505292.66223088
2005-03-18,0.09551344386646593,0.5087561309752286,0.3957304251583054,-0.0008574639390415278,101418255.53415115
2005-03-21,0.09551344386646593,0.5087561309752286,0.3957304251583054,-0.004610446826939701,100950672.05972998
2005-03-22,0.09551344386646593,0.5087561309752286,0.3957304251583054,-0.0037389155011816706,100573226.02711116
2005-03-23,0.09551344386646593,0.5087561309752286,0.3957304251583054,-0.004569095426561616,100113697.36003615
2005-03-24,0.09551344386646593,0.5087561309752286,0.3957304251583054,0.00039031798267407183,100152773.53642775
2005-03-25,0.09551344386646593,0.5087561309752286,0.3957304251583054,-3.95683874114275e-05,100148810.65268412
2005-03-28,0.09551344386646593,0.5087561309752286,0.3957304251583054,-0.0006384676524330359,100084868.87665276
2005-03-29,0.09551344386646593,0.5087561309752286,0.3957304251583054,0.0010273097629930942,100187687.03957763
2005-03-30,0.09551344386646593,0.5087561309752286,0.3957304251583054,0.003099631738868514,100498231.97416934
2005-03-31,0.09551344386646593,0.5087561309752286,0.3957304251583054,0.0034739505385123475,100847357.86125554
2005-04-01,0.10090404984341939,0.5117649178611449,0.38733103229543575,-7.590132996499333e-05,100839703.41267042
2005-04-04,0.10090404984341939,0.5117649178611449,0.38733103229543575,-0.0011355750879121604,100725192.35760254
2005-04-05,0.10090404984341939,0.5117649178611449,0.38733103229543575,-0.00019236008802372956,100705816.85073443
2005-04-06,0.10090404984341939,0.5117649178611449,0.38733103229543575,0.001201874172674942,100826852.57104547
2005-04-07,0.10090404984341939,0.5117649178611449,0.38733103229543575,-0.0015137068308527803,100674230.2755753
2005-04-08,0.10090404984341939,0.5117649178611449,0.38733103229543575,-0.0013262943025908786,100540706.61754306
2005-04-11,0.10090404984341939,0.5117649178611449,0.38733103229543575,0.001842555750693528,100725958.4747
2005-04-12,0.10090404984341939,0.5117649178611449,0.38733103229543575,0.0015880498245518285,100885916.31538355
2005-04-13,0.10090404984341939,0.5117649178611449,0.38733103229543575,-0.002478712513103324,100635849.13221672
2005-04-14,0.10090404984341939,0.5117649178611449,0.38733103229543575,-0.0007299392494530183,100562391.07603309
2005-04-15,0.10090404984341939,0.5117649178611449,0.38733103229543575,0.00031793680165619726,100594363.56101869
2005-04-18,0.10090404984341939,0.5117649178611449,0.38733103229543575,0.0005388969477909123,100648573.5565067
2005-04-19,0.10090404984341939,0.5117649178611449,0.38733103229543575,0.0043067909580493035,101082045.9230404
2005-04-20,0.10090404984341939,0.5117649178611449,0.38733103229543575,-1.0546122195411942e-05,101080979.89943232
2005-04-21,0.10090404984341939,0.5117649178611449,0.38733103229543575,0.00023876866866195614,101105114.87042996
2005-04-22,0.10090404984341939,0.5117649178611449,0.38733103229543575,0.001769156099988928,101283985.60114306
2005-04-25,0.10090404984341939,0.5117649178611449,0.38733103229543575,0.0015448436712172618,101440453.52529465
2005-04-26,0.10090404984341939,0.5117649178611449,0.38733103229543575,-0.0018159692044116675,101256240.78561117
2005-04-27,0.10090404984341939,0.5117649178611449,0.38733103229543575,9.454283492774714e-05,101265813.83766918
2005-04-28,0.10090404984341939,0.5117649178611449,0.38733103229543575,-0.0003828452913928756,101227044.69766235
2005-04-29,0.10090404984341939,0.5117649178611449,0.38733103229543575,0.00024916977435753186,101252267.41754855
2005-05-02,0.11120429155907517,0.5512853237894948,0.3375103846514301,0.0007285312484494095,101326032.85833861
2005-05-03,0.11120429155907517,0.5512853237894948,0.3375103846514301,-0.0016403660328628404,101159821.07579304
2005-05-04,0.11120429155907517,0.5512853237894948,0.3375103846514301,0.003051120954925049,101468471.92567387
2005-05-05,0.11120429155907517,0.5512853237894948,0.3375103846514301,0.00045564976419375496,101514706.01097989
2005-05-06,0.11120429155907517,0.5512853237894948,0.3375103846514301,-0.00316898773737693,101193007.15246767
2005-05-09,0.11120429155907517,0.5512853237894948,0.3375103846514301,0.001135168803637235,101307878.29733339
2005-05-10,0.11120429155907517,0.5512853237894948,0.3375103846514301,-0.00010268227359037626,101297475.77405721
2005-05-11,0.11120429155907517,0.5512853237894948,0.3375103846514301,0.0004930261457827827,101347418.0781156
2005-05-12,0.11120429155907517,0.5512853237894948,0.3375103846514301,0.00043642484366873365,101391648.60920657
2005-05-13,0.11120429155907517,0.5512853237894948,0.3375103846514301,0.0008667157122920056,101479526.34415136
2005-05-16,0.11120429155907517,0.5512853237894948,0.3375103846514301,0.0008517475954238274,101565961.28669973
2005-05-17,0.11120429155907517,0.5512853237894948,0.3375103846514301,0.0011435484430530993,101682106.88359632
2005-05-18,0.11120429155907517,0.5512853237894948,0.3375103846514301,0.003105528347502425,101997883.5489571
2005-05-19,0.11120429155907517,0.5512853237894948,0.3375103846514301,7.931296412142083e-05,102005973.30343547
2005-05-20,0.11120429155907517,0.5512853237894948,0.3375103846514301,-0.000764513051531795,101927988.4055108
2005-05-23,0.11120429155907517,0.5512853237894948,0.3375103846514301,0.0029456364479473825,102228231.20322403
2005-05-24,0.11120429155907517,0.5512853237894948,0.3375103846514301,0.001036855676368001,102334227.12503217
2005-05-25,0.11120429155907517,0.5512853237894948,0.3375103846514301,-0.00034878876025972404,102298534.0968211
2005-05-26,0.11120429155907517,0.5512853237894948,0.3375103846514301,0.0004446623619965511,102344022.40462138
2005-05-27,0.11120429155907517,0.5512853237894948,0.3375103846514301,0.00021879871854215926,102366415.14557396
2005-05-30,0.11120429155907517,0.5512853237894948,0.3375103846514301,0.0012198883608064847,102491290.74394754
2005-05-31,0.11120429155907517,0.5512853237894948,0.3375103846514301,0.000492814002081822,102541799.8871176
2005-06-01,0.1224425882668671,0.5222292996072547,0.3553281121258782,0.0026860966430928687,102817237.07157108
2005-06-02,0.1224425882668671,0.5222292996072547,0.3553281121258782,0.0015722366595350386,102978890.10092711
2005-06-03,0.1224425882668671,0.5222292996072547,0.3553281121258782,-0.0025600286036667036,102715261.1966949
2005-06-06,0.1224425882668671,0.5222292996072547,0.3553281121258782,-0.001288593434814507,102582902.98546158
2005-06-07,0.1224425882668671,0.5222292996072547,0.3553281121258782,0.0018024378261476681,102767802.29011862
2005-06-08,0.1224425882668671,0.5222292996072547,0.3553281121258782,-0.0006527458470834387,102700721.03395984
2005-06-09,0.1224425882668671,0.5222292996072547,0.3553281121258782,-0.0013951195538405492,102557441.24985184
2005-06-10,0.1224425882668671,0.5222292996072547,0.3553281121258782,-0.0018274092413143078,102370026.83394632
2005-06-13,0.1224425882668671,0.5222292996072547,0.3553281121258782,-4.820637391464834e-05,102365091.9461551
2005-06-14,0.1224425882668671,0.5222292996072547,0.3553281121258782,-0.0008642697108729161,102276620.89773533
2005-06-15,0.1224425882668671,0.5222292996072547,0.3553281121258782,0.0012610003283610456,102405591.75027104
2005-06-16,0.1224425882668671,0.5222292996072547,0.3553281121258782,0.003000155295330836,102712824.42863213
2005-06-17,0.1224425882668671,0.5222292996072547,0.3553281121258782,0.0011083540401503294,102826666.60256286
2005-06-20,0.1224425882668671,0.5222292996072547,0.3553281121258782,-6.84067120812345e-05,102819632.56838632
2005-06-21,0.1224425882668671,0.5222292996072547,0.3553281121258782,0.0014558026459342032,102969317.66153334
2005-06-22,0.1224425882668671,0.5222292996072547,0.3553281121258782,0.0025540952070974544,103232311.10225077
2005-06-23,0.1224425882668671,0.5222292996072547,0.3553281121258782,-0.001990056499627783,103026872.97057013
2005-06-24,0.1224425882668671,0.5222292996072547,0.3553281121258782,0.000777867701813444,103107014.2474728
2005-06-27,0.1224425882668671,0.5222292996072547,0.3553281121258782,-0.00037100037138277915,103068761.50689481
2005-06-28,0.1224425882668671,0.5222292996072547,0.3553281121258782,-0.0026816447145476836,102792367.70736486
2005-06-29,0.1224425882668671,0.5222292996072547,0.3553281121258782,0.0004366394034937835,102837250.90548432
2005-06-30,0.1224425882668671,0.5222292996072547,0.3553281121258782,-0.0013258326963578872,102700905.91583027
2005-07-01,0.1602078266693591,0.47678299120963363,0.3630091821210073,-0.0020422525265146032,102491164.73124833
2005-07-04,0.1602078266693591,0.47678299120963363,0.3630091821210073,-0.0008368405069043253,102405395.97300142
2005-07-05,0.1602078266693591,0.47678299120963363,0.3630091821210073,0.001740425856443496,102583624.97199218
2005-07-06,0.1602078266693591,0.47678299120963363,0.3630091821210073,-0.0003278690408046969,102549990.97727033
2005-07-07,0.1602078266693591,0.47678299120963363,0.3630091821210073,0.0010513508201306038,102657806.99438867
2005-07-08,0.1602078266693591,0.47678299120963363,0.3630091821210073,7.898502307697688e-05,102665915.42364314
2005-07-11,0.1602078266693591,0.47678299120963363,0.3630091821210073,0.002579082408996735,102930699.2801158
2005-07-12,0.1602078266693591,0.47678299120963363,0.3630091821210073,0.0012344632961615886,103057763.45042534
2005-07-13,0.1602078266693591,0.47678299120963363,0.3630091821210073,-0.0009836929744132122,102956386.25256042
2005-07-14,0.1602078266693591,0.47678299120963363,0.3630091821210073,-0.000919875987100232,102861679.14512809
2005-07-15,0.1602078266693591,0.47678299120963363,0.3630091821210073,0.0007932675906684946,102943275.98151568
2005-07-18,0.1602078266693591,0.47678299120963363,0.3630091821210073,-0.0021372092471725547,102723264.66015373
2005-07-19,0.1602078266693591,0.47678299120963363,0.3630091821210073,0.0003137753984289121,102755496.69345039
2005-07-20,0.1602078266693591,0.47678299120963363,0.3630091821210073,0.0010745789888342153,102865915.5911844
2005-07-21,0.1602078266693591,0.47678299120963363,0.3630091821210073,-0.003490539376527933,102506858.06231077
2005-07-22,0.1602078266693591,0.47678299120963363,0.3630091821210073,0.0017311289812656748,102684310.65508093
2005-07-25,0.1602078266693591,0.47678299120963363,0.3630091821210073,-0.002505427748900767,102427042.53378893
2005-07-26,0.1602078266693591,0.47678299120963363,0.3630091821210073,5.5961541837476784e-05,102432774.50901498
2005-07-27,0.1602078266693591,0.47678299120963363,0.3630091821210073,0.0006092936473889566,102495186.14780775
2005-07-28,0.1602078266693591,0.47678299120963363,0.3630091821210073,0.004826324792775626,102989861.20585304
2005-07-29,0.1602078266693591,0.47678299120963363,0.3630091821210073,-0.0014454971159051466,102840989.65851252
2005-08-01,0.18844609397026804,0.4148163108286472,0.3967375952010848,0.0008250267441589727,102925836.22537656
2005-08-02,0.18844609397026804,0.4148163108286472,0.3967375952010848,0.0031896954174601504,103254138.2935229
2005-08-03,0.18844609397026804,0.4148163108286472,0.3967375952010848,0.0019232849693986461,103452725.42573105
2005-08-04,0.18844609397026804,0.4148163108286472,0.3967375952010848,-0.0010080811545426917,103348436.6828433
2005-08-05,0.18844609397026804,0.4148163108286472,0.3967375952010848,-0.0027067382481938515,103068699.5163828
2005-08-08,0.18844609397026804,0.4148163108286472,0.3967375952010848,-0.0012710982638956634,102937689.07136554
2005-08-09,0.18844609397026804,0.4148163108286472,0.3967375952010848,0.0005415719716425024,102993437.23859222
2005-08-10,0.18844609397026804,0.4148163108286472,0.3967375952010848,0.0041034760005815955,103416068.3365182
2005-08-11,0.18844609397026804,0.4148163108286472,0.3967375952010848,0.004732771165623455,103905512.92280343
2005-08-12,0.18844609397026804,0.4148163108286472,0.3967375952010848,-0.001791131372657672,103719404.49881531
2005-08-15,0.18844609397026804,0.4148163108286472,0.3967375952010848,-0.0006279547516530428,103654273.40592165
2005-08-16,0.18844609397026804,0.4148163108286472,0.3967375952010848,6.18859052815932e-05,103660688.1444677
2005-08-17,0.18844609397026804,0.4148163108286472,0.3967375952010848,-0.004794609785857022,103163675.59468156
2005-08-18,0.18844609397026804,0.4148163108286472,0.3967375952010848,-0.0014637703237085696,103012667.66786137
2005-08-19,0.18844609397026804,0.4148163108286472,0.3967375952010848,-0.003098276883453953,102693505.9009231
2005-08-22,0.18844609397026804,0.4148163108286472,0.3967375952010848,0.004599262722168929,103165820.31442206
2005-08-23,0.18844609397026804,0.4148163108286472,0.3967375952010848,0.0001587026320902534,103182193.00164768
2005-08-24,0.18844609397026804,0.4148163108286472,0.3967375952010848,-0.001697176871046745,103007074.57018141
2005-08-25,0.18844609397026804,0.4148163108286472,0.3967375952010848,0.0016411194736711719,103176121.48618445
2005-08-26,0.18844609397026804,0.4148163108286472,0.3967375952010848,-0.0026412779630086676,102903604.67019428
2005-08-29,0.18844609397026804,0.4148163108286472,0.3967375952010848,0.0039676685153829504,103311892.06256361
2005-08-30,0.18844609397026804,0.4148163108286472,0.3967375952010848,0.0024143196902792234,103561319.99781026
2005-08-31,0.18844609397026804,0.4148163108286472,0.3967375952010848,0.005723549982427079,104154058.38906386
2005-09-01,0.2155449422401777,0.4107657534964149,0.3736893042634073,0.004913109629281117,104665778.69626388
2005-09-02,0.2155449422401777,0.4107657534964149,0.3736893042634073,-0.0005596098366905554,104607206.69694057
2005-09-05,0.2155449422401777,0.4107657534964149,0.3736893042634073,0.0006903613173361158,104679423.46595873
2005-09-06,0.2155449422401777,0.4107657534964149,0.3736893042634073,0.0010227357731907739,104786482.85705434
2005-09-07,0.2155449422401777,0.4107657534964149,0.3736893042634073,-0.0018821676743022101,104589257.12631696
2005-09-08,0.2155449422401777,0.4107657534964149,0.3736893042634073,0.000277433248488002,104618273.66367848
2005-09-09,0.2155449422401777,0.4107657534964149,0.3736893042634073,0.0022261755338032134,104851172.3048973
2005-09-12,0.2155449422401777,0.4107657534964149,0.3736893042634073,-0.0015705275210431248,104686500.65317881
2005-09-13,0.2155449422401777,0.4107657534964149,0.3736893042634073,-0.0021585760277918363,104460526.88243546
2005-09-14,0.2155449422401777,0.4107657534964149,0.3736893042634073,0.0006483229767339979,104528251.04217507
2005-09-15,0.2155449422401777,0.4107657534964149,0.3736893042634073,-0.00042729715958441956,104483586.41740842
2005-09-16,0.2155449422401777,0.4107657534964149,0.3736893042634073,0.00107134810866244,104595524.71010298
2005-09-19,0.2155449422401777,0.4107657534964149,0.3736893042634073,0.005268037662601125,105146537.87361532
2005-09-20,0.2155449422401777,0.4107657534964149,0.3736893042634073,-0.0029327875298088067,104838165.418537
2005-09-21,0.2155449422401777,0.4107657534964149,0.3736893042634073,0.0025066642367779952,105100959.49844107
2005-09-22,0.2155449422401777,0.4107657534964149,0.3736893042634073,-0.0008096731232170591,105015862.07631086
2005-09-23,0.2155449422401777,0.4107657534964149,0.3736893042634073,-0.0033379652088085226,104665322.7823271
2005-09-26,0.2155449422401777,0.4107657534964149,0.3736893042634073,0.0021431112602565755,104889632.2141403
2005-09-27,0.2155449422401777,0.4107657534964149,0.3736893042634073,-0.0019523875378374463,104684847.00335705
2005-09-28,0.2155449422401777,0.4107657534964149,0.3736893042634073,0.006196105645223521,105333485.37484391
2005-09-29,0.2155449422401777,0.4107657534964149,0.3736893042634073,0.003429007310572188,105694674.6662423
2005-09-30,0.2155449422401777,0.4107657534964149,0.3736893042634073,-0.0010595362194588571,105582687.33022949
2005-10-03,0.2004566986199357,0.35440261697337977,0.4451406844066846,-0.002230854346336975,105347147.73330091
2005-10-04,0.2004566986199357,0.35440261697337977,0.4451406844066846,-0.003050243034103739,105025813.32976472
2005-10-05,0.2004566986199357,0.35440261697337977,0.4451406844066846,-0.0049327539781251805,104507746.8312565
2005-10-06,0.2004566986199357,0.35440261697337977,0.4451406844066846,-0.001449446840797191,104356268.4077731
2005-10-07,0.2004566986199357,0.35440261697337977,0.4451406844066846,0.002917438940882547,104660721.44895114
2005-10-10,0.2004566986199357,0.35440261697337977,0.4451406844066846,-0.001405654891495007,104513604.59389903
2005-10-11,0.2004566986199357,0.35440261697337977,0.4451406844066846,0.0009517204809646377,104613072.33193047
2005-10-12,0.2004566986199357,0.35440261697337977,0.4451406844066846,-0.0024547053736516207,104356278.06112306
2005-10-13,0.2004566986199357,0.35440261697337977,0.4451406844066846,-0.0036017735798429804,103980410.37591177
2005-10-14,0.2004566986199357,0.35440261697337977,0.4451406844066846,0.0016729973911184081,104154369.33119811
2005-10-17,0.2004566986199357,0.35440261697337977,0.4451406844066846,0.004461829328983588,104619088.35102183
2005-10-18,0.2004566986199357,0.35440261697337977,0.4451406844066846,-0.004099767222831058,104190174.44171785
2005-10-19,0.2004566986199357,0.35440261697337977,0.4451406844066846,0.00017899819581953472,104208824.29496506
2005-10-20,0.2004566986199357,0.35440261697337977,0.4451406844066846,-0.005029273580056807,103684729.6081296
2005-10-21,0.2004566986199357,0.35440261697337977,0.4451406844066846,0.0017476896325960452,103865938.33512425
2005-10-24,0.2004566986199357,0.35440261697337977,0.4451406844066846,0.0018012720829499733,104053029.1502167
2005-10-25,0.2004566986199357,0.35440261697337977,0.4451406844066846,0.004053398939415962,104474797.5882172
2005-10-26,0.2004566986199357,0.35440261697337977,0.4451406844066846,-0.004938106827079345,103958889.87698911
2005-10-27,0.2004566986199357,0.35440261697337977,0.4451406844066846,-0.0018317643958731709,103768461.68387794
2005-10-28,0.2004566986199357,0.35440261697337977,0.4451406844066846,0.0021128061399833843,103987704.32686026
2005-10-31,0.2004566986199357,0.35440261697337977,0.4451406844066846,-0.0007732628258063383,103907294.50076337
2005-11-01,0.20137208658838426,0.3579441294352735,0.44068378397634234,-0.002556545889285132,103641650.73414071
2005-11-02,0.20137208658838426,0.3579441294352735,0.44068378397634234,0.0023027123280613664,103880307.64098686
2005-11-03,0.20137208658838426,0.3579441294352735,0.44068378397634234,0.002276195734415709,104116759.55412906
2005-11-04,0.20137208658838426,0.3579441294352735,0.44068378397634234,-0.0014640651327844747,103964325.83672737
2005-11-07,0.20137208658838426,0.3579441294352735,0.44068378397634234,0.002550173787564225,104229452.93531798
2005-11-08,0.20137208658838426,0.3579441294352735,0.44068378397634234,0.0014038855482214772,104375779.1579929
2005-11-09,0.20137208658838426,0.3579441294352735,0.44068378397634234,0.0012855111512382147,104509955.38601968
2005-11-10,0.20137208658838426,0.3579441294352735,0.44068378397634234,0.0036812077206119843,104894678.24066752
2005-11-11,0.20137208658838426,0.3579441294352735,0.44068378397634234,0.001481090449102798,105050036.74677147
2005-11-14,0.20137208658838426,0.3579441294352735,0.44068378397634234,-0.0036795154699634583,104663503.51144148
2005-11-15,0.20137208658838426,0.3579441294352735,0.44068378397634234,0.0005464463449899337,104720696.50038917
2005-11-16,0.20137208658838426,0.3579441294352735,0.44068378397634234,0.0043227608780590475,105173379.03034414
2005-11-17,0.20137208658838426,0.3579441294352735,0.44068378397634234,0.004861607360687361,105684690.7039864
2005-11-18,0.20137208658838426,0.3579441294352735,0.44068378397634234,-0.0017595298787170203,105498735.33296978
2005-11-21,0.20137208658838426,0.3579441294352735,0.44068378397634234,0.0035049974764919164,105868508.13408495
2005-11-22,0.20137208658838426,0.3579441294352735,0.44068378397634234,0.0012889805764043684,106004970.58472271
2005-11-23,0.20137208658838426,0.3579441294352735,0.44068378397634234,-0.00036347139969858063,105966440.80968927
2005-11-24,0.20137208658838426,0.3579441294352735,0.44068378397634234,0.00022369735227224588,105990145.2219281
2005-11-25,0.20137208658838426,0.3579441294352735,0.44068378397634234,0.0022954890124467966,106233444.43571268
2005-11-28,0.20137208658838426,0.3579441294352735,0.44068378397634234,0.0011336008634444945,106353870.76005167
2005-11-29,0.20137208658838426,0.3579441294352735,0.44068378397634234,-0.0002701578216883231,106325138.429999
2005-11-30,0.20137208658838426,0.3579441294352735,0.44068378397634234,-0.0038630037164390538,105914404.025093
2005-12-01,0.22873367915960385,0.35238943055840233,0.4188768902819938,0.004108885087116696,106349594.14030257
2005-12-02,0.22873367915960385,0.35238943055840233,0.4188768902819938,0.0008081455697552829,106435540.09365232
2005-12-05,0.22873367915960385,0.35238943055840233,0.4188768902819938,0.0007806467078029567,106518628.64761965
2005-12-06,0.22873367915960385,0.35238943055840233,0.4188768902819938,0.003026922620695768,106841052.29419862
2005-12-07,0.22873367915960385,0.35238943055840233,0.4188768902819938,-0.0015650282762212685,106673843.02629697
2005-12-08,0.22873367915960385,0.35238943055840233,0.4188768902819938,0.0007593050673499764,106754841.01586053
2005-12-09,0.22873367915960385,0.35238943055840233,0.4188768902819938,-0.0008026939321421295,106669149.55275029
2005-12-12,0.22873367915960385,0.35238943055840233,0.4188768902819938,0.00018779539246759606,106689181.52755474
2005-12-13,0.22873367915960385,0.35238943055840233,0.4188768902819938,-0.000540446807184747,106631521.700037
2005-12-14,0.22873367915960385,0.35238943055840233,0.4188768902819938,-0.0006547767354585527,106561701.86036126
2005-12-15,0.22873367915960385,0.35238943055840233,0.4188768902819938,-0.0019786480516563757,106350853.75659408
2005-12-16,0.22873367915960385,0.35238943055840233,0.4188768902819938,-0.0019023324589525074,106148539.07545558
2005-12-19,0.22873367915960385,0.35238943055840233,0.4188768902819938,-0.0030119057325905313,105828829.68210809
2005-12-20,0.22873367915960385,0.35238943055840233,0.4188768902819938,-0.0028071265182480366,105531754.7679123
2005-12-21,0.22873367915960385,0.35238943055840233,0.4188768902819938,0.0013673106983968224,105676049.46522707
2005-12-22,0.22873367915960385,0.35238943055840233,0.4188768902819938,0.002535648659756213,105944006.7984219
2005-12-23,0.22873367915960385,0.35238943055840233,0.4188768902819938,9.826151702226082e-05,105954417.01724933
2005-12-26,0.22873367915960385,0.35238943055840233,0.4188768902819938,0.000485274042540304,106005833.94552028
2005-12-27,0.22873367915960385,0.35238943055840233,0.4188768902819938,-0.0025254197768932963,105738124.7160082
2005-12-28,0.22873367915960385,0.35238943055840233,0.4188768902819938,0.00323142402879517,106079809.43297526
2005-12-29,0.22873367915960385,0.35238943055840233,0.4188768902819938,-0.0012310341447475093,105949221.56549495
2005-12-30,0.22873367915960385,0.35238943055840233,0.4188768902819938,-0.0005224782396614338,105893865.40271792
2006-01-02,0.27707787425135466,0.3650298749977561,0.3578922507508893,-2.076744201649824e-05,105891666.25800827
2006-01-03,0.27707787425135466,0.3650298749977561,0.3578922507508893,0.008473678491287148,106788958.19278531
2006-01-04,0.27707787425135466,0.3650298749977561,0.3578922507508893,0.0014191105788370427,106940503.53305969
2006-01-05,0.27707787425135466,0.3650298749977561,0.3578922507508893,-0.003065827964641816,106612642.34677514
2006-01-06,0.27707787425135466,0.3650298749977561,0.3578922507508893,0.005496684246406501,107198658.37843044
2006-01-09,0.27707787425135466,0.3650298749977561,0.3578922507508893,0.0020223474887192264,107415451.31599613
2006-01-10,0.27707787425135466,0.3650298749977561,0.3578922507508893,-0.00226485838081344,107172170.53085424
2006-01-11,0.27707787425135466,0.3650298749977561,0.3578922507508893,0.0009258470827297359,107271395.57229003
2006-01-12,0.27707787425135466,0.3650298749977561,0.3578922507508893,-0.0014382371385963444,107117113.86726892
2006-01-13,0.27707787425135466,0.3650298749977561,0.3578922507508893,0.003821843014927962,107526498.66068178
2006-01-16,0.27707787425135466,0.3650298749977561,0.3578922507508893,0.0007785850076889846,107610217.18046826
2006-01-17,0.27707787425135466,0.3650298749977561,0.3578922507508893,-0.0008369896291892638,107520148.54469341
2006-01-18,0.27707787425135466,0.3650298749977561,0.3578922507508893,-0.004277071866030671,107060277.14232147
2006-01-19,0.27707787425135466,0.3650298749977561,0.3578922507508893,0.00421207541389614,107511223.10347754
2006-01-20,0.27707787425135466,0.3650298749977561,0.3578922507508893,-0.004517121116792723,107025581.8873046
2006-01-23,0.27707787425135466,0.3650298749977561,0.3578922507508893,0.0018862873334642206,107227462.88677526
2006-01-24,0.27707787425135466,0.3650298749977561,0.3578922507508893,-6.480087078767821e-05,107220514.45380785
2006-01-25,0.27707787425135466,0.3650298749977561,0.3578922507508893,-0.0009559611774521064,107118015.80456357
2006-01-26,0.27707787425135466,0.3650298749977561,0.3578922507508893,0.0005942518549581921,107181670.88415487
2006-01-27,0.27707787425135466,0.3650298749977561,0.3578922507508893,0.0027276367155194448,107474023.5448892
2006-01-30,0.27707787425135466,0.3650298749977561,0.3578922507508893,0.0013113024985699877,107614954.50049499
2006-01-31,0.27707787425135466,0.3650298749977561,0.3578922507508893,0.00021332933425122875,107637911.92709404
2006-02-01,0.3167477996252471,0.2700298937824272,0.41322230659232584,-0.0002772193213569266,107608072.61819734
2006-02-02,0.3167477996252471,0.2700298937824272,0.41322230659232584,-0.0020436376758773615,107388160.70676625
2006-02-03,0.3167477996252471,0.2700298937824272,0.41322230659232584,-0.002545242575767859,107114831.78800198
2006-02-06,0.3167477996252471,0.2700298937824272,0.41322230659232584,0.0005574371092970051,107174541.5701967
2006-02-07,0.3167477996252471,0.2700298937824272,0.41322230659232584,-0.006608235052356084,106466307.00787234
2006-02-08,0.3167477996252471,0.2700298937824272,0.41322230659232584,0.002847336130013039,106769452.37044491
2006-02-09,0.3167477996252471,0.2700298937824272,0.41322230659232584,0.0029061692824115925,107079742.47322378
2006-02-10,0.3167477996252471,0.2700298937824272,0.41322230659232584,-0.00212300213127161,106852411.95173712
2006-02-13,0.3167477996252471,0.2700298937824272,0.41322230659232584,-0.0021175108098670224,106626150.81436895
2006-02-14,0.3167477996252471,0.2700298937824272,0.41322230659232584,0.005037790869331814,107163311.06337355
2006-02-15,0.3167477996252471,0.2700298937824272,0.41322230659232584,-6.658312374650463e-05,107156175.79537193
2006-02-16,0.3167477996252471,0.2700298937824272,0.41322230659232584,0.005176206342918868,107710838.27220687
2006-02-17,0.3167477996252471,0.2700298937824272,0.41322230659232584,0.0006791981581462732,107783995.27517372
2006-02-20,0.3167477996252471,0.2700298937824272,0.41322230659232584,0.0013829973968144515,107933060.26005755
2006-02-21,0.3167477996252471,0.2700298937824272,0.41322230659232584,-0.0024599864053881366,107667546.39912587
2006-02-22,0.3167477996252471,0.2700298937824272,0.41322230659232584,0.002287774694179528,107913865.48716222
2006-02-23,0.3167477996252471,0.2700298937824272,0.41322230659232584,-0.002654066308617222,107627454.93254009
2006-02-24,0.3167477996252471,0.2700298937824272,0.41322230659232584,0.0026449482925607034,107912123.98569658
2006-02-27,0.3167477996252471,0.2700298937824272,0.41322230659232584,-0.0007145186190702245,107835018.7638854
2006-02-28,0.3167477996252471,0.2700298937824272,0.41322230659232584,0.00022034296956525068,107858779.45214295
2006-03-01,0.2857674292476779,0.31121042866572973,0.4030221420865923,0.002316108855026432,108108592.12632442
2006-03-02,0.2857674292476779,0.31121042866572973,0.4030221420865923,0.00019383523500692717,108129547.38068548
2006-03-03,0.2857674292476779,0.31121042866572973,0.4030221420865923,-0.0018271216213862186,107931981.54675552
2006-03-06,0.2857674292476779,0.31121042866572973,0.4030221420865923,-0.004848116014108795,107408714.7785842
2006-03-07,0.2857674292476779,0.31121042866572973,0.4030221420865923,-0.0033109913093499425,107053085.45740387
2006-03-08,0.2857674292476779,0.31121042866572973,0.4030221420865923,-0.0013313574052311568,106910559.53932731
2006-03-09,0.2857674292476779,0.31121042866572973,0.4030221420865923,3.5635792370962687e-06,106910940.5235775
2006-03-10,0.2857674292476779,0.31121042866572973,0.4030221420865923,0.0022912508040564216,107155900.30201459
2006-03-13,0.2857674292476779,0.31121042866572973,0.4030221420865923,0.0018546883178952819,107354641.09849828
2006-03-14,0.2857674292476779,0.31121042866572973,0.4030221420865923,0.005822734437085758,107979738.6642035
2006-03-15,0.2857674292476779,0.31121042866572973,0.4030221420865923,0.0011821495805737063,108107386.86697586
2006-03-16,0.2857674292476779,0.31121042866572973,0.4030221420865923,0.0032926762935942145,108463349.49687517
2006-03-17,0.2857674292476779,0.31121042866572973,0.4030221420865923,-0.0008514687780994108,108370996.3412105
2006-03-20,0.2857674292476779,0.31121042866572973,0.4030221420865923,-0.0012275060922615488,108237970.28297721
2006-03-21,0.2857674292476779,0.31121042866572973,0.4030221420865923,-0.0038633175732657606,107819812.63028836
2006-03-22,0.2857674292476779,0.31121042866572973,0.4030221420865923,0.0018941155645195945,108024035.81555498
2006-03-23,0.2857674292476779,0.31121042866572973,0.4030221420865923,-0.0012776098133214088,107886023.24732244
2006-03-24,0.2857674292476779,0.31121042866572973,0.4030221420865923,0.003139803093454863,108224764.11685494
2006-03-27,0.2857674292476779,0.31121042866572973,0.4030221420865923,-0.0013363654943794657,108080136.27645181
2006-03-28,0.2857674292476779,0.31121042866572973,0.4030221420865923,-0.004633151176010721,107579384.66595918
2006-03-29,0.2857674292476779,0.31121042866572973,0.4030221420865923,0.003778597046744273,107985883.81114852
2006-03-30,0.2857674292476779,0.31121042866572973,0.4030221420865923,0.002753804652380388,108283255.84037907
2006-03-31,0.2857674292476779,0.31121042866572973,0.4030221420865923,-0.0010226486104846007,108172520.11925516
2006-04-03,0.34273800136831467,0.21689830628568849,0.44036369234599687,0.0026766825306015493,108462063.6141495
2006-04-04,0.34273800136831467,0.21689830628568849,0.44036369234599687,0.003065061958749807,108794506.55930072
2006-04-05,0.34273800136831467,0.21689830628568849,0.44036369234599687,0.002424010029267014,109058225.53432962
2006-04-06,0.34273800136831467,0.21689830628568849,0.44036369234599687,-8.362027981702173e-05,109049106.05499409
2006-04-07,0.34273800136831467,0.21689830628568849,0.44036369234599687,-0.006488019681999349,108341593.30860487
2006-04-10,0.34273800136831467,0.21689830628568849,0.44036369234599687,0.0028030083364274628,108645275.6978307
2006-04-11,0.34273800136831467,0.21689830628568849,0.44036369234599687,-0.0030612892269933864,108312681.08577323
2006-04-12,0.34273800136831467,0.21689830628568849,0.44036369234599687,0.0013141719612147767,108455022.57430016
2006-04-13,0.34273800136831467,0.21689830628568849,0.44036369234599687,-0.0007637359309908367,108372191.57666373
2006-04-14,0.34273800136831467,0.21689830628568849,0.44036369234599687,0.001203381200583377,108502604.63467312
2006-04-17,0.34273800136831467,0.21689830628568849,0.44036369234599687,0.0033614914215826094,108867335.20937195
2006-04-18,0.34273800136831467,0.21689830628568849,0.44036369234599687,0.010514483899592062,110012019.0526224
2006-04-19,0.34273800136831467,0.21689830628568849,0.44036369234599687,0.005112365883455177,110574440.74559703
2006-04-20,0.34273800136831467,0.21689830628568849,0.44036369234599687,-0.006294817132906094,109878394.86153013
2006-04-21,0.34273800136831467,0.21689830628568849,0.44036369234599687,0.006054491641213866,110543652.68476927
2006-04-24,0.34273800136831467,0.21689830628568849,0.44036369234599687,-0.00403312685940871,110097816.10998917
2006-04-25,0.34273800136831467,0.21689830628568849,0.44036369234599687,-0.00040419434099461067,110053315.19576165
2006-04-26,0.34273800136831467,0.21689830628568849,0.44036369234599687,0.002190143455368188,110294347.74377921
2006-04-27,0.34273800136831467,0.21689830628568849,0.44036369234599687,-0.0011245976464991816,110170310.97988442
2006-04-28,0.34273800136831467,0.21689830628568849,0.44036369234599687,0.006829812317967846,110922753.52688916
2006-05-01,0.3463063938314684,0.09497818834114174,0.5587154178273899,0.0007736115688545665,111008564.65226676
2006-05-02,0.3463063938314684,0.09497818834114174,0.5587154178273899,0.0068399578429875285,111767858.55469884
2006-05-03,0.3463063938314684,0.09497818834114174,0.5587154178273899,-0.0012588545535377389,111627159.0770181
2006-05-04,0.3463063938314684,0.09497818834114174,0.5587154178273899,0.004901632687443577,112174314.40875646
2006-05-05,0.3463063938314684,0.09497818834114174,0.5587154178273899,0.006310713422233929,112882214.36032571
2006-05-08,0.3463063938314684,0.09497818834114174,0.5587154178273899,-0.00310480311522588,112531737.30952618
2006-05-09,0.3463063938314684,0.09497818834114174,0.5587154178273899,0.007713678052373872,113399770.90180618
2006-05-10,0.3463063938314684,0.09497818834114174,0.5587154178273899,0.004238829937976845,113880453.24566445
2006-05-11,0.3463063938314684,0.09497818834114174,0.5587154178273899,-0.0019345195586174422,113660149.28151649
2006-05-12,0.3463063938314684,0.09497818834114174,0.5587154178273899,-0.010292743406614607,112490274.52940433
2006-05-15,0.3463063938314684,0.09497818834114174,0.5587154178273899,-0.013815526842756658,110936162.12209427
2006-05-16,0.3463063938314684,0.09497818834114174,0.5587154178273899,0.0058618907372536095,111586457.78326423
2006-05-17,0.3463063938314684,0.09497818834114174,0.5587154178273899,-0.010899852954118348,110370181.80175573
2006-05-18,0.3463063938314684,0.09497818834114174,0.5587154178273899,-0.0037651606434814565,109954620.33702186
2006-05-19,0.3463063938314684,0.09497818834114174,0.5587154178273899,-0.00774798548933971,109102693.53416476
2006-05-22,0.3463063938314684,0.09497818834114174,0.5587154178273899,-0.007502034553758505,108284201.35736331
2006-05-23,0.3463063938314684,0.09497818834114174,0.5587154178273899,0.0070516362919044165,109047782.16149478
2006-05-24,0.3463063938314684,0.09497818834114174,0.5587154178273899,-0.017201201332934794,107172029.30562489
2006-05-25,0.3463063938314684,0.09497818834114174,0.5587154178273899,0.008483992009089968,108081275.94585177
2006-05-26,0.3463063938314684,0.09497818834114174,0.5587154178273899,0.004370568675719055,108553652.58493248
2006-05-29,0.3463063938314684,0.09497818834114174,0.5587154178273899,-0.0010985593576881584,108434399.95407407
2006-05-30,0.3463063938314684,0.09497818834114174,0.5587154178273899,-0.0040534534603167745,107994866.16036284
2006-05-31,0.3463063938314684,0.09497818834114174,0.5587154178273899,-0.0024042798016469507,107735216.28497191
2006-06-01,0.31861669424883204,0.22954264943021213,0.45184065632095594,-0.0005480430153244654,107676172.75218247
2006-06-02,0.31861669424883204,0.22954264943021213,0.45184065632095594,0.006832927305364975,108411916.21311803
2006-06-05,0.31861669424883204,0.22954264943021213,0.45184065632095594,-0.006531666664215436,107703805.71398509
2006-06-06,0.31861669424883204,0.22954264943021213,0.45184065632095594,-0.004914350399831253,107174511.4733112
2006-06-07,0.31861669424883204,0.22954264943021213,0.45184065632095594,-0.002898216903603066,106863896.49252386
2006-06-08,0.31861669424883204,0.22954264943021213,0.45184065632095594,-0.003507253711939308,106489097.69487816
2006-06-09,0.31861669424883204,0.22954264943021213,0.45184065632095594,-0.0017590858153035101,106301774.23363863
2006-06-12,0.31861669424883204,0.22954264943021213,0.45184065632095594,-0.005333938481463975,105734767.10940592
2006-06-13,0.31861669424883204,0.22954264943021213,0.45184065632095594,-0.015270982906638352,104120093.2882408
2006-06-14,0.31861669424883204,0.22954264943021213,0.45184065632095594,0.0005075267461758781,104172937.02039891
2006-06-15,0.31861669424883204,0.22954264943021213,0.45184065632095594,0.012019088218364202,105425000.74041319
2006-06-16,0.31861669424883204,0.22954264943021213,0.45184065632095594,0.00014032051205773127,105439794.03050078
2006-06-19,0.31861669424883204,0.22954264943021213,0.45184065632095594,-0.005316535517055745,104879219.62062658
2006-06-20,0.31861669424883204,0.22954264943021213,0.45184065632095594,-0.00028271920947067254,104849568.25056554
2006-06-21,0.31861669424883204,0.22954264943021213,0.45184065632095594,0.00308897816408428,105173446.27740522
2006-06-22,0.31861669424883204,0.22954264943021213,0.45184065632095594,-0.002768779226464328,104882244.22417668
2006-06-23,0.31861669424883204,0.22954264943021213,0.45184065632095594,-0.0005741656055063731,104822024.44691482
2006-06-26,0.31861669424883204,0.22954264943021213,0.45184065632095594,0.0015384500794274134,104983287.89875092
2006-06-27,0.31861669424883204,0.22954264943021213,0.45184065632095594,-0.002548726195160493,104715714.24282928
2006-06-28,0.31861669424883204,0.22954264943021213,0.45184065632095594,0.0014225537845981404,104864677.97843233
2006-06-29,0.31861669424883204,0.22954264943021213,0.45184065632095594,0.007454631910048701,105646405.55312735
2006-06-30,0.31861669424883204,0.22954264943021213,0.45184065632095594,0.0001221457627668995,105659309.81391722
2006-07-03,0.29830796918237684,0.4250371556956502,0.27665487512197295,0.002302226463266926,105902561.47306134
2006-07-04,0.29830796918237684,0.4250371556956502,0.27665487512197295,0.0,105902561.47306134
2006-07-05,0.29830796918237684,0.4250371556956502,0.27665487512197295,-0.003542155131050811,105527438.1715481
2006-07-06,0.29830796918237684,0.4250371556956502,0.27665487512197295,0.0016819277422651562,105704927.69737898
2006-07-07,0.29830796918237684,0.4250371556956502,0.27665487512197295,-0.0008803481254571596,105611870.56242903
2006-07-10,0.29830796918237684,0.4250371556956502,0.27665487512197295,0.0006743440452086775,105683089.29844615
2006-07-11,0.29830796918237684,0.4250371556956502,0.27665487512197295,0.001850683432698546,105878675.24092717
2006-07-12,0.29830796918237684,0.4250371556956502,0.27665487512197295,-0.0031653588071954633,105543531.24375913
2006-07-13,0.29830796918237684,0.4250371556956502,0.27665487512197295,-0.0031965459574875956,105206156.49562293
2006-07-14,0.29830796918237684,0.4250371556956502,0.27665487512197295,-0.0011403656901895127,105086183.00435862
2006-07-17,0.29830796918237684,0.4250371556956502,0.27665487512197295,-0.0003789515348974578,105046360.4340126
2006-07-18,0.29830796918237684,0.4250371556956502,0.27665487512197295,-0.0006969584035854694,104973147.49034205
2006-07-19,0.29830796918237684,0.4250371556956502,0.27665487512197295,0.007183964540991038,105727270.85966888
2006-07-20,0.29830796918237684,0.4250371556956502,0.27665487512197295,-0.0017511055926481677,105542131.2443711
2006-07-21,0.29830796918237684,0.4250371556956502,0.27665487512197295,-0.0023101160322005028,105298316.67491087
2006-07-24,0.29830796918237684,0.4250371556956502,0.27665487512197295,0.0052837835098898224,105854690.18417692
2006-07-25,0.29830796918237684,0.4250371556956502,0.27665487512197295,0.0012234903805224352,105984202.37935044
2006-07-26,0.29830796918237684,0.4250371556956502,0.27665487512197295,0.000390045985407314,106025541.0920051
2006-07-27,0.29830796918237684,0.4250371556956502,0.27665487512197295,-0.00044594479860589527,105978259.55343574
2006-07-28,0.29830796918237684,0.4250371556956502,0.27665487512197295,0.005196525810818932,106528978.31459083
2006-07-31,0.29830796918237684,0.4250371556956502,0.27665487512197295,-0.00021900317207439787,106505648.13042209
2006-08-01,0.24562719692572785,0.49302580136900487,0.26134700170526737,-0.0005313819831444652,106449052.94790246
2006-08-02,0.24562719692572785,0.49302580136900487,0.26134700170526737,0.0033995618872822934,106810933.09124143
2006-08-03,0.24562719692572785,0.49302580136900487,0.26134700170526737,-0.0014798228746373283,106652871.82919165
2006-08-04,0.24562719692572785,0.49302580136900487,0.26134700170526737,0.0023851772824369176,106907257.83618529
2006-08-07,0.24562719692572785,0.49302580136900487,0.26134700170526737,-0.0012469962631760645,106773944.88515717
2006-08-08,0.24562719692572785,0.49302580136900487,0.26134700170526737,-0.0017641251280859555,106585582.2859604
2006-08-09,0.24562719692572785,0.49302580136900487,0.26134700170526737,0.001291098772519587,106723194.8004181
2006-08-10,0.24562719692572785,0.49302580136900487,0.26134700170526737,-0.0010918951575892703,106606664.26081307
2006-08-11,0.24562719692572785,0.49302580136900487,0.26134700170526737,-0.0030935078111940404,106276875.7121969
2006-08-14,0.24562719692572785,0.49302580136900487,0.26134700170526737,-0.001997031066399415,106064637.48975979
2006-08-15,0.24562719692572785,0.49302580136900487,0.26134700170526737,0.005751640725880541,106674683.17832164
2006-08-16,0.24562719692572785,0.49302580136900487,0.26134700170526737,0.004781015847760311,107184696.529152
2006-08-17,0.24562719692572785,0.49302580136900487,0.26134700170526737,-0.0028822323170391265,106875765.33292367
2006-08-18,0.24562719692572785,0.49302580136900487,0.26134700170526737,0.0014065078213976409,107026086.93278228
2006-08-21,0.24562719692572785,0.49302580136900487,0.26134700170526737,0.002426701594884488,107285807.30863631
2006-08-22,0.24562719692572785,0.49302580136900487,0.26134700170526737,0.00040880084848854675,107329665.83769485
2006-08-23,0.24562719692572785,0.49302580136900487,0.26134700170526737,-0.0017651233374981602,107140215.73971885
2006-08-24,0.24562719692572785,0.49302580136900487,0.26134700170526737,0.00021117875142035976,107162841.47670567
2006-08-25,0.24562719692572785,0.49302580136900487,0.26134700170526737,0.00017327755893267169,107181410.39228506
2006-08-28,0.24562719692572785,0.49302580136900487,0.26134700170526737,0.00013339328710907034,107195707.67293426
2006-08-29,0.24562719692572785,0.49302580136900487,0.26134700170526737,0.0004556646743732319,107244552.97016527
2006-08-30,0.24562719692572785,0.49302580136900487,0.26134700170526737,0.0017482093603609422,107432038.90151542
2006-08-31,0.24562719692572785,0.49302580136900487,0.26134700170526737,0.0023438370735534633,107683842.09718025
2006-09-01,0.25561528627875835,0.5377752561402233,0.20660945758101845,0.00129199403067841,107822968.97837031
2006-09-04,0.25561528627875835,0.5377752561402233,0.20660945758101845,0.0005433061742956733,107881549.86314715
2006-09-05,0.25561528627875835,0.5377752561402233,0.20660945758101845,0.000532030419498461,107938946.12937698
2006-09-06,0.25561528627875835,0.5377752561402233,0.20660945758101845,-0.00423937127542577,107481352.86165637
2006-09-07,0.25561528627875835,0.5377752561402233,0.20660945758101845,-0.0028148794561482808,107178805.80956706
2006-09-08,0.25561528627875835,0.5377752561402233,0.20660945758101845,0.0007374812759843332,107257848.17203398
2006-09-11,0.25561528627875835,0.5377752561402233,0.20660945758101845,-0.0028703940991673146,106949975.8775516
2006-09-12,0.25561528627875835,0.5377752561402233,0.20660945758101845,0.003664469796292297,107341890.83386907
2006-09-13,0.25561528627875835,0.5377752561402233,0.20660945758101845,0.0016041931779402388,107514087.96285197
2006-09-14,0.25561528627875835,0.5377752561402233,0.20660945758101845,-0.0006402436883132006,107445252.74662901
2006-09-15,0.25561528627875835,0.5377752561402233,0.20660945758101845,0.000428883376462883,107491334.2294119
2006-09-18,0.25561528627875835,0.5377752561402233,0.20660945758101845,0.0004960135406812524,107544651.3866956
2006-09-19,0.25561528627875835,0.5377752561402233,0.20660945758101845,0.0010062892346074555,107652872.41162564
2006-09-20,0.25561528627875835,0.5377752561402233,0.20660945758101845,0.001331822648465722,107796246.94527586
2006-09-21,0.25561528627875835,0.5377752561402233,0.20660945758101845,0.00026486010424881293,107824797.8704794
2006-09-22,0.25561528627875835,0.5377752561402233,0.20660945758101845,0.0002369862104202665,107850350.86071606
2006-09-25,0.25561528627875835,0.5377752561402233,0.20660945758101845,0.0033514898985621444,108211810.22218211
2006-09-26,0.25561528627875835,0.5377752561402233,0.20660945758101845,0.0019982569029654896,108428045.21894099
2006-09-27,0.25561528627875835,0.5377752561402233,0.20660945758101845,0.00014483695662542343,108443749.60702334
2006-09-28,0.25561528627875835,0.5377752561402233,0.20660945758101845,2.6477627327396204e-05,108446620.94021143
2006-09-29,0.25561528627875835,0.5377752561402233,0.20660945758101845,-0.00043239051457685394,108399729.64997897
2006-10-02,0.24245093780453947,0.6331386084632807,0.12441045373217972,2.7495529270729803e-05,108402710.1579185
2006-10-03,0.24245093780453947,0.6331386084632807,0.12441045373217972,0.0006843479417572536,108476895.32949598
2006-10-04,0.24245093780453947,0.6331386084632807,0.12441045373217972,0.004644132020961791,108980676.35263023
2006-10-05,0.24245093780453947,0.6331386084632807,0.12441045373217972,-0.0008200728977606982,108891304.2535738
2006-10-06,0.24245093780453947,0.6331386084632807,0.12441045373217972,-0.0034013451381499334,108520927.3452641
2006-10-09,0.24245093780453947,0.6331386084632807,0.12441045373217972,0.00019433068093742463,108542016.29097107
2006-10-10,0.24245093780453947,0.6331386084632807,0.12441045373217972,-0.0008581893747978217,108448866.68587102
2006-10-11,0.24245093780453947,0.6331386084632807,0.12441045373217972,-0.0017361823574896865,108260579.67684124
2006-10-12,0.24245093780453947,0.6331386084632807,0.12441045373217972,0.0026287866337619285,108545173.64165905
2006-10-13,0.24245093780453947,0.6331386084632807,0.12441045373217972,-0.0002485292581851234,108518196.99017434
2006-10-16,0.24245093780453947,0.6331386084632807,0.12441045373217972,0.001402696656435051,108670415.10225481
2006-10-17,0.24245093780453947,0.6331386084632807,0.12441045373217972,-0.00041147020779900835,108625700.4639711
2006-10-18,0.24245093780453947,0.6331386084632807,0.12441045373217972,0.0007410889786545854,108706201.77338357
2006-10-19,0.24245093780453947,0.6331386084632807,0.12441045373217972,-0.00026261411735386023,108677653.99015397
2006-10-20,0.24245093780453947,0.6331386084632807,0.12441045373217972,0.0003683354987161548,108717683.82803573
2006-10-23,0.24245093780453947,0.6331386084632807,0.12441045373217972,0.00046980950400423935,108768760.42915146
2006-10-24,0.24245093780453947,0.6331386084632807,0.12441045373217972,3.4723110630620766e-05,108772537.21885301
2006-10-25,0.24245093780453947,0.6331386084632807,0.12441045373217972,0.002414606498739917,109035180.09410606
2006-10-26,0.24245093780453947,0.6331386084632807,0.12441045373217972,0.0033156775294369265,109396705.59066221
2006-10-27,0.24245093780453947,0.6331386084632807,0.12441045373217972,-0.0004867950048143386,109343451.82083753
2006-10-30,0.24245093780453947,0.6331386084632807,0.12441045373217972,0.00028676299494161345,109374807.47655894
2006-10-31,0.24245093780453947,0.6331386084632807,0.12441045373217972,0.0023255956112615654,109629169.04880902
2006-11-01,0.27949607882184113,0.6555175837171957,0.06498633746096319,-0.0004422594256972107,109580684.51546583
2006-11-02,0.27949607882184113,0.6555175837171957,0.06498633746096319,-0.0010055456586764498,109470496.13387652
2006-11-03,0.27949607882184113,0.6555175837171957,0.06498633746096319,-0.0043807002595766765,108990938.70304686
2006-11-06,0.27949607882184113,0.6555175837171957,0.06498633746096319,0.003795434414903109,109404606.662713
2006-11-07,0.27949607882184113,0.6555175837171957,0.06498633746096319,0.002350389780973899,109661750.13220452
2006-11-08,0.27949607882184113,0.6555175837171957,0.06498633746096319,0.001464164768975198,109822313.00325225
2006-11-09,0.27949607882184113,0.6555175837171957,0.06498633746096319,-0.0011458835799943948,109696469.41806482
2006-11-10,0.27949607882184113,0.6555175837171957,0.06498633746096319,0.0010835657592662916,109815332.75623862
2006-11-13,0.27949607882184113,0.6555175837171957,0.06498633746096319,2.8143913926945304e-05,109818423.38951157
2006-11-14,0.27949607882184113,0.6555175837171957,0.06498633746096319,0.0032496710843531824,110175297.14452974
2006-11-15,0.27949607882184113,0.6555175837171957,0.06498633746096319,-0.0007351265930189842,110094304.35370502
2006-11-16,0.27949607882184113,0.6555175837171957,0.06498633746096319,-0.0009274669555072361,109992195.5244274
2006-11-17,0.27949607882184113,0.6555175837171957,0.06498633746096319,0.0023303404938449226,110248514.79166488
2006-11-20,0.27949607882184113,0.6555175837171957,0.06498633746096319,0.000522007008341249,110306065.28904533
2006-11-21,0.27949607882184113,0.6555175837171957,0.06498633746096319,0.0014219278905971881,110462912.55978186
2006-11-22,0.27949607882184113,0.6555175837171957,0.06498633746096319,0.0011452271082329213,110589417.68169968
2006-11-23,0.27949607882184113,0.6555175837171957,0.06498633746096319,-1.7538154371221058e-05,110587478.14742056
2006-11-24,0.27949607882184113,0.6555175837171957,0.06498633746096319,7.84987521719214e-05,110596159.12646098
2006-11-27,0.27949607882184113,0.6555175837171957,0.06498633746096319,-0.0029135561999279265,110273931.00134988
2006-11-28,0.27949607882184113,0.6555175837171957,0.06498633746096319,0.0021160770769368866,110507279.13892555
2006-11-29,0.27949607882184113,0.6555175837171957,0.06498633746096319,0.0024420715176261287,110777145.81780107
2006-11-30,0.27949607882184113,0.6555175837171957,0.06498633746096319,0.002977590262340869,111106994.76847805
2006-12-01,0.2485659275317491,0.6991399765149993,0.05229409595325155,0.0006933873665082676,111184034.95498121
2006-12-04,0.2485659275317491,0.6991399765149993,0.05229409595325155,0.002200715607323429,111428719.39599183
2006-12-05,0.2485659275317491,0.6991399765149993,0.05229409595325155,0.0007833927954639808,111516011.85197441
2006-12-06,0.2485659275317491,0.6991399765149993,0.05229409595325155,-0.002077583997807218,111284327.97025147
2006-12-07,0.2485659275317491,0.6991399765149993,0.05229409595325155,-0.0009229280047892657,111181620.54747358
2006-12-08,0.2485659275317491,0.6991399765149993,0.05229409595325155,-0.002300919470741452,110925800.59196733
2006-12-11,0.2485659275317491,0.6991399765149993,0.05229409595325155,0.0020451009671058067,111152655.05403495
2006-12-12,0.2485659275317491,0.6991399765149993,0.05229409595325155,0.0008282005718949075,111244711.74651836
2006-12-13,0.2485659275317491,0.6991399765149993,0.05229409595325155,-0.0026487023597005425,110950057.61601116
2006-12-14,0.2485659275317491,0.6991399765149993,0.05229409595325155,0.0015115843260812513,111117767.98408133
2006-12-15,0.2485659275317491,0.6991399765149993,0.05229409595325155,3.0279068936756178e-05,111121132.52663822
2006-12-18,0.2485659275317491,0.6991399765149993,0.05229409595325155,-0.0005875608753861659,111055842.09673698
2006-12-19,0.2485659275317491,0.6991399765149993,0.05229409595325155,0.0006897387970543486,111132441.61967064
2006-12-20,0.2485659275317491,0.6991399765149993,0.05229409595325155,-0.00034384348215133723,111094229.45396414
2006-12-21,0.2485659275317491,0.6991399765149993,0.05229409595325155,0.0006780302307429755,111169554.69999503
2006-12-22,0.2485659275317491,0.6991399765149993,0.05229409595325155,-0.003578100266028563,110771778.8867487
2006-12-25,0.2485659275317491,0.6991399765149993,0.05229409595325155,-5.473528988199232e-06,110771172.57420588
2006-12-26,0.2485659275317491,0.6991399765149993,0.05229409595325155,0.0021085520997008076,111004739.36272354
2006-12-27,0.2485659275317491,0.6991399765149993,0.05229409595325155,9.330957125669543e-05,111015097.16736096
2006-12-28,0.2485659275317491,0.6991399765149993,0.05229409595325155,-0.0011632463252391732,110885959.26353495
2006-12-29,0.2485659275317491,0.6991399765149993,0.05229409595325155,-0.0010970816368633084,110764308.31384097
2007-01-01,0.2772295310610104,0.651348557328667,0.07142191161032257,2.8043784989113383e-06,110764618.93888564
2007-01-02,0.2772295310610104,0.651348557328667,0.07142191161032257,0.0011093782139976803,110887498.79401821
2007-01-03,0.2772295310610104,0.651348557328667,0.07142191161032257,1.3937829768534697e-05,110889044.32509986
2007-01-04,0.2772295310610104,0.651348557328667,0.07142191161032257,0.0016210828643526244,111068804.6546997
2007-01-05,0.2772295310610104,0.651348557328667,0.07142191161032257,-0.003220758726957204,110711078.8328154
2007-01-08,0.2772295310610104,0.651348557328667,0.07142191161032257,0.000800387884976301,110799690.63904582
2007-01-09,0.2772295310610104,0.651348557328667,0.07142191161032257,5.390640278733309e-05,110805663.45179813
2007-01-10,0.2772295310610104,0.651348557328667,0.07142191161032257,-0.0002201744864751345,110781266.87174907
2007-01-11,0.2772295310610104,0.651348557328667,0.07142191161032257,0.00020915817979589647,110804437.67988344
2007-01-12,0.2772295310610104,0.651348557328667,0.07142191161032257,0.0008890620996318181,110902949.70589563
2007-01-15,0.2772295310610104,0.651348557328667,0.07142191161032257,-1.0963612662124068e-05,110901733.80891195
2007-01-16,0.2772295310610104,0.651348557328667,0.07142191161032257,0.0011171320149463316,111025625.68626295
2007-01-17,0.2772295310610104,0.651348557328667,0.07142191161032257,-0.0010109742560361443,110913381.63693383
2007-01-18,0.2772295310610104,0.651348557328667,0.07142191161032257,0.00019582179758557579,110935100.89470227
2007-01-19,0.2772295310610104,0.651348557328667,0.07142191161032257,0.0005782329238859111,110999247.22245418
2007-01-22,0.2772295310610104,0.651348557328667,0.07142191161032257,-0.0009151167348384255,110897669.95376644
2007-01-23,0.2772295310610104,0.651348557328667,0.07142191161032257,-0.00012103117311428038,110884247.8786763
2007-01-24,0.2772295310610104,0.651348557328667,0.07142191161032257,0.002199792169184738,111128170.17884575
2007-01-25,0.2772295310610104,0.651348557328667,0.07142191161032257,-0.004995125092033947,110573071.06755358
2007-01-26,0.2772295310610104,0.651348557328667,0.07142191161032257,-0.0007466226615296203,110490514.70693962
2007-01-29,0.2772295310610104,0.651348557328667,0.07142191161032257,-0.00046720409443379323,110438893.08607244
2007-01-30,0.2772295310610104,0.651348557328667,0.07142191161032257,0.002267775317834785,110689343.68194203
2007-01-31,0.2772295310610104,0.651348557328667,0.07142191161032257,0.003901393277879449,111121186.34331565
2007-02-01,0.35855519124816326,0.5759514865625642,0.06549332218927253,0.001957734340937059,111338732.10582563
2007-02-02,0.35855519124816326,0.5759514865625642,0.06549332218927253,0.0006836699714436833,111414851.05362499
2007-02-05,0.35855519124816326,0.5759514865625642,0.06549332218927253,0.0005847560366268657,111480001.56034848
2007-02-06,0.35855519124816326,0.5759514865625642,0.06549332218927253,0.0016589198956198645,111664937.95290066
2007-02-07,0.35855519124816326,0.5759514865625642,0.06549332218927253,0.0012075589282146768,111799779.94569424
2007-02-08,0.35855519124816326,0.5759514865625642,0.06549332218927253,7.93249975007426e-05,111808648.46295902
2007-02-09,0.35855519124816326,0.5759514865625642,0.06549332218927253,-0.0038324256547179105,111380150.13017024
2007-02-12,0.35855519124816326,0.5759514865625642,0.06549332218927253,-0.001616623730477215,111200090.33636568
2007-02-13,0.35855519124816326,0.5759514865625642,0.06549332218927253,0.0026527113202732466,111495072.07481638
2007-02-14,0.35855519124816326,0.5759514865625642,0.06549332218927253,0.005400545651083832,112097206.30142727
2007-02-15,0.35855519124816326,0.5759514865625642,0.06549332218927253,0.001233021098584712,112235424.52188934
2007-02-16,0.35855519124816326,0.5759514865625642,0.06549332218927253,9.779077323962678e-05,112246400.11083822
2007-02-19,0.35855519124816326,0.5759514865625642,0.06549332218927253,4.1603261236742675e-05,112251069.92714491
2007-02-20,0.35855519124816326,0.5759514865625642,0.06549332218927253,0.001354287115722341,112403090.1048733
2007-02-21,0.35855519124816326,0.5759514865625642,0.06549332218927253,-0.00015647877987814453,112385501.40647916
2007-02-22,0.35855519124816326,0.5759514865625642,0.06549332218927253,-0.0011083209445021365,112260942.20141198
2007-02-23,0.35855519124816326,0.5759514865625642,0.06549332218927253,0.00048574291799921424,112315472.15905423
2007-02-26,0.35855519124816326,0.5759514865625642,0.06549332218927253,0.0012558729540050697,112456526.12285511
2007-02-27,0.35855519124816326,0.5759514865625642,0.06549332218927253,-0.009700252779352676,111365669.39277552
2007-02-28,0.35855519124816326,0.5759514865625642,0.06549332218927253,0.0011068403616033876,111488933.41055644
2007-03-01,0.23140094959357307,0.7143606568610911,0.05423839354533585,-0.0007469440927687872,111405657.41033632
2007-03-02,0.23140094959357307,0.7143606568610911,0.05423839354533585,-0.001784259801919813,111206880.7741126
2007-03-05,0.23140094959357307,0.7143606568610911,0.05423839354533585,-0.002513568904418824,110927354.61664139
2007-03-06,0.23140094959357307,0.7143606568610911,0.05423839354533585,0.0037655867863746356,111345061.19743331
2007-03-07,0.23140094959357307,0.7143606568610911,0.05423839354533585,0.0008921992719482519,111444403.17996868
2007-03-08,0.23140094959357307,0.7143606568610911,0.05423839354533585,0.0015568806917480398,111617908.81948297
2007-03-09,0.23140094959357307,0.7143606568610911,0.05423839354533585,-0.002823758029860793,111302726.85317768
2007-03-12,0.23140094959357307,0.7143606568610911,0.05423839354533585,0.002222944531977161,111550146.6412301
2007-03-13,0.23140094959357307,0.7143606568610911,0.05423839354533585,-0.0025912918672981516,111261087.65344279
2007-03-14,0.23140094959357307,0.7143606568610911,0.05423839354533585,0.0007060144162620639,111339639.58529511
2007-03-15,0.23140094959357307,0.7143606568610911,0.05423839354533585,0.000720782290246963,111419891.22571066
2007-03-16,0.23140094959357307,0.7143606568610911,0.05423839354533585,-0.0008282051545516391,111327612.69747792
2007-03-19,0.23140094959357307,0.7143606568610911,0.05423839354533585,0.001998120950334464,111550058.73275948
2007-03-20,0.23140094959357307,0.7143606568610911,0.05423839354533585,0.002451626602758715,111823537.824288
2007-03-21,0.23140094959357307,0.7143606568610911,0.05423839354533585,0.00555379197913466,112444582.491735
2007-03-22,0.23140094959357307,0.7143606568610911,0.05423839354533585,-0.002253725917849515,112191163.22185159
2007-03-23,0.23140094959357307,0.7143606568610911,0.05423839354533585,-0.0007014032411518374,112112471.97633918
2007-03-26,0.23140094959357307,0.7143606568610911,0.05423839354533585,0.0015625404307138624,112287652.24658948
2007-03-27,0.23140094959357307,0.7143606568610911,0.05423839354533585,-0.002012381005534904,112061686.70805232
2007-03-28,0.23140094959357307,0.7143606568610911,0.05423839354533585,-0.0018497199913791867,111854403.96588078
2007-03-29,0.23140094959357307,0.7143606568610911,0.05423839354533585,0.0006293697127481581,111924801.73997441
2007-03-30,0.23140094959357307,0.7143606568610911,0.05423839354533585,-0.0006143676576908528,111856038.7616919
2007-04-02,0.20927763688230414,0.7061227575294393,0.08459960558825651,0.001086619777423918,111977583.74563468
2007-04-03,0.20927763688230414,0.7061227575294393,0.08459960558825651,0.0012228665995174131,112114517.39269185
2007-04-04,0.20927763688230414,0.7061227575294393,0.08459960558825651,0.0016085544423109694,112294859.69769141
2007-04-05,0.20927763688230414,0.7061227575294393,0.08459960558825651,9.907040385435267e-05,112305984.79479243
2007-04-06,0.20927763688230414,0.7061227575294393,0.08459960558825651,1.7231872713764775e-05,112307920.03722742
2007-04-09,0.20927763688230414,0.7061227575294393,0.08459960558825651,-0.002342084293083373,112044885.42171937
2007-04-10,0.20927763688230414,0.7061227575294393,0.08459960558825651,0.0020401658395953694,112273475.56945814
2007-04-11,0.20927763688230414,0.7061227575294393,0.08459960558825651,-0.0017596391791523493,112075914.76306653
2007-04-12,0.20927763688230414,0.7061227575294393,0.08459960558825651,0.0013544969106648952,112227721.24337305
2007-04-13,0.20927763688230414,0.7061227575294393,0.08459960558825651,0.0006592662520856603,112301709.19253731
2007-04-16,0.20927763688230414,0.7061227575294393,0.08459960558825651,0.00316982430117838,112657685.87939969
2007-04-17,0.20927763688230414,0.7061227575294393,0.08459960558825651,0.0022765072822192732,112914151.92170212
2007-04-18,0.20927763688230414,0.7061227575294393,0.08459960558825651,0.0014281824901431314,113075413.93636607
2007-04-19,0.20927763688230414,0.7061227575294393,0.08459960558825651,-0.0006461580882297781,113002349.34307116
2007-04-20,0.20927763688230414,0.7061227575294393,0.08459960558825651,0.0024040827278630356,113274016.33933479
2007-04-23,0.20927763688230414,0.7061227575294393,0.08459960558825651,0.00046152844206277615,113326295.51962207
2007-04-24,0.20927763688230414,0.7061227575294393,0.08459960558825651,0.0002974894588945508,113360008.89795472
2007-04-25,0.20927763688230414,0.7061227575294393,0.08459960558825651,0.0020406174715552096,113591333.31268756
2007-04-26,0.20927763688230414,0.7061227575294393,0.08459960558825651,-0.002247588065389288,113336026.7876023
2007-04-27,0.20927763688230414,0.7061227575294393,0.08459960558825651,0.0001416111414723534,113352076.43172562
2007-04-30,0.20927763688230414,0.7061227575294393,0.08459960558825651,0.001090337875201378,113475668.49389185
2007-05-01,0.2058048657086645,0.7080000056489768,0.08619512864235873,-7.588007633347574e-05,113467057.95150453
2007-05-02,0.2058048657086645,0.7080000056489768,0.08619512864235873,0.0011652602451943672,113599276.60327458
2007-05-03,0.2058048657086645,0.7080000056489768,0.08619512864235873,0.0003500902428328831,113639046.60160626
2007-05-04,0.2058048657086645,0.7080000056489768,0.08619512864235873,0.0018934865574468482,113854220.60874748
2007-05-07,0.2058048657086645,0.7080000056489768,0.08619512864235873,0.0009544558013879839,113962889.43012004
2007-05-08,0.2058048657086645,0.7080000056489768,0.08619512864235873,-0.0003067511024751375,113927931.18814608
2007-05-09,0.2058048657086645,0.7080000056489768,0.08619512864235873,-0.0008433669668922396,113831848.13437563
2007-05-10,0.2058048657086645,0.7080000056489768,0.08619512864235873,-0.0024628219910113234,113551500.55551285
2007-05-11,0.2058048657086645,0.7080000056489768,0.08619512864235873,0.0018229874922941762,113758503.52075678
2007-05-14,0.2058048657086645,0.7080000056489768,0.08619512864235873,-0.0007153720112208395,113677123.87129967
2007-05-15,0.2058048657086645,0.7080000056489768,0.08619512864235873,-0.00038450400848307023,113633414.56149831
2007-05-16,0.2058048657086645,0.7080000056489768,0.08619512864235873,0.0017023762525650446,113826861.38794568
2007-05-17,0.2058048657086645,0.7080000056489768,0.08619512864235873,-0.0016603987559988943,113637863.40889788
2007-05-18,0.2058048657086645,0.7080000056489768,0.08619512864235873,-4.5995261492109415e-05,113632636.60565498
2007-05-21,0.2058048657086645,0.7080000056489768,0.08619512864235873,0.0014954228566491832,113802565.4476964
2007-05-22,0.2058048657086645,0.7080000056489768,0.08619512864235873,-0.0018974078937779762,113586635.56168376
2007-05-23,0.2058048657086645,0.7080000056489768,0.08619512864235873,-0.0009148183507731367,113482724.42306934
2007-05-24,0.2058048657086645,0.7080000056489768,0.08619512864235873,-0.00251582932409648,113197221.25718743
2007-05-25,0.2058048657086645,0.7080000056489768,0.08619512864235873,0.001385172030532931,113354018.88200693
2007-05-28,0.2058048657086645,0.7080000056489768,0.08619512864235873,0.00015891408391643827,113372032.43207581
2007-05-29,0.2058048657086645,0.7080000056489768,0.08619512864235873,-0.00030674108790387404,113337256.57150972
2007-05-30,0.2058048657086645,0.7080000056489768,0.08619512864235873,0.0019491524479340258,113558168.16259821
2007-05-31,0.2058048657086645,0.7080000056489768,0.08619512864235873,0.00034773165233359897,113597655.93204938
2007-06-01,0.2505807072749701,0.6543539686511274,0.09506532407390256,-0.00040769433611891775,113551342.81112951
2007-06-04,0.2505807072749701,0.6543539686511274,0.09506532407390256,0.001809595428556301,113756824.80198696
2007-06-05,0.2505807072749701,0.6543539686511274,0.09506532407390256,-0.0030318084878406108,113411935.89500251
2007-06-06,0.2505807072749701,0.6543539686511274,0.09506532407390256,-0.0021877874036312288,113163814.69023
2007-06-07,0.2505807072749701,0.6543539686511274,0.09506532407390256,-0.007920215732858227,112267532.8647302
2007-06-08,0.2505807072749701,0.6543539686511274,0.09506532407390256,0.002139230786016594,112507699.02730456
2007-06-11,0.2505807072749701,0.6543539686511274,0.09506532407390256,0.0007769960113172211,112595117.06069125
2007-06-12,0.2505807072749701,0.6543539686511274,0.09506532407390256,-0.005954131729498295,111924710.90161362
2007-06-13,0.2505807072749701,0.6543539686511274,0.09506532407390256,0.005323719387354834,112520566.65496461
2007-06-14,0.2505807072749701,0.6543539686511274,0.09506532407390256,0.001101552153246838,112644513.92744796
2007-06-15,0.2505807072749701,0.6543539686511274,0.09506532407390256,0.003864658102822837,113079846.4609362
2007-06-18,0.2505807072749701,0.6543539686511274,0.09506532407390256,0.000752528079720097,113164942.2206485
2007-06-19,0.2505807072749701,0.6543539686511274,0.09506532407390256,0.002198465604593675,113413731.45376644
2007-06-20,0.2505807072749701,0.6543539686511274,0.09506532407390256,-0.004762061596577807,112873648.27868587
2007-06-21,0.2505807072749701,0.6543539686511274,0.09506532407390256,0.0005061779337137663,112930782.4287423
2007-06-22,0.2505807072749701,0.6543539686511274,0.09506532407390256,-0.002492809600062722,112649267.49016136
2007-06-25,0.2505807072749701,0.6543539686511274,0.09506532407390256,0.0013651212882565841,112803047.40331867
2007-06-26,0.2505807072749701,0.6543539686511274,0.09506532407390256,-0.0019578202607197816,112582199.31164153
2007-06-27,0.2505807072749701,0.6543539686511274,0.09506532407390256,0.0031544083256869098,112937329.5384743
2007-06-28,0.2505807072749701,0.6543539686511274,0.09506532407390256,-0.0008812153486452057,112837807.43025
2007-06-29,0.2505807072749701,0.6543539686511274,0.09506532407390256,0.0024353560028530555,113112607.66192406
2007-07-02,0.2579492169994875,0.6209932808649079,0.12105750213560462,0.004467069376951118,113617889.5277577
2007-07-03,0.2579492169994875,0.6209932808649079,0.12105750213560462,-0.0004498146369593153,113566782.5380277
2007-07-04,0.2579492169994875,0.6209932808649079,0.12105750213560462,0.00018097900249675923,113587335.7410482
2007-07-05,0.2579492169994875,0.6209932808649079,0.12105750213560462,-0.002704143797072104,113280179.25167811
2007-07-06,0.2579492169994875,0.6209932808649079,0.12105750213560462,4.5795942242900136e-05,113285367.02422439
2007-07-09,0.2579492169994875,0.6209932808649079,0.12105750213560462,0.001533652826031233,113459107.44750907
2007-07-10,0.2579492169994875,0.6209932808649079,0.12105750213560462,0.00029030180551932043,113492044.8312537
2007-07-11,0.2579492169994875,0.6209932808649079,0.12105750213560462,0.0004890953303194523,113547553.26040906
2007-07-12,0.2579492169994875,0.6209932808649079,0.12105750213560462,0.004122543819741571,114015658.02434954
2007-07-13,0.2579492169994875,0.6209932808649079,0.12105750213560462,0.0014476170178174023,114180709.03120326
2007-07-16,0.2579492169994875,0.6209932808649079,0.12105750213560462,0.0018101526332288632,114387393.54232001
2007-07-17,0.2579492169994875,0.6209932808649079,0.12105750213560462,-0.0010059983081382397,114272320.0179441
2007-07-18,0.2579492169994875,0.6209932808649079,0.12105750213560462,0.0018690316766164683,114485898.6038181
2007-07-19,0.2579492169994875,0.6209932808649079,0.12105750213560462,0.0008842005513215277,114587127.09848213
2007-07-20,0.2579492169994875,0.6209932808649079,0.12105750213560462,-0.0011469159040953215,114455705.30000828
2007-07-23,0.2579492169994875,0.6209932808649079,0.12105750213560462,0.0017365001655107635,114654457.65120539
2007-07-24,0.2579492169994875,0.6209932808649079,0.12105750213560462,-0.004585582469437036,114128700.1801572
2007-07-25,0.2579492169994875,0.6209932808649079,0.12105750213560462,0.0021146433799228647,114370041.68045238
2007-07-26,0.2579492169994875,0.6209932808649079,0.12105750213560462,-0.003216402486026999,114002181.59406437
2007-07-27,0.2579492169994875,0.6209932808649079,0.12105750213560462,-0.005545203813327694,113370016.26196128
2007-07-30,0.2579492169994875,0.6209932808649079,0.12105750213560462,0.002965271615940124,113706189.15328154
2007-07-31,0.2579492169994875,0.6209932808649079,0.12105750213560462,-0.0016622014943024385,113517186.55575953
2007-08-01,0.20286853145300351,0.6729851888741338,0.12414627967286268,0.0012902633863798398,113663653.62529726
2007-08-02,0.20286853145300351,0.6729851888741338,0.12414627967286268,0.0014621559513602628,113829847.61289886
2007-08-03,0.20286853145300351,0.6729851888741338,0.12414627967286268,-0.0033172592814020322,113452244.49440439
2007-08-06,0.20286853145300351,0.6729851888741338,0.12414627967286268,0.0036559358455386616,113867018.62180828
2007-08-07,0.20286853145300351,0.6729851888741338,0.12414627967286268,0.0006589357508171858,113942049.67121714
2007-08-08,0.20286853145300351,0.6729851888741338,0.12414627967286268,-2.232827794651103e-05,113939505.5414623
2007-08-09,0.20286853145300351,0.6729851888741338,0.12414627967286268,-0.005250951345211655,113341214.7415666
2007-08-10,0.20286853145300351,0.6729851888741338,0.12414627967286268,0.0005915076312555375,113408256.93502201
2007-08-13,0.20286853145300351,0.6729851888741338,0.12414627967286268,9.03312566175781e-05,113418501.24538177
2007-08-14,0.20286853145300351,0.6729851888741338,0.12414627967286268,-0.0027809027382271756,113103095.42470287
2007-08-15,0.20286853145300351,0.6729851888741338,0.12414627967286268,-0.0027185937169695727,112795614.06011148
2007-08-16,0.20286853145300351,0.6729851888741338,0.12414627967286268,0.0007491709750557509,112880117.2602789
2007-08-17,0.20286853145300351,0.6729851888741338,0.12414627967286268,0.005321914518899421,113480855.59522143
2007-08-20,0.20286853145300351,0.6729851888741338,0.12414627967286268,0.0015521805131359454,113656998.36789034
2007-08-21,0.20286853145300351,0.6729851888741338,0.12414627967286268,0.0018533366391425858,113867643.04726054
2007-08-22,0.20286853145300351,0.6729851888741338,0.12414627967286268,0.0013752857481470334,114024243.59391853
2007-08-23,0.20286853145300351,0.6729851888741338,0.12414627967286268,-0.000247023095878737,113996076.97226073
2007-08-24,0.20286853145300351,0.6729851888741338,0.12414627967286268,0.0019223765366195471,114215220.35589889
2007-08-27,0.20286853145300351,0.6729851888741338,0.12414627967286268,-0.00031140118672798154,114179653.60073765
2007-08-28,0.20286853145300351,0.6729851888741338,0.12414627967286268,-0.002485164764697212,113895898.34876376
2007-08-29,0.20286853145300351,0.6729851888741338,0.12414627967286268,0.004011418553098562,114352782.46852183
2007-08-30,0.20286853145300351,0.6729851888741338,0.12414627967286268,0.0011016413952122002,114478758.22734685
2007-08-31,0.20286853145300351,0.6729851888741338,0.12414627967286268,0.0014227983390624871,114641638.41441067
2007-09-03,0.1908474875090694,0.7539567886405651,0.055195723850365426,-2.049447640367104e-05,114639288.8940573
2007-09-04,0.1908474875090694,0.7539567886405651,0.055195723850365426,0.0024291421890202617,114917764.02722915
2007-09-05,0.1908474875090694,0.7539567886405651,0.055195723850365426,0.0014608759640351065,115085644.62653719
2007-09-06,0.1908474875090694,0.7539567886405651,0.055195723850365426,3.890266830045209e-05,115090121.76519623
2007-09-07,0.1908474875090694,0.7539567886405651,0.055195723850365426,0.0022777232196627005,115352265.20789464
2007-09-10,0.1908474875090694,0.7539567886405651,0.055195723850365426,0.001832447587516679,115563642.18798943
2007-09-11,0.1908474875090694,0.7539567886405651,0.055195723850365426,0.0012796773535176842,115711526.36378743
2007-09-12,0.1908474875090694,0.7539567886405651,0.055195723850365426,-0.0013427869395749507,115556150.43742786
2007-09-13,0.1908474875090694,0.7539567886405651,0.055195723850365426,-0.001213760307930463,115415892.96868968
2007-09-14,0.1908474875090694,0.7539567886405651,0.055195723850365426,0.0008007115476441507,115508307.80697137
2007-09-17,0.1908474875090694,0.7539567886405651,0.055195723850365426,-0.0007706302143828127,115419293.61496308
2007-09-18,0.1908474875090694,0.7539567886405651,0.055195723850365426,0.0059595731654142805,116107143.33996189
2007-09-19,0.1908474875090694,0.7539567886405651,0.055195723850365426,-0.00033327356059136416,116068447.89889088
2007-09-20,0.1908474875090694,0.7539567886405651,0.055195723850365426,-0.005861557870078019,115388105.9746414
2007-09-21,0.1908474875090694,0.7539567886405651,0.055195723850365426,0.0023972727999480694,115664722.74253194
2007-09-24,0.1908474875090694,0.7539567886405651,0.055195723850365426,-0.0003281047396547613,115626772.59878926
2007-09-25,0.1908474875090694,0.7539567886405651,0.055195723850365426,0.0005032990708924623,115684967.44600852
2007-09-26,0.1908474875090694,0.7539567886405651,0.055195723850365426,0.0012642785391979278,115831225.4676583
2007-09-27,0.1908474875090694,0.7539567886405651,0.055195723850365426,0.0029863192248349877,116177134.48310855
2007-09-28,0.1908474875090694,0.7539567886405651,0.055195723850365426,-0.0003333674986214372,116138404.8023889
2007-10-01,0.19499974814915516,0.7271699337085208,0.07783031814232406,0.0033834019256162974,116531347.70483531
2007-10-02,0.19499974814915516,0.7271699337085208,0.07783031814232406,0.0002883982288224618,116564955.13911566
2007-10-03,0.19499974814915516,0.7271699337085208,0.07783031814232406,-0.001446115191810938,116396388.78665623
2007-10-04,0.19499974814915516,0.7271699337085208,0.07783031814232406,0.0015093235608150608,116572068.59864573
2007-10-05,0.19499974814915516,0.7271699337085208,0.07783031814232406,-0.0017628470004622569,116366569.87717892
2007-10-08,0.19499974814915516,0.7271699337085208,0.07783031814232406,-0.0014797161371301387,116194380.38590918
2007-10-09,0.19499974814915516,0.7271699337085208,0.07783031814232406,0.0019530943860722682,116421318.97793405
2007-10-10,0.19499974814915516,0.7271699337085208,0.07783031814232406,3.2146651220200364e-05,116425061.53346983
2007-10-11,0.19499974814915516,0.7271699337085208,0.07783031814232406,-0.0006457058700948385,116349885.18781151
2007-10-12,0.19499974814915516,0.7271699337085208,0.07783031814232406,-0.00038711549789660616,116304844.34407681
2007-10-15,0.19499974814915516,0.7271699337085208,0.07783031814232406,-0.0005118814000967217,116245310.05751595
2007-10-16,0.19499974814915516,0.7271699337085208,0.07783031814232406,-0.0009252237960403308,116137757.13047265
2007-10-17,0.19499974814915516,0.7271699337085208,0.07783031814232406,0.004880124212279419,116704523.81100489
2007-10-18,0.19499974814915516,0.7271699337085208,0.07783031814232406,0.002348176130607122,116978566.58815178
2007-10-19,0.19499974814915516,0.7271699337085208,0.07783031814232406,-0.0015350976381913553,116798993.0668633
2007-10-22,0.19499974814915516,0.7271699337085208,0.07783031814232406,0.0002063240262091022,116823091.50537002
2007-10-23,0.19499974814915516,0.7271699337085208,0.07783031814232406,0.0020548424319572593,117063144.5508277
2007-10-24,0.19499974814915516,0.7271699337085208,0.07783031814232406,0.002425728213050208,117347107.92327301
2007-10-25,0.19499974814915516,0.7271699337085208,0.07783031814232406,-6.313173360015698e-05,117339699.59691684
2007-10-26,0.19499974814915516,0.7271699337085208,0.07783031814232406,0.00267288768093537,117653335.43445411
2007-10-29,0.19499974814915516,0.7271699337085208,0.07783031814232406,0.001809186500537081,117866192.2606653
2007-10-30,0.19499974814915516,0.7271699337085208,0.07783031814232406,-0.0019155356898119258,117640415.36276777
2007-10-31,0.19499974814915516,0.7271699337085208,0.07783031814232406,0.00013650959285623214,117656474.40797238
2007-11-01,0.16844199170594784,0.7305473633002998,0.10101064499375237,-0.0008267709662567799,117559199.45093973
2007-11-02,0.16844199170594784,0.7305473633002998,0.10101064499375237,0.004012799244593147,118030940.91769144
2007-11-05,0.16844199170594784,0.7305473633002998,0.10101064499375237,-0.0016607957955743727,117834915.62726767
2007-11-06,0.16844199170594784,0.7305473633002998,0.10101064499375237,0.002161772400187912,118089647.89564915
2007-11-07,0.16844199170594784,0.7305473633002998,0.10101064499375237,-0.0033589119446661244,117692995.16679104
2007-11-08,0.16844199170594784,0.7305473633002998,0.10101064499375237,0.0019041464861229102,117917099.86997916
2007-11-09,0.16844199170594784,0.7305473633002998,0.10101064499375237,-0.0008691446206978836,117814612.85693888
2007-11-12,0.16844199170594784,0.7305473633002998,0.10101064499375237,-0.004597191148341483,117272996.5615677
2007-11-13,0.16844199170594784,0.7305473633002998,0.10101064499375237,0.004320187435814775,117779637.8878733
2007-11-14,0.16844199170594784,0.7305473633002998,0.10101064499375237,9.161493955362008e-06,117780716.92531389
2007-11-15,0.16844199170594784,0.7305473633002998,0.10101064499375237,0.0006030670629061749,117851746.59633704
2007-11-16,0.16844199170594784,0.7305473633002998,0.10101064499375237,0.001450484117497716,118022688.6829944
2007-11-19,0.16844199170594784,0.7305473633002998,0.10101064499375237,-0.000624825669649984,117948945.07750416
2007-11-20,0.16844199170594784,0.7305473633002998,0.10101064499375237,0.002696989937666955,118267052.19553661
2007-11-21,0.16844199170594784,0.7305473633002998,0.10101064499375237,-0.001958308501445216,118035448.82178123
2007-11-22,0.16844199170594784,0.7305473633002998,0.10101064499375237,0.00014859342851584147,118052988.11380807
2007-11-23,0.16844199170594784,0.7305473633002998,0.10101064499375237,0.003733094385184662,118493691.06089
2007-11-26,0.16844199170594784,0.7305473633002998,0.10101064499375237,0.0021111751091580995,118743851.99205002
2007-11-27,0.16844199170594784,0.7305473633002998,0.10101064499375237,-0.0019229882449660176,118515508.9605073
2007-11-28,0.16844199170594784,0.7305473633002998,0.10101064499375237,0.002401652142356532,118800141.98650476
2007-11-29,0.16844199170594784,0.7305473633002998,0.10101064499375237,0.00256793409107911,119105212.92113696
2007-11-30,0.16844199170594784,0.7305473633002998,0.10101064499375237,0.00019023522479051647,119127870.92809072
2007-12-03,0.133166855584729,0.7882346156286858,0.07859852878658521,0.0030653077816117317,119493034.51785342
2007-12-04,0.133166855584729,0.7882346156286858,0.07859852878658521,-0.0006759194840072274,119412266.84761965
2007-12-05,0.133166855584729,0.7882346156286858,0.07859852878658521,0.0012081120558181738,119556530.24681085
2007-12-06,0.133166855584729,0.7882346156286858,0.07859852878658521,-0.0009999264923002608,119436982.50488956
2007-12-07,0.133166855584729,0.7882346156286858,0.07859852878658521,-0.004992831407610836,118840653.78740889
2007-12-10,0.133166855584729,0.7882346156286858,0.07859852878658521,0.00032588943997138934,118879382.70151749
2007-12-11,0.133166855584729,0.7882346156286858,0.07859852878658521,0.0032701219772069278,119268132.78352652
2007-12-12,0.133166855584729,0.7882346156286858,0.07859852878658521,-0.0020194480849673726,119027276.98117921
2007-12-13,0.133166855584729,0.7882346156286858,0.07859852878658521,-0.003954505378143886,118556582.97421132
2007-12-14,0.133166855584729,0.7882346156286858,0.07859852878658521,-0.004701060432128034,117999241.31302296
2007-12-17,0.133166855584729,0.7882346156286858,0.07859852878658521,-0.00020381477109059727,117975191.32466587
2007-12-18,0.133166855584729,0.7882346156286858,0.07859852878658521,0.004178892668719298,118468196.98678328
2007-12-19,0.133166855584729,0.7882346156286858,0.07859852878658521,0.001859872527233412,118688532.73170987
2007-12-20,0.133166855584729,0.7882346156286858,0.07859852878658521,0.0026865973963842173,119007401.03472756
2007-12-21,0.133166855584729,0.7882346156286858,0.07859852878658521,-0.002580589453141654,118700291.79077153
2007-12-24,0.133166855584729,0.7882346156286858,0.07859852878658521,-0.0005735810157529268,118632207.55683601
2007-12-25,0.133166855584729,0.7882346156286858,0.07859852878658521,-0.00011618407802894985,118618424.38317649
2007-12-26,0.133166855584729,0.7882346156286858,0.07859852878658521,-0.002040184665316038,118376420.89272597
2007-12-27,0.133166855584729,0.7882346156286858,0.07859852878658521,0.0013522224794751076,118536492.15009692
2007-12-28,0.133166855584729,0.7882346156286858,0.07859852878658521,0.0046518603019473,119087907.35226202
2007-12-31,0.133166855584729,0.7882346156286858,0.07859852878658521,0.0015814798384204823,119276242.47673929
2008-01-01,0.13910162866460055,0.7717207204250153,0.08917765091038415,0.0,119276242.47673929
2008-01-02,0.13910162866460055,0.7717207204250153,0.08917765091038415,0.005168653291612989,119892740.02002792
2008-01-03,0.13910162866460055,0.7717207204250153,0.08917765091038415,0.0003165482260256004,119930691.85419463
2008-01-04,0.13910162866460055,0.7717207204250153,0.08917765091038415,-0.0013535171471662122,119768363.60629846
2008-01-07,0.13910162866460055,0.7717207204250153,0.08917765091038415,0.0009579536748480573,119883096.15034565
2008-01-08,0.13910162866460055,0.7717207204250153,0.08917765091038415,-0.001793734896828054,119668057.65724097
2008-01-09,0.13910162866460055,0.7717207204250153,0.08917765091038415,0.0039608772069917725,120142048.13922052
2008-01-10,0.13910162866460055,0.7717207204250153,0.08917765091038415,-0.002066195100672966,119893811.22797045
2008-01-11,0.13910162866460055,0.7717207204250153,0.08917765091038415,0.0014839250581400816,120071724.65876754
2008-01-14,0.13910162866460055,0.7717207204250153,0.08917765091038415,0.002846217672412185,120413474.92344834
2008-01-15,0.13910162866460055,0.7717207204250153,0.08917765091038415,-0.0012819438477093457,120259111.61008893
2008-01-16,0.13910162866460055,0.7717207204250153,0.08917765091038415,-0.0018221697875985521,120039979.09022959
2008-01-17,0.13910162866460055,0.7717207204250153,0.08917765091038415,-0.001217029866121704,119893886.85054816
2008-01-18,0.13910162866460055,0.7717207204250153,0.08917765091038415,-0.0005122894887470255,119832466.47254959
2008-01-21,0.13910162866460055,0.7717207204250153,0.08917765091038415,-0.0010172026780014176,119710572.5667422
2008-01-22,0.13910162866460055,0.7717207204250153,0.08917765091038415,0.006204209433725839,120453282.0303775
2008-01-23,0.13910162866460055,0.7717207204250153,0.08917765091038415,0.004253434477223904,120965622.17306028
2008-01-24,0.13910162866460055,0.7717207204250153,0.08917765091038415,-0.005402738305912158,120312076.57244737
2008-01-25,0.13910162866460055,0.7717207204250153,0.08917765091038415,0.00039250830250353857,120359300.0613935
2008-01-28,0.13910162866460055,0.7717207204250153,0.08917765091038415,0.0033512770701086586,120762657.42386359
2008-01-29,0.13910162866460055,0.7717207204250153,0.08917765091038415,-0.0014171062988732948,120591523.90135954
2008-01-30,0.13910162866460055,0.7717207204250153,0.08917765091038415,-0.0031485617328353274,120211834.04389943
2008-01-31,0.13910162866460055,0.7717207204250153,0.08917765091038415,0.006378527412353384,120978608.52263771
2008-02-01,0.10261832506355903,0.795597772879878,0.10178390205656297,0.003008757526050938,121342603.82152136
2008-02-04,0.10261832506355903,0.795597772879878,0.10178390205656297,-0.0017751895793090037,121127197.69569118
2008-02-05,0.10261832506355903,0.795597772879878,0.10178390205656297,-0.0014334702677969038,120953565.45917284
2008-02-06,0.10261832506355903,0.795597772879878,0.10178390205656297,-0.001185322717061319,120810196.45032452
2008-02-07,0.10261832506355903,0.795597772879878,0.10178390205656297,-0.002927488890972771,120456525.94229996
2008-02-08,0.10261832506355903,0.795597772879878,0.10178390205656297,0.003269376298511649,120850343.65321676
2008-02-11,0.10261832506355903,0.795597772879878,0.10178390205656297,0.0027936518602065643,121187957.44057016
2008-02-12,0.10261832506355903,0.795597772879878,0.10178390205656297,-0.002030977697141401,120941827.40184623
2008-02-13,0.10261832506355903,0.795597772879878,0.10178390205656297,0.0010956041283108015,121074331.76723315
2008-02-14,0.10261832506355903,0.795597772879878,0.10178390205656297,-0.004646547191512852,120511754.17099582
2008-02-15,0.10261832506355903,0.795597772879878,0.10178390205656297,0.0011306276297227112,120648008.08996789
2008-02-18,0.10261832506355903,0.795597772879878,0.10178390205656297,0.00046937173957851546,120704636.85540175
2008-02-19,0.10261832506355903,0.795597772879878,0.10178390205656297,-0.002011746739275541,120461809.69579248
2008-02-20,0.10261832506355903,0.795597772879878,0.10178390205656297,-0.00045315925203905463,120407221.31221147
2008-02-21,0.10261832506355903,0.795597772879878,0.10178390205656297,0.004924990280415596,121000225.70686595
2008-02-22,0.10261832506355903,0.795597772879878,0.10178390205656297,0.0006768054593116527,121082119.32020229
2008-02-25,0.10261832506355903,0.795597772879878,0.10178390205656297,-0.0025854201464678658,120769071.16953482
2008-02-26,0.10261832506355903,0.795597772879878,0.10178390205656297,0.003218397948021142,121157754.10037126
2008-02-27,0.10261832506355903,0.795597772879878,0.10178390205656297,0.001621330961116659,121354190.91827355
2008-02-28,0.10261832506355903,0.795597772879878,0.10178390205656297,0.0052222913301950965,121987937.8573889
2008-02-29,0.10261832506355903,0.795597772879878,0.10178390205656297,0.004276716884136131,122509645.73088457
2008-03-03,0.08672649863866315,0.7568300341563027,0.15644346720503416,0.001632279345635097,122709615.69525217
2008-03-04,0.08672649863866315,0.7568300341563027,0.15644346720503416,-0.003652816824277901,122261379.94653988
2008-03-05,0.08672649863866315,0.7568300341563027,0.15644346720503416,-0.0008149391606180525,122161744.36019023
2008-03-06,0.08672649863866315,0.7568300341563027,0.15644346720503416,-0.00034056230149065057,122120140.67537682
2008-03-07,0.08672649863866315,0.7568300341563027,0.15644346720503416,0.0006779844089106694,122202936.2267687
2008-03-10,0.08672649863866315,0.7568300341563027,0.15644346720503416,0.001564757905875169,122394154.23735067
2008-03-11,0.08672649863866315,0.7568300341563027,0.15644346720503416,-0.0026257492859665995,122072777.87425545
2008-03-12,0.08672649863866315,0.7568300341563027,0.15644346720503416,0.005412388950920058,122733483.22843021
2008-03-13,0.08672649863866315,0.7568300341563027,0.15644346720503416,0.00017955256472486228,122755520.34012148
2008-03-14,0.08672649863866315,0.7568300341563027,0.15644346720503416,0.0029950143782188385,123123174.88854587
2008-03-17,0.08672649863866315,0.7568300341563027,0.15644346720503416,0.0002584630238519144,123154997.67663382
2008-03-18,0.08672649863866315,0.7568300341563027,0.15644346720503416,-0.00027101355821751243,123121621.00250122
2008-03-19,0.08672649863866315,0.7568300341563027,0.15644346720503416,-0.002339148874128305,122833621.20135234
2008-03-20,0.08672649863866315,0.7568300341563027,0.15644346720503416,-0.0005742015110148965,122763089.9504551
2008-03-21,0.08672649863866315,0.7568300341563027,0.15644346720503416,0.0003909927587252111,122811089.42966445
2008-03-24,0.08672649863866315,0.7568300341563027,0.15644346720503416,-0.005656972304928337,122116350.49802276
2008-03-25,0.08672649863866315,0.7568300341563027,0.15644346720503416,0.002804875057271789,122458871.60361972
2008-03-26,0.08672649863866315,0.7568300341563027,0.15644346720503416,0.001073233433546024,122590298.55885904
2008-03-27,0.08672649863866315,0.7568300341563027,0.15644346720503416,-0.002392402539785656,122297013.21723375
2008-03-28,0.08672649863866315,0.7568300341563027,0.15644346720503416,-0.0002827315013454728,122262435.99907675
2008-03-31,0.08672649863866315,0.7568300341563027,0.15644346720503416,0.0006678621683740033,122344090.4546938
2008-04-01,0.10419644552246916,0.7661372246135129,0.1296663298640178,-0.0028824184377054356,121991443.59262288
2008-04-02,0.10419644552246916,0.7661372246135129,0.1296663298640178,-1.656884695246585e-05,121989422.33506449
2008-04-03,0.10419644552246916,0.7661372246135129,0.1296663298640178,-0.00017763305784921604,121967752.98094986
2008-04-04,0.10419644552246916,0.7661372246135129,0.1296663298640178,0.005403001841094733,122626744.9748601
2008-04-07,0.10419644552246916,0.7661372246135129,0.1296663298640178,-0.001857380553092268,122398980.44345479
2008-04-08,0.10419644552246916,0.7661372246135129,0.1296663298640178,-0.0005590603167607074,122330552.03067689
2008-04-09,0.10419644552246916,0.7661372246135129,0.1296663298640178,0.0049019762986804135,122930213.49733575
2008-04-10,0.10419644552246916,0.7661372246135129,0.1296663298640178,-0.0017092172542834557,122720099.05535334
2008-04-11,0.10419644552246916,0.7661372246135129,0.1296663298640178,-0.00010128408150231053,122707669.46283863
2008-04-14,0.10419644552246916,0.7661372246135129,0.1296663298640178,-0.0011507873931584697,122566459.02377696
2008-04-15,0.10419644552246916,0.7661372246135129,0.1296663298640178,-0.0018332020995568982,122341769.93375932
2008-04-16,0.10419644552246916,0.7661372246135129,0.1296663298640178,-0.0013959094061855547,122170991.90633939
2008-04-17,0.10419644552246916,0.7661372246135129,0.1296663298640178,-0.001888826298764692,121940232.12388052
2008-04-18,0.10419644552246916,0.7661372246135129,0.1296663298640178,0.0003507411881763962,121983001.58578217
2008-04-21,0.10419644552246916,0.7661372246135129,0.1296663298640178,0.0015396472188504962,122170812.37492076
2008-04-22,0.10419644552246916,0.7661372246135129,0.1296663298640178,-0.0006137684266971678,122095827.7876211
2008-04-23,0.10419644552246916,0.7661372246135129,0.1296663298640178,0.00015497389829223726,122114749.45401855
2008-04-24,0.10419644552246916,0.7661372246135129,0.1296663298640178,-0.004443877014043494,121572086.52584414
2008-04-25,0.10419644552246916,0.7661372246135129,0.1296663298640178,-0.0008348508643908841,121470591.96432224
2008-04-28,0.10419644552246916,0.7661372246135129,0.1296663298640178,0.0016995103315556918,121677032.4903458
2008-04-29,0.10419644552246916,0.7661372246135129,0.1296663298640178,-0.0012616274382621475,121523521.40754968
2008-04-30,0.10419644552246916,0.7661372246135129,0.1296663298640178,0.0024545240537331295,121821803.81393883
2008-05-01,0.1192519227460246,0.7276897444749518,0.1530583327790236,0.0015530628242724468,122011000.72862807
2008-05-02,0.1192519227460246,0.7276897444749518,0.1530583327790236,-0.001591078900503518,121816871.59973945
2008-05-05,0.1192519227460246,0.7276897444749518,0.1530583327790236,0.000534492610115009,121881981.81739682
2008-05-06,0.1192519227460246,0.7276897444749518,0.1530583327790236,0.00012713506466963072,121897477.29103723
2008-05-07,0.1192519227460246,0.7276897444749518,0.1530583327790236,-0.001255249809222183,121744465.50592299
2008-05-08,0.1192519227460246,0.7276897444749518,0.1530583327790236,0.003426819327925232,122161661.79338661
2008-05-09,0.1192519227460246,0.7276897444749518,0.1530583327790236,0.0006339544837165561,122239106.7266188
2008-05-12,0.1192519227460246,0.7276897444749518,0.1530583327790236,0.0015306779829607029,122426215.43594201
2008-05-13,0.1192519227460246,0.7276897444749518,0.1530583327790236,-0.005088365606846946,121803266.09194133
2008-05-14,0.1192519227460246,0.7276897444749518,0.1530583327790236,-0.0014695870871462683,121624265.58492036
2008-05-15,0.1192519227460246,0.7276897444749518,0.1530583327790236,0.004850167214884428,122214163.61039475
2008-05-16,0.1192519227460246,0.7276897444749518,0.1530583327790236,0.0010672558826656418,122344597.395453
2008-05-19,0.1192519227460246,0.7276897444749518,0.1530583327790236,0.0007745094717855106,122439354.44495757
2008-05-20,0.1192519227460246,0.7276897444749518,0.1530583327790236,0.001921874327351343,122674667.49692279
2008-05-21,0.1192519227460246,0.7276897444749518,0.1530583327790236,-0.0027388965564691453,122338674.27254948
2008-05-22,0.1192519227460246,0.7276897444749518,0.1530583327790236,-0.004417966545270014,121798186.10242066
2008-05-23,0.1192519227460246,0.7276897444749518,0.1530583327790236,0.002133257793138885,122058013.0321138
2008-05-26,0.1192519227460246,0.7276897444749518,0.1530583327790236,-5.232445364655136e-05,122051626.41326872
2008-05-27,0.1192519227460246,0.7276897444749518,0.1530583327790236,-0.002958390855478479,121690549.99779142
2008-05-28,0.1192519227460246,0.7276897444749518,0.1530583327790236,-0.0024293931221175354,121394915.81260009
2008-05-29,0.1192519227460246,0.7276897444749518,0.1530583327790236,-0.002522904569837881,121088648.0247414
2008-05-30,0.1192519227460246,0.7276897444749518,0.1530583327790236,0.002741214505413559,121420577.98314774
2008-06-02,0.11988445136289796,0.7077878744629233,0.17232767417417874,0.002007971570988643,121664387.0518709
2008-06-03,0.11988445136289796,0.7077878744629233,0.17232767417417874,0.002104944876352094,121920483.88003027
2008-06-04,0.11988445136289796,0.7077878744629233,0.17232767417417874,-0.0013141756350868125,121760258.95069712
2008-06-05,0.11988445136289796,0.7077878744629233,0.17232767417417874,0.00032257577413606197,121799535.86048715
2008-06-06,0.11988445136289796,0.7077878744629233,0.17232767417417874,0.0011768090121676979,121942870.65196563
2008-06-09,0.11988445136289796,0.7077878744629233,0.17232767417417874,-0.004019267901729953,121452749.58610938
2008-06-10,0.11988445136289796,0.7077878744629233,0.17232767417417874,-0.005571835154446116,120776034.88636135
2008-06-11,0.11988445136289796,0.7077878744629233,0.17232767417417874,0.00044876135817487517,120830234.50381194
2008-06-12,0.11988445136289796,0.7077878744629233,0.17232767417417874,-0.004777665139076616,120252948.10467662
2008-06-13,0.11988445136289796,0.7077878744629233,0.17232767417417874,0.0005891941050460133,120323800.4328143
2008-06-16,0.11988445136289796,0.7077878744629233,0.17232767417417874,0.0014855368435947231,120502545.87151858
2008-06-17,0.11988445136289796,0.7077878744629233,0.17232767417417874,0.0009656030170561436,120618903.49337508
2008-06-18,0.11988445136289796,0.7077878744629233,0.17232767417417874,0.0023128578587794696,120897877.87223709
2008-06-19,0.11988445136289796,0.7077878744629233,0.17232767417417874,-0.001698707474221402,120692507.74347802
2008-06-20,0.11988445136289796,0.7077878744629233,0.17232767417417874,0.0012546622552569403,120843936.07743606
2008-06-23,0.11988445136289796,0.7077878744629233,0.17232767417417874,-0.0015251635717187934,120659629.30826764
2008-06-24,0.11988445136289796,0.7077878744629233,0.17232767417417874,0.002829231802225882,121001003.36875138
2008-06-25,0.11988445136289796,0.7077878744629233,0.17232767417417874,0.000491524075026408,121060478.27500947
2008-06-26,0.11988445136289796,0.7077878744629233,0.17232767417417874,0.0016487030396362906,121260071.05352132
2008-06-27,0.11988445136289796,0.7077878744629233,0.17232767417417874,0.001186886729168192,121403993.02263273
2008-06-30,0.11988445136289796,0.7077878744629233,0.17232767417417874,0.000713307147806044,121490591.35862799
2008-07-01,0.09150452034783359,0.7267552061077689,0.18174027354439753,-1.3223738723942645e-05,121488984.79879044
2008-07-02,0.09150452034783359,0.7267552061077689,0.18174027354439753,0.0012041360094730363,121635274.06014098
2008-07-03,0.09150452034783359,0.7267552061077689,0.18174027354439753,-8.286571102623946e-05,121625194.66667013
2008-07-04,0.09150452034783359,0.7267552061077689,0.18174027354439753,5.740517838077788e-05,121632176.58266556
2008-07-07,0.09150452034783359,0.7267552061077689,0.18174027354439753,-0.0005979336635971318,121559448.6097102
2008-07-08,0.09150452034783359,0.7267552061077689,0.18174027354439753,0.0014970524508634284,121741429.48017699
2008-07-09,0.09150452034783359,0.7267552061077689,0.18174027354439753,0.0002571052935609546,121772729.84614202
2008-07-10,0.09150452034783359,0.7267552061077689,0.18174027354439753,0.0031260614563095885,122153398.88334365
2008-07-11,0.09150452034783359,0.7267552061077689,0.18174027354439753,-0.004821115001734435,121564483.29947431
2008-07-14,0.09150452034783359,0.7267552061077689,0.18174027354439753,0.002878484548843905,121914404.78634004
2008-07-15,0.09150452034783359,0.7267552061077689,0.18174027354439753,0.00025956979114905634,121946050.0829285
2008-07-16,0.09150452034783359,0.7267552061077689,0.18174027354439753,-0.002377478985299654,121656125.91151604
2008-07-17,0.09150452034783359,0.7267552061077689,0.18174027354439753,-0.0036704563256976376,121209592.41460425
2008-07-18,0.09150452034783359,0.7267552061077689,0.18174027354439753,-0.002445475329918896,120913177.34660481
2008-07-21,0.09150452034783359,0.7267552061077689,0.18174027354439753,0.0012355526598384265,121062571.9444849
2008-07-22,0.09150452034783359,0.7267552061077689,0.18174027354439753,-0.001603282510140327,120868474.4402537
2008-07-23,0.09150452034783359,0.7267552061077689,0.18174027354439753,-0.004282478673209764,120350857.77619992
2008-07-24,0.09150452034783359,0.7267552061077689,0.18174027354439753,0.003117487802830739,120726050.10737745
2008-07-25,0.09150452034783359,0.7267552061077689,0.18174027354439753,-0.002874568251017982,120379014.83666797
2008-07-28,0.09150452034783359,0.7267552061077689,0.18174027354439753,0.0026010203630888965,120692123.10554671
2008-07-29,0.09150452034783359,0.7267552061077689,0.18174027354439753,0.0001918586233043947,120715278.93012941
2008-07-30,0.09150452034783359,0.7267552061077689,0.18174027354439753,0.0005766935966691472,120784894.65850854
2008-07-31,0.09150452034783359,0.7267552061077689,0.18174027354439753,0.0018602753617469451,121009587.82211298
2008-08-01,0.09780021547945211,0.7367695492759585,0.16543023524458933,0.00032168596100041525,121048514.9076618
2008-08-04,0.09780021547945211,0.7367695492759585,0.16543023524458933,-0.002303076380219008,120769730.93211739
2008-08-05,0.09780021547945211,0.7367695492759585,0.16543023524458933,0.00010459473789800719,120782362.81047024
2008-08-06,0.09780021547945211,0.7367695492759585,0.16543023524458933,-0.0013624426384346302,120617803.76940636
2008-08-07,0.09780021547945211,0.7367695492759585,0.16543023524458933,0.0025665973827559744,120927381.1088747
2008-08-08,0.09780021547945211,0.7367695492759585,0.16543023524458933,0.00030796132798679076,120964622.06575094
2008-08-11,0.09780021547945211,0.7367695492759585,0.16543023524458933,-0.002871701078947995,120617247.83005019
2008-08-12,0.09780021547945211,0.7367695492759585,0.16543023524458933,0.0015937872935335763,120809486.06702273
2008-08-13,0.09780021547945211,0.7367695492759585,0.16543023524458933,-0.001388611821405425,120641728.58653215
2008-08-14,0.09780021547945211,0.7367695492759585,0.16543023524458933,0.0025831483147341233,120953364.06441706
2008-08-15,0.09780021547945211,0.7367695492759585,0.16543023524458933,0.001603960374538564,121147368.46754353
2008-08-18,0.09780021547945211,0.7367695492759585,0.16543023524458933,0.00044654717265878456,121201466.48240775
2008-08-19,0.09780021547945211,0.7367695492759585,0.16543023524458933,-0.0014621580878205773,121024250.77793477
2008-08-20,0.09780021547945211,0.7367695492759585,0.16543023524458933,0.0026548222109102834,121345548.64695878
2008-08-21,0.09780021547945211,0.7367695492759585,0.16543023524458933,-0.0010051432606847958,121223578.98652221
2008-08-22,0.09780021547945211,0.7367695492759585,0.16543023524458933,-0.0002761438436428891,121190103.84148072
2008-08-25,0.09780021547945211,0.7367695492759585,0.16543023524458933,0.0010280132754479968,121314688.8770827
2008-08-26,0.09780021547945211,0.7367695492759585,0.16543023524458933,0.00015972727368772455,121334066.14159532
2008-08-27,0.09780021547945211,0.7367695492759585,0.16543023524458933,0.001965078370131652,121572497.0905303
2008-08-28,0.09780021547945211,0.7367695492759585,0.16543023524458933,0.0006916547620958669,121656583.28708287
2008-08-29,0.09780021547945211,0.7367695492759585,0.16543023524458933,-0.0019886126994379132,121414655.46058793
2008-09-01,0.11866375765288562,0.7766944947491784,0.10464174759793594,0.0,121414655.46058793
2008-09-02,0.11866375765288562,0.7766944947491784,0.10464174759793594,0.002846472924661197,121760258.99001357
2008-09-03,0.11866375765288562,0.7766944947491784,0.10464174759793594,0.001688757646048744,121965882.55836782
2008-09-04,0.11866375765288562,0.7766944947491784,0.10464174759793594,-0.0015935755523103041,121771520.70970684
2008-09-05,0.11866375765288562,0.7766944947491784,0.10464174759793594,-0.00031853107697079545,121732732.6960708
2008-09-08,0.11866375765288562,0.7766944947491784,0.10464174759793594,0.0020710980457918342,121984853.12086655
2008-09-09,0.11866375765288562,0.7766944947491784,0.10464174759793594,-0.001014141123824283,121861143.26483302
2008-09-10,0.11866375765288562,0.7766944947491784,0.10464174759793594,-0.0006784330933890049,121778468.63244392
2008-09-11,0.11866375765288562,0.7766944947491784,0.10464174759793594,0.002688001637818056,122105809.35557891
2008-09-12,0.11866375765288562,0.7766944947491784,0.10464174759793594,-0.0035172481423796633,121676332.92444924
2008-09-15,0.11866375765288562,0.7766944947491784,0.10464174759793594,0.006004487182204976,122406936.9058718
2008-09-16,0.11866375765288562,0.7766944947491784,0.10464174759793594,0.001106016919043946,122542321.04909803
2008-09-17,0.11866375765288562,0.7766944947491784,0.10464174759793594,-0.0013534000257291326,122376472.26863728
2008-09-18,0.11866375765288562,0.7766944947491784,0.10464174759793594,0.004612795633887171,122940969.92560859
2008-09-19,0.11866375765288562,0.7766944947491784,0.10464174759793594,-0.010024585700993698,121708537.63642605
2008-09-22,0.11866375765288562,0.7766944947491784,0.10464174759793594,-0.006291993363532047,120942748.32533245
2008-09-23,0.11866375765288562,0.7766944947491784,0.10464174759793594,-0.001961357978623246,120705536.30094793
2008-09-24,0.11866375765288562,0.7766944947491784,0.10464174759793594,0.003380979586827276,121113639.2551985
2008-09-25,0.11866375765288562,0.7766944947491784,0.10464174759793594,-0.0013119885555325488,120954739.54657678
2008-09-26,0.11866375765288562,0.7766944947491784,0.10464174759793594,0.0024965709211345988,121256711.63210219
2008-09-29,0.11866375765288562,0.7766944947491784,0.10464174759793594,-0.000546764121034455,121190412.81274714
2008-09-30,0.11866375765288562,0.7766944947491784,0.10464174759793594,-0.0027669094098847482,120855089.91914773
2008-10-01,0.09932362581684959,0.7784958281976538,0.1221805459854965,0.0031789203698076333,121239278.62628663
2008-10-02,0.09932362581684959,0.7784958281976538,0.1221805459854965,0.0012937476894507487,121396131.66288006
2008-10-03,0.09932362581684959,0.7784958281976538,0.1221805459854965,-0.0010195730286454677,121272359.44125469
2008-10-06,0.09932362581684959,0.7784958281976538,0.1221805459854965,0.005796316885488147,121975292.46602704
2008-10-07,0.09932362581684959,0.7784958281976538,0.1221805459854965,-0.009155919546818096,120858496.50150849
2008-10-08,0.09932362581684959,0.7784958281976538,0.1221805459854965,-0.008884313078173212,119784751.78043178
2008-10-09,0.09932362581684959,0.7784958281976538,0.1221805459854965,-0.012278463645131108,118313979.06045468
2008-10-10,0.09932362581684959,0.7784958281976538,0.1221805459854965,-0.0024766827501087165,118020952.86941893
2008-10-13,0.09932362581684959,0.7784958281976538,0.1221805459854965,0.010890897641064583,119306306.98662071
2008-10-14,0.09932362581684959,0.7784958281976538,0.1221805459854965,-0.006495331083230339,118531373.02242509
2008-10-15,0.09932362581684959,0.7784958281976538,0.1221805459854965,-0.007741951718121112,117613708.85540287
2008-10-16,0.09932362581684959,0.7784958281976538,0.1221805459854965,0.004609275284641293,118155822.81676508
2008-10-17,0.09932362581684959,0.7784958281976538,0.1221805459854965,-0.0030631006793186187,117793899.63562961
2008-10-20,0.09932362581684959,0.7784958281976538,0.1221805459854965,0.00661400120647017,118572988.62993449
2008-10-21,0.09932362581684959,0.7784958281976538,0.1221805459854965,0.002417163042336634,118859598.87587017
2008-10-22,0.09932362581684959,0.7784958281976538,0.1221805459854965,-0.005110497011410322,118252167.2510376
2008-10-23,0.09932362581684959,0.7784958281976538,0.1221805459854965,0.004265311632218407,118756549.5955485
2008-10-24,0.09932362581684959,0.7784958281976538,0.1221805459854965,-0.0073914205997025525,117878769.98851836
2008-10-27,0.09932362581684959,0.7784958281976538,0.1221805459854965,-0.004009257507283717,117406163.64499252
2008-10-28,0.09932362581684959,0.7784958281976538,0.1221805459854965,0.007936012411432054,118337900.41685781
2008-10-29,0.09932362581684959,0.7784958281976538,0.1221805459854965,-0.002648460790502632,118024487.12757336
2008-10-30,0.09932362581684959,0.7784958281976538,0.1221805459854965,0.0007676967931112752,118115094.1478498
2008-10-31,0.09932362581684959,0.7784958281976538,0.1221805459854965,4.099703803688102e-05,118119936.51685731
2008-11-03,0.03592617851677192,0.8527408713914673,0.11133295009176095,0.003601566554123896,118545353.32959165
2008-11-04,0.03592617851677192,0.8527408713914673,0.11133295009176095,0.007242418184232588,119403908.35220213
2008-11-05,0.03592617851677192,0.8527408713914673,0.11133295009176095,0.0007012116054977817,119487635.75848049
2008-11-06,0.03592617851677192,0.8527408713914673,0.11133295009176095,-0.0016743767592088763,119287568.43815367
2008-11-07,0.03592617851677192,0.8527408713914673,0.11133295009176095,-0.0014649641813626716,119112816.42310993
2008-11-10,0.03592617851677192,0.8527408713914673,0.11133295009176095,0.002249781745666683,119380794.26317358
2008-11-11,0.03592617851677192,0.8527408713914673,0.11133295009176095,-0.0007914481174157719,119286310.5582984
2008-11-12,0.03592617851677192,0.8527408713914673,0.11133295009176095,0.0021297529497420952,119540360.93007378
2008-11-13,0.03592617851677192,0.8527408713914673,0.11133295009176095,-1.590713776811279e-05,119538459.38508363
2008-11-14,0.03592617851677192,0.8527408713914673,0.11133295009176095,0.0015338753783123457,119721816.48469579
2008-11-17,0.03592617851677192,0.8527408713914673,0.11133295009176095,0.001347996752822632,119883201.10455921
2008-11-18,0.03592617851677192,0.8527408713914673,0.11133295009176095,0.0052079754810414845,120507549.87650052
2008-11-19,0.03592617851677192,0.8527408713914673,0.11133295009176095,0.003026608648188546,120872279.06912874
2008-11-20,0.03592617851677192,0.8527408713914673,0.11133295009176095,0.00662478234475556,121673031.60947627
2008-11-21,0.03592617851677192,0.8527408713914673,0.11133295009176095,0.0011689554729816605,121815261.96569043
2008-11-24,0.03592617851677192,0.8527408713914673,0.11133295009176095,-0.0038535271343505635,121345843.54832762
2008-11-25,0.03592617851677192,0.8527408713914673,0.11133295009176095,0.007874218801523874,122301347.27108265
2008-11-26,0.03592617851677192,0.8527408713914673,0.11133295009176095,0.004031318660726622,122794382.97456858
2008-11-27,0.03592617851677192,0.8527408713914673,0.11133295009176095,0.0,122794382.97456858
2008-11-28,0.03592617851677192,0.8527408713914673,0.11133295009176095,0.003336728054536936,123204114.43717936
2008-12-01,0.03130798167132455,0.8474510541719845,0.12124096415669093,0.006911604210436109,124055652.5132664
2008-12-02,0.03130798167132455,0.8474510541719845,0.12124096415669093,0.0026874226256402792,124389042.48066913
2008-12-03,0.03130798167132455,0.8474510541719845,0.12124096415669093,0.002306033984350353,124675887.83991034
2008-12-04,0.03130798167132455,0.8474510541719845,0.12124096415669093,0.0032050966596174095,125075486.11156088
2008-12-05,0.03130798167132455,0.8474510541719845,0.12124096415669093,-0.0033721116743575166,124653717.60466814
2008-12-08,0.03130798167132455,0.8474510541719845,0.12124096415669093,-0.0007490236575582573,124560349.02117968
2008-12-09,0.03130798167132455,0.8474510541719845,0.12124096415669093,0.0030362446723493476,124938544.7172812
2008-12-10,0.03130798167132455,0.8474510541719845,0.12124096415669093,-0.00041676330922139996,124886474.91593555
2008-12-11,0.03130798167132455,0.8474510541719845,0.12124096415669093,0.0015903909599118905,125085093.23665713
2008-12-12,0.03130798167132455,0.8474510541719845,0.12124096415669093,0.00167802200459774,125294988.7755554
2008-12-15,0.03130798167132455,0.8474510541719845,0.12124096415669093,0.002053574308612772,125552291.34550281
2008-12-16,0.03130798167132455,0.8474510541719845,0.12124096415669093,0.008450987082533716,126613332.13784619
2008-12-17,0.03130798167132455,0.8474510541719845,0.12124096415669093,0.004640809139150024,127200920.44676974
2008-12-18,0.03130798167132455,0.8474510541719845,0.12124096415669093,0.003819689885600607,127686788.51603936
2008-12-19,0.03130798167132455,0.8474510541719845,0.12124096415669093,-0.0029208937411758966,127313828.97463201
2008-12-22,0.03130798167132455,0.8474510541719845,0.12124096415669093,-0.001470058912069254,127126670.14571819
2008-12-23,0.03130798167132455,0.8474510541719845,0.12124096415669093,-0.0012793140932111674,126964035.20497777
2008-12-24,0.03130798167132455,0.8474510541719845,0.12124096415669093,-0.0007285808264617037,126871531.64327723
2008-12-25,0.03130798167132455,0.8474510541719845,0.12124096415669093,-0.00021445925263565525,126844322.86942026
2008-12-26,0.03130798167132455,0.8474510541719845,0.12124096415669093,0.0031299820989324264,127241343.32935275
2008-12-29,0.03130798167132455,0.8474510541719845,0.12124096415669093,0.0016495226520222683,127451230.80744827
2008-12-30,0.03130798167132455,0.8474510541719845,0.12124096415669093,0.00109898147192241,127591297.34867935
2008-12-31,0.03130798167132455,0.8474510541719845,0.12124096415669093,-0.005333430510618541,126910798.03051051
2009-01-01,0.04197272028286592,0.8561768380070861,0.10185044171004798,-1.732052180319132e-05,126908599.86926617
2009-01-02,0.04197272028286592,0.8561768380070861,0.10185044171004798,-0.005848334444878109,126166395.93329948
2009-01-05,0.04197272028286592,0.8561768380070861,0.10185044171004798,-0.003192510272820797,125763608.41819765
2009-01-06,0.04197272028286592,0.8561768380070861,0.10185044171004798,-0.0003517811660602797,125719367.14938034
2009-01-07,0.04197272028286592,0.8561768380070861,0.10185044171004798,-0.001061478093318933,125585918.79524536
2009-01-08,0.04197272028286592,0.8561768380070861,0.10185044171004798,0.0021214384934917525,125852341.59761813
2009-01-09,0.04197272028286592,0.8561768380070861,0.10185044171004798,0.00013748235090192012,125869644.07340749
2009-01-12,0.04197272028286592,0.8561768380070861,0.10185044171004798,0.0014593504918231008,126053332.00039159
2009-01-13,0.04197272028286592,0.8561768380070861,0.10185044171004798,-0.0008891903618532826,125941246.59249735
2009-01-14,0.04197272028286592,0.8561768380070861,0.10185044171004798,0.0020921903235122134,126204739.64994925
2009-01-15,0.04197272028286592,0.8561768380070861,0.10185044171004798,0.0002455115181154488,126235724.36717407
2009-01-16,0.04197272028286592,0.8561768380070861,0.10185044171004798,-0.0016505203092506014,126027369.7403531
2009-01-19,0.04197272028286592,0.8561768380070861,0.10185044171004798,-0.0003338105229524033,125985300.47815375
2009-01-20,0.04197272028286592,0.8561768380070861,0.10185044171004798,-0.0034474843445933367,125550968.12710643
2009-01-21,0.04197272028286592,0.8561768380070861,0.10185044171004798,-0.006748627479764009,124703671.41349286
2009-01-22,0.04197272028286592,0.8561768380070861,0.10185044171004798,-0.002780814539582727,124356893.63088687
2009-01-23,0.04197272028286592,0.8561768380070861,0.10185044171004798,-0.0005074458079401716,124293789.2465254
2009-01-26,0.04197272028286592,0.8561768380070861,0.10185044171004798,-0.00035923296790626644,124249138.81972206
2009-01-27,0.04197272028286592,0.8561768380070861,0.10185044171004798,0.005306210989751591,124908430.96559443
2009-01-28,0.04197272028286592,0.8561768380070861,0.10185044171004798,-0.004104895012156429,124395694.97034748
2009-01-29,0.04197272028286592,0.8561768380070861,0.10185044171004798,-0.006710342627230707,123560957.23574397
2009-01-30,0.04197272028286592,0.8561768380070861,0.10185044171004798,-0.002630883468259839,123235882.75603008
2009-02-02,0.026576506296974778,0.8570887203045394,0.1163347733984858,0.004631494395405859,123806649.05632752
2009-02-03,0.026576506296974778,0.8570887203045394,0.1163347733984858,-0.004273593530791954,123277549.76185137
2009-02-04,0.026576506296974778,0.8570887203045394,0.1163347733984858,-0.0020694722296368123,123022430.29608156
2009-02-05,0.026576506296974778,0.8570887203045394,0.1163347733984858,0.002223949300905162,123296025.94393416
2009-02-06,0.026576506296974778,0.8570887203045394,0.1163347733984858,-0.0014957720230903884,123111603.19776899
2009-02-09,0.026576506296974778,0.8570887203045394,0.1163347733984858,-0.0016807180816911919,122904687.30020851
2009-02-10,0.026576506296974778,0.8570887203045394,0.1163347733984858,0.00685108374230911,123746717.60522455
2009-02-11,0.026576506296974778,0.8570887203045394,0.1163347733984858,0.002988995627297631,124116596.00303902
2009-02-12,0.026576506296974778,0.8570887203045394,0.1163347733984858,0.002117991465146431,124379473.89405645
2009-02-13,0.026576506296974778,0.8570887203045394,0.1163347733984858,-0.007414852218954486,123457218.47606073
2009-02-16,0.026576506296974778,0.8570887203045394,0.1163347733984858,-0.0002472893859056581,123426688.81631815
2009-02-17,0.026576506296974778,0.8570887203045394,0.1163347733984858,0.008019151300245967,124416466.10842459
2009-02-18,0.026576506296974778,0.8570887203045394,0.1163347733984858,-0.0034204025451526478,123990911.71108842
2009-02-19,0.026576506296974778,0.8570887203045394,0.1163347733984858,-0.005894498489917277,123260047.46924394
2009-02-20,0.026576506296974778,0.8570887203045394,0.1163347733984858,0.003660128869809008,123711195.12748016
2009-02-23,0.026576506296974778,0.8570887203045394,0.1163347733984858,-0.0009391275194357675,123595014.53967366
2009-02-24,0.026576506296974778,0.8570887203045394,0.1163347733984858,-0.0004916998019378405,123534242.89550398
2009-02-25,0.026576506296974778,0.8570887203045394,0.1163347733984858,-0.0061141341390975835,122778937.96366902
2009-02-26,0.026576506296974778,0.8570887203045394,0.1163347733984858,-0.0010947258329792454,122644528.68853444
2009-02-27,0.026576506296974778,0.8570887203045394,0.1163347733984858,-0.00211755474365402,122384822.18502682
2009-03-02,0.008145067458681363,0.8864588979775452,0.10539603456377354,0.004531436812091888,122939401.27351737
2009-03-03,0.008145067458681363,0.8864588979775452,0.10539603456377354,-0.001847278815506183,122712297.9219538
2009-03-04,0.008145067458681363,0.8864588979775452,0.10539603456377354,-0.0022375903383031605,122437718.06973265
2009-03-05,0.008145067458681363,0.8864588979775452,0.10539603456377354,0.008659852238878472,123498010.616682
2009-03-06,0.008145067458681363,0.8864588979775452,0.10539603456377354,-0.0005705061851436059,123427554.23777226
2009-03-09,0.008145067458681363,0.8864588979775452,0.10539603456377354,-0.0033715396963819775,123011413.33903228
2009-03-10,0.008145067458681363,0.8864588979775452,0.10539603456377354,-0.004347722929954117,122476593.79661208
2009-03-11,0.008145067458681363,0.8864588979775452,0.10539603456377354,0.0029963349876407554,122843574.69977194
2009-03-12,0.008145067458681363,0.8864588979775452,0.10539603456377354,0.002541328071457526,123155760.52455465
2009-03-13,0.008145067458681363,0.8864588979775452,0.10539603456377354,0.0005859118371981086,123227918.94246513
2009-03-16,0.008145067458681363,0.8864588979775452,0.10539603456377354,-0.002750148475775782,122889023.86901248
2009-03-17,0.008145067458681363,0.8864588979775452,0.10539603456377354,-0.0022549588019366244,122611914.18297766
2009-03-18,0.008145067458681363,0.8864588979775452,0.10539603456377354,0.01970230233877116,125027651.18654615
2009-03-19,0.008145067458681363,0.8864588979775452,0.10539603456377354,-0.0016879698714148525,124816608.2782495
2009-03-20,0.008145067458681363,0.8864588979775452,0.10539603456377354,-0.001136847750955139,124674710.79784651
2009-03-23,0.008145067458681363,0.8864588979775452,0.10539603456377354,-0.0011148825070077773,124535713.14371175
2009-03-24,0.008145067458681363,0.8864588979775452,0.10539603456377354,0.00035179316853381623,124579523.95683418
2009-03-25,0.008145067458681363,0.8864588979775452,0.10539603456377354,-0.004119017063723282,124066378.77186546
2009-03-26,0.008145067458681363,0.8864588979775452,0.10539603456377354,0.0028231257678091905,124416633.76269509
2009-03-27,0.008145067458681363,0.8864588979775452,0.10539603456377354,-0.0009024235038600709,124304357.26811649
2009-03-30,0.008145067458681363,0.8864588979775452,0.10539603456377354,0.0008814783667343547,124413928.86993913
2009-03-31,0.008145067458681363,0.8864588979775452,0.10539603456377354,0.002724272138673217,124752866.2700224
2009-04-01,0.026666459676891123,0.9495939572202935,0.02373958310281546,0.002622099716263508,125079980.72527209
2009-04-02,0.026666459676891123,0.9495939572202935,0.02373958310281546,-0.0036235105434555765,124626752.09633884
2009-04-03,0.026666459676891123,0.9495939572202935,0.02373958310281546,-0.007176182282397469,123732407.80603236
2009-04-06,0.026666459676891123,0.9495939572202935,0.02373958310281546,-0.0017626749305796794,123514307.79269241
2009-04-07,0.026666459676891123,0.9495939572202935,0.02373958310281546,0.0011951870712243618,123661930.49647747
2009-04-08,0.026666459676891123,0.9495939572202935,0.02373958310281546,0.002742368334769824,124001057.05888751
2009-04-09,0.026666459676891123,0.9495939572202935,0.02373958310281546,-0.0023505390772012255,123709587.72865635
2009-04-10,0.026666459676891123,0.9495939572202935,0.02373958310281546,1.5523125358637686e-05,123711508.08809473
2009-04-13,0.026666459676891123,0.9495939572202935,0.02373958310281546,0.004721148073644407,124295568.43619247
2009-04-14,0.026666459676891123,0.9495939572202935,0.02373958310281546,0.001774653593941564,124516150.01342878
2009-04-15,0.026666459676891123,0.9495939572202935,0.02373958310281546,0.0012515573874089516,124671989.12082982
2009-04-16,0.026666459676891123,0.9495939572202935,0.02373958310281546,-0.002792769490022233,124323808.99335279
2009-04-17,0.026666459676891123,0.9495939572202935,0.02373958310281546,-0.004818593926210451,123724743.04245406
2009-04-20,0.026666459676891123,0.9495939572202935,0.02373958310281546,0.0030173398049198746,124098062.63448955
2009-04-21,0.026666459676891123,0.9495939572202935,0.02373958310281546,-0.0021375402112688794,123832798.03546776
2009-04-22,0.026666459676891123,0.9495939572202935,0.02373958310281546,-0.0031273350203345675,123445531.38950543
2009-04-23,0.026666459676891123,0.9495939572202935,0.02373958310281546,0.0019653217462195136,123688141.57681884
2009-04-24,0.026666459676891123,0.9495939572202935,0.02373958310281546,-0.0022853317682642125,123405473.13751577
2009-04-27,0.026666459676891123,0.9495939572202935,0.02373958310281546,0.0032623947522531374,123808070.50547893
2009-04-28,0.026666459676891123,0.9495939572202935,0.02373958310281546,-0.004233740707891542,123283899.23741439
2009-04-29,0.026666459676891123,0.9495939572202935,0.02373958310281546,-0.0021566237448330636,123018022.25296336
2009-04-30,0.026666459676891123,0.9495939572202935,0.02373958310281546,-0.0003709985867022429,122972382.74056861
2009-05-01,0.03639144401286819,0.8339940290576896,0.12961452692944217,-6.510290253857224e-05,122964376.8815201
2009-05-04,0.03639144401286819,0.8339940290576896,0.12961452692944217,0.0037992325409464,123431547.14354558
2009-05-05,0.03639144401286819,0.8339940290576896,0.12961452692944217,-0.0005216161796411267,123367163.25147739
2009-05-06,0.03639144401286819,0.8339940290576896,0.12961452692944217,0.0020776069298347557,123623471.72476271
2009-05-07,0.03639144401286819,0.8339940290576896,0.12961452692944217,-0.004949362717236763,123011614.32283278
2009-05-08,0.03639144401286819,0.8339940290576896,0.12961452692944217,0.0028341161228699063,123360243.52228539
2009-05-11,0.03639144401286819,0.8339940290576896,0.12961452692944217,0.004047653981725341,123859563.10316497
2009-05-12,0.03639144401286819,0.8339940290576896,0.12961452692944217,0.0006877110503461746,123944742.69340208
2009-05-13,0.03639144401286819,0.8339940290576896,0.12961452692944217,0.0004083013005739141,123995349.4930431
2009-05-14,0.03639144401286819,0.8339940290576896,0.12961452692944217,0.0010845292820903375,124129826.08041131
2009-05-15,0.03639144401286819,0.8339940290576896,0.12961452692944217,-0.0021940065103810335,123857484.43385842
2009-05-18,0.03639144401286819,0.8339940290576896,0.12961452692944217,-0.0009451045838730506,123740426.15757298
2009-05-19,0.03639144401286819,0.8339940290576896,0.12961452692944217,0.0002455370289713819,123770809.01417537
2009-05-20,0.03639144401286819,0.8339940290576896,0.12961452692944217,0.0028888737416204006,124128367.25431553
2009-05-21,0.03639144401286819,0.8339940290576896,0.12961452692944217,-0.0064134097034729085,123332281.17929044
2009-05-22,0.03639144401286819,0.8339940290576896,0.12961452692944217,-0.0020624412104996107,123077915.60000136
2009-05-25,0.03639144401286819,0.8339940290576896,0.12961452692944217,-9.669270128617217e-05,123066014.86387332
2009-05-26,0.03639144401286819,0.8339940290576896,0.12961452692944217,-0.0005573379709207138,122997425.5008598
2009-05-27,0.03639144401286819,0.8339940290576896,0.12961452692944217,-0.006926601728811994,122145471.32074611
2009-05-28,0.03639144401286819,0.8339940290576896,0.12961452692944217,0.002282873806944953,122424314.01786117
2009-05-29,0.03639144401286819,0.8339940290576896,0.12961452692944217,0.009648713507889047,123605551.15021938
2009-06-01,0.028629692520811094,0.7302147664259186,0.24115554105327022,-0.0036044390482944384,123160022.47506759
2009-06-02,0.028629692520811094,0.7302147664259186,0.24115554105327022,0.0038861688628113317,123638643.11955334
2009-06-03,0.028629692520811094,0.7302147664259186,0.24115554105327022,-0.0029415076155847346,123274959.10923663
2009-06-04,0.028629692520811094,0.7302147664259186,0.24115554105327022,-0.0014507251385834463,123096121.02709901
2009-06-05,0.028629692520811094,0.7302147664259186,0.24115554105327022,-0.009845193362384184,121884215.91342777
2009-06-08,0.028629692520811094,0.7302147664259186,0.24115554105327022,-0.003142037603074305,121501251.12380657
2009-06-09,0.028629692520811094,0.7302147664259186,0.24115554105327022,0.004718761802141425,122074586.58652197
2009-06-10,0.028629692520811094,0.7302147664259186,0.24115554105327022,-0.0020883988123476323,121819646.16487683
2009-06-11,0.028629692520811094,0.7302147664259186,0.24115554105327022,0.005628535290205335,122505312.34235616
2009-06-12,0.028629692520811094,0.7302147664259186,0.24115554105327022,-0.00013894984986167775,122488290.24759893
2009-06-15,0.028629692520811094,0.7302147664259186,0.24115554105327022,-0.0019751411435690396,122246358.58592547
2009-06-16,0.028629692520811094,0.7302147664259186,0.24115554105327022,0.0009212493417697799,122358977.96330653
2009-06-17,0.028629692520811094,0.7302147664259186,0.24115554105327022,0.0010242813146818474,122484307.97811791
2009-06-18,0.028629692520811094,0.7302147664259186,0.24115554105327022,-0.005120767781974896,121857094.28002606
2009-06-19,0.028629692520811094,0.7302147664259186,0.24115554105327022,0.0015488626315905477,122045834.17975059
2009-06-22,0.028629692520811094,0.7302147664259186,0.24115554105327022,-0.0023201352013899937,121762671.34368715
2009-06-23,0.028629692520811094,0.7302147664259186,0.24115554105327022,0.004070601655081021,122258318.67518586
2009-06-24,0.028629692520811094,0.7302147664259186,0.24115554105327022,0.0008899439943269001,122367121.73164734
2009-06-25,0.028629692520811094,0.7302147664259186,0.24115554105327022,0.006716575484901821,123189009.74162814
2009-06-26,0.028629692520811094,0.7302147664259186,0.24115554105327022,0.001992060977990046,123434409.76085167
2009-06-29,0.028629692520811094,0.7302147664259186,0.24115554105327022,6.21989960752278e-05,123442087.25721993
2009-06-30,0.028629692520811094,0.7302147664259186,0.24115554105327022,-0.0023181164026964164,123155934.12996589
2009-07-01,0.026246342637767206,0.7344358134100983,0.2393178439521344,0.0022909465776623497,123438077.79577973
2009-07-02,0.026246342637767206,0.7344358134100983,0.2393178439521344,-0.0020036812068813196,123190747.23908678
2009-07-03,0.026246342637767206,0.7344358134100983,0.2393178439521344,0.0005936729742617456,123263882.25640175
2009-07-06,0.026246342637767206,0.7344358134100983,0.2393178439521344,-0.0020378419024202165,123012689.95208468
2009-07-07,0.026246342637767206,0.7344358134100983,0.2393178439521344,-0.0008978837266901743,122902238.85960032
2009-07-08,0.026246342637767206,0.7344358134100983,0.2393178439521344,0.0016072640926351398,123099775.21502385
2009-07-09,0.026246342637767206,0.7344358134100983,0.2393178439521344,-0.0035947206073146595,122657265.91630259
2009-07-10,0.026246342637767206,0.7344358134100983,0.2393178439521344,0.003405861991565848,123075019.63627629
2009-07-13,0.026246342637767206,0.7344358134100983,0.2393178439521344,0.000444186748722364,123129687.92909746
2009-07-14,0.026246342637767206,0.7344358134100983,0.2393178439521344,-0.0005983274365010277,123056016.05856167
2009-07-15,0.026246342637767206,0.7344358134100983,0.2393178439521344,-0.001516846950379039,122869358.91587745
2009-07-16,0.026246342637767206,0.7344358134100983,0.2393178439521344,0.0023863889712177682,123162572.99889489
2009-07-17,0.026246342637767206,0.7344358134100983,0.2393178439521344,-0.0026311599833175213,122838512.56537777
2009-07-20,0.026246342637767206,0.7344358134100983,0.2393178439521344,0.004752615539123098,123422316.78899875
2009-07-21,0.026246342637767206,0.7344358134100983,0.2393178439521344,0.003963788891011327,123911536.79718988
2009-07-22,0.026246342637767206,0.7344358134100983,0.2393178439521344,-0.0028744766926189396,123555355.97271974
2009-07-23,0.026246342637767206,0.7344358134100983,0.2393178439521344,-0.004114162425163882,123047029.169749
2009-07-24,0.026246342637767206,0.7344358134100983,0.2393178439521344,0.001223784554638641,123197612.22354111
2009-07-27,0.026246342637767206,0.7344358134100983,0.2393178439521344,-8.322427517517801e-05,123187359.19156049
2009-07-28,0.026246342637767206,0.7344358134100983,0.2393178439521344,0.0006063260217453585,123262050.89298843
2009-07-29,0.026246342637767206,0.7344358134100983,0.2393178439521344,-0.001138496599781006,123121717.46716471
2009-07-30,0.026246342637767206,0.7344358134100983,0.2393178439521344,0.0022673669616342365,123400879.58160943
2009-07-31,0.026246342637767206,0.7344358134100983,0.2393178439521344,0.006124930713007266,124156701.41897094
2009-08-03,0.029271329355494424,0.7006010026126281,0.2701276680318774,-0.001755550049733367,123938738.11562015
2009-08-04,0.029271329355494424,0.7006010026126281,0.2701276680318774,-0.0007250652012021438,123848874.44953161
2009-08-05,0.029271329355494424,0.7006010026126281,0.2701276680318774,-0.002568953903893428,123530712.40002167
2009-08-06,0.029271329355494424,0.7006010026126281,0.2701276680318774,1.0986147831513028e-05,123532069.52668983
2009-08-07,0.029271329355494424,0.7006010026126281,0.2701276680318774,-0.0030764097435721526,123152034.26435429
2009-08-10,0.029271329355494424,0.7006010026126281,0.2701276680318774,0.0015849250841881123,123347221.01262864
2009-08-11,0.029271329355494424,0.7006010026126281,0.2701276680318774,0.000327059240616868,123387562.86106522
2009-08-12,0.029271329355494424,0.7006010026126281,0.2701276680318774,0.0015010278850145367,123572771.03358366
2009-08-13,0.029271329355494424,0.7006010026126281,0.2701276680318774,0.006255909874350904,124345831.15209356
2009-08-14,0.029271329355494424,0.7006010026126281,0.2701276680318774,-0.002638407822204304,124017756.1385234
2009-08-17,0.029271329355494424,0.7006010026126281,0.2701276680318774,-0.002759064491914337,123675583.1511947
2009-08-18,0.029271329355494424,0.7006010026126281,0.2701276680318774,0.0014962986168200773,123860638.75519826
2009-08-19,0.029271329355494424,0.7006010026126281,0.2701276680318774,0.003438461860114034,124286528.83752735
2009-08-20,0.029271329355494424,0.7006010026126281,0.2701276680318774,0.0006522756918020899,124367597.91910654
2009-08-21,0.029271329355494424,0.7006010026126281,0.2701276680318774,-0.0010086334950372739,124242156.594148
2009-08-24,0.029271329355494424,0.7006010026126281,0.2701276680318774,0.002335990113998561,124532385.04369377
2009-08-25,0.029271329355494424,0.7006010026126281,0.2701276680318774,-0.00014999807516139548,124513705.42564197
2009-08-26,0.029271329355494424,0.7006010026126281,0.2701276680318774,-0.000232668402957824,124484735.02065423
2009-08-27,0.029271329355494424,0.7006010026126281,0.2701276680318774,-0.0002723513879557675,124450831.43029206
2009-08-28,0.029271329355494424,0.7006010026126281,0.2701276680318774,0.0022851099558317124,124735215.26420495
2009-08-31,0.029271329355494424,0.7006010026126281,0.2701276680318774,0.00021741970488427763,124762335.15789637
2009-09-01,0.028060906660416243,0.6999922730471584,0.27194682029242534,-0.0017837035266215504,124539796.14068569
2009-09-02,0.028060906660416243,0.6999922730471584,0.27194682029242534,0.004720739731009595,125127716.10441886
2009-09-03,0.028060906660416243,0.6999922730471584,0.27194682029242534,0.0015640222666754708,125323418.63858442
2009-09-04,0.028060906660416243,0.6999922730471584,0.27194682029242534,-0.001980223514363266,125075250.25809592
2009-09-07,0.028060906660416243,0.6999922730471584,0.27194682029242534,0.0009651237437623727,125195963.35187703
2009-09-08,0.028060906660416243,0.6999922730471584,0.27194682029242534,0.002420968377797771,125499058.82017986
2009-09-09,0.028060906660416243,0.6999922730471584,0.27194682029242534,-0.00038748526170096685,125450429.78452969
2009-09-10,0.028060906660416243,0.6999922730471584,0.27194682029242534,0.0058117065583566645,126179510.87005712
2009-09-11,0.028060906660416243,0.6999922730471584,0.27194682029242534,-0.0008452167466615486,126072861.83438417
2009-09-14,0.028060906660416243,0.6999922730471584,0.27194682029242534,-0.0014458861701810296,125890574.82702269
2009-09-15,0.028060906660416243,0.6999922730471584,0.27194682029242534,0.0007532187053484682,125985397.96280947
2009-09-16,0.028060906660416243,0.6999922730471584,0.27194682029242534,0.002606745211672434,126313809.79568969
2009-09-17,0.028060906660416243,0.6999922730471584,0.27194682029242534,0.002205099008599356,126592344.25244257
2009-09-18,0.028060906660416243,0.6999922730471584,0.27194682029242534,-0.004232534882154496,126056537.7395804
2009-09-21,0.028060906660416243,0.6999922730471584,0.27194682029242534,-0.002816542061710698,125701494.19888324
2009-09-22,0.028060906660416243,0.6999922730471584,0.27194682029242534,0.00554602084669413,126398637.30617085
2009-09-23,0.028060906660416243,0.6999922730471584,0.27194682029242534,-2.74234960903068e-05,126395171.01363486
2009-09-24,0.028060906660416243,0.6999922730471584,0.27194682029242534,-0.0019445204482890044,126149393.01903388
2009-09-25,0.028060906660416243,0.6999922730471584,0.27194682029242534,0.000786231957362169,126248575.70322727
2009-09-28,0.028060906660416243,0.6999922730471584,0.27194682029242534,0.0023818704225329625,126549283.4515817
2009-09-29,0.028060906660416243,0.6999922730471584,0.27194682029242534,0.0005648236369995908,126620761.47812049
2009-09-30,0.028060906660416243,0.6999922730471584,0.27194682029242534,0.004833288327763821,127232756.12662525
2009-10-01,0.026377405818825143,0.6808756668536444,0.2927469273275305,-2.807738618776541e-05,127229183.76339576
2009-10-02,0.026377405818825143,0.6808756668536444,0.2927469273275305,-0.0022138686820974696,126947515.05801316
2009-10-05,0.026377405818825143,0.6808756668536444,0.2927469273275305,0.0038672130303538665,127438448.14241657
2009-10-06,0.026377405818825143,0.6808756668536444,0.2927469273275305,0.003845108169392487,127928462.76046365
2009-10-07,0.026377405818825143,0.6808756668536444,0.2927469273275305,0.00285878995167675,128294183.36433673
2009-10-08,0.026377405818825143,0.6808756668536444,0.2927469273275305,0.001995183518506501,128550153.80450551
2009-10-09,0.026377405818825143,0.6808756668536444,0.2927469273275305,-0.005386940275274775,127857661.80358326
2009-10-12,0.026377405818825143,0.6808756668536444,0.2927469273275305,0.0022745656673932384,128148482.45143488
2009-10-13,0.026377405818825143,0.6808756668536444,0.2927469273275305,0.00406903285542734,128669922.83690293
2009-10-14,0.026377405818825143,0.6808756668536444,0.2927469273275305,-0.001193336149852301,128516376.36658294
2009-10-15,0.026377405818825143,0.6808756668536444,0.2927469273275305,-0.0010458958826309577,128381961.61769049
2009-10-16,0.026377405818825143,0.6808756668536444,0.2927469273275305,0.001491627145873196,128573459.63667987
2009-10-19,0.026377405818825143,0.6808756668536444,0.2927469273275305,0.003402654231754045,129010950.66320387
2009-10-20,0.026377405818825143,0.6808756668536444,0.2927469273275305,-0.0006863596999128058,128922402.74582121
2009-10-21,0.026377405818825143,0.6808756668536444,0.2927469273275305,0.00029033162489190776,128959832.99649537
2009-10-22,0.026377405818825143,0.6808756668536444,0.2927469273275305,8.63785011153613e-05,128970972.3535737
2009-10-23,0.026377405818825143,0.6808756668536444,0.2927469273275305,-0.002564734146972274,128640196.09681025
2009-10-26,0.026377405818825143,0.6808756668536444,0.2927469273275305,-0.005836665862200891,127889366.25574519
2009-10-27,0.026377405818825143,0.6808756668536444,0.2927469273275305,0.0025749416904004147,128218673.91667598
2009-10-28,0.026377405818825143,0.6808756668536444,0.2927469273275305,-0.003945085585535954,127712840.27441077
2009-10-29,0.026377405818825143,0.6808756668536444,0.2927469273275305,0.003954219252791533,128217844.84625252
2009-10-30,0.026377405818825143,0.6808756668536444,0.2927469273275305,-0.0005042248483929103,128153194.22287363
2009-11-02,0.01637838466272352,0.6590485837091138,0.3245730316281627,0.0011601986233645734,128301877.38239077
2009-11-03,0.01637838466272352,0.6590485837091138,0.3245730316281627,0.002224357162710286,128587266.58233546
2009-11-04,0.01637838466272352,0.6590485837091138,0.3245730316281627,0.0008798290427896919,128700401.39400753
2009-11-05,0.01637838466272352,0.6590485837091138,0.3245730316281627,0.0007219068604335386,128793311.09671444
2009-11-06,0.01637838466272352,0.6590485837091138,0.3245730316281627,0.0005920249708272498,128869559.95295924
2009-11-09,0.01637838466272352,0.6590485837091138,0.3245730316281627,0.004712267479374025,129476827.7894068
2009-11-10,0.01637838466272352,0.6590485837091138,0.3245730316281627,-0.0010798620457441862,129337010.67727368
2009-11-11,0.01637838466272352,0.6590485837091138,0.3245730316281627,0.0011539261327906658,129486256.03383121
2009-11-12,0.01637838466272352,0.6590485837091138,0.3245730316281627,-0.0018697167151780097,129244153.41653894
2009-11-13,0.01637838466272352,0.6590485837091138,0.3245730316281627,0.0027058314932836055,129593866.31717618
2009-11-16,0.01637838466272352,0.6590485837091138,0.3245730316281627,0.008683199579748474,130719155.72271946
2009-11-17,0.01637838466272352,0.6590485837091138,0.3245730316281627,-0.00025240029757511126,130686162.16891629
2009-11-18,0.01637838466272352,0.6590485837091138,0.3245730316281627,-0.0012320335946933636,130525152.42676264
2009-11-19,0.01637838466272352,0.6590485837091138,0.3245730316281627,-0.0015380639437501437,130324396.39606255
2009-11-20,0.01637838466272352,0.6590485837091138,0.3245730316281627,-4.42336469721683e-05,130318631.6727205
2009-11-23,0.01637838466272352,0.6590485837091138,0.3245730316281627,0.0030052223128861104,130710268.13240814
2009-11-24,0.01637838466272352,0.6590485837091138,0.3245730316281627,0.0002727721009916195,130745922.24686779
2009-11-25,0.01637838466272352,0.6590485837091138,0.3245730316281627,0.00579425128391781,131503496.97471371
2009-11-26,0.01637838466272352,0.6590485837091138,0.3245730316281627,-0.002312342317199203,131199415.8737994
2009-11-27,0.01637838466272352,0.6590485837091138,0.3245730316281627,-0.00013868352613052035,131181220.67617974
2009-11-30,0.01637838466272352,0.6590485837091138,0.3245730316281627,0.0016052961859084778,131391805.38939403
2009-12-01,0.02064664260152687,0.6476472188849218,0.33170613851355113,0.0026394110544193453,131738602.37299892
2009-12-02,0.02064664260152687,0.6476472188849218,0.33170613851355113,0.00010871739394310831,131752924.65053064
2009-12-03,0.02064664260152687,0.6476472188849218,0.33170613851355113,-0.002252412241398188,131456162.75020777
2009-12-04,0.02064664260152687,0.6476472188849218,0.33170613851355113,-0.009359480877644325,130225801.3086987
2009-12-07,0.02064664260152687,0.6476472188849218,0.33170613851355113,0.0010106339275128859,130357411.92173882
2009-12-08,0.02064664260152687,0.6476472188849218,0.33170613851355113,-0.002988534685478747,129967834.27470146
2009-12-09,0.02064664260152687,0.6476472188849218,0.33170613851355113,-0.0018915647453547056,129721991.70135733
2009-12-10,0.02064664260152687,0.6476472188849218,0.33170613851355113,6.30726190854543e-05,129730173.60712694
2009-12-11,0.02064664260152687,0.6476472188849218,0.33170613851355113,-0.0026000776780906562,129392865.07855621
2009-12-14,0.02064664260152687,0.6476472188849218,0.33170613851355113,0.0022797621508318135,129687850.03495
2009-12-15,0.02064664260152687,0.6476472188849218,0.33170613851355113,-0.0024134342470792307,129374856.93624558
2009-12-16,0.02064664260152687,0.6476472188849218,0.33170613851355113,0.0015701181097769869,129577990.74207097
2009-12-17,0.02064664260152687,0.6476472188849218,0.33170613851355113,-0.0027093423564850693,129226919.60328525
2009-12-18,0.02064664260152687,0.6476472188849218,0.33170613851355113,-0.0003024904620730993,129187829.69266218
2009-12-21,0.02064664260152687,0.6476472188849218,0.33170613851355113,-0.005370722000680583,128493997.77351162
2009-12-22,0.02064664260152687,0.6476472188849218,0.33170613851355113,-0.0030257218768706094,128105210.67340174
2009-12-23,0.02064664260152687,0.6476472188849218,0.33170613851355113,0.0014260946852049574,128287900.83349015
2009-12-24,0.02064664260152687,0.6476472188849218,0.33170613851355113,-7.24538659321399e-05,128278605.87912245
2009-12-25,0.02064664260152687,0.6476472188849218,0.33170613851355113,-3.7506347638338782e-06,128278124.75292377
2009-12-28,0.02064664260152687,0.6476472188849218,0.33170613851355113,0.0003597726822174395,128324275.71793596
2009-12-29,0.02064664260152687,0.6476472188849218,0.33170613851355113,-0.00019158367941152568,128299690.8810361
2009-12-30,0.02064664260152687,0.6476472188849218,0.33170613851355113,0.0005351247407394946,128368347.21985577
2009-12-31,0.02064664260152687,0.6476472188849218,0.33170613851355113,-0.0018810712529535336,128126877.21211134
2010-01-01,0.01939643623033425,0.6530274078196074,0.32757615595005835,2.7622011727984073e-05,128130416.33421636
2010-01-04,0.01939643623033425,0.6530274078196074,0.32757615595005835,0.004488999093251237,128705593.65695857
2010-01-05,0.01939643623033425,0.6530274078196074,0.32757615595005835,0.0024438368156667915,129020129.12511969
2010-01-06,0.01939643623033425,0.6530274078196074,0.32757615595005835,0.0019143574249886664,129267119.76728335
2010-01-07,0.01939643623033425,0.6530274078196074,0.32757615595005835,-0.0017036509547838,129046893.71526967
2010-01-08,0.01939643623033425,0.6530274078196074,0.32757615595005835,0.0005812655927711964,129121904.23444037
2010-01-11,0.01939643623033425,0.6530274078196074,0.32757615595005835,-0.00023468854850643695,129091600.80215521
2010-01-12,0.01939643623033425,0.6530274078196074,0.32757615595005835,0.001134737467205323,129238085.87828691
2010-01-13,0.01939643623033425,0.6530274078196074,0.32757615595005835,-0.001316878384909436,129067895.03648673
2010-01-14,0.01939643623033425,0.6530274078196074,0.32757615595005835,0.001591577970694623,129273316.65495072
2010-01-15,0.01939643623033425,0.6530274078196074,0.32757615595005835,0.000742684319641523,129369325.9201784
2010-01-18,0.01939643623033425,0.6530274078196074,0.32757615595005835,0.0,129369325.9201784
2010-01-19,0.01939643623033425,0.6530274078196074,0.32757615595005835,-0.0002489273267433337,129337122.35971451
2010-01-20,0.01939643623033425,0.6530274078196074,0.32757615595005835,2.0229295846419058e-05,129339738.75862665
2010-01-21,0.01939643623033425,0.6530274078196074,0.32757615595005835,0.0007910486719344086,129442052.78720002
2010-01-22,0.01939643623033425,0.6530274078196074,0.32757615595005835,-0.0004016958152582054,129390056.45627697
2010-01-25,0.01939643623033425,0.6530274078196074,0.32757615595005835,-0.0006990355459427664,129299608.20752248
2010-01-26,0.01939643623033425,0.6530274078196074,0.32757615595005835,-0.0014513736147990035,129111946.16776624
2010-01-27,0.01939643623033425,0.6530274078196074,0.32757615595005835,-0.002136082223624387,128836152.43469973
2010-01-28,0.01939643623033425,0.6530274078196074,0.32757615595005835,-0.0005970826309600461,128759226.60584125
2010-01-29,0.01939643623033425,0.6530274078196074,0.32757615595005835,0.00019238281578366485,128783997.66841382
2010-02-01,0.02004059256911202,0.657856340393234,0.32210306703765396,-0.00027058583762792205,128749150.54253164
2010-02-02,0.02004059256911202,0.657856340393234,0.32210306703765396,0.0021326690408909315,129023729.86993471
2010-02-03,0.02004059256911202,0.657856340393234,0.32210306703765396,-0.0031248019457400986,128620556.2677905
2010-02-04,0.02004059256911202,0.657856340393234,0.32210306703765396,0.002464890350035294,128937591.83575115
2010-02-05,0.02004059256911202,0.657856340393234,0.32210306703765396,0.002306878790320469,129235035.23163204
2010-02-08,0.02004059256911202,0.657856340393234,0.32210306703765396,-0.0014045524812796445,129053517.84222919
2010-02-09,0.02004059256911202,0.657856340393234,0.32210306703765396,-0.001111159186503555,128910118.84032819
2010-02-10,0.02004059256911202,0.657856340393234,0.32210306703765396,-0.001977260960871612,128655229.8948839
2010-02-11,0.02004059256911202,0.657856340393234,0.32210306703765396,-0.0003962884829386876,128604245.30900672
2010-02-12,0.02004059256911202,0.657856340393234,0.32210306703765396,0.0011141081086009127,128747524.341506
2010-02-15,0.02004059256911202,0.657856340393234,0.32210306703765396,0.0,128747524.341506
2010-02-16,0.02004059256911202,0.657856340393234,0.32210306703765396,0.001418188782498352,128930112.63630156
2010-02-17,0.02004059256911202,0.657856340393234,0.32210306703765396,-0.0024790365168886174,128610490.17894961
2010-02-18,0.02004059256911202,0.657856340393234,0.32210306703765396,-0.0014428035149395483,128424930.51166132
2010-02-19,0.02004059256911202,0.657856340393234,0.32210306703765396,0.0003127609386415556,128465096.81347314
2010-02-22,0.02004059256911202,0.657856340393234,0.32210306703765396,-3.552539671156019e-05,128460533.03994524
2010-02-23,0.02004059256911202,0.657856340393234,0.32210306703765396,0.0029241229224991313,128836167.42924382
2010-02-24,0.02004059256911202,0.657856340393234,0.32210306703765396,0.00013168613714869705,128853133.36645763
2010-02-25,0.02004059256911202,0.657856340393234,0.32210306703765396,0.0018669947966193077,129093701.49598089
2010-02-26,0.02004059256911202,0.657856340393234,0.32210306703765396,0.001774844627265546,129322822.75849487
2010-03-01,0.024701956978632998,0.6837207416101018,0.29157730141126514,-0.00014503023460159768,129304067.03917088
2010-03-02,0.024701956978632998,0.6837207416101018,0.29157730141126514,4.216366225473135e-05,129309518.97218168
2010-03-03,0.024701956978632998,0.6837207416101018,0.29157730141126514,-0.0001822056659551304,129285958.045163
2010-03-04,0.024701956978632998,0.6837207416101018,0.29157730141126514,0.0003588489402319295,129332352.17419438
2010-03-05,0.024701956978632998,0.6837207416101018,0.29157730141126514,-0.002053247785592987,129066800.80848718
2010-03-08,0.024701956978632998,0.6837207416101018,0.29157730141126514,-0.0005411235927346167,128996959.71753094
2010-03-09,0.024701956978632998,0.6837207416101018,0.29157730141126514,0.00029551058429048245,129035079.68446876
2010-03-10,0.024701956978632998,0.6837207416101018,0.29157730141126514,-0.0015142982966108028,128839682.08309954
2010-03-11,0.024701956978632998,0.6837207416101018,0.29157730141126514,-0.0002805740095363762,128803533.0169101
2010-03-12,0.024701956978632998,0.6837207416101018,0.29157730141126514,-0.00011921828120580212,128788177.2810906
2010-03-15,0.024701956978632998,0.6837207416101018,0.29157730141126514,0.0004272734659801334,128843205.05197476
2010-03-16,0.024701956978632998,0.6837207416101018,0.29157730141126514,0.003535131889507731,129298682.77490038
2010-03-17,0.024701956978632998,0.6837207416101018,0.29157730141126514,0.0003714728372300655,129346713.72344089
2010-03-18,0.024701956978632998,0.6837207416101018,0.29157730141126514,-0.0017453759714156879,129120955.07732642
2010-03-19,0.024701956978632998,0.6837207416101018,0.29157730141126514,-0.002714016400515707,128770518.6875963
2010-03-22,0.024701956978632998,0.6837207416101018,0.29157730141126514,0.0012812580866726109,128935506.95598981
2010-03-23,0.024701956978632998,0.6837207416101018,0.29157730141126514,0.0009103570708810226,129052884.30643483
2010-03-24,0.024701956978632998,0.6837207416101018,0.29157730141126514,-0.007784750785103484,128048239.76401046
2010-03-25,0.024701956978632998,0.6837207416101018,0.29157730141126514,-0.002013284729812718,127790442.19821416
2010-03-26,0.024701956978632998,0.6837207416101018,0.29157730141126514,0.0019776373289346408,128043165.34698641
2010-03-29,0.024701956978632998,0.6837207416101018,0.29157730141126514,0.002427151403470796,128353945.49546319
2010-03-30,0.024701956978632998,0.6837207416101018,0.29157730141126514,-1.881938671299878e-05,128351529.95292678
2010-03-31,0.024701956978632998,0.6837207416101018,0.29157730141126514,0.0024807994918011433,128669944.36320591
2010-04-01,0.02468035263123974,0.6762408189325647,0.2990788284361956,0.0012183297925464783,128826706.78982891
2010-04-02,0.02468035263123974,0.6762408189325647,0.2990788284361956,-0.002973887053668123,128443590.71433993
2010-04-05,0.02468035263123974,0.6762408189325647,0.2990788284361956,-0.0008082344893543999,128339778.17438808
2010-04-06,0.02468035263123974,0.6762408189325647,0.2990788284361956,0.001616469227017832,128547235.47640927
2010-04-07,0.02468035263123974,0.6762408189325647,0.2990788284361956,0.00335289575025638,128978240.95594534
2010-04-08,0.02468035263123974,0.6762408189325647,0.2990788284361956,-0.0004446170628853255,128920895.0292754
2010-04-09,0.02468035263123974,0.6762408189325647,0.2990788284361956,0.0022678397371676015,129213266.95797399
2010-04-12,0.02468035263123974,0.6762408189325647,0.2990788284361956,0.0016279413337629222,129423618.57612543
2010-04-13,0.02468035263123974,0.6762408189325647,0.2990788284361956,0.0005197798780806757,129490890.3688097
2010-04-14,0.02468035263123974,0.6762408189325647,0.2990788284361956,0.0009984045235373507,129620174.65951079
2010-04-15,0.02468035263123974,0.6762408189325647,0.2990788284361956,0.0007434584423782339,129716541.87266394
2010-04-16,0.02468035263123974,0.6762408189325647,0.2990788284361956,-0.0009661638580671841,129591214.43811312
2010-04-19,0.02468035263123974,0.6762408189325647,0.2990788284361956,-0.002592825469070046,129255207.03675026
2010-04-20,0.02468035263123974,0.6762408189325647,0.2990788284361956,0.002278324743939227,129549692.3732251
2010-04-21,0.02468035263123974,0.6762408189325647,0.2990788284361956,0.002342016050931178,129853099.83215636
2010-04-22,0.02468035263123974,0.6762408189325647,0.2990788284361956,-0.0018898568203850879,129607696.06579041
2010-04-23,0.02468035263123974,0.6762408189325647,0.2990788284361956,0.00011268981811113766,129622301.53348589
2010-04-26,0.02468035263123974,0.6762408189325647,0.2990788284361956,0.0006961584504025908,129712539.19405904
2010-04-27,0.02468035263123974,0.6762408189325647,0.2990788284361956,0.0020441712590215126,129977693.83861426
2010-04-28,0.02468035263123974,0.6762408189325647,0.2990788284361956,-0.001365471772337519,129800212.96664411
2010-04-29,0.02468035263123974,0.6762408189325647,0.2990788284361956,0.0033389839611501853,130233613.7958936
2010-04-30,0.02468035263123974,0.6762408189325647,0.2990788284361956,0.002910366289675461,130612641.31526777
2010-05-03,0.030845768402108526,0.6855269504331543,0.28362728116473723,-0.0005038855077949898,130546827.49817419
2010-05-04,0.030845768402108526,0.6855269504331543,0.28362728116473723,-0.0024167245897566427,130231331.77004464
2010-05-05,0.030845768402108526,0.6855269504331543,0.28362728116473723,-0.0002721726792169251,130195886.35955879
2010-05-06,0.030845768402108526,0.6855269504331543,0.28362728116473723,0.0029544033603194687,130580537.52371925
2010-05-07,0.030845768402108526,0.6855269504331543,0.28362728116473723,-0.00302550823127683,130185465.03259669
2010-05-10,0.030845768402108526,0.6855269504331543,0.28362728116473723,0.0029978398837241264,130575740.21195257
2010-05-11,0.030845768402108526,0.6855269504331543,0.28362728116473723,0.0006816828266086633,130664751.4516268
2010-05-12,0.030845768402108526,0.6855269504331543,0.28362728116473723,0.000923563520814342,130785428.64952378
2010-05-13,0.030845768402108526,0.6855269504331543,0.28362728116473723,2.7792987919296097e-05,130789063.56736226
2010-05-14,0.030845768402108526,0.6855269504331543,0.28362728116473723,0.002006762733289387,131051526.18605107
2010-05-17,0.030845768402108526,0.6855269504331543,0.28362728116473723,-0.0014096843478451086,130866784.90082537
2010-05-18,0.030845768402108526,0.6855269504331543,0.28362728116473723,0.0019057849929083183,131116188.85555951
2010-05-19,0.030845768402108526,0.6855269504331543,0.28362728116473723,-0.0022176275654233785,130825421.98088016
2010-05-20,0.030845768402108526,0.6855269504331543,0.28362728116473723,-0.0009026733249028998,130707329.36223885
2010-05-21,0.030845768402108526,0.6855269504331543,0.28362728116473723,0.0015589469359705522,130911095.15285699
2010-05-24,0.030845768402108526,0.6855269504331543,0.28362728116473723,-0.0003674468051200366,130862992.28918831
2010-05-25,0.030845768402108526,0.6855269504331543,0.28362728116473723,0.002370429435944711,131173193.77818644
2010-05-26,0.030845768402108526,0.6855269504331543,0.28362728116473723,-0.002045277430824534,130904908.20542276
2010-05-27,0.030845768402108526,0.6855269504331543,0.28362728116473723,-0.0024318817138072124,130586562.95291038
2010-05-28,0.030845768402108526,0.6855269504331543,0.28362728116473723,0.0017252515430025764,130811857.62214029
2010-05-31,0.030845768402108526,0.6855269504331543,0.28362728116473723,9.164481642599397e-05,130823845.85081843
2010-06-01,0.023854040187627868,0.7157091733005445,0.2604367865118275,0.00039570002219659593,130875612.84952545
2010-06-02,0.023854040187627868,0.7157091733005445,0.2604367865118275,-0.000723818946353709,130780882.6013293
2010-06-03,0.023854040187627868,0.7157091733005445,0.2604367865118275,-0.001908026185084148,130531349.25281756
2010-06-04,0.023854040187627868,0.7157091733005445,0.2604367865118275,0.006186596602829773,131338894.05466783
2010-06-07,0.023854040187627868,0.7157091733005445,0.2604367865118275,0.000924158111218641,131460271.95892696
2010-06-08,0.023854040187627868,0.7157091733005445,0.2604367865118275,0.0007121636173167875,131553893.18173869
2010-06-09,0.023854040187627868,0.7157091733005445,0.2604367865118275,-0.0008929255166927988,131436425.35369644
2010-06-10,0.023854040187627868,0.7157091733005445,0.2604367865118275,-0.004380991933211925,130860603.43449168
2010-06-11,0.023854040187627868,0.7157091733005445,0.2604367865118275,0.004304606043480896,131423906.77888936
2010-06-14,0.023854040187627868,0.7157091733005445,0.2604367865118275,-0.0021443862703449247,131142083.15759762
2010-06-15,0.023854040187627868,0.7157091733005445,0.2604367865118275,0.00037173479072500455,131190833.23243545
2010-06-16,0.023854040187627868,0.7157091733005445,0.2604367865118275,0.0006791234629348114,131279928.00540558
2010-06-17,0.023854040187627868,0.7157091733005445,0.2604367865118275,0.0037397472403930122,131770881.75388278
2010-06-18,0.023854040187627868,0.7157091733005445,0.2604367865118275,-0.0004400387375872101,131712897.46142505
2010-06-21,0.023854040187627868,0.7157091733005445,0.2604367865118275,-0.001668708982705192,131493106.96629304
2010-06-22,0.023854040187627868,0.7157091733005445,0.2604367865118275,0.0024176306946995184,131811008.73783615
2010-06-23,0.023854040187627868,0.7157091733005445,0.2604367865118275,0.001610421716551689,132023280.04878816
2010-06-24,0.023854040187627868,0.7157091733005445,0.2604367865118275,-0.000440010097241309,131965188.4724958
2010-06-25,0.023854040187627868,0.7157091733005445,0.2604367865118275,0.0013911120912013285,132148766.84179755
2010-06-28,0.023854040187627868,0.7157091733005445,0.2604367865118275,0.0017395254990857504,132378642.9913916
2010-06-29,0.023854040187627868,0.7157091733005445,0.2604367865118275,0.001303129418663314,132551149.49547641
2010-06-30,0.023854040187627868,0.7157091733005445,0.2604367865118275,0.0002989707696620662,132590778.41466068
2010-07-01,0.020549551105369546,0.7056182951869457,0.27383215370768466,-0.0018526158469633503,132345138.63740847
2010-07-02,0.020549551105369546,0.7056182951869457,0.27383215370768466,-0.0009461782491501395,132219916.545849
2010-07-05,0.020549551105369546,0.7056182951869457,0.27383215370768466,-0.00015367958116718896,132199597.04445225
2010-07-06,0.020549551105369546,0.7056182951869457,0.27383215370768466,0.0011635227677270358,132353414.28549783
2010-07-07,0.020549551105369546,0.7056182951869457,0.27383215370768466,0.00042982879057996027,132410303.59348929
2010-07-08,0.020549551105369546,0.7056182951869457,0.27383215370768466,-0.0009063630834414247,132290291.7824449
2010-07-09,0.020549551105369546,0.7056182951869457,0.27383215370768466,-0.00018742503747814305,132265497.26954956
2010-07-12,0.020549551105369546,0.7056182951869457,0.27383215370768466,-0.00045976866656409807,132204685.73823752
2010-07-13,0.020549551105369546,0.7056182951869457,0.27383215370768466,-0.0006812839095988741,132114616.81307049
2010-07-14,0.020549551105369546,0.7056182951869457,0.27383215370768466,0.002168268734001237,132401076.80601081
2010-07-15,0.020549551105369546,0.7056182951869457,0.27383215370768466,0.0024364210257235997,132723661.57336941
2010-07-16,0.020549551105369546,0.7056182951869457,0.27383215370768466,-0.0009297351285607186,132600263.72281344
2010-07-19,0.020549551105369546,0.7056182951869457,0.27383215370768466,-0.0014687548197217619,132405506.4463742
2010-07-20,0.020549551105369546,0.7056182951869457,0.27383215370768466,0.002528058993507204,132740235.37773582
2010-07-21,0.020549551105369546,0.7056182951869457,0.27383215370768466,0.0006808556173960769,132830612.31264724
2010-07-22,0.020549551105369546,0.7056182951869457,0.27383215370768466,0.00014995859223293463,132850531.40427507
2010-07-23,0.020549551105369546,0.7056182951869457,0.27383215370768466,-0.002389263709620166,132533116.4507871
2010-07-26,0.020549551105369546,0.7056182951869457,0.27383215370768466,0.0011475575942038047,132685205.83505368
2010-07-27,0.020549551105369546,0.7056182951869457,0.27383215370768466,-0.0018008757243535949,132446256.26888447
2010-07-28,0.020549551105369546,0.7056182951869457,0.27383215370768466,0.0015361627140206616,132649715.26937634
2010-07-29,0.020549551105369546,0.7056182951869457,0.27383215370768466,0.0027063211929928407,133008708.00505431
2010-07-30,0.020549551105369546,0.7056182951869457,0.27383215370768466,0.00521221470533052,133701977.94885528
2010-08-02,0.02326486468332719,0.6753049128346669,0.3014302224820058,0.0001839418987283816,133726571.34454294
2010-08-03,0.02326486468332719,0.6753049128346669,0.3014302224820058,0.001603008811514859,133940936.2167419
2010-08-04,0.02326486468332719,0.6753049128346669,0.3014302224820058,-2.2809655421259303e-05,133937881.07014
2010-08-05,0.02326486468332719,0.6753049128346669,0.3014302224820058,0.0007914227639551426,134043882.55817483
2010-08-06,0.02326486468332719,0.6753049128346669,0.3014302224820058,0.0014159994349898736,134233688.62014106
2010-08-09,0.02326486468332719,0.6753049128346669,0.3014302224820058,0.00027482672234314893,134270579.62481254
2010-08-10,0.02326486468332719,0.6753049128346669,0.3014302224820058,-0.000690354534164413,134177885.32136367
2010-08-11,0.02326486468332719,0.6753049128346669,0.3014302224820058,-0.00010505167046420292,134163789.71037133
2010-08-12,0.02326486468332719,0.6753049128346669,0.3014302224820058,-0.0008504339122969854,134049692.27379934
2010-08-13,0.02326486468332719,0.6753049128346669,0.3014302224820058,0.001065962285973539,134192584.19020957
2010-08-16,0.02326486468332719,0.6753049128346669,0.3014302224820058,0.004085018396195275,134740763.36525956
2010-08-17,0.02326486468332719,0.6753049128346669,0.3014302224820058,-0.0002950948045868113,134701002.0660244
2010-08-18,0.02326486468332719,0.6753049128346669,0.3014302224820058,-3.2920197927318066e-05,134696567.68237537
2010-08-19,0.02326486468332719,0.6753049128346669,0.3014302224820058,0.00078513692436435,134802322.93124795
2010-08-20,0.02326486468332719,0.6753049128346669,0.3014302224820058,-0.002289458820461096,134493698.56399435
2010-08-23,0.02326486468332719,0.6753049128346669,0.3014302224820058,3.1935122925264557e-06,134494128.071274
2010-08-24,0.02326486468332719,0.6753049128346669,0.3014302224820058,0.001272853223292301,134665319.3557034
2010-08-25,0.02326486468332719,0.6753049128346669,0.3014302224820058,-0.00186196612863535,134414577.09236124
2010-08-26,0.02326486468332719,0.6753049128346669,0.3014302224820058,0.0028973883355606148,134804028.32015795
2010-08-27,0.02326486468332719,0.6753049128346669,0.3014302224820058,-0.0024141311972659006,134478593.70987314
2010-08-30,0.02326486468332719,0.6753049128346669,0.3014302224820058,0.003269676230859643,134918295.17128575
2010-08-31,0.02326486468332719,0.6753049128346669,0.3014302224820058,0.0015603228727196859,135128811.27318984
2010-09-01,0.017401201292523743,0.700611077072475,0.28198772163500113,-0.0003861583668291497,135076630.152117
2010-09-02,0.017401201292523743,0.700611077072475,0.28198772163500113,0.0008797146382786675,135195459.0409512
2010-09-03,0.017401201292523743,0.700611077072475,0.28198772163500113,-0.0014982368304251054,134992904.22490978
2010-09-06,0.017401201292523743,0.700611077072475,0.28198772163500113,0.0006076417350594394,135074931.5474537
2010-09-07,0.017401201292523743,0.700611077072475,0.28198772163500113,0.003675504795248268,135571400.1060742
2010-09-08,0.017401201292523743,0.700611077072475,0.28198772163500113,-0.0011708125916076268,135412671.40376815
2010-09-09,0.017401201292523743,0.700611077072475,0.28198772163500113,-0.003705628522125489,134910882.34635717
2010-09-10,0.017401201292523743,0.700611077072475,0.28198772163500113,-0.00047765679755518153,134846441.24634025
2010-09-13,0.017401201292523743,0.700611077072475,0.28198772163500113,0.004142051158047097,135404982.10446316
2010-09-14,0.017401201292523743,0.700611077072475,0.28198772163500113,0.004653838070391797,136035134.96510166
2010-09-15,0.017401201292523743,0.700611077072475,0.28198772163500113,-0.0021247002711661856,135746101.07695317
2010-09-16,0.017401201292523743,0.700611077072475,0.28198772163500113,-0.0005258231974124915,135674722.6280486
2010-09-17,0.017401201292523743,0.700611077072475,0.28198772163500113,0.0005897914214339811,135754742.41556004
2010-09-20,0.017401201292523743,0.700611077072475,0.28198772163500113,0.0020486459488880545,136032855.818652
2010-09-21,0.017401201292523743,0.700611077072475,0.28198772163500113,0.004476313984431431,136641781.5934952
2010-09-22,0.017401201292523743,0.700611077072475,0.28198772163500113,0.0018640616666778685,136896490.3006302
2010-09-23,0.017401201292523743,0.700611077072475,0.28198772163500113,-0.0002663861330376681,136860022.9739526
2010-09-24,0.017401201292523743,0.700611077072475,0.28198772163500113,0.0007294093882259599,136959849.95958263
2010-09-27,0.017401201292523743,0.700611077072475,0.28198772163500113,0.002968925637043065,137366473.5693732
2010-09-28,0.017401201292523743,0.700611077072475,0.28198772163500113,0.0030985175523802954,137792105.9988365
2010-09-29,0.017401201292523743,0.700611077072475,0.28198772163500113,-0.0005209517216857554,137720322.9639817
2010-09-30,0.017401201292523743,0.700611077072475,0.28198772163500113,0.0005669476998233462,137798403.18430504
2010-10-01,0.030635100677203025,0.6897057164089906,0.27965918291380637,-0.00017214535454744033,137774681.8293328
2010-10-04,0.030635100677203025,0.6897057164089906,0.27965918291380637,0.00041483025137523046,137831834.93522918
2010-10-05,0.030635100677203025,0.6897057164089906,0.27965918291380637,0.004660199667319589,138474158.80654043
2010-10-06,0.030635100677203025,0.6897057164089906,0.27965918291380637,0.002608501186091957,138835368.81403035
2010-10-07,0.030635100677203025,0.6897057164089906,0.27965918291380637,-0.001227811999301298,138664905.08227307
2010-10-08,0.030635100677203025,0.6897057164089906,0.27965918291380637,0.0040911427415664045,139232203.0022104
2010-10-11,0.030635100677203025,0.6897057164089906,0.27965918291380637,0.0006743949842760779,139326100.5015648
2010-10-12,0.030635100677203025,0.6897057164089906,0.27965918291380637,-0.0008980695191210825,139200975.97748634
2010-10-13,0.030635100677203025,0.6897057164089906,0.27965918291380637,0.0028471475501216665,139597301.6952152
2010-10-14,0.030635100677203025,0.6897057164089906,0.27965918291380637,-0.0016204031634920605,139371097.78593332
2010-10-15,0.030635100677203025,0.6897057164089906,0.27965918291380637,-0.0038268827440235994,138837740.9368007
2010-10-18,0.030635100677203025,0.6897057164089906,0.27965918291380637,0.0030397102582707014,139259767.4421614
2010-10-19,0.030635100677203025,0.6897057164089906,0.27965918291380637,-0.004710657803608791,138603762.33193123
2010-10-20,0.030635100677203025,0.6897057164089906,0.27965918291380637,0.003953178182723233,139151687.7012252
2010-10-21,0.030635100677203025,0.6897057164089906,0.27965918291380637,-0.004081264422725679,138583772.86884794
2010-10-22,0.030635100677203025,0.6897057164089906,0.27965918291380637,-0.0008526347331281557,138465611.53065202
2010-10-25,0.030635100677203025,0.6897057164089906,0.27965918291380637,0.0030655017869136757,138890078.11022532
2010-10-26,0.030635100677203025,0.6897057164089906,0.27965918291380637,-0.0032296885276142328,138441506.41835332
2010-10-27,0.030635100677203025,0.6897057164089906,0.27965918291380637,-0.005265439086611605,137712551.0992487
2010-10-28,0.030635100677203025,0.6897057164089906,0.27965918291380637,0.004562377737735536,138340847.77659068
2010-10-29,0.030635100677203025,0.6897057164089906,0.27965918291380637,0.0034527928223496325,138818510.06283143
2010-11-01,0.020577097843431265,0.6290224364372364,0.35040046571933214,0.00019660293105112748,138845802.18879396
2010-11-02,0.020577097843431265,0.6290224364372364,0.35040046571933214,0.0033434128158627728,139310021.02326068
2010-11-03,0.020577097843431265,0.6290224364372364,0.35040046571933214,-0.0012093956364566515,139141540.0917205
2010-11-04,0.020577097843431265,0.6290224364372364,0.35040046571933214,0.011127229942903914,140689800.00293085
2010-11-05,0.020577097843431265,0.6290224364372364,0.35040046571933214,-0.0016563944688896852,140456762.19637683
2010-11-08,0.020577097843431265,0.6290224364372364,0.35040046571933214,-0.0006553377246382205,140364715.581429
2010-11-09,0.020577097843431265,0.6290224364372364,0.35040046571933214,-0.002853897996651503,139964129.0008306
2010-11-10,0.020577097843431265,0.6290224364372364,0.35040046571933214,-0.0007480030462627752,139859435.40597045
2010-11-11,0.020577097843431265,0.6290224364372364,0.35040046571933214,-0.0005781797687264051,139778571.50995323
2010-11-12,0.020577097843431265,0.6290224364372364,0.35040046571933214,-0.010198827696137079,138352993.94351104
2010-11-15,0.020577097843431265,0.6290224364372364,0.35040046571933214,-0.003884290709969837,137815590.69443974
2010-11-16,0.020577097843431265,0.6290224364372364,0.35040046571933214,-0.004942388897967923,137134452.44902465
2010-11-17,0.020577097843431265,0.6290224364372364,0.35040046571933214,0.0006344730824580759,137221460.56778118
2010-11-18,0.020577097843431265,0.6290224364372364,0.35040046571933214,0.00410433645266495,137784663.61047748
2010-11-19,0.020577097843431265,0.6290224364372364,0.35040046571933214,-0.0009878251435938303,137648556.45536143
2010-11-22,0.020577097843431265,0.6290224364372364,0.35040046571933214,0.0030972377082767026,138074886.75490484
2010-11-23,0.020577097843431265,0.6290224364372364,0.35040046571933214,0.0008906450931268435,138197862.47527713
2010-11-24,0.020577097843431265,0.6290224364372364,0.35040046571933214,-0.0024191912974902067,137863535.40904516
2010-11-25,0.020577097843431265,0.6290224364372364,0.35040046571933214,1.1194740288565491e-05,137865078.75551933
2010-11-26,0.020577097843431265,0.6290224364372364,0.35040046571933214,-0.0012898193691511465,137687257.70661092
2010-11-29,0.020577097843431265,0.6290224364372364,0.35040046571933214,0.0011854184726438266,137850474.72534403
2010-11-30,0.020577097843431265,0.6290224364372364,0.35040046571933214,0.0023734686281289196,138177658.5024773
2010-12-01,0.026503030569233397,0.63519727384662,0.33829969558414674,-0.0013974759951119685,137984558.5416593
2010-12-02,0.026503030569233397,0.63519727384662,0.33829969558414674,0.000515550198242187,138055696.5081698
2010-12-03,0.026503030569233397,0.63519727384662,0.33829969558414674,0.004510065068736348,138678336.6825314
2010-12-06,0.026503030569233397,0.63519727384662,0.33829969558414674,0.0035120266930362782,139165378.70270628
2010-12-07,0.026503030569233397,0.63519727384662,0.33829969558414674,-0.008063684056898852,138043193.057189
2010-12-08,0.026503030569233397,0.63519727384662,0.33829969558414674,-0.004289794438877814,137451016.13528734
2010-12-09,0.026503030569233397,0.63519727384662,0.33829969558414674,0.0008517853417460646,137568094.8960395
2010-12-10,0.026503030569233397,0.63519727384662,0.33829969558414674,-0.0013932886036850892,137376422.83719015
2010-12-13,0.026503030569233397,0.63519727384662,0.33829969558414674,0.0040238344000913815,137929202.81316394
2010-12-14,0.026503030569233397,0.63519727384662,0.33829969558414674,-0.004346458909655959,137329699.20069492
2010-12-15,0.026503030569233397,0.63519727384662,0.33829969558414674,-0.0035376565625919107,136843873.88907883
2010-12-16,0.026503030569233397,0.63519727384662,0.33829969558414674,5.5035424015813716e-05,136851405.14970225
2010-12-17,0.026503030569233397,0.63519727384662,0.33829969558414674,0.00549980180290127,137604060.75447416
2010-12-20,0.026503030569233397,0.63519727384662,0.33829969558414674,0.0011792791680012545,137766334.3567543
2010-12-21,0.026503030569233397,0.63519727384662,0.33829969558414674,0.0010699417984505034,137913736.3163019
2010-12-22,0.026503030569233397,0.63519727384662,0.33829969558414674,-0.0003204972677968495,137869535.34062088
2010-12-23,0.026503030569233397,0.63519727384662,0.33829969558414674,-0.0017020005924150228,137634881.30979514
2010-12-24,0.026503030569233397,0.63519727384662,0.33829969558414674,0.0002849807218236007,137674104.59761894
2010-12-27,0.026503030569233397,0.63519727384662,0.33829969558414674,0.0011883659781233378,137837711.8195913
2010-12-28,0.026503030569233397,0.63519727384662,0.33829969558414674,-0.0008382807722647,137722165.11608
2010-12-29,0.026503030569233397,0.63519727384662,0.33829969558414674,0.0058669762834854255,138530177.79252627
2010-12-30,0.026503030569233397,0.63519727384662,0.33829969558414674,-0.0008748733719144778,138408981.428769
2010-12-31,0.026503030569233397,0.63519727384662,0.33829969558414674,0.005610939933176826,139185585.909778
2011-01-03,0.03436214180995891,0.5786665509837582,0.38697130720628287,-0.0004983798623155288,139116218.61663598
2011-01-04,0.03436214180995891,0.5786665509837582,0.38697130720628287,-0.006039793023096943,138275985.4500356
2011-01-05,0.03436214180995891,0.5786665509837582,0.38697130720628287,-0.00486336083556411,137603499.43789884
2011-01-06,0.03436214180995891,0.5786665509837582,0.38697130720628287,-0.0010112547489538068,137464347.2456196
2011-01-07,0.03436214180995891,0.5786665509837582,0.38697130720628287,0.0022447599946295227,137772921.71300444
2011-01-10,0.03436214180995891,0.5786665509837582,0.38697130720628287,0.0006664203688612282,137864736.39431152
2011-01-11,0.03436214180995891,0.5786665509837582,0.38697130720628287,0.0006330389535660559,137952010.14277223
2011-01-12,0.03436214180995891,0.5786665509837582,0.38697130720628287,0.0032044980908533436,138394077.09590414
2011-01-13,0.03436214180995891,0.5786665509837582,0.38697130720628287,0.0005554632934125084,138470949.92575663
2011-01-14,0.03436214180995891,0.5786665509837582,0.38697130720628287,-0.003115618507343482,138039527.27143854
2011-01-17,0.03436214180995891,0.5786665509837582,0.38697130720628287,0.0008861145819093309,138161846.1094336
2011-01-18,0.03436214180995891,0.5786665509837582,0.38697130720628287,0.0007576899894594039,138266529.95715597
2011-01-19,0.03436214180995891,0.5786665509837582,0.38697130720628287,0.0013071253102553012,138447261.63802412
2011-01-20,0.03436214180995891,0.5786665509837582,0.38697130720628287,-0.007249200458241959,137443629.68551543
2011-01-21,0.03436214180995891,0.5786665509837582,0.38697130720628287,0.001978769434829453,137715598.93894914
2011-01-24,0.03436214180995891,0.5786665509837582,0.38697130720628287,0.0005724955806857782,137794440.5107332
2011-01-25,0.03436214180995891,0.5786665509837582,0.38697130720628287,0.0003224803759364482,137838876.51371107
2011-01-26,0.03436214180995891,0.5786665509837582,0.38697130720628287,-0.0005638694685454761,137761153.37966636
2011-01-27,0.03436214180995891,0.5786665509837582,0.38697130720628287,0.00036291418785263166,137811148.8567628
2011-01-28,0.03436214180995891,0.5786665509837582,0.38697130720628287,0.001439281986058142,138009497.96079034
2011-01-31,0.03436214180995891,0.5786665509837582,0.38697130720628287,0.0021581262269727074,138307339.87791085
2011-02-01,0.05418393640672813,0.6274194005304286,0.31839666306284337,0.0007967057521464486,138417530.13115567
2011-02-02,0.05418393640672813,0.6274194005304286,0.31839666306284337,-0.0018601879558112883,138160047.50873253
2011-02-03,0.05418393640672813,0.6274194005304286,0.31839666306284337,-0.0014428426361674047,137960704.30157202
2011-02-04,0.05418393640672813,0.6274194005304286,0.31839666306284337,-0.002979226051589844,137549688.1772211
2011-02-07,0.05418393640672813,0.6274194005304286,0.31839666306284337,-5.479428278581011e-05,137542151.24071002
2011-02-08,0.05418393640672813,0.6274194005304286,0.31839666306284337,-0.0013127177841369556,137361597.21270788
2011-02-09,0.05418393640672813,0.6274194005304286,0.31839666306284337,0.0023231120070738476,137680703.58850354
2011-02-10,0.05418393640672813,0.6274194005304286,0.31839666306284337,-0.003151146552878727,137246851.51399273
2011-02-11,0.05418393640672813,0.6274194005304286,0.31839666306284337,0.001311108850377622,137426797.07569918
2011-02-14,0.05418393640672813,0.6274194005304286,0.31839666306284337,0.001137186298428445,137583076.94637057
2011-02-15,0.05418393640672813,0.6274194005304286,0.31839666306284337,-0.0009162581619765646,137457015.32916862
2011-02-16,0.05418393640672813,0.6274194005304286,0.31839666306284337,0.0001423777636646631,137476586.1516112
2011-02-17,0.05418393640672813,0.6274194005304286,0.31839666306284337,0.0035769431266139697,137968332.08151656
2011-02-18,0.05418393640672813,0.6274194005304286,0.31839666306284337,2.0929800969677942e-05,137971219.73124713
2011-02-21,0.05418393640672813,0.6274194005304286,0.31839666306284337,-0.0004368195610485738,137910951.20360678
2011-02-22,0.05418393640672813,0.6274194005304286,0.31839666306284337,0.0014521479405907383,138111218.307382
2011-02-23,0.05418393640672813,0.6274194005304286,0.31839666306284337,-0.00023568648495734255,138078667.35980597
2011-02-24,0.05418393640672813,0.6274194005304286,0.31839666306284337,0.0018415875902129853,138332951.32008892
2011-02-25,0.05418393640672813,0.6274194005304286,0.31839666306284337,0.003207479551224101,138776651.43270856
2011-02-28,0.05418393640672813,0.6274194005304286,0.31839666306284337,0.0017433861779340087,139018592.7286363
2011-03-01,0.03611189813527894,0.5677647660829666,0.3961233357817545,0.0001759228472058137,139043049.27528366
2011-03-02,0.03611189813527894,0.5677647660829666,0.3961233357817545,-0.0003426307422509545,138995408.85210565
2011-03-03,0.03611189813527894,0.5677647660829666,0.3961233357817545,-0.0033331295877383365,138532119.1423009
2011-03-04,0.03611189813527894,0.5677647660829666,0.3961233357817545,0.003314674770508541,138991308.06252697
2011-03-07,0.03611189813527894,0.5677647660829666,0.3961233357817545,-0.00038387076408474705,138937953.36289987
2011-03-08,0.03611189813527894,0.5677647660829666,0.3961233357817545,-0.002305296738739128,138617660.1521253
2011-03-09,0.03611189813527894,0.5677647660829666,0.3961233357817545,0.0017444643670561928,138859473.72090536
2011-03-10,0.03611189813527894,0.5677647660829666,0.3961233357817545,-0.002740679980256474,138478904.34120953
2011-03-11,0.03611189813527894,0.5677647660829666,0.3961233357817545,0.0005790622636296014,138559092.2490223
2011-03-14,0.03611189813527894,0.5677647660829666,0.3961233357817545,0.0023597868893619964,138886062.17831346
2011-03-15,0.03611189813527894,0.5677647660829666,0.3961233357817545,-0.007321778699946318,137869169.16653687
2011-03-16,0.03611189813527894,0.5677647660829666,0.3961233357817545,0.0012614338160283885,138043081.99871126
2011-03-17,0.03611189813527894,0.5677647660829666,0.3961233357817545,0.00280326407954276,138430053.21190766
2011-03-18,0.03611189813527894,0.5677647660829666,0.3961233357817545,0.0037878859083729415,138954410.45976433
2011-03-21,0.03611189813527894,0.5677647660829666,0.3961233357817545,0.0013385680405233482,139140410.39269555
2011-03-22,0.03611189813527894,0.5677647660829666,0.3961233357817545,0.001510374303927171,139350564.49319053
2011-03-23,0.03611189813527894,0.5677647660829666,0.3961233357817545,0.0008714223360268529,139471997.68762782
2011-03-24,0.03611189813527894,0.5677647660829666,0.3961233357817545,0.00020592381607949066,139500718.2936279
2011-03-25,0.03611189813527894,0.5677647660829666,0.3961233357817545,-0.0005800875173453759,139419795.66828504
2011-03-28,0.03611189813527894,0.5677647660829666,0.3961233357817545,-0.0022298103897686323,139108915.95936447
2011-03-29,0.03611189813527894,0.5677647660829666,0.3961233357817545,-0.0003091130775813001,139065915.57423326
2011-03-30,0.03611189813527894,0.5677647660829666,0.3961233357817545,0.0033809983677133967,139536097.2077943
2011-03-31,0.03611189813527894,0.5677647660829666,0.3961233357817545,0.002647897050776882,139905574.42806774
2011-04-01,0.03760325839688316,0.6066851055777424,0.3557116360253745,0.0018517093329259208,140164638.88596457
2011-04-04,0.03760325839688316,0.6066851055777424,0.3557116360253745,0.0015638647207398147,140383837.41981357
2011-04-05,0.03760325839688316,0.6066851055777424,0.3557116360253745,-0.00014567337055174643,140363387.23304564
2011-04-06,0.03760325839688316,0.6066851055777424,0.3557116360253745,-0.0005769611277730608,140282403.01484963
2011-04-07,0.03760325839688316,0.6066851055777424,0.3557116360253745,0.001831348316792669,140539308.9574865
2011-04-08,0.03760325839688316,0.6066851055777424,0.3557116360253745,0.0033202949913611083,141005940.92110738
2011-04-11,0.03760325839688316,0.6066851055777424,0.3557116360253745,-0.0018184107916084638,140749534.19645554
2011-04-12,0.03760325839688316,0.6066851055777424,0.3557116360253745,-0.001808980364116244,140494921.05283564
2011-04-13,0.03760325839688316,0.6066851055777424,0.3557116360253745,0.0024238309353611957,140835456.98874462
2011-04-14,0.03760325839688316,0.6066851055777424,0.3557116360253745,0.001256073122961854,141012356.6210282
2011-04-15,0.03760325839688316,0.6066851055777424,0.3557116360253745,0.004004919317231133,141577099.73202807
2011-04-18,0.03760325839688316,0.6066851055777424,0.3557116360253745,-0.0004339083905927873,141515668.24053854
2011-04-19,0.03760325839688316,0.6066851055777424,0.3557116360253745,0.00244604225088978,141861821.5442178
2011-04-20,0.03760325839688316,0.6066851055777424,0.3557116360253745,0.0027688659482207703,142254617.91124415
2011-04-21,0.03760325839688316,0.6066851055777424,0.3557116360253745,0.0014505659059084533,142460967.60994425
2011-04-22,0.03760325839688316,0.6066851055777424,0.3557116360253745,0.00012764093047531853,142479151.46040642
2011-04-25,0.03760325839688316,0.6066851055777424,0.3557116360253745,0.0008729759889394513,142603532.3385558
2011-04-26,0.03760325839688316,0.6066851055777424,0.3557116360253745,0.002234535994813852,142922185.06455392
2011-04-27,0.03760325839688316,0.6066851055777424,0.3557116360253745,1.9759300974002067e-05,142925009.1070245
2011-04-28,0.03760325839688316,0.6066851055777424,0.3557116360253745,0.0028886705660259404,143337872.37398094
2011-04-29,0.03760325839688316,0.6066851055777424,0.3557116360253745,0.003916093240732751,143899196.8471257
2011-05-02,0.036199690594437714,0.6079112633771826,0.3558890460283797,-0.0015383410646610854,143677830.80344403
2011-05-03,0.036199690594437714,0.6079112633771826,0.3558890460283797,-0.0017471675974299712,143426801.55299523
2011-05-04,0.036199690594437714,0.6079112633771826,0.3558890460283797,-0.005022848254848061,142706390.49311632
2011-05-05,0.036199690594437714,0.6079112633771826,0.3558890460283797,-0.006790201588358266,141737385.3337211
2011-05-06,0.036199690594437714,0.6079112633771826,0.3558890460283797,0.0024345245745847413,142082448.48145342
2011-05-09,0.036199690594437714,0.6079112633771826,0.3558890460283797,0.0031423595903403313,142528922.62605816
2011-05-10,0.036199690594437714,0.6079112633771826,0.3558890460283797,0.0014141379877375864,142730478.18989497
2011-05-11,0.036199690594437714,0.6079112633771826,0.3558890460283797,-0.004026894576773061,142155717.60133186
2011-05-12,0.036199690594437714,0.6079112633771826,0.3558890460283797,-0.0015993289740171544,141928363.84334984
2011-05-13,0.036199690594437714,0.6079112633771826,0.3558890460283797,-0.0008297603481482168,141810597.31475508
2011-05-16,0.036199690594437714,0.6079112633771826,0.3558890460283797,0.0007175313573902263,141912350.86513865
2011-05-17,0.036199690594437714,0.6079112633771826,0.3558890460283797,0.0011347140949844745,142073380.8099177
2011-05-18,0.036199690594437714,0.6079112633771826,0.3558890460283797,0.002338673918214812,142405644.12009045
2011-05-19,0.036199690594437714,0.6079112633771826,0.3558890460283797,-0.00020299850289901082,142376735.9875297
2011-05-20,0.036199690594437714,0.6079112633771826,0.3558890460283797,0.0013057303092529693,142562641.60704112
2011-05-23,0.036199690594437714,0.6079112633771826,0.3558890460283797,-0.00114179981375019,142399863.60940647
2011-05-24,0.036199690594437714,0.6079112633771826,0.3558890460283797,0.0017673820124485618,142651538.56692487
2011-05-25,0.036199690594437714,0.6079112633771826,0.3558890460283797,-0.0006317941959660046,142561412.15281266
2011-05-26,0.036199690594437714,0.6079112633771826,0.3558890460283797,0.0035572611511629085,143068540.3259188
2011-05-27,0.036199690594437714,0.6079112633771826,0.3558890460283797,0.0030744446300273384,143508396.63144964
2011-05-30,0.036199690594437714,0.6079112633771826,0.3558890460283797,0.000138428258316417,143528262.2488491
2011-05-31,0.036199690594437714,0.6079112633771826,0.3558890460283797,0.0016313576890389654,143762408.18306315
2011-06-01,0.05698781133647209,0.6672228093635288,0.27578937929999914,0.0012579109184973983,143943248.4859861
2011-06-02,0.05698781133647209,0.6672228093635288,0.27578937929999914,-0.0021387322170778687,143635392.4230183
2011-06-03,0.05698781133647209,0.6672228093635288,0.27578937929999914,0.001241879156308768,143813770.22297668
2011-06-06,0.05698781133647209,0.6672228093635288,0.27578937929999914,-0.0007983998864232741,143698949.32516456
2011-06-07,0.05698781133647209,0.6672228093635288,0.27578937929999914,0.0001701551829319495,143723400.4461741
2011-06-08,0.05698781133647209,0.6672228093635288,0.27578937929999914,0.0008193655799297155,143841162.45353016
2011-06-09,0.05698781133647209,0.6672228093635288,0.27578937929999914,-0.0008006505475385128,143725995.94805315
2011-06-10,0.05698781133647209,0.6672228093635288,0.27578937929999914,-0.0012808737259130988,143541901.0961126
2011-06-13,0.05698781133647209,0.6672228093635288,0.27578937929999914,-0.000544369027638769,143463761.33098748
2011-06-14,0.05698781133647209,0.6672228093635288,0.27578937929999914,-0.0012827260783268798,143279736.62303334
2011-06-15,0.05698781133647209,0.6672228093635288,0.27578937929999914,0.002569713120388404,143647924.44211933
2011-06-16,0.05698781133647209,0.6672228093635288,0.27578937929999914,0.0007306563628496797,143752881.71212313
2011-06-17,0.05698781133647209,0.6672228093635288,0.27578937929999914,0.0002720254504840866,143791986.15452924
2011-06-20,0.05698781133647209,0.6672228093635288,0.27578937929999914,-2.5736837645077323e-05,143788285.40352693
2011-06-21,0.05698781133647209,0.6672228093635288,0.27578937929999914,0.0012372389216888462,143966185.86671105
2011-06-22,0.05698781133647209,0.6672228093635288,0.27578937929999914,-0.00015071947924594415,143944487.3581482
2011-06-23,0.05698781133647209,0.6672228093635288,0.27578937929999914,0.00011281088725980347,143960725.86348325
2011-06-24,0.05698781133647209,0.6672228093635288,0.27578937929999914,-0.001052595523992154,143809193.44780868
2011-06-27,0.05698781133647209,0.6672228093635288,0.27578937929999914,-0.001532770468246591,143588766.96302953
2011-06-28,0.05698781133647209,0.6672228093635288,0.27578937929999914,-0.0019499475094473667,143308776.40450537
2011-06-29,0.05698781133647209,0.6672228093635288,0.27578937929999914,-3.242468445946933e-05,143304129.66265017
2011-06-30,0.05698781133647209,0.6672228093635288,0.27578937929999914,-0.000944370824614199,143168797.42355004
2011-07-01,0.03929804396247157,0.627564492495095,0.33313746354243334,-0.0008300166256331249,143049964.9414166
2011-07-04,0.03929804396247157,0.627564492495095,0.33313746354243334,0.0006504039371993986,143143005.20183074
2011-07-05,0.03929804396247157,0.627564492495095,0.33313746354243334,0.002559688211988607,143509406.6648745
2011-07-06,0.03929804396247157,0.627564492495095,0.33313746354243334,0.0017893844453521824,143766200.16492236
2011-07-07,0.03929804396247157,0.627564492495095,0.33313746354243334,-0.00031451535944580474,143720983.48680133
2011-07-08,0.03929804396247157,0.627564492495095,0.33313746354243334,0.004116176289277993,144312564.39130142
2011-07-11,0.03929804396247157,0.627564492495095,0.33313746354243334,0.0019485394765302315,144593763.11997718
2011-07-12,0.03929804396247157,0.627564492495095,0.33313746354243334,0.0007119201652927589,144696702.33571786
2011-07-13,0.03929804396247157,0.627564492495095,0.33313746354243334,0.0017277492032688657,144946701.947894
2011-07-14,0.03929804396247157,0.627564492495095,0.33313746354243334,-0.0018149587376036253,144683629.66470686
2011-07-15,0.03929804396247157,0.627564492495095,0.33313746354243334,0.0016371552953671287,144920499.23516536
2011-07-18,0.03929804396247157,0.627564492495095,0.33313746354243334,0.0002080848808665329,144950654.99998382
2011-07-19,0.03929804396247157,0.627564492495095,0.33313746354243334,0.0013708254279635066,145149357.04365778
2011-07-20,0.03929804396247157,0.627564492495095,0.33313746354243334,-0.0008410783389602616,145027275.06353432
2011-07-21,0.03929804396247157,0.627564492495095,0.33313746354243334,-0.0011760760402096631,144856711.96015522
2011-07-22,0.03929804396247157,0.627564492495095,0.33313746354243334,0.002136726110085652,145166231.07882166
2011-07-25,0.03929804396247157,0.627564492495095,0.33313746354243334,-0.00011088970932393691,145150133.63765368
2011-07-26,0.03929804396247157,0.627564492495095,0.33313746354243334,0.002541189977350849,145518987.70246482
2011-07-27,0.03929804396247157,0.627564492495095,0.33313746354243334,-0.002130172226560088,145209007.19642392
2011-07-28,0.03929804396247157,0.627564492495095,0.33313746354243334,0.00036421536939956794,145261894.5486201
2011-07-29,0.03929804396247157,0.627564492495095,0.33313746354243334,0.004762157774492715,145953654.60908237
2011-08-01,0.03227727120907778,0.5865067443038379,0.3812159844870844,-0.000269470719445875,145914324.3727691
2011-08-02,0.03227727120907778,0.5865067443038379,0.3812159844870844,0.004429301321203611,146560622.88249594
2011-08-03,0.03227727120907778,0.5865067443038379,0.3812159844870844,-0.0008899569058796152,146430190.24403167
2011-08-04,0.03227727120907778,0.5865067443038379,0.3812159844870844,-0.0038656797569875776,145864138.02179345
2011-08-05,0.03227727120907778,0.5865067443038379,0.3812159844870844,-0.0032601429650154956,145388600.07837364
2011-08-08,0.03227727120907778,0.5865067443038379,0.3812159844870844,0.0001329540320460028,145407930.0789676
2011-08-09,0.03227727120907778,0.5865067443038379,0.3812159844870844,0.0074067999436376155,146484937.52728096
2011-08-10,0.03227727120907778,0.5865067443038379,0.3812159844870844,0.0018730544225418165,146759311.7873522
2011-08-11,0.03227727120907778,0.5865067443038379,0.3812159844870844,-0.0026192177023889214,146374917.19992834
2011-08-12,0.03227727120907778,0.5865067443038379,0.3812159844870844,0.0032908298689291863,146856612.1495119
2011-08-15,0.03227727120907778,0.5865067443038379,0.3812159844870844,0.0034213399686281584,147359058.54631636
2011-08-16,0.03227727120907778,0.5865067443038379,0.3812159844870844,0.0031000070329359956,147815872.66417673
2011-08-17,0.03227727120907778,0.5865067443038379,0.3812159844870844,0.0028855437346237975,148242401.82942078
2011-08-18,0.03227727120907778,0.5865067443038379,0.3812159844870844,0.00025292900614852704,148279896.63278458
2011-08-19,0.03227727120907778,0.5865067443038379,0.3812159844870844,0.0015151960142607368,148504569.7411576
2011-08-22,0.03227727120907778,0.5865067443038379,0.3812159844870844,0.001977420503286648,148798225.7221955
2011-08-23,0.03227727120907778,0.5865067443038379,0.3812159844870844,-0.003820786896340845,148229699.4111574
2011-08-24,0.03227727120907778,0.5865067443038379,0.3812159844870844,-0.006415853149311644,147278679.42736882
2011-08-25,0.03227727120907778,0.5865067443038379,0.3812159844870844,0.0016108940140932486,147515929.77046192
2011-08-26,0.03227727120907778,0.5865067443038379,0.3812159844870844,0.004573561661386724,148190602.97130394
2011-08-29,0.03227727120907778,0.5865067443038379,0.3812159844870844,-0.0030911380442250874,147732525.36066267
2011-08-30,0.03227727120907778,0.5865067443038379,0.3812159844870844,0.005279491795186353,148512478.01618645
2011-08-31,0.03227727120907778,0.5865067443038379,0.3812159844870844,-0.001873957800628432,148234171.8995174
2011-09-01,0.048868574393389194,0.6291501267469373,0.3219812988596736,0.0016560832349364698,148479660.02644482
2011-09-02,0.048868574393389194,0.6291501267469373,0.3219812988596736,0.0053394317976624694,149272457.04449618
2011-09-05,0.048868574393389194,0.6291501267469373,0.3219812988596736,0.0007369988730961797,149382470.67712224
2011-09-06,0.048868574393389194,0.6291501267469373,0.3219812988596736,-0.0006483965919931887,149285611.5922317
2011-09-07,0.048868574393389194,0.6291501267469373,0.3219812988596736,-0.003039169899578867,148831907.25504035
2011-09-08,0.048868574393389194,0.6291501267469373,0.3219812988596736,0.0031870648324800114,149306244.1926038
2011-09-09,0.048868574393389194,0.6291501267469373,0.3219812988596736,-0.0009739499775877518,149160827.3794187
2011-09-12,0.048868574393389194,0.6291501267469373,0.3219812988596736,-0.0023256352027352777,148813933.70839602
2011-09-13,0.048868574393389194,0.6291501267469373,0.3219812988596736,-0.0003910042803648057,148755746.82333812
2011-09-14,0.048868574393389194,0.6291501267469373,0.3219812988596736,-0.00020787665656755343,148724823.97604328
2011-09-15,0.048868574393389194,0.6291501267469373,0.3219812988596736,-0.0029607466082103504,148284487.45789954
2011-09-16,0.048868574393389194,0.6291501267469373,0.3219812988596736,0.0013272161689638368,148481293.02726018
2011-09-19,0.048868574393389194,0.6291501267469373,0.3219812988596736,0.0008621844172082235,148609311.28435525
2011-09-20,0.048868574393389194,0.6291501267469373,0.3219812988596736,0.0009148883146990727,148745272.20670477
2011-09-21,0.048868574393389194,0.6291501267469373,0.3219812988596736,-0.0003091153609676965,148699292.75819436
2011-09-22,0.048868574393389194,0.6291501267469373,0.3219812988596736,0.0019837965202890804,148994281.8977375
2011-09-23,0.048868574393389194,0.6291501267469373,0.3219812988596736,-0.006529556688838789,148021415.2877734
2011-09-26,0.048868574393389194,0.6291501267469373,0.3219812988596736,-0.003501003102980377,147503191.85354334
2011-09-27,0.048868574393389194,0.6291501267469373,0.3219812988596736,-0.0014951499412198897,147282652.46491376
2011-09-28,0.048868574393389194,0.6291501267469373,0.3219812988596736,-0.0024263676082620493,146925290.60771397
2011-09-29,0.048868574393389194,0.6291501267469373,0.3219812988596736,0.0024241470425470134,147281459.11641604
2011-09-30,0.048868574393389194,0.6291501267469373,0.3219812988596736,0.0004935321372481949,147354147.2497108
2011-10-03,0.06921314597744263,0.6637562467720354,0.26703060725052213,0.004319406898891442,147990629.76992145
2011-10-04,0.06921314597744263,0.6637562467720354,0.26703060725052213,-2.584749009808718e-05,147986804.58358386
2011-10-05,0.06921314597744263,0.6637562467720354,0.26703060725052213,-0.0016735916362399838,147739135.1051589
2011-10-06,0.06921314597744263,0.6637562467720354,0.26703060725052213,-0.0005685521650742177,147655137.70002866
2011-10-07,0.06921314597744263,0.6637562467720354,0.26703060725052213,-0.0031387185343439675,147191689.78263846
2011-10-10,0.06921314597744263,0.6637562467720354,0.26703060725052213,0.0023617948790024324,147539326.3617988
2011-10-11,0.06921314597744263,0.6637562467720354,0.26703060725052213,-0.0026433815635339376,147149323.6265978
2011-10-12,0.06921314597744263,0.6637562467720354,0.26703060725052213,-0.0014829391452904728,146931110.13438892
2011-10-13,0.06921314597744263,0.6637562467720354,0.26703060725052213,0.0021061901020201883,147240574.9842328
2011-10-14,0.06921314597744263,0.6637562467720354,0.26703060725052213,-0.00046422797985614566,147172221.789555
2011-10-17,0.06921314597744263,0.6637562467720354,0.26703060725052213,0.0010829520015884708,147331602.24172023
2011-10-18,0.06921314597744263,0.6637562467720354,0.26703060725052213,0.001513350872035561,147554566.65045115
2011-10-19,0.06921314597744263,0.6637562467720354,0.26703060725052213,-0.0011147880534166936,147390074.58232215
2011-10-20,0.06921314597744263,0.6637562467720354,0.26703060725052213,-0.00047391826530175825,147320223.73385337
2011-10-21,0.06921314597744263,0.6637562467720354,0.26703060725052213,0.0003444512469321419,147370968.36861682
2011-10-24,0.06921314597744263,0.6637562467720354,0.26703060725052213,7.220871627454265e-05,147381609.83705887
2011-10-25,0.06921314597744263,0.6637562467720354,0.26703060725052213,0.002468912381969803,147745482.11846024
2011-10-26,0.06921314597744263,0.6637562467720354,0.26703060725052213,-0.0017250135979560485,147490619.1527693
2011-10-27,0.06921314597744263,0.6637562467720354,0.26703060725052213,-0.0036106528755075803,146958081.72461498
2011-10-28,0.06921314597744263,0.6637562467720354,0.26703060725052213,0.0030651649536641164,147408532.48637497
2011-10-31,0.06921314597744263,0.6637562467720354,0.26703060725052213,0.0028690408179567004,147831453.5829935
2011-11-01,0.09496589837803612,0.6115459976077295,0.2934881040142343,0.002491136737425753,148199721.94796115
2011-11-02,0.09496589837803612,0.6115459976077295,0.2934881040142343,0.0012307477048233717,148382118.41560408
2011-11-03,0.09496589837803612,0.6115459976077295,0.2934881040142343,9.258727852112835e-05,148395856.71212938
2011-11-04,0.09496589837803612,0.6115459976077295,0.2934881040142343,0.00012893323094613396,148414989.8693943
2011-11-07,0.09496589837803612,0.6115459976077295,0.2934881040142343,0.0019769999524267327,148708406.29730552
2011-11-08,0.09496589837803612,0.6115459976077295,0.2934881040142343,-0.0009745154362282389,148563487.6598719
2011-11-09,0.09496589837803612,0.6115459976077295,0.2934881040142343,-0.0015343768317921036,148335535.28635636
2011-11-10,0.09496589837803612,0.6115459976077295,0.2934881040142343,-0.002134342790514184,148018936.40604088
2011-11-11,0.09496589837803612,0.6115459976077295,0.2934881040142343,0.0029924435843985417,148461874.72265863
2011-11-14,0.09496589837803612,0.6115459976077295,0.2934881040142343,-0.0003063325411011747,148416396.0193182
2011-11-15,0.09496589837803612,0.6115459976077295,0.2934881040142343,-0.0003191261641076091,148369032.4641659
2011-11-16,0.09496589837803612,0.6115459976077295,0.2934881040142343,-0.0007409799220222207,148259093.99006006
2011-11-17,0.09496589837803612,0.6115459976077295,0.2934881040142343,-0.0002666706799167685,148219557.63666192
2011-11-18,0.09496589837803612,0.6115459976077295,0.2934881040142343,-0.001457721552816016,148003494.7929461
2011-11-21,0.09496589837803612,0.6115459976077295,0.2934881040142343,-0.004018363051204358,147408763.018021
2011-11-22,0.09496589837803612,0.6115459976077295,0.2934881040142343,0.001647561254949803,147651627.98460954
2011-11-23,0.09496589837803612,0.6115459976077295,0.2934881040142343,-0.0014833518679955562,147432608.666426
2011-11-24,0.09496589837803612,0.6115459976077295,0.2934881040142343,0.00047835190163112335,147503133.335144
2011-11-25,0.09496589837803612,0.6115459976077295,0.2934881040142343,-0.003402442768237802,147001262.36583546
2011-11-28,0.09496589837803612,0.6115459976077295,0.2934881040142343,0.0045564712445038055,147671069.39071116
2011-11-29,0.09496589837803612,0.6115459976077295,0.2934881040142343,-0.000656855231759449,147574070.87620234
2011-11-30,0.09496589837803612,0.6115459976077295,0.2934881040142343,0.0031696461738893195,148041828.46532038
2011-12-01,0.08828252966472885,0.6250338258174001,0.28668364451787104,-0.001657137278509364,147796502.8325918
2011-12-02,0.08828252966472885,0.6250338258174001,0.28668364451787104,0.002455548856002782,148159424.3660436
2011-12-05,0.08828252966472885,0.6250338258174001,0.28668364451787104,-0.0002559548642571309,148121502.24069157
2011-12-06,0.08828252966472885,0.6250338258174001,0.28668364451787104,-0.0009670971556479911,147978254.3571843
2011-12-07,0.08828252966472885,0.6250338258174001,0.28668364451787104,0.003046811235877374,148429116.16522527
2011-12-08,0.08828252966472885,0.6250338258174001,0.28668364451787104,-0.0017430143813662463,148170402.0811358
2011-12-09,0.08828252966472885,0.6250338258174001,0.28668364451787104,-0.0009428905377986058,148030693.61103168
2011-12-12,0.08828252966472885,0.6250338258174001,0.28668364451787104,-0.0016142538762100702,147791734.490072
2011-12-13,0.08828252966472885,0.6250338258174001,0.28668364451787104,-0.001045960149233692,147637150.2254093
2011-12-14,0.08828252966472885,0.6250338258174001,0.28668364451787104,-0.0017063148197959828,147385234.76802722
2011-12-15,0.08828252966472885,0.6250338258174001,0.28668364451787104,-0.0003047298433634691,147340322.0885223
2011-12-16,0.08828252966472885,0.6250338258174001,0.28668364451787104,0.0022342808145075924,147669521.74336803
2011-12-19,0.08828252966472885,0.6250338258174001,0.28668364451787104,0.00014075701957492613,147690307.26513067
2011-12-20,0.08828252966472885,0.6250338258174001,0.28668364451787104,-0.0005418044843726222,147610287.99435604
2011-12-21,0.08828252966472885,0.6250338258174001,0.28668364451787104,-0.0015063331317414367,147387937.72696427
2011-12-22,0.08828252966472885,0.6250338258174001,0.28668364451787104,0.0010747867307780384,147546348.32670996
2011-12-23,0.08828252966472885,0.6250338258174001,0.28668364451787104,-0.0019520228647721734,147258334.48116258
2011-12-26,0.08828252966472885,0.6250338258174001,0.28668364451787104,0.0,147258334.48116258
2011-12-27,0.08828252966472885,0.6250338258174001,0.28668364451787104,0.0009212592450210713,147393997.58320978
2011-12-28,0.08828252966472885,0.6250338258174001,0.28668364451787104,0.0020808575042669795,147700703.4891647
2011-12-29,0.08828252966472885,0.6250338258174001,0.28668364451787104,0.0010931737321326802,147862166.01843658
2011-12-30,0.08828252966472885,0.6250338258174001,0.28668364451787104,0.0004857909913565174,147933996.12665078
2012-01-02,0.12031976166642422,0.6857161348587574,0.19396410347481846,0.0,147933996.12665078
2012-01-03,0.12031976166642422,0.6857161348587574,0.19396410347481846,-0.0009401540001025051,147794915.38844118
2012-01-04,0.12031976166642422,0.6857161348587574,0.19396410347481846,-0.0009959620208549462,147647717.2658388
2012-01-05,0.12031976166642422,0.6857161348587574,0.19396410347481846,0.000408343286468088,147708008.21994665
2012-01-06,0.12031976166642422,0.6857161348587574,0.19396410347481846,0.0008711132628964804,147836678.62494308
2012-01-09,0.12031976166642422,0.6857161348587574,0.19396410347481846,0.0004792234909406488,147907525.43416277
2012-01-10,0.12031976166642422,0.6857161348587574,0.19396410347481846,0.0008804579468545885,148037751.7903309
2012-01-11,0.12031976166642422,0.6857161348587574,0.19396410347481846,0.0021708422244889696,148359118.39273575
2012-01-12,0.12031976166642422,0.6857161348587574,0.19396410347481846,-0.0004981244366263496,148285217.090468
2012-01-13,0.12031976166642422,0.6857161348587574,0.19396410347481846,0.0018519737130924853,148559837.41455972
2012-01-16,0.12031976166642422,0.6857161348587574,0.19396410347481846,0.00020864250324916287,148590833.3109202
2012-01-17,0.12031976166642422,0.6857161348587574,0.19396410347481846,0.0012304633218624972,148773668.8812743
2012-01-18,0.12031976166642422,0.6857161348587574,0.19396410347481846,-0.0003713494969638777,148718421.85417378
2012-01-19,0.12031976166642422,0.6857161348587574,0.19396410347481846,-0.0016443624740756625,148473874.86207303
2012-01-20,0.12031976166642422,0.6857161348587574,0.19396410347481846,-0.0016104512682745306,148234764.9219958
2012-01-23,0.12031976166642422,0.6857161348587574,0.19396410347481846,-0.0005948235302999907,148146591.3958117
2012-01-24,0.12031976166642422,0.6857161348587574,0.19396410347481846,-0.0004933168047155396,148073508.1927148
2012-01-25,0.12031976166642422,0.6857161348587574,0.19396410347481846,0.002956923034323307,148511350.1598629
2012-01-26,0.12031976166642422,0.6857161348587574,0.19396410347481846,0.0031357215355952333,148977040.39883953
2012-01-27,0.12031976166642422,0.6857161348587574,0.19396410347481846,0.0004126971752424191,149038522.8025881
2012-01-30,0.12031976166642422,0.6857161348587574,0.19396410347481846,0.00127737143132913,149228900.35378364
2012-01-31,0.12031976166642422,0.6857161348587574,0.19396410347481846,0.0016465517067925815,149474613.45436394
2012-02-01,0.16307624315133626,0.7077196815732834,0.12920407527538041,0.0003827879385639477,149531830.5335158
2012-02-02,0.16307624315133626,0.7077196815732834,0.12920407527538041,0.0007609258618862407,149645613.1705439
2012-02-03,0.16307624315133626,0.7077196815732834,0.12920407527538041,-0.0021387866734046065,149325553.1273613
2012-02-06,0.16307624315133626,0.7077196815732834,0.12920407527538041,0.0017958615581447888,149593721.14787143
2012-02-07,0.16307624315133626,0.7077196815732834,0.12920407527538041,-0.0010048136218351433,149443407.33912104
2012-02-08,0.16307624315133626,0.7077196815732834,0.12920407527538041,2.886014667663223e-05,149447720.2977767
2012-02-09,0.16307624315133626,0.7077196815732834,0.12920407527538041,-0.0012575914465126014,149259776.1230294
2012-02-10,0.16307624315133626,0.7077196815732834,0.12920407527538041,0.0002242540774097081,149293248.23641828
2012-02-13,0.16307624315133626,0.7077196815732834,0.12920407527538041,0.0007426430164508191,149404119.8246243
2012-02-14,0.16307624315133626,0.7077196815732834,0.12920407527538041,0.0016065936322781265,149644151.53217068
2012-02-15,0.16307624315133626,0.7077196815732834,0.12920407527538041,-0.0008844268475185373,149511802.2269815
2012-02-16,0.16307624315133626,0.7077196815732834,0.12920407527538041,-0.00044546302462343675,149445200.24734455
2012-02-17,0.16307624315133626,0.7077196815732834,0.12920407527538041,0.0002767666649274308,149486561.69700643
2012-02-20,0.16307624315133626,0.7077196815732834,0.12920407527538041,0.00039588833191975394,149545741.68256107
2012-02-21,0.16307624315133626,0.7077196815732834,0.12920407527538041,-0.00029391704885818105,149501787.63949642
2012-02-22,0.16307624315133626,0.7077196815732834,0.12920407527538041,0.0014122727538470972,149712924.9408311
2012-02-23,0.16307624315133626,0.7077196815732834,0.12920407527538041,0.0016481762472152094,149959678.22761968
2012-02-24,0.16307624315133626,0.7077196815732834,0.12920407527538041,0.0005836523131489336,150047202.5406963
2012-02-27,0.16307624315133626,0.7077196815732834,0.12920407527538041,0.0022041367045395584,150377927.08722973
2012-02-28,0.16307624315133626,0.7077196815732834,0.12920407527538041,0.0007488165884349234,150490532.5735671
2012-02-29,0.16307624315133626,0.7077196815732834,0.12920407527538041,-0.0038734076016447407,149907621.40072104
2012-03-01,0.1549159215025425,0.7052638335054329,0.1398202449920246,-0.00022491169307615783,149873905.4237868
2012-03-02,0.1549159215025425,0.7052638335054329,0.1398202449920246,0.0005197749691475496,149951806.12835446
2012-03-05,0.1549159215025425,0.7052638335054329,0.1398202449920246,-0.0022931153229136434,149607949.34402296
2012-03-06,0.1549159215025425,0.7052638335054329,0.1398202449920246,-0.00232243836240419,149260494.10314578
2012-03-07,0.1549159215025425,0.7052638335054329,0.1398202449920246,-0.00017397632280066044,149234526.3112423
2012-03-08,0.1549159215025425,0.7052638335054329,0.1398202449920246,0.0006114889643991337,149325781.57718894
2012-03-09,0.1549159215025425,0.7052638335054329,0.1398202449920246,0.0002815613547056771,149367825.94654226
2012-03-12,0.1549159215025425,0.7052638335054329,0.1398202449920246,-0.0011849609708265499,149190830.9024984
2012-03-13,0.1549159215025425,0.7052638335054329,0.1398202449920246,0.0006110981970551385,149282001.1502801
2012-03-14,0.1549159215025425,0.7052638335054329,0.1398202449920246,-0.00731993617300341,148189266.4300818
2012-03-15,0.1549159215025425,0.7052638335054329,0.1398202449920246,0.002240466801779608,148521279.5618985
2012-03-16,0.1549159215025425,0.7052638335054329,0.1398202449920246,0.0001991229769168074,148550853.56122032
2012-03-19,0.1549159215025425,0.7052638335054329,0.1398202449920246,-0.0016260245410135488,148309306.22774127
2012-03-20,0.1549159215025425,0.7052638335054329,0.1398202449920246,-0.0018365877994696571,148036923.1653756
2012-03-21,0.1549159215025425,0.7052638335054329,0.1398202449920246,0.0020618771020240894,148342157.10750437
2012-03-22,0.1549159215025425,0.7052638335054329,0.1398202449920246,-0.0009669504174388015,148198717.59676552
2012-03-23,0.1549159215025425,0.7052638335054329,0.1398202449920246,0.0029475210156156076,148635536.43136925
2012-03-26,0.1549159215025425,0.7052638335054329,0.1398202449920246,0.003018834126573843,149084242.46116987
2012-03-27,0.1549159215025425,0.7052638335054329,0.1398202449920246,0.0010721338170986761,149244080.71910903
2012-03-28,0.1549159215025425,0.7052638335054329,0.1398202449920246,-0.001659758878522447,148996371.53106856
2012-03-29,0.1549159215025425,0.7052638335054329,0.1398202449920246,0.00037753276041877794,149052622.54250506
2012-03-30,0.1549159215025425,0.7052638335054329,0.1398202449920246,-0.0013622386785302172,148849577.2949413
2012-04-02,0.17144582503349323,0.7455563754400168,0.08299779952649,0.001996317149029343,149146728.25872096
2012-04-03,0.17144582503349323,0.7455563754400168,0.08299779952649,-0.003595874479584659,148610415.3448619
2012-04-04,0.17144582503349323,0.7455563754400168,0.08299779952649,-0.00016226097936321965,148586301.67332447
2012-04-05,0.17144582503349323,0.7455563754400168,0.08299779952649,0.002011753356445047,148885220.66443753
2012-04-06,0.17144582503349323,0.7455563754400168,0.08299779952649,0.004190130149270999,149509069.11632445
2012-04-09,0.17144582503349323,0.7455563754400168,0.08299779952649,-0.001158341699807287,149335886.52706766
2012-04-10,0.17144582503349323,0.7455563754400168,0.08299779952649,-0.0010776185105623565,149174959.41145486
2012-04-11,0.17144582503349323,0.7455563754400168,0.08299779952649,-5.234655148933921e-05,149167150.61676112
2012-04-12,0.17144582503349323,0.7455563754400168,0.08299779952649,0.0016875542265666825,149418878.27224934
2012-04-13,0.17144582503349323,0.7455563754400168,0.08299779952649,-0.0002960215439132743,149374647.06521338
2012-04-16,0.17144582503349323,0.7455563754400168,0.08299779952649,0.0009806899039532762,149521137.27349684
2012-04-17,0.17144582503349323,0.7455563754400168,0.08299779952649,0.0014389051943993023,149736284.01459217
2012-04-18,0.17144582503349323,0.7455563754400168,0.08299779952649,0.00023310086731134219,149771187.67226395
2012-04-19,0.17144582503349323,0.7455563754400168,0.08299779952649,-0.0002647150811160931,149731540.9801704
2012-04-20,0.17144582503349323,0.7455563754400168,0.08299779952649,-0.0003884339011192607,149673380.17358688
2012-04-23,0.17144582503349323,0.7455563754400168,0.08299779952649,0.00013293188885826518,149693276.53872514
2012-04-24,0.17144582503349323,0.7455563754400168,0.08299779952649,-0.0003367250378530066,149642871.0645163
2012-04-25,0.17144582503349323,0.7455563754400168,0.08299779952649,0.00164490743374061,149889019.7355366
2012-04-26,0.17144582503349323,0.7455563754400168,0.08299779952649,0.0019141849382151663,150175935.0395182
2012-04-27,0.17144582503349323,0.7455563754400168,0.08299779952649,0.0010842578715425711,150338764.47920108
2012-04-30,0.17144582503349323,0.7455563754400168,0.08299779952649,-0.00012075519968022684,150320610.2916767
2012-05-01,0.16869531613943048,0.7912833568295321,0.04002132703103751,-0.0006606342515582959,150221303.34780285
2012-05-02,0.16869531613943048,0.7912833568295321,0.04002132703103751,0.0009577154743913303,150365172.6146023
2012-05-03,0.16869531613943048,0.7912833568295321,0.04002132703103751,-0.0011872176040406293,150186656.43463963
2012-05-04,0.16869531613943048,0.7912833568295321,0.04002132703103751,-0.0011582041454375714,150012709.62656763
2012-05-07,0.16869531613943048,0.7912833568295321,0.04002132703103751,0.0003153085843763387,150060009.92167845
2012-05-08,0.16869531613943048,0.7912833568295321,0.04002132703103751,0.0006370748126077538,150155609.37437922
2012-05-09,0.16869531613943048,0.7912833568295321,0.04002132703103751,-0.0012700623340011045,149964902.39067385
2012-05-10,0.16869531613943048,0.7912833568295321,0.04002132703103751,-5.56194855391354e-06,149964068.29360184
2012-05-11,0.16869531613943048,0.7912833568295321,0.04002132703103751,0.0008598757913988195,150093018.7655072
2012-05-14,0.16869531613943048,0.7912833568295321,0.04002132703103751,9.285348195185316e-05,150106955.42491624
2012-05-15,0.16869531613943048,0.7912833568295321,0.04002132703103751,-0.0007569597621272581,149993330.49964413
2012-05-16,0.16869531613943048,0.7912833568295321,0.04002132703103751,-0.00021229114774131753,149961488.24335882
2012-05-17,0.16869531613943048,0.7912833568295321,0.04002132703103751,-0.00020209959666841158,149931181.08706903
2012-05-18,0.16869531613943048,0.7912833568295321,0.04002132703103751,-0.0011568431700043713,149757734.22425777
2012-05-21,0.16869531613943048,0.7912833568295321,0.04002132703103751,0.002333207498783467,150107150.0927506
2012-05-22,0.16869531613943048,0.7912833568295321,0.04002132703103751,-0.002397754432475573,149747230.00826943
2012-05-23,0.16869531613943048,0.7912833568295321,0.04002132703103751,0.003172018180187729,150222230.9442884
2012-05-24,0.16869531613943048,0.7912833568295321,0.04002132703103751,-0.0013505961375145086,150019341.37940624
2012-05-25,0.16869531613943048,0.7912833568295321,0.04002132703103751,-9.434552076582485e-05,150005187.72651884
2012-05-28,0.16869531613943048,0.7912833568295321,0.04002132703103751,0.0,150005187.72651884
2012-05-29,0.16869531613943048,0.7912833568295321,0.04002132703103751,0.002271349430606266,150345901.92424947
2012-05-30,0.16869531613943048,0.7912833568295321,0.04002132703103751,0.0018307055388537517,150621140.99964616
2012-05-31,0.16869531613943048,0.7912833568295321,0.04002132703103751,0.0011371260717720152,150792416.2260369
2012-06-01,0.1581313456053558,0.7550801927761455,0.08678846161849879,-4.4206967949823785e-05,150785750.15052572
2012-06-04,0.1581313456053558,0.7550801927761455,0.08678846161849879,-0.0017682956878578172,150519116.35874414
2012-06-05,0.1581313456053558,0.7550801927761455,0.08678846161849879,-0.00019627073360184574,150489573.86135533
2012-06-06,0.1581313456053558,0.7550801927761455,0.08678846161849879,0.0005329438093812306,150569776.34812117
2012-06-07,0.1581313456053558,0.7550801927761455,0.08678846161849879,-0.00047985143282455766,150497525.22520044
2012-06-08,0.1581313456053558,0.7550801927761455,0.08678846161849879,0.0013303667140721561,150697742.12331027
2012-06-11,0.1581313456053558,0.7550801927761455,0.08678846161849879,-0.0005431744034483166,150615886.9671314
2012-06-12,0.1581313456053558,0.7550801927761455,0.08678846161849879,-0.00030902616794944364,150569342.71674964
2012-06-13,0.1581313456053558,0.7550801927761455,0.08678846161849879,0.0009785784414089956,150716686.62946936
2012-06-14,0.1581313456053558,0.7550801927761455,0.08678846161849879,0.001434175005376716,150932840.73432657
2012-06-15,0.1581313456053558,0.7550801927761455,0.08678846161849879,0.0026515344750805475,151333044.36495548
2012-06-18,0.1581313456053558,0.7550801927761455,0.08678846161849879,0.00047712075281164975,151405248.50100815
2012-06-19,0.1581313456053558,0.7550801927761455,0.08678846161849879,0.0002071940748819552,151436618.7714036
2012-06-20,0.1581313456053558,0.7550801927761455,0.08678846161849879,-0.0008948418797287891,151301106.94280243
2012-06-21,0.1581313456053558,0.7550801927761455,0.08678846161849879,-0.002401327068797629,150937783.49916166
2012-06-22,0.1581313456053558,0.7550801927761455,0.08678846161849879,-0.0008576842437667408,150808326.54046535
2012-06-25,0.1581313456053558,0.7550801927761455,0.08678846161849879,-2.522024373824037e-05,150804523.11771223
2012-06-26,0.1581313456053558,0.7550801927761455,0.08678846161849879,9.140786534036062e-05,150818307.8372541
2012-06-27,0.1581313456053558,0.7550801927761455,0.08678846161849879,0.001733669983264398,151079777.0104783
2012-06-28,0.1581313456053558,0.7550801927761455,0.08678846161849879,0.0010460311789648037,151237811.1677423
2012-06-29,0.1581313456053558,0.7550801927761455,0.08678846161849879,0.0011064064635250928,151405141.6595477
2012-07-02,0.15463227849705583,0.7938285153309727,0.051539206171971434,0.0035463769156657667,151942081.35884222
2012-07-03,0.15463227849705583,0.7938285153309727,0.051539206171971434,-0.0009058483354663607,151804444.87735602
2012-07-04,0.15463227849705583,0.7938285153309727,0.051539206171971434,0.0,151804444.87735602
2012-07-05,0.15463227849705583,0.7938285153309727,0.051539206171971434,0.00041120002255260715,151866866.8685132
2012-07-06,0.15463227849705583,0.7938285153309727,0.051539206171971434,0.0004372925574059768,151933277.11911133
2012-07-09,0.15463227849705583,0.7938285153309727,0.051539206171971434,0.0011162588587834222,152102873.98563954
2012-07-10,0.15463227849705583,0.7938285153309727,0.051539206171971434,-0.0006122379117518273,152009750.83969912
2012-07-11,0.15463227849705583,0.7938285153309727,0.051539206171971434,8.761209968337301e-05,152023068.73314252
2012-07-12,0.15463227849705583,0.7938285153309727,0.051539206171971434,-0.00022324219351685588,151989130.7698134
2012-07-13,0.15463227849705583,0.7938285153309727,0.051539206171971434,0.0021379199664787,152314071.36717388
2012-07-16,0.15463227849705583,0.7938285153309727,0.051539206171971434,0.0014700274310094138,152537977.23021233
2012-07-17,0.15463227849705583,0.7938285153309727,0.051539206171971434,-0.0003215035393921123,152488935.73064113
2012-07-18,0.15463227849705583,0.7938285153309727,0.051539206171971434,0.002245478840729628,152831346.40926966
2012-07-19,0.15463227849705583,0.7938285153309727,0.051539206171971434,-0.0003597991176531463,152776357.82568187
2012-07-20,0.15463227849705583,0.7938285153309727,0.051539206171971434,0.0005413130716051576,152859057.66520512
2012-07-23,0.15463227849705583,0.7938285153309727,0.051539206171971434,-0.0006124697261372545,152765436.12001932
2012-07-24,0.15463227849705583,0.7938285153309727,0.051539206171971434,-0.00032780541098550455,152715358.7834476
2012-07-25,0.15463227849705583,0.7938285153309727,0.051539206171971434,-3.0172817263411414e-05,152710750.9308337
2012-07-26,0.15463227849705583,0.7938285153309727,0.051539206171971434,0.0018576208539737857,152994429.60638884
2012-07-27,0.15463227849705583,0.7938285153309727,0.051539206171971434,-0.0018311711692105695,152714270.6178438
2012-07-30,0.15463227849705583,0.7938285153309727,0.051539206171971434,0.0025803285015526477,153108323.60291284
2012-07-31,0.15463227849705583,0.7938285153309727,0.051539206171971434,-0.00033818445523573317,153056544.74790314
2012-08-01,0.1507095153991397,0.7818804393344769,0.06741004526638335,-0.0024390991184988532,152683224.66452804
2012-08-02,0.1507095153991397,0.7818804393344769,0.06741004526638335,0.0005966493615369111,152774323.0130415
2012-08-03,0.1507095153991397,0.7818804393344769,0.06741004526638335,-0.00023637701691497058,152738210.67430648
2012-08-06,0.1507095153991397,0.7818804393344769,0.06741004526638335,0.0014211419349590927,152955273.35056636
2012-08-07,0.1507095153991397,0.7818804393344769,0.06741004526638335,-0.0018422691709971465,152673488.56593117
2012-08-08,0.1507095153991397,0.7818804393344769,0.06741004526638335,-0.0005758137053176222,152585577.07877624
2012-08-09,0.1507095153991397,0.7818804393344769,0.06741004526638335,0.00015199627090149872,152608769.5174856
2012-08-10,0.1507095153991397,0.7818804393344769,0.06741004526638335,0.0014078201480203373,152823615.2179769
2012-08-13,0.1507095153991397,0.7818804393344769,0.06741004526638335,-0.0006664947312370188,152721759.0836255
2012-08-14,0.1507095153991397,0.7818804393344769,0.06741004526638335,-0.002743025510291603,152302839.40248254
2012-08-15,0.1507095153991397,0.7818804393344769,0.06741004526638335,-0.0023473354805044256,151945333.5437715
2012-08-16,0.1507095153991397,0.7818804393344769,0.06741004526638335,5.325287437186034e-05,151953425.0695301
2012-08-17,0.1507095153991397,0.7818804393344769,0.06741004526638335,0.0009383709681308864,152096013.75212342
2012-08-20,0.1507095153991397,0.7818804393344769,0.06741004526638335,0.0005518215217386091,152179943.6058825
2012-08-21,0.1507095153991397,0.7818804393344769,0.06741004526638335,0.0003420352795270522,152231994.51543218
2012-08-22,0.1507095153991397,0.7818804393344769,0.06741004526638335,0.0033728761533271087,152745454.1795067
2012-08-23,0.1507095153991397,0.7818804393344769,0.06741004526638335,0.000567366122977236,152832116.77564692
2012-08-24,0.1507095153991397,0.7818804393344769,0.06741004526638335,0.0002334060117770667,152867788.71049497
2012-08-27,0.1507095153991397,0.7818804393344769,0.06741004526638335,0.0009350689498181686,153010730.6331455
2012-08-28,0.1507095153991397,0.7818804393344769,0.06741004526638335,0.000261470413121824,153050738.41209623
2012-08-29,0.1507095153991397,0.7818804393344769,0.06741004526638335,-0.0005505790299427633,152966471.8850093
2012-08-30,0.1507095153991397,0.7818804393344769,0.06741004526638335,0.00015607955532063918,152990346.82392007
2012-08-31,0.1507095153991397,0.7818804393344769,0.06741004526638335,0.0036924911088605235,153555262.3193089
2012-09-03,0.1603822103130216,0.8001799892577298,0.03943780042924861,-0.00011159589488360811,153538126.1823963
2012-09-04,0.1603822103130216,0.8001799892577298,0.03943780042924861,-0.0006107323908612437,153444355.47550455
2012-09-05,0.1603822103130216,0.8001799892577298,0.03943780042924861,-0.0006329596749675133,153347231.3861372
2012-09-06,0.1603822103130216,0.8001799892577298,0.03943780042924861,0.0003311234444965007,153398008.24959776
2012-09-07,0.1603822103130216,0.8001799892577298,0.03943780042924861,0.0012730225693581064,153593287.37619406
2012-09-10,0.1603822103130216,0.8001799892577298,0.03943780042924861,-0.001523808091882727,153359240.68203136
2012-09-11,0.1603822103130216,0.8001799892577298,0.03943780042924861,0.0005174517632234048,153438596.69152886
2012-09-12,0.1603822103130216,0.8001799892577298,0.03943780042924861,-0.0018034081617147142,153161884.2739333
2012-09-13,0.1603822103130216,0.8001799892577298,0.03943780042924861,0.003098790830866415,153636500.91655958
2012-09-14,0.1603822103130216,0.8001799892577298,0.03943780042924861,-0.0029442035647150432,153184163.7828907
2012-09-17,0.1603822103130216,0.8001799892577298,0.03943780042924861,0.0002795089296460857,153226980.12454838
2012-09-18,0.1603822103130216,0.8001799892577298,0.03943780042924861,0.0005699589064045163,153314313.20657185
2012-09-19,0.1603822103130216,0.8001799892577298,0.03943780042924861,0.001123932818792976,153486628.19477543
2012-09-20,0.1603822103130216,0.8001799892577298,0.03943780042924861,0.00013680412337421956,153507625.7983953
2012-09-21,0.1603822103130216,0.8001799892577298,0.03943780042924861,0.0006179263575633955,153602482.2064631
2012-09-24,0.1603822103130216,0.8001799892577298,0.03943780042924861,0.0009194835571386099,153743717.16318765
2012-09-25,0.1603822103130216,0.8001799892577298,0.03943780042924861,-0.0004317135675555634,153677343.91456187
2012-09-26,0.1603822103130216,0.8001799892577298,0.03943780042924861,0.0012097374596881907,153863253.1542007
2012-09-27,0.1603822103130216,0.8001799892577298,0.03943780042924861,0.0009740148950241092,154013118.25456977
2012-09-28,0.1603822103130216,0.8001799892577298,0.03943780042924861,-0.0004122377389711865,153949628.23492858
2012-10-01,0.16333785141332785,0.8043142785737474,0.032347870012924794,0.0009144689664816769,154090410.39235082
2012-10-02,0.16333785141332785,0.8043142785737474,0.032347870012924794,0.00045946281606905435,154161209.20623893
2012-10-03,0.16333785141332785,0.8043142785737474,0.032347870012924794,0.000317749950358375,154210193.9228114
2012-10-04,0.16333785141332785,0.8043142785737474,0.032347870012924794,-0.0002403549866703094,154173128.73370665
2012-10-05,0.16333785141332785,0.8043142785737474,0.032347870012924794,-0.0027608039385583335,153747486.95267877
2012-10-08,0.16333785141332785,0.8043142785737474,0.032347870012924794,-0.000660446191937904,153645945.01040086
2012-10-09,0.16333785141332785,0.8043142785737474,0.032347870012924794,-0.0007767296536334747,153526603.64875072
2012-10-10,0.16333785141332785,0.8043142785737474,0.032347870012924794,-0.0001074989534661584,153510099.69952926
2012-10-11,0.16333785141332785,0.8043142785737474,0.032347870012924794,0.0009538796798418128,153656529.86428314
2012-10-12,0.16333785141332785,0.8043142785737474,0.032347870012924794,-0.0002294763742840374,153621269.32092485
2012-10-15,0.16333785141332785,0.8043142785737474,0.032347870012924794,0.0011547133232238675,153798657.8473403
2012-10-16,0.16333785141332785,0.8043142785737474,0.032347870012924794,-0.0003564249417493767,153743840.16967592
2012-10-17,0.16333785141332785,0.8043142785737474,0.032347870012924794,-0.0024272453340954407,153370666.15097815
2012-10-18,0.16333785141332785,0.8043142785737474,0.032347870012924794,-0.0008853788306171121,153234875.00993043
2012-10-19,0.16333785141332785,0.8043142785737474,0.032347870012924794,-0.0009384810596803118,153091066.98205113
2012-10-22,0.16333785141332785,0.8043142785737474,0.032347870012924794,-0.0007085360927456917,152982596.4356174
2012-10-23,0.16333785141332785,0.8043142785737474,0.032347870012924794,-0.001307829069599476,152782521.3488561
2012-10-24,0.16333785141332785,0.8043142785737474,0.032347870012924794,-0.0007227495885518729,152672097.84441328
2012-10-25,0.16333785141332785,0.8043142785737474,0.032347870012924794,-0.0015918397223320842,152429068.33457276
2012-10-26,0.16333785141332785,0.8043142785737474,0.032347870012924794,0.0023582856455802133,152788539.61839536
2012-10-29,0.16333785141332785,0.8043142785737474,0.032347870012924794,0.0011403438920301015,152962771.0963214
2012-10-30,0.16333785141332785,0.8043142785737474,0.032347870012924794,-1.4743821670844616e-05,152960515.84050205
2012-10-31,0.16333785141332785,0.8043142785737474,0.032347870012924794,0.0014075867509793193,153175821.0360221
2012-11-01,0.1625590348409262,0.8043827061203499,0.03305825903872392,0.000565105673484389,153262381.56153017
2012-11-02,0.1625590348409262,0.8043827061203499,0.03305825903872392,-0.002146471736003386,152933408.1913158
2012-11-05,0.1625590348409262,0.8043827061203499,0.03305825903872392,0.002124555157780466,153258323.6524856
2012-11-06,0.1625590348409262,0.8043827061203499,0.03305825903872392,-0.0005162324351583851,153179206.73485819
2012-11-07,0.1625590348409262,0.8043827061203499,0.03305825903872392,0.00010794271836144713,153195741.31482962
2012-11-08,0.1625590348409262,0.8043827061203499,0.03305825903872392,-0.00042268295927428876,153130988.08554244
2012-11-09,0.1625590348409262,0.8043827061203499,0.03305825903872392,0.0007244004365261258,153241916.24015728
2012-11-12,0.1625590348409262,0.8043827061203499,0.03305825903872392,2.1549550585375675e-05,153245218.5345831
2012-11-13,0.1625590348409262,0.8043827061203499,0.03305825903872392,0.0005002688020475628,153321882.3364789
2012-11-14,0.1625590348409262,0.8043827061203499,0.03305825903872392,-0.0022971765931743536,152969674.8971541
2012-11-15,0.1625590348409262,0.8043827061203499,0.03305825903872392,-0.00021474765146110262,152936825.01872516
2012-11-16,0.1625590348409262,0.8043827061203499,0.03305825903872392,0.0011137131494925816,153107152.77179015
2012-11-19,0.1625590348409262,0.8043827061203499,0.03305825903872392,0.0021172996410068344,153431326.49138945
2012-11-20,0.1625590348409262,0.8043827061203499,0.03305825903872392,-0.0014138486459119618,153214397.8181891
2012-11-21,0.1625590348409262,0.8043827061203499,0.03305825903872392,-0.0006258371743365362,153118510.5523909
2012-11-22,0.1625590348409262,0.8043827061203499,0.03305825903872392,3.790651982797178e-05,153124314.74224716
2012-11-23,0.1625590348409262,0.8043827061203499,0.03305825903872392,0.0019491689254560345,153422779.8982745
2012-11-26,0.1625590348409262,0.8043827061203499,0.03305825903872392,0.0008861694495788552,153558738.47868982
2012-11-27,0.1625590348409262,0.8043827061203499,0.03305825903872392,-0.0002636847671945416,153518247.37848338
2012-11-28,0.1625590348409262,0.8043827061203499,0.03305825903872392,0.0021946217641000383,153855161.8653667
2012-11-29,0.1625590348409262,0.8043827061203499,0.03305825903872392,0.0005360380870699807,153937634.09201887
2012-11-30,0.1625590348409262,0.8043827061203499,0.03305825903872392,0.0003806557158653102,153996231.33232278
2012-12-03,0.15429246425201668,0.8218705465680429,0.023836989179940406,-0.0012141295676874623,153809259.95454976
2012-12-04,0.15429246425201668,0.8218705465680429,0.023836989179940406,0.000553294388417295,153894361.7549692
2012-12-05,0.15429246425201668,0.8218705465680429,0.023836989179940406,0.0007358928040195538,154007611.50836387
2012-12-06,0.15429246425201668,0.8218705465680429,0.023836989179940406,0.0009890732055037798,154159936.31035042
2012-12-07,0.15429246425201668,0.8218705465680429,0.023836989179940406,-0.0010678250752415987,153995320.4647606
2012-12-10,0.15429246425201668,0.8218705465680429,0.023836989179940406,0.0005273454003031231,154076529.18867588
2012-12-11,0.15429246425201668,0.8218705465680429,0.023836989179940406,-1.6506343043553393e-05,154073985.94863015
2012-12-12,0.15429246425201668,0.8218705465680429,0.023836989179940406,-0.0014429930353904062,153851658.25997144
2012-12-13,0.15429246425201668,0.8218705465680429,0.023836989179940406,-0.0017791476737179933,153577933.44008055
2012-12-14,0.15429246425201668,0.8218705465680429,0.023836989179940406,0.00011451286880320665,153595520.08982363
2012-12-17,0.15429246425201668,0.8218705465680429,0.023836989179940406,-3.950192750631811e-05,153589452.77072373
2012-12-18,0.15429246425201668,0.8218705465680429,0.023836989179940406,-0.0007405197216253872,153475716.75191337
2012-12-19,0.15429246425201668,0.8218705465680429,0.023836989179940406,-0.00010679757660909275,153459325.9172959
2012-12-20,0.15429246425201668,0.8218705465680429,0.023836989179940406,0.0008209321087818573,153585305.60533342
2012-12-21,0.15429246425201668,0.8218705465680429,0.023836989179940406,0.0002120681788253574,153617876.16138747
2012-12-24,0.15429246425201668,0.8218705465680429,0.023836989179940406,-0.0009766143354534341,153467850.74134636
2012-12-25,0.15429246425201668,0.8218705465680429,0.023836989179940406,0.0,153467850.74134636
2012-12-26,0.15429246425201668,0.8218705465680429,0.023836989179940406,-0.0003331019689147394,153416730.29809928
2012-12-27,0.15429246425201668,0.8218705465680429,0.023836989179940406,0.0016458191660572825,153669226.49321774
2012-12-28,0.15429246425201668,0.8218705465680429,0.023836989179940406,-0.0015091987355707864,153437309.09089807
2012-12-31,0.15429246425201668,0.8218705465680429,0.023836989179940406,0.001526161584872145,153671479.21771872
2013-01-01,0.1617706971047748,0.7935815147837008,0.044647788111524575,0.0,153671479.21771872
2013-01-02,0.1617706971047748,0.7935815147837008,0.044647788111524575,0.001294266685904774,153870371.09384394
2013-01-03,0.1617706971047748,0.7935815147837008,0.044647788111524575,-0.0022993235187683467,153516573.33074623
2013-01-04,0.1617706971047748,0.7935815147837008,0.044647788111524575,0.00029678462254207445,153562134.68901616
2013-01-07,0.1617706971047748,0.7935815147837008,0.044647788111524575,1.2753802466104235e-05,153564093.19014826
2013-01-08,0.1617706971047748,0.7935815147837008,0.044647788111524575,0.0006292688618671023,153660726.29229367
2013-01-09,0.1617706971047748,0.7935815147837008,0.044647788111524575,0.0013390012491854401,153866478.19674978
2013-01-10,0.1617706971047748,0.7935815147837008,0.044647788111524575,0.00014868539676888513,153889355.8951099
2013-01-11,0.1617706971047748,0.7935815147837008,0.044647788111524575,0.0006530526907102698,153989853.75304887
2013-01-14,0.1617706971047748,0.7935815147837008,0.044647788111524575,0.0004263628073793201,154055509.29940295
2013-01-15,0.1617706971047748,0.7935815147837008,0.044647788111524575,0.0010781629256447177,154221606.23802087
2013-01-16,0.1617706971047748,0.7935815147837008,0.044647788111524575,0.0001161906604113394,154239525.34829935
2013-01-17,0.1617706971047748,0.7935815147837008,0.044647788111524575,-0.0008921261979212417,154101924.22698122
2013-01-18,0.1617706971047748,0.7935815147837008,0.044647788111524575,0.0015714132782974352,154344082.03692266
2013-01-21,0.1617706971047748,0.7935815147837008,0.044647788111524575,1.123631137420793e-05,154345816.29508722
2013-01-22,0.1617706971047748,0.7935815147837008,0.044647788111524575,0.0013954467414227718,154561197.66148844
2013-01-23,0.1617706971047748,0.7935815147837008,0.044647788111524575,0.00023344611375349341,154597279.3724196
2013-01-24,0.1617706971047748,0.7935815147837008,0.044647788111524575,-0.000279123556404042,154554127.62999076
2013-01-25,0.1617706971047748,0.7935815147837008,0.044647788111524575,-0.0026718122948953087,154141188.01156214
2013-01-28,0.1617706971047748,0.7935815147837008,0.044647788111524575,-0.000909649076995916,154000973.62216038
2013-01-29,0.1617706971047748,0.7935815147837008,0.044647788111524575,0.0007372545689434804,154114511.54358503
2013-01-30,0.1617706971047748,0.7935815147837008,0.044647788111524575,-0.0010661094335155923,153950208.6089868
2013-01-31,0.1617706971047748,0.7935815147837008,0.044647788111524575,0.0004062225599745915,154012746.65683654
2013-02-01,0.15510792750885014,0.7822056400516761,0.0626864324394737,0.0007426878250137084,154127130.04867548
2013-02-04,0.15510792750885014,0.7822056400516761,0.0626864324394737,-0.0004229380707362238,154061943.8176446
2013-02-05,0.15510792750885014,0.7822056400516761,0.0626864324394737,0.00028246217197534584,154105460.48891404
2013-02-06,0.15510792750885014,0.7822056400516761,0.0626864324394737,0.0014062948224490403,154322178.20011073
2013-02-07,0.15510792750885014,0.7822056400516761,0.0626864324394737,0.00033851470939358315,154374418.52741712
2013-02-08,0.15510792750885014,0.7822056400516761,0.0626864324394737,0.0006320718739154893,154471994.25542036
2013-02-11,0.15510792750885014,0.7822056400516761,0.0626864324394737,5.280344875713874e-05,154480150.90945345
2013-02-12,0.15510792750885014,0.7822056400516761,0.0626864324394737,-0.001061424077644915,154316181.95775995
2013-02-13,0.15510792750885014,0.7822056400516761,0.0626864324394737,-0.0009057290396268767,154176413.31047645
2013-02-14,0.15510792750885014,0.7822056400516761,0.0626864324394737,0.0016874172844753698,154436573.25515497
2013-02-15,0.15510792750885014,0.7822056400516761,0.0626864324394737,-0.0005478409453393791,154351966.5768679
2013-02-18,0.15510792750885014,0.7822056400516761,0.0626864324394737,-3.9703074959769724e-05,154345838.3291687
2013-02-19,0.15510792750885014,0.7822056400516761,0.0626864324394737,0.0006145105509754467,154440685.4753211
2013-02-20,0.15510792750885014,0.7822056400516761,0.0626864324394737,-0.0017764175942197092,154166334.3243794
2013-02-21,0.15510792750885014,0.7822056400516761,0.0626864324394737,0.00014198386856633207,154188223.45692948
2013-02-22,0.15510792750885014,0.7822056400516761,0.0626864324394737,0.0017054846769148887,154451189.10939598
2013-02-25,0.15510792750885014,0.7822056400516761,0.0626864324394737,-0.00045626884305495735,154380717.8440326
2013-02-26,0.15510792750885014,0.7822056400516761,0.0626864324394737,0.001410661137549048,154598496.72308207
2013-02-27,0.15510792750885014,0.7822056400516761,0.0626864324394737,0.001429635380243616,154819516.2037299
2013-02-28,0.15510792750885014,0.7822056400516761,0.0626864324394737,0.0003184534184457673,154868819.00790706
2013-03-01,0.15461443967361865,0.8021833041460136,0.043202256180367764,0.0012503093181934623,155062452.9354103
2013-03-04,0.15461443967361865,0.8021833041460136,0.043202256180367764,0.0001323410804155258,155082974.06796363
2013-03-05,0.15461443967361865,0.8021833041460136,0.043202256180367764,0.0009819760079412766,155235261.82773855
2013-03-06,0.15461443967361865,0.8021833041460136,0.043202256180367764,-0.0012372279124725398,155043200.4288053
2013-03-07,0.15461443967361865,0.8021833041460136,0.043202256180367764,-0.0013980143327403116,154826447.81241187
2013-03-08,0.15461443967361865,0.8021833041460136,0.043202256180367764,-0.0011312049963287843,154651307.36108264
2013-03-11,0.15461443967361865,0.8021833041460136,0.043202256180367764,0.0005391092503963358,154734681.31146687
2013-03-12,0.15461443967361865,0.8021833041460136,0.043202256180367764,0.0007441207653693723,154849822.60095355
2013-03-13,0.15461443967361865,0.8021833041460136,0.043202256180367764,0.00024103527741004278,154887146.87090105
2013-03-14,0.15461443967361865,0.8021833041460136,0.043202256180367764,0.0003701354699961113,154944476.0978045
2013-03-15,0.15461443967361865,0.8021833041460136,0.043202256180367764,0.0008801644278399311,155080852.7139561
2013-03-18,0.15461443967361865,0.8021833041460136,0.043202256180367764,0.0004457526085092982,155149980.4085832
2013-03-19,0.15461443967361865,0.8021833041460136,0.043202256180367764,0.0012665403526389237,155346484.11948177
2013-03-20,0.15461443967361865,0.8021833041460136,0.043202256180367764,9.647955937852584e-05,155361471.87982064
2013-03-21,0.15461443967361865,0.8021833041460136,0.043202256180367764,-0.001056018310499545,155197407.3207694
2013-03-22,0.15461443967361865,0.8021833041460136,0.043202256180367764,0.0014058312885079159,155415588.69187623
2013-03-25,0.15461443967361865,0.8021833041460136,0.043202256180367764,-0.0003877714759472614,155355322.95966396
2013-03-26,0.15461443967361865,0.8021833041460136,0.043202256180367764,0.0017216186514709653,155622785.58127663
2013-03-27,0.15461443967361865,0.8021833041460136,0.043202256180367764,0.001355002066582108,155833654.7773465
2013-03-28,0.15461443967361865,0.8021833041460136,0.043202256180367764,0.00013922335102494818,155855350.46096706
2013-03-29,0.15461443967361865,0.8021833041460136,0.043202256180367764,0.0,155855350.46096706
2013-04-01,0.16567592253197036,0.7812488124251155,0.05307526504291418,6.44787655562605e-05,155865399.8215701
2013-04-02,0.16567592253197036,0.7812488124251155,0.05307526504291418,0.0002686406607088379,155907271.60555983
2013-04-03,0.16567592253197036,0.7812488124251155,0.05307526504291418,-9.636585438313387e-05,155892247.468127
2013-04-04,0.16567592253197036,0.7812488124251155,0.05307526504291418,0.0026018823433900076,156297860.75428572
2013-04-05,0.16567592253197036,0.7812488124251155,0.05307526504291418,0.001607783302991415,156549153.84509972
2013-04-08,0.16567592253197036,0.7812488124251155,0.05307526504291418,-1.1989680042814165e-05,156547276.87083417
2013-04-09,0.16567592253197036,0.7812488124251155,0.05307526504291418,0.0001784878860780141,156575218.6633541
2013-04-10,0.16567592253197036,0.7812488124251155,0.05307526504291418,0.00020338744686893066,156607064.097321
2013-04-11,0.16567592253197036,0.7812488124251155,0.05307526504291418,0.001054361581318786,156772184.56906834
2013-04-12,0.16567592253197036,0.7812488124251155,0.05307526504291418,0.001559122205757196,157016611.56327504
2013-04-15,0.16567592253197036,0.7812488124251155,0.05307526504291418,-0.0030893879783614533,156531526.3311084
2013-04-16,0.16567592253197036,0.7812488124251155,0.05307526504291418,0.0016876235360280642,156795692.6190752
2013-04-17,0.16567592253197036,0.7812488124251155,0.05307526504291418,-0.0019078555172673474,156496549.09182814
2013-04-18,0.16567592253197036,0.7812488124251155,0.05307526504291418,-0.0006114967562449191,156400851.95969498
2013-04-19,0.16567592253197036,0.7812488124251155,0.05307526504291418,0.0008560707752888641,156534742.15828794
2013-04-22,0.16567592253197036,0.7812488124251155,0.05307526504291418,0.001089391005326346,156705269.6984163
2013-04-23,0.16567592253197036,0.7812488124251155,0.05307526504291418,0.0015902990355469795,156954477.93768284
2013-04-24,0.16567592253197036,0.7812488124251155,0.05307526504291418,0.00017677426272405306,156982223.4498015
2013-04-25,0.16567592253197036,0.7812488124251155,0.05307526504291418,0.0003276300365653961,157033655.54141048
2013-04-26,0.16567592253197036,0.7812488124251155,0.05307526504291418,0.0012387991166107441,157228188.69517332
2013-04-29,0.16567592253197036,0.7812488124251155,0.05307526504291418,0.0011182903592376692,157404015.46279153
2013-04-30,0.16567592253197036,0.7812488124251155,0.05307526504291418,0.0002215742511381231,157438892.13964385
2013-05-01,0.18417991511074785,0.7909304284988878,0.02488965639036434,-0.00040411743150781543,157375268.33893296
2013-05-02,0.18417991511074785,0.7909304284988878,0.02488965639036434,0.0020129604571918515,157692058.5310392
2013-05-03,0.18417991511074785,0.7909304284988878,0.02488965639036434,-0.0019127161121882661,157390438.38992274
2013-05-06,0.18417991511074785,0.7909304284988878,0.02488965639036434,-0.00047272690127088434,157316035.69569302
2013-05-07,0.18417991511074785,0.7909304284988878,0.02488965639036434,0.0005401635087431414,157401012.077516
2013-05-08,0.18417991511074785,0.7909304284988878,0.02488965639036434,0.0015341676847402896,157642491.6237907
2013-05-09,0.18417991511074785,0.7909304284988878,0.02488965639036434,-0.0010290224070320102,157480273.96760947
2013-05-10,0.18417991511074785,0.7909304284988878,0.02488965639036434,-0.0020820969900086717,157152384.76319575
2013-05-13,0.18417991511074785,0.7909304284988878,0.02488965639036434,-0.0004997238781326403,157073851.96402407
2013-05-14,0.18417991511074785,0.7909304284988878,0.02488965639036434,0.0008913528062786523,157213860.1827652
2013-05-15,0.18417991511074785,0.7909304284988878,0.02488965639036434,0.0013495335253106895,157426025.55772534
2013-05-16,0.18417991511074785,0.7909304284988878,0.02488965639036434,0.0015659510832530575,157672547.0129797
2013-05-17,0.18417991511074785,0.7909304284988878,0.02488965639036434,-0.0007745833073011155,157550416.4900438
2013-05-20,0.18417991511074785,0.7909304284988878,0.02488965639036434,-0.00031097097168372956,157501422.8839387
2013-05-21,0.18417991511074785,0.7909304284988878,0.02488965639036434,0.0010058548196934405,157659846.44925505
2013-05-22,0.18417991511074785,0.7909304284988878,0.02488965639036434,-0.003870426462211814,157049635.6075296
2013-05-23,0.18417991511074785,0.7909304284988878,0.02488965639036434,-0.00031570759977698907,157000053.84402612
2013-05-24,0.18417991511074785,0.7909304284988878,0.02488965639036434,0.0002949017456904177,157046353.4339782
2013-05-27,0.18417991511074785,0.7909304284988878,0.02488965639036434,0.0,157046353.4339782
2013-05-28,0.18417991511074785,0.7909304284988878,0.02488965639036434,-0.0027453421460200862,156615207.46101713
2013-05-29,0.18417991511074785,0.7909304284988878,0.02488965639036434,-0.0010222337458208471,156455110.11084175
2013-05-30,0.18417991511074785,0.7909304284988878,0.02488965639036434,0.0005485825743040606,156540938.6579094
2013-05-31,0.18417991511074785,0.7909304284988878,0.02488965639036434,-0.003658792649360208,155968187.82222387
2013-06-03,0.19572056182035094,0.7725874927215965,0.03169194545805255,0.002123366830147142,156299365.49880376
2013-06-04,0.19572056182035094,0.7725874927215965,0.03169194545805255,-0.0016778026646938203,156037126.00687993
2013-06-05,0.19572056182035094,0.7725874927215965,0.03169194545805255,-0.0014889317140169445,155804797.3814042
2013-06-06,0.19572056182035094,0.7725874927215965,0.03169194545805255,0.0025077548591671667,156195517.619119
2013-06-07,0.19572056182035094,0.7725874927215965,0.03169194545805255,-0.0005119655810551975,156115550.89018288
2013-06-10,0.19572056182035094,0.7725874927215965,0.03169194545805255,-0.0015202243853029303,155878220.22279462
2013-06-11,0.19572056182035094,0.7725874927215965,0.03169194545805255,-0.0013228648832306316,155672014.3992014
2013-06-12,0.19572056182035094,0.7725874927215965,0.03169194545805255,-0.002781389197920694,155239029.9399329
2013-06-13,0.19572056182035094,0.7725874927215965,0.03169194545805255,0.004675303769414293,155964819.56177127
2013-06-14,0.19572056182035094,0.7725874927215965,0.03169194545805255,0.0009377014195869457,156111067.99448
2013-06-17,0.19572056182035094,0.7725874927215965,0.03169194545805255,0.0002610906560447171,156151827.13563854
2013-06-18,0.19572056182035094,0.7725874927215965,0.03169194545805255,0.0015578430777962778,156395087.178627
2013-06-19,0.19572056182035094,0.7725874927215965,0.03169194545805255,-0.007106799704401249,155283618.61929616
2013-06-20,0.19572056182035094,0.7725874927215965,0.03169194545805255,-0.008085288049992905,154028105.8333139
2013-06-21,0.19572056182035094,0.7725874927215965,0.03169194545805255,-0.0023178944145292803,153671084.94712237
2013-06-24,0.19572056182035094,0.7725874927215965,0.03169194545805255,-0.003032455711421115,153205084.1878942
2013-06-25,0.19572056182035094,0.7725874927215965,0.03169194545805255,0.000501113231631085,153281857.2827339
2013-06-26,0.19572056182035094,0.7725874927215965,0.03169194545805255,0.0035658323861132916,153828434.69363624
2013-06-27,0.19572056182035094,0.7725874927215965,0.03169194545805255,0.003120459220426872,154308450.05103984
2013-06-28,0.19572056182035094,0.7725874927215965,0.03169194545805255,-0.0003332180633321578,154257031.68815804
2013-07-01,0.19788446006297525,0.7623657234756879,0.03974981646133686,0.0012291147259194052,154446631.27738255
2013-07-02,0.19788446006297525,0.7623657234756879,0.03974981646133686,0.0005203695136412736,154527000.5957839
2013-07-03,0.19788446006297525,0.7623657234756879,0.03974981646133686,-0.0009405166513909284,154381665.37863407
2013-07-04,0.19788446006297525,0.7623657234756879,0.03974981646133686,0.0,154381665.37863407
2013-07-05,0.19788446006297525,0.7623657234756879,0.03974981646133686,-0.00418481870337559,153735606.0978993
2013-07-08,0.19788446006297525,0.7623657234756879,0.03974981646133686,0.003510683064978234,154275323.08671135
2013-07-09,0.19788446006297525,0.7623657234756879,0.03974981646133686,0.0016387563043380293,154528142.7450235
2013-07-10,0.19788446006297525,0.7623657234756879,0.03974981646133686,-0.001024823184510757,154369778.72167897
2013-07-11,0.19788446006297525,0.7623657234756879,0.03974981646133686,0.006010423014852325,155297606.39250544
2013-07-12,0.19788446006297525,0.7623657234756879,0.03974981646133686,-0.0003913311651508307,155236833.5992507
2013-07-15,0.19788446006297525,0.7623657234756879,0.03974981646133686,0.001836092622027482,155521862.80408922
2013-07-16,0.19788446006297525,0.7623657234756879,0.03974981646133686,5.9038218697817315e-05,155531044.5378377
2013-07-17,0.19788446006297525,0.7623657234756879,0.03974981646133686,0.0018579326478015306,155820010.74323124
2013-07-18,0.19788446006297525,0.7623657234756879,0.03974981646133686,-0.00032337422880026364,155769622.5674255
2013-07-19,0.19788446006297525,0.7623657234756879,0.03974981646133686,0.001890801174650488,156064151.95275086
2013-07-22,0.19788446006297525,0.7623657234756879,0.03974981646133686,0.0006773564606260238,156169863.01434818
2013-07-23,0.19788446006297525,0.7623657234756879,0.03974981646133686,-0.0011949463677350905,155983248.4037895
2013-07-24,0.19788446006297525,0.7623657234756879,0.03974981646133686,-0.0028361182265393987,155540861.4699567
2013-07-25,0.19788446006297525,0.7623657234756879,0.03974981646133686,0.00013893932892851255,155562472.21287033
2013-07-26,0.19788446006297525,0.7623657234756879,0.03974981646133686,0.0019383327678894158,155864004.0502144
2013-07-29,0.19788446006297525,0.7623657234756879,0.03974981646133686,-0.0014865442013538024,155632305.31879377
2013-07-30,0.19788446006297525,0.7623657234756879,0.03974981646133686,-0.00030393330084860226,155585003.47851956
2013-07-31,0.19788446006297525,0.7623657234756879,0.03974981646133686,0.00047118118499191517,155658312.20482555
2013-08-01,0.22444139509101213,0.7551623933933784,0.020396211515609483,-0.0010566544244968493,155493835.1605246
2013-08-02,0.22444139509101213,0.7551623933933784,0.020396211515609483,0.004057614211245673,156124769.15583304
2013-08-05,0.22444139509101213,0.7551623933933784,0.020396211515609483,-0.0013129906659924164,155919778.7912012
2013-08-06,0.22444139509101213,0.7551623933933784,0.020396211515609483,-0.0013036008090911815,155716521.6414157
2013-08-07,0.22444139509101213,0.7551623933933784,0.020396211515609483,0.000453126802803606,155787080.97101074
2013-08-08,0.22444139509101213,0.7551623933933784,0.020396211515609483,0.0014321343393187685,156010188.99929157
2013-08-09,0.22444139509101213,0.7551623933933784,0.020396211515609483,-0.0007291365649107397,155896436.26599354
2013-08-12,0.22444139509101213,0.7551623933933784,0.020396211515609483,-0.0008382493606756454,155765756.17796195
2013-08-13,0.22444139509101213,0.7551623933933784,0.020396211515609483,-0.0026228680568414113,155357203.151733
2013-08-14,0.22444139509101213,0.7551623933933784,0.020396211515609483,-0.000888384955171437,155219186.14977553
2013-08-15,0.22444139509101213,0.7551623933933784,0.020396211515609483,-0.004535466811649458,154515194.68246198
2013-08-16,0.22444139509101213,0.7551623933933784,0.020396211515609483,-0.0027508651224952964,154090144.22251442
2013-08-19,0.22444139509101213,0.7551623933933784,0.020396211515609483,-0.002755477288585039,153665552.32971448
2013-08-20,0.22444139509101213,0.7551623933933784,0.020396211515609483,0.0028779159615107846,154107788.87549856
2013-08-21,0.22444139509101213,0.7551623933933784,0.020396211515609483,-0.002742842225099819,153685095.52495408
2013-08-22,0.22444139509101213,0.7551623933933784,0.020396211515609483,0.0004983291460332303,153761681.28736508
2013-08-23,0.22444139509101213,0.7551623933933784,0.020396211515609483,0.0032146759054821074,154255975.25938597
2013-08-26,0.22444139509101213,0.7551623933933784,0.020396211515609483,-8.624311561297191e-05,154242671.74347767
2013-08-27,0.22444139509101213,0.7551623933933784,0.020396211515609483,-0.0009619873039532901,154094292.2515326
2013-08-28,0.22444139509101213,0.7551623933933784,0.020396211515609483,-0.001112108378556979,153922922.69803187
2013-08-29,0.22444139509101213,0.7551623933933784,0.020396211515609483,0.0015823493233294245,154166482.530608
2013-08-30,0.22444139509101213,0.7551623933933784,0.020396211515609483,-0.0005125959575616058,154087457.4148713
2013-09-02,0.2249958661842254,0.7750041338157745,0.0,0.0,154087457.4148713
2013-09-03,0.2249958661842254,0.7750041338157745,0.0,-0.0019904315888674704,153780756.8721845
2013-09-04,0.2249958661842254,0.7750041338157745,0.0,0.00019023873072801902,153810011.92818224
2013-09-05,0.2249958661842254,0.7750041338157745,0.0,-0.0027597940613091126,153385527.97069296
2013-09-06,0.2249958661842254,0.7750041338157745,0.0,0.0015754495241424888,153627179.12774473
2013-09-09,0.2249958661842254,0.7750041338157745,0.0,0.00408515563584845,154254770.06437796
2013-09-10,0.2249958661842254,0.7750041338157745,0.0,-0.00022295605066024104,154220378.03004888
2013-09-11,0.2249958661842254,0.7750041338157745,0.0,0.002219150157589603,154562616.20625782
2013-09-12,0.2249958661842254,0.7750041338157745,0.0,-0.00033162820911968494,154511358.8826485
2013-09-13,0.2249958661842254,0.7750041338157745,0.0,0.000724905701262804,154623365.04761237
2013-09-16,0.2249958661842254,0.7750041338157745,0.0,0.0023719479548957906,154990123.62211618
2013-09-17,0.2249958661842254,0.7750041338157745,0.0,0.0019088670030566225,155285979.1548981
2013-09-18,0.2249958661842254,0.7750041338157745,0.0,0.007547710658886552,156458032.79494116
2013-09-19,0.2249958661842254,0.7750041338157745,0.0,-0.0018450533241977133,156169359.38143542
2013-09-20,0.2249958661842254,0.7750041338157745,0.0,-0.0009939000446907665,156014142.6481669
2013-09-23,0.2249958661842254,0.7750041338157745,0.0,-0.0003836006703149251,155954295.51846844
2013-09-24,0.2249958661842254,0.7750041338157745,0.0,0.0014153655721468755,156175027.85917372
2013-09-25,0.2249958661842254,0.7750041338157745,0.0,0.0004139712250245689,156239679.82677484
2013-09-26,0.2249958661842254,0.7750041338157745,0.0,-0.00011898948596324513,156221088.9475852
2013-09-27,0.2249958661842254,0.7750041338157745,0.0,-0.00015953566972475464,156196166.1115348
2013-09-30,0.2249958661842254,0.7750041338157745,0.0,-0.0011853637055875533,156011016.84527427
2013-10-01,0.18286397943965715,0.8171360205603428,0.0,0.00041274955698347086,156075410.3233617
2013-10-02,0.18286397943965715,0.8171360205603428,0.0,0.0008154134509264614,156202676.31229824
2013-10-03,0.18286397943965715,0.8171360205603428,0.0,-0.001124652088263409,156027002.64619127
2013-10-04,0.18286397943965715,0.8171360205603428,0.0,-7.551507048239505e-06,156025824.40718105
2013-10-07,0.18286397943965715,0.8171360205603428,0.0,-0.0010376605394348158,155863922.56606096
2013-10-08,0.18286397943965715,0.8171360205603428,0.0,-0.0026197424452966585,155455599.23242423
2013-10-09,0.18286397943965715,0.8171360205603428,0.0,-0.00014776760396854037,155432627.93100217
2013-10-10,0.18286397943965715,0.8171360205603428,0.0,0.003414291370956615,155963320.21131212
2013-10-11,0.18286397943965715,0.8171360205603428,0.0,0.0015866837448245174,156210784.6762803
2013-10-14,0.18286397943965715,0.8171360205603428,0.0,0.0007461430921790655,156327340.27419037
2013-10-15,0.18286397943965715,0.8171360205603428,0.0,-0.002222060345675278,155979971.4904222
2013-10-16,0.18286397943965715,0.8171360205603428,0.0,0.004290650386960584,156649227.0154557
2013-10-17,0.18286397943965715,0.8171360205603428,0.0,0.003905176850232609,157260969.95040327
2013-10-18,0.18286397943965715,0.8171360205603428,0.0,0.0010048031271716689,157418986.26479146
2013-10-21,0.18286397943965715,0.8171360205603428,0.0,-0.0005775512648200201,157328068.73016757
2013-10-22,0.18286397943965715,0.8171360205603428,0.0,0.003848208844036049,157933499.9956701
2013-10-23,0.18286397943965715,0.8171360205603428,0.0,-0.00015514784974613675,157908996.95274293
2013-10-24,0.18286397943965715,0.8171360205603428,0.0,-0.00041320991632601517,157843747.38932496
2013-10-25,0.18286397943965715,0.8171360205603428,0.0,0.0015149994887090961,158082880.58591574
2013-10-28,0.18286397943965715,0.8171360205603428,0.0,0.0001278719883559715,158103094.9581813
2013-10-29,0.18286397943965715,0.8171360205603428,0.0,0.0011035948523319113,158277576.71991488
2013-10-30,0.18286397943965715,0.8171360205603428,0.0,-0.0013991908715385649,158056116.17939913
2013-10-31,0.18286397943965715,0.8171360205603428,0.0,-0.000767736469586182,157934770.73476708
2013-11-01,0.17244545924302201,0.827554540756978,0.0,-0.0017093266454339148,157664808.62290964
2013-11-04,0.17244545924302201,0.827554540756978,0.0,0.001294547841892802,157868913.2606549
2013-11-05,0.17244545924302201,0.827554540756978,0.0,-0.002193890621132012,157522566.13248402
2013-11-06,0.17244545924302201,0.827554540756978,0.0,0.0016192754029787024,157777638.54923645
2013-11-07,0.17244545924302201,0.827554540756978,0.0,-0.0010910757040871175,157605491.20116717
2013-11-08,0.17244545924302201,0.827554540756978,0.0,-0.001731156868388893,157332651.37257847
2013-11-11,0.17244545924302201,0.827554540756978,0.0,0.00012527188134932356,157352360.72981358
2013-11-12,0.17244545924302201,0.827554540756978,0.0,-0.0011313128148636039,157174345.9876709
2013-11-13,0.17244545924302201,0.827554540756978,0.0,0.002981649474715121,157642984.79382372
2013-11-14,0.17244545924302201,0.827554540756978,0.0,0.002601781930347973,158053137.4631064
2013-11-15,0.17244545924302201,0.827554540756978,0.0,0.0005046921059034992,158132905.63389733
2013-11-18,0.17244545924302201,0.827554540756978,0.0,0.0006088125724963392,158229178.9349726
2013-11-19,0.17244545924302201,0.827554540756978,0.0,-0.0015808145850288592,157979047.94113508
2013-11-20,0.17244545924302201,0.827554540756978,0.0,-0.002407970394803345,157598639.0706936
2013-11-21,0.17244545924302201,0.827554540756978,0.0,0.0017978043092362233,157881970.58314463
2013-11-22,0.17244545924302201,0.827554540756978,0.0,0.0017220110039060828,158153845.07380718
2013-11-25,0.17244545924302201,0.827554540756978,0.0,0.0001621361852777501,158179487.53493446
2013-11-26,0.17244545924302201,0.827554540756978,0.0,0.0016056528310906606,158433468.8769154
2013-11-27,0.17244545924302201,0.827554540756978,0.0,-0.00046913896459281455,158359141.56336963
2013-11-28,0.17244545924302201,0.827554540756978,0.0,0.0,158359141.56336963
2013-11-29,0.17244545924302201,0.827554540756978,0.0,-0.00016162818651733205,158333546.26250032
2013-12-02,0.15560570026976753,0.8443942997302325,0.0,-0.002237852336708683,157979219.1660174
2013-12-03,0.15560570026976753,0.8443942997302325,0.0,0.00045606192116493926,158051267.47221437
2013-12-04,0.15560570026976753,0.8443942997302325,0.0,-0.0023193964000150207,157684683.93142152
2013-12-05,0.15560570026976753,0.8443942997302325,0.0,-0.0013852693077081972,157466248.17847565
2013-12-06,0.15560570026976753,0.8443942997302325,0.0,0.0012104395314688464,157656851.55014297
2013-12-09,0.15560570026976753,0.8443942997302325,0.0,0.0010007683793074773,157814629.5419555
2013-12-10,0.15560570026976753,0.8443942997302325,0.0,0.001519820249729511,158054479.41163692
2013-12-11,0.15560570026976753,0.8443942997302325,0.0,-0.0032847357976383473,157535312.20513645
2013-12-12,0.15560570026976753,0.8443942997302325,0.0,-0.0017415243956372195,157260960.61575684
2013-12-13,0.15560570026976753,0.8443942997302325,0.0,0.00038521853039070184,157321540.4518931
2013-12-16,0.15560570026976753,0.8443942997302325,0.0,0.0007676380437899296,157442306.4514516
2013-12-17,0.15560570026976753,0.8443942997302325,0.0,0.0007171428899613472,157555215.0821024
2013-12-18,0.15560570026976753,0.8443942997302325,0.0,0.0015673302020030896,157802156.12918368
2013-12-19,0.15560570026976753,0.8443942997302325,0.0,-0.0015847440987259468,157552080.0934917
2013-12-20,0.15560570026976753,0.8443942997302325,0.0,0.001660392350025203,157813678.36200947
2013-12-23,0.15560570026976753,0.8443942997302325,0.0,-5.812641410507969e-05,157804505.21878958
2013-12-24,0.15560570026976753,0.8443942997302325,0.0,-0.0014412905394401985,157577063.0783367
2013-12-25,0.15560570026976753,0.8443942997302325,0.0,0.0,157577063.0783367
2013-12-26,0.15560570026976753,0.8443942997302325,0.0,0.00042727412415860603,157644391.67995098
2013-12-27,0.15560570026976753,0.8443942997302325,0.0,-0.000330094235966203,157592354.174925
2013-12-30,0.15560570026976753,0.8443942997302325,0.0,0.0013209161120840722,157800520.45469594
2013-12-31,0.15560570026976753,0.8443942997302325,0.0,-0.0003776910216145105,157740920.61491412
2014-01-01,0.14512771870123767,0.8548722812987622,0.0,0.0,157740920.61491412
2014-01-02,0.14512771870123767,0.8548722812987622,0.0,-0.00036661774154550313,157683089.99484897
2014-01-03,0.14512771870123767,0.8548722812987622,0.0,-0.0005507312789140914,157596248.98503298
2014-01-06,0.14512771870123767,0.8548722812987622,0.0,0.0009017634462075651,157738363.5216271
2014-01-07,0.14512771870123767,0.8548722812987622,0.0,0.001589687399177565,157989118.21048433
2014-01-08,0.14512771870123767,0.8548722812987622,0.0,-0.0022036255009815803,157640969.36071813
2014-01-09,0.14512771870123767,0.8548722812987622,0.0,0.0009266698385367659,157787050.4923424
2014-01-10,0.14512771870123767,0.8548722812987622,0.0,0.004294426848811147,158464655.43837145
2014-01-13,0.14512771870123767,0.8548722812987622,0.0,-0.0003911553308016385,158402671.1436531
2014-01-14,0.14512771870123767,0.8548722812987622,0.0,-0.00013236782712870493,158381703.72626242
2014-01-15,0.14512771870123767,0.8548722812987622,0.0,5.919518645611894e-05,158391079.16074574
2014-01-16,0.14512771870123767,0.8548722812987622,0.0,0.001053909981569353,158558009.1000648
2014-01-17,0.14512771870123767,0.8548722812987622,0.0,-2.54105937846546e-05,158553980.04690427
2014-01-20,0.14512771870123767,0.8548722812987622,0.0,0.0,158553980.04690427
2014-01-21,0.14512771870123767,0.8548722812987622,0.0,0.0006638282616593839,158659232.659858
2014-01-22,0.14512771870123767,0.8548722812987622,0.0,-0.0013408252095861832,158446498.360974
2014-01-23,0.14512771870123767,0.8548722812987622,0.0,0.0021759202931885555,158791265.31214234
2014-01-24,0.14512771870123767,0.8548722812987622,0.0,-0.0018984913630390417,158489801.4664212
2014-01-27,0.14512771870123767,0.8548722812987622,0.0,-0.0016166443316915126,158233579.8272496
2014-01-28,0.14512771870123767,0.8548722812987622,0.0,0.0016838744691779696,158500025.31248733
2014-01-29,0.14512771870123767,0.8548722812987622,0.0,0.0007793980139802787,158623559.91743174
2014-01-30,0.14512771870123767,0.8548722812987622,0.0,0.0010133844813830107,158784306.5714338
2014-01-31,0.14512771870123767,0.8548722812987622,0.0,-7.629214371096321e-05,158772192.57629782
2014-02-03,0.1389429043540393,0.8610570956459607,0.0,-2.8464550496291093e-05,158767673.19720483
2014-02-04,0.1389429043540393,0.8610570956459607,0.0,-0.00035147964922092054,158711869.59112185
2014-02-05,0.1389429043540393,0.8610570956459607,0.0,-0.001773074150842813,158430461.6777179
2014-02-06,0.1389429043540393,0.8610570956459607,0.0,0.0007719441935317825,158552761.15268856
2014-02-07,0.1389429043540393,0.8610570956459607,0.0,0.0030634404372921094,159038478.09264803
2014-02-10,0.1389429043540393,0.8610570956459607,0.0,0.00017080762335753045,159065643.07711342
2014-02-11,0.1389429043540393,0.8610570956459607,0.0,0.00020761599054898027,159098667.6481632
2014-02-12,0.1389429043540393,0.8610570956459607,0.0,-0.0015236414812977736,158856258.31851524
2014-02-13,0.1389429043540393,0.8610570956459607,0.0,0.0029352140936836353,159322535.4468016
2014-02-14,0.1389429043540393,0.8610570956459607,0.0,0.00020562521000723586,159355296.17661175
2014-02-17,0.1389429043540393,0.8610570956459607,0.0,0.0,159355296.17661175
2014-02-18,0.1389429043540393,0.8610570956459607,0.0,0.0016567971792249732,159619315.58181173
2014-02-19,0.1389429043540393,0.8610570956459607,0.0,-0.0019863535808531457,159302255.18273246
2014-02-20,0.1389429043540393,0.8610570956459607,0.0,2.0734447199063813e-05,159305558.2269312
2014-02-21,0.1389429043540393,0.8610570956459607,0.0,0.0004935818334629429,159384188.55644172
2014-02-24,0.1389429043540393,0.8610570956459607,0.0,0.00034456348993581456,159439106.52869132
2014-02-25,0.1389429043540393,0.8610570956459607,0.0,0.0015824796616345808,159691415.67204216
2014-02-26,0.1389429043540393,0.8610570956459607,0.0,0.0011209999035490404,159870429.73360813
2014-02-27,0.1389429043540393,0.8610570956459607,0.0,0.001889418397325835,160172491.86473522
2014-02-28,0.1389429043540393,0.8610570956459607,0.0,-0.00013456176398774812,160150938.77168757
2014-03-03,0.12224996450898407,0.8777500354910158,0.0,0.000949442584947955,160302992.8929768
2014-03-04,0.12224996450898407,0.8777500354910158,0.0,-0.0010845621886915158,160129134.32815102
2014-03-05,0.12224996450898407,0.8777500354910158,0.0,-0.0001297648651567755,160108355.19262725
2014-03-06,0.12224996450898407,0.8777500354910158,0.0,-0.001289059393453901,159901966.01339576
2014-03-07,0.12224996450898407,0.8777500354910158,0.0,-0.002108205754973039,159564859.7684148
2014-03-10,0.12224996450898407,0.8777500354910158,0.0,0.0002799726030140009,159609533.5575537
2014-03-11,0.12224996450898407,0.8777500354910158,0.0,6.677277884109057e-05,159620191.12963888
2014-03-12,0.12224996450898407,0.8777500354910158,0.0,0.0014430734359927987,159850534.78730613
2014-03-13,0.12224996450898407,0.8777500354910158,0.0,0.0012597775051145662,160051910.89521173
2014-03-14,0.12224996450898407,0.8777500354910158,0.0,-0.0001610738663085499,160026130.71511373
2014-03-17,0.12224996450898407,0.8777500354910158,0.0,-0.000458633320093641,159952737.39948213
2014-03-18,0.12224996450898407,0.8777500354910158,0.0,0.0015276607232408445,160197090.91398218
2014-03-19,0.12224996450898407,0.8777500354910158,0.0,-0.004744681256665711,159437006.77935022
2014-03-20,0.12224996450898407,0.8777500354910158,0.0,0.0005847483287026988,159530237.30259782
2014-03-21,0.12224996450898407,0.8777500354910158,0.0,0.00046380696361333614,159604228.53756565
2014-03-24,0.12224996450898407,0.8777500354910158,0.0,-0.00022294394231016287,159568645.7416461
2014-03-25,0.12224996450898407,0.8777500354910158,0.0,0.0008228730311311196,159699950.47684103
2014-03-26,0.12224996450898407,0.8777500354910158,0.0,0.000646199463014787,159803148.49908262
2014-03-27,0.12224996450898407,0.8777500354910158,0.0,0.0006164282338987768,159901655.67168337
2014-03-28,0.12224996450898407,0.8777500354910158,0.0,-0.0008189462219710328,159770704.81488413
2014-03-31,0.12224996450898407,0.8777500354910158,0.0,0.000952392630599948,159922869.25673556
2014-04-01,0.13396890522506022,0.8660310947749398,0.0,-5.192548463656989e-05,159914565.18424493
2014-04-02,0.13396890522506022,0.8660310947749398,0.0,-0.0015119760982647528,159672778.18392196
2014-04-03,0.13396890522506022,0.8660310947749398,0.0,0.00035889449288963407,159730083.86467656
2014-04-04,0.13396890522506022,0.8660310947749398,0.0,0.0008685470909753142,159868816.96435845
2014-04-07,0.13396890522506022,0.8660310947749398,0.0,-0.00012879756232282952,159848226.25044203
2014-04-08,0.13396890522506022,0.8660310947749398,0.0,0.0010562737389451461,160017069.73404732
2014-04-09,0.13396890522506022,0.8660310947749398,0.0,0.0018736711746748457,160316889.10506392
2014-04-10,0.13396890522506022,0.8660310947749398,0.0,-0.0003610616072238786,160259004.8314185
2014-04-11,0.13396890522506022,0.8660310947749398,0.0,-0.0006648384422875693,160152458.48428383
2014-04-14,0.13396890522506022,0.8660310947749398,0.0,0.00041220754720867436,160218474.53637508
2014-04-15,0.13396890522506022,0.8660310947749398,0.0,0.0010915608997074707,160393362.75858977
2014-04-16,0.13396890522506022,0.8660310947749398,0.0,0.0008967542892978305,160537196.19461846
2014-04-17,0.13396890522506022,0.8660310947749398,0.0,-0.00250899519890771,160134409.14012006
2014-04-18,0.13396890522506022,0.8660310947749398,0.0,0.0,160134409.14012006
2014-04-21,0.13396890522506022,0.8660310947749398,0.0,0.0005628333100609979,160224538.11967105
2014-04-22,0.13396890522506022,0.8660310947749398,0.0,0.0005060501543705701,160305619.77192047
2014-04-23,0.13396890522506022,0.8660310947749398,0.0,0.001168897490244413,160493000.60854393
2014-04-24,0.13396890522506022,0.8660310947749398,0.0,0.00027555313914919363,160537224.9586731
2014-04-25,0.13396890522506022,0.8660310947749398,0.0,-0.0003421540274123854,160482296.50060388
2014-04-28,0.13396890522506022,0.8660310947749398,0.0,0.0002511221631101051,160522597.162042
2014-04-29,0.13396890522506022,0.8660310947749398,0.0,-0.00018211076118962292,160493364.26968467
2014-04-30,0.13396890522506022,0.8660310947749398,0.0,0.0022947178825547996,160861651.2627057
2014-05-01,0.1362497632774597,0.8637502367225403,0.0,0.0015304781823797743,161107846.51034483
2014-05-02,0.1362497632774597,0.8637502367225403,0.0,-1.957588733254135e-05,161104692.68129316
2014-05-05,0.1362497632774597,0.8637502367225403,0.0,-0.00035794104965645085,161047026.69849026
2014-05-06,0.1362497632774597,0.8637502367225403,0.0,-0.0006652807568494871,160939885.21067992
2014-05-07,0.1362497632774597,0.8637502367225403,0.0,0.0012154157799215697,161135494.08678377
2014-05-08,0.1362497632774597,0.8637502367225403,0.0,0.000474512469178817,161211954.88795522
2014-05-09,0.1362497632774597,0.8637502367225403,0.0,-0.0005596097286686146,161121739.1096222
2014-05-12,0.1362497632774597,0.8637502367225403,0.0,0.00026579114553326125,161164563.84123048
2014-05-13,0.1362497632774597,0.8637502367225403,0.0,0.0016051975302317648,161423264.8010693
2014-05-14,0.1362497632774597,0.8637502367225403,0.0,0.002114041452857697,161764520.2743144
2014-05-15,0.1362497632774597,0.8637502367225403,0.0,0.00010144004096664604,161780929.67387798
2014-05-16,0.1362497632774597,0.8637502367225403,0.0,1.2490561826466301e-05,161782950.40858242
2014-05-19,0.1362497632774597,0.8637502367225403,0.0,0.00015257437886337995,161807634.34175166
2014-05-20,0.1362497632774597,0.8637502367225403,0.0,0.00010056591807662899,161823906.67505103
2014-05-21,0.1362497632774597,0.8637502367225403,0.0,2.754609526432316e-05,161828364.29180035
2014-05-22,0.1362497632774597,0.8637502367225403,0.0,-0.00046472722491467896,161753158.24515057
2014-05-23,0.1362497632774597,0.8637502367225403,0.0,0.0015339772115722195,162001283.90379843
2014-05-26,0.1362497632774597,0.8637502367225403,0.0,0.0,162001283.90379843
2014-05-27,0.1362497632774597,0.8637502367225403,0.0,0.0015803080521192415,162257295.83720526
2014-05-28,0.1362497632774597,0.8637502367225403,0.0,0.00267331955132303,162691061.43851167
2014-05-29,0.1362497632774597,0.8637502367225403,0.0,0.0001803903265626312,162720409.3322134
2014-05-30,0.1362497632774597,0.8637502367225403,0.0,-0.00018671853946077607,162690026.41504243
2014-06-02,0.11920251270661597,0.8807974872933841,0.0,-0.0026489068360655644,162259075.69191194
2014-06-03,0.11920251270661597,0.8807974872933841,0.0,-0.002032620146328346,161929264.62573594
2014-06-04,0.11920251270661597,0.8807974872933841,0.0,-8.33363491647596e-05,161915770.03199908
2014-06-05,0.11920251270661597,0.8807974872933841,0.0,0.0016093252575404805,162176345.17030567
2014-06-06,0.11920251270661597,0.8807974872933841,0.0,-0.00017221480768279496,162148416.00221148
2014-06-09,0.11920251270661597,0.8807974872933841,0.0,-0.0006198292357115111,162047911.673449
2014-06-10,0.11920251270661597,0.8807974872933841,0.0,-0.000938722011354544,161895793.73186707
2014-06-11,0.11920251270661597,0.8807974872933841,0.0,-0.00021504199079521333,161860979.3380816
2014-06-12,0.11920251270661597,0.8807974872933841,0.0,0.0012681665799829237,162066246.02268147
2014-06-13,0.11920251270661597,0.8807974872933841,0.0,-0.0005460409361439553,161977751.2179859
2014-06-16,0.11920251270661597,0.8807974872933841,0.0,0.0003022757682879172,162026713.16718087
2014-06-17,0.11920251270661597,0.8807974872933841,0.0,-0.0018106458986639562,161733340.1635107
2014-06-18,0.11920251270661597,0.8807974872933841,0.0,0.0022199866941237973,162092386.0266699
2014-06-19,0.11920251270661597,0.8807974872933841,0.0,0.00012160142909515632,162112096.6924562
2014-06-20,0.11920251270661597,0.8807974872933841,0.0,0.00013388406115484082,162133800.9183237
2014-06-23,0.11920251270661597,0.8807974872933841,0.0,0.0001348645892445359,162155667.02678722
2014-06-24,0.11920251270661597,0.8807974872933841,0.0,0.0005483568481630961,162244586.19726977
2014-06-25,0.11920251270661597,0.8807974872933841,0.0,0.0017828248610378904,162533839.87911108
2014-06-26,0.11920251270661597,0.8807974872933841,0.0,0.0013909798339351198,162759921.17271495
2014-06-27,0.11920251270661597,0.8807974872933841,0.0,7.774669467037549e-06,162761186.57730457
2014-06-30,0.11920251270661597,0.8807974872933841,0.0,0.0007644057193348331,162885602.15920997
2014-07-01,0.1548962212674349,0.8451037787325651,0.0,-0.0006829816011674913,162774354.28984016
2014-07-02,0.1548962212674349,0.8451037787325651,0.0,-0.0023611055626252125,162390026.85647368
2014-07-03,0.1548962212674349,0.8451037787325651,0.0,-0.00012693000267087592,162369414.68993106
2014-07-04,0.1548962212674349,0.8451037787325651,0.0,0.0,162369414.68993106
2014-07-07,0.1548962212674349,0.8451037787325651,0.0,0.00047439819250997737,162446442.44677886
2014-07-08,0.1548962212674349,0.8451037787325651,0.0,0.0007982505574878737,162576115.41002393
2014-07-09,0.1548962212674349,0.8451037787325651,0.0,0.0015956581137137383,162835531.307674
2014-07-10,0.1548962212674349,0.8451037787325651,0.0,5.3280088343045395e-05,162844207.19916746
2014-07-11,0.1548962212674349,0.8451037787325651,0.0,0.0007926248423553258,162973281.56322718
2014-07-14,0.1548962212674349,0.8451037787325651,0.0,-0.00028636490169683915,162926611.7354731
2014-07-15,0.1548962212674349,0.8451037787325651,0.0,-0.0006063024272050792,162827828.93532157
2014-07-16,0.1548962212674349,0.8451037787325651,0.0,0.0008411809304367069,162964796.59996638
2014-07-17,0.1548962212674349,0.8451037787325651,0.0,0.0004681625876170861,163041090.62083313
2014-07-18,0.1548962212674349,0.8451037787325651,0.0,0.001103850756172225,163221063.65200207
2014-07-21,0.1548962212674349,0.8451037787325651,0.0,-5.9958161226146675e-05,163211277.21715212
2014-07-22,0.1548962212674349,0.8451037787325651,0.0,0.00149765457360831,163455711.33294085
2014-07-23,0.1548962212674349,0.8451037787325651,0.0,0.000387914708982306,163519118.20763403
2014-07-24,0.1548962212674349,0.8451037787325651,0.0,-0.0016814025134309677,163244176.7512857
2014-07-25,0.1548962212674349,0.8451037787325651,0.0,0.0006944724294735944,163357545.33131158
2014-07-28,0.1548962212674349,0.8451037787325651,0.0,-0.0007157319148008933,163240625.12259442
2014-07-29,0.1548962212674349,0.8451037787325651,0.0,0.00047742608947102334,163318560.4558895
2014-07-30,0.1548962212674349,0.8451037787325651,0.0,-0.0030816761824400065,162815265.5379822
2014-07-31,0.1548962212674349,0.8451037787325651,0.0,-0.003014113814457598,162324521.79691958
2014-08-01,0.15625772632752094,0.8437422736724791,0.0,0.0018851952137077166,162630535.20847854
2014-08-04,0.15625772632752094,0.8437422736724791,0.0,0.0016308558404454399,162895762.16665807
2014-08-05,0.15625772632752094,0.8437422736724791,0.0,-0.0011967045681624557,162700824.06393892
2014-08-06,0.15625772632752094,0.8437422736724791,0.0,0.00032739626770398114,162754091.7064898
2014-08-07,0.15625772632752094,0.8437422736724791,0.0,0.0009610227521539214,162910502.09162587
2014-08-08,0.15625772632752094,0.8437422736724791,0.0,0.0017692284067769822,163198727.97968867
2014-08-11,0.15625772632752094,0.8437422736724791,0.0,0.00031724041216794804,163250501.2114182
2014-08-12,0.15625772632752094,0.8437422736724791,0.0,-0.0009195662916711247,163100381.5534058
2014-08-13,0.15625772632752094,0.8437422736724791,0.0,0.0024132523646627347,163493983.93486694
2014-08-14,0.15625772632752094,0.8437422736724791,0.0,0.0019081971304944914,163805962.68586454
2014-08-15,0.15625772632752094,0.8437422736724791,0.0,0.0017362126051725989,164090364.66308215
2014-08-18,0.15625772632752094,0.8437422736724791,0.0,-0.0002592033751365765,164047831.8867341
2014-08-19,0.15625772632752094,0.8437422736724791,0.0,8.509732901077816e-05,164061791.91905767
2014-08-20,0.15625772632752094,0.8437422736724791,0.0,-0.0006478855813895643,163955498.64961636
2014-08-21,0.15625772632752094,0.8437422736724791,0.0,0.0012019313559848014,164152561.90442947
2014-08-22,0.15625772632752094,0.8437422736724791,0.0,-0.0003148160556288087,164100884.04236937
2014-08-25,0.15625772632752094,0.8437422736724791,0.0,0.0011980802094755136,164297490.06389797
2014-08-26,0.15625772632752094,0.8437422736724791,0.0,0.0001859773896501648,164328045.68222612
2014-08-27,0.15625772632752094,0.8437422736724791,0.0,0.0013372718318686212,164547796.948903
2014-08-28,0.15625772632752094,0.8437422736724791,0.0,0.0009506001203242649,164704216.10448173
2014-08-29,0.15625772632752094,0.8437422736724791,0.0,0.0004710855573811416,164781805.88192832
2014-09-01,0.20633247322507486,0.7936675267749252,0.0,0.0,164781805.88192832
2014-09-02,0.20633247322507486,0.7936675267749252,0.0,-0.0028799734693190026,164307238.65276188
2014-09-03,0.20633247322507486,0.7936675267749252,0.0,0.00022154910393218957,164343640.77425495
2014-09-04,0.20633247322507486,0.7936675267749252,0.0,-0.0016498430506164921,164072499.56061056
2014-09-05,0.20633247322507486,0.7936675267749252,0.0,0.0009292122220521195,164224957.7325049
2014-09-08,0.20633247322507486,0.7936675267749252,0.0,-0.0007751675915849704,164097655.86754125
2014-09-09,0.20633247322507486,0.7936675267749252,0.0,-0.0024624853755030717,163693567.7898131
2014-09-10,0.20633247322507486,0.7936675267749252,0.0,-0.0002709820705072244,163649209.7678847
2014-09-11,0.20633247322507486,0.7936675267749252,0.0,0.0005890530059270387,163745607.82681605
2014-09-12,0.20633247322507486,0.7936675267749252,0.0,-0.00380820937103837,163122030.2686236
2014-09-15,0.20633247322507486,0.7936675267749252,0.0,0.0007224383116698382,163239875.872767
2014-09-16,0.20633247322507486,0.7936675267749252,0.0,0.0017550888469507829,163526376.35828894
2014-09-17,0.20633247322507486,0.7936675267749252,0.0,-0.0004939823550334198,163445597.2137854
2014-09-18,0.20633247322507486,0.7936675267749252,0.0,0.0002750014357653977,163490544.98768872
2014-09-19,0.20633247322507486,0.7936675267749252,0.0,0.0012967829194157822,163702556.7339147
2014-09-22,0.20633247322507486,0.7936675267749252,0.0,-0.0006176018801292468,163601453.7270939
2014-09-23,0.20633247322507486,0.7936675267749252,0.0,5.610471900344572e-05,163610632.5406838
2014-09-24,0.20633247322507486,0.7936675267749252,0.0,0.00044860035087088807,163684028.32784775
2014-09-25,0.20633247322507486,0.7936675267749252,0.0,-0.0011480970512399596,163496103.1775895
2014-09-26,0.20633247322507486,0.7936675267749252,0.0,0.0009530082304697649,163651916.30956748
2014-09-29,0.20633247322507486,0.7936675267749252,0.0,0.0009201590030856086,163802502.09373194
2014-09-30,0.20633247322507486,0.7936675267749252,0.0,-0.0012342797447836475,163600323.98325276
2014-10-01,0.21887774618110867,0.7811222538188913,0.0,0.0009889788081235344,163762121.23667434
2014-10-02,0.21887774618110867,0.7811222538188913,0.0,-0.0010545125843417443,163589432.01899177
2014-10-03,0.21887774618110867,0.7811222538188913,0.0,0.0019658176595083584,163911019.01336363
2014-10-06,0.21887774618110867,0.7811222538188913,0.0,0.0007732640020845755,164037765.50391164
2014-10-07,0.21887774618110867,0.7811222538188913,0.0,-0.0007806289497734741,163909712.87530315
2014-10-08,0.21887774618110867,0.7811222538188913,0.0,0.005167841660803543,164756772.3181105
2014-10-09,0.21887774618110867,0.7811222538188913,0.0,-0.004361457693888887,164038192.6258634
2014-10-10,0.21887774618110867,0.7811222538188913,0.0,-0.001736674915374208,163753311.61156672
2014-10-13,0.21887774618110867,0.7811222538188913,0.0,-0.003604880689097433,163163000.4607624
2014-10-14,0.21887774618110867,0.7811222538188913,0.0,0.004150261201603711,163840169.531112
2014-10-15,0.21887774618110867,0.7811222538188913,0.0,0.002497034820960814,164249284.13950327
2014-10-16,0.21887774618110867,0.7811222538188913,0.0,-0.0022716858561412185,163876161.36384225
2014-10-17,0.21887774618110867,0.7811222538188913,0.0,0.0011882772831079964,164070891.68363383
2014-10-20,0.21887774618110867,0.7811222538188913,0.0,0.002814779475693395,164532715.06210366
2014-10-21,0.21887774618110867,0.7811222538188913,0.0,0.0036168142070173836,165127799.32345942
2014-10-22,0.21887774618110867,0.7811222538188913,0.0,-0.0024422965801447418,164724508.2638849
2014-10-23,0.21887774618110867,0.7811222538188913,0.0,0.0009670814582009898,164883810.2815382
2014-10-24,0.21887774618110867,0.7811222538188913,0.0,0.0015756983394327763,165143617.42759818
2014-10-27,0.21887774618110867,0.7811222538188913,0.0,0.0003068217833300301,165194287.08680287
2014-10-28,0.21887774618110867,0.7811222538188913,0.0,0.0017893951769246278,165489884.94737148
2014-10-29,0.21887774618110867,0.7811222538188913,0.0,-0.0019057873963187258,165174496.41042054
2014-10-30,0.21887774618110867,0.7811222538188913,0.0,0.0020626385272408594,165515191.6904343
2014-10-31,0.21887774618110867,0.7811222538188913,0.0,0.0015198359680292735,165766747.63202068
2014-11-03,0.25393428684560965,0.7460657131543903,0.0,-0.000410345640716271,165698725.96975416
2014-11-04,0.25393428684560965,0.7460657131543903,0.0,-0.00044979024382537546,165624196.29939866
2014-11-05,0.25393428684560965,0.7460657131543903,0.0,0.0013471328736736432,165847314.09890935
2014-11-06,0.25393428684560965,0.7460657131543903,0.0,7.937301329044696e-05,165860477.8999755
2014-11-07,0.25393428684560965,0.7460657131543903,0.0,0.0023373418303861914,166248150.53297898
2014-11-10,0.25393428684560965,0.7460657131543903,0.0,-0.0007903123090528789,166116762.57325548
2014-11-11,0.25393428684560965,0.7460657131543903,0.0,0.00017678645331100615,166146129.76654634
2014-11-12,0.25393428684560965,0.7460657131543903,0.0,0.00019872808981051586,166179147.66954428
2014-11-13,0.25393428684560965,0.7460657131543903,0.0,0.0007021484441639568,166295830.09953296
2014-11-14,0.25393428684560965,0.7460657131543903,0.0,0.0009695315428222581,166457059.15225422
2014-11-17,0.25393428684560965,0.7460657131543903,0.0,-0.0003486640390961161,166399021.56167415
2014-11-18,0.25393428684560965,0.7460657131543903,0.0,0.0019572008698777663,166724697.8714215
2014-11-19,0.25393428684560965,0.7460657131543903,0.0,-0.0012779141466164044,166511638.02142122
2014-11-20,0.25393428684560965,0.7460657131543903,0.0,0.0012027709014160084,166711913.37438053
2014-11-21,0.25393428684560965,0.7460657131543903,0.0,0.0020927260669990917,167060795.7411784
2014-11-24,0.25393428684560965,0.7460657131543903,0.0,0.0010942226477959308,167243597.44743717
2014-11-25,0.25393428684560965,0.7460657131543903,0.0,0.0013734870136935316,167473304.35665458
2014-11-26,0.25393428684560965,0.7460657131543903,0.0,0.001631731979408735,167746575.9030706
2014-11-27,0.25393428684560965,0.7460657131543903,0.0,0.0,167746575.9030706
2014-11-28,0.25393428684560965,0.7460657131543903,0.0,0.0008778693786002734,167893835.48542097
2014-12-01,0.2630897646067303,0.7369102353932698,0.0,-0.0026219008833495458,167453634.4898528
2014-12-02,0.2630897646067303,0.7369102353932698,0.0,-0.000593654810003509,167354224.83428532
2014-12-03,0.2630897646067303,0.7369102353932698,0.0,0.0009967865610245757,167521041.27653083
2014-12-04,0.2630897646067303,0.7369102353932698,0.0,0.0007804853345734316,167651788.99247962
2014-12-05,0.2630897646067303,0.7369102353932698,0.0,-0.0017490678478048762,167358554.6387259
2014-12-08,0.2630897646067303,0.7369102353932698,0.0,-0.0002095643920938578,167323482.24496135
2014-12-09,0.2630897646067303,0.7369102353932698,0.0,0.0011716587078492453,167519528.2599613
2014-12-10,0.2630897646067303,0.7369102353932698,0.0,-0.0023794587732703177,167120922.44874904
2014-12-11,0.2630897646067303,0.7369102353932698,0.0,0.0007855176931581792,167252198.89022943
2014-12-12,0.2630897646067303,0.7369102353932698,0.0,-0.0014808203856830223,167004528.42456248
2014-12-15,0.2630897646067303,0.7369102353932698,0.0,-0.00227117823923965,166625231.37375015
2014-12-16,0.2630897646067303,0.7369102353932698,0.0,-0.0005597372799470185,166531965.01997045
2014-12-17,0.2630897646067303,0.7369102353932698,0.0,0.002719572124452493,166984860.70986906
2014-12-18,0.2630897646067303,0.7369102353932698,0.0,0.004431435781661007,167724843.39661443
2014-12-19,0.2630897646067303,0.7369102353932698,0.0,0.001959695639237567,168053533.04081059
2014-12-22,0.2630897646067303,0.7369102353932698,0.0,0.0014592724593714935,168298768.9332771
2014-12-23,0.2630897646067303,0.7369102353932698,0.0,-0.0026912695025437467,167845831.58913133
2014-12-24,0.2630897646067303,0.7369102353932698,0.0,0.00015216604747266346,167871372.025909
2014-12-25,0.2630897646067303,0.7369102353932698,0.0,0.0,167871372.025909
2014-12-26,0.2630897646067303,0.7369102353932698,0.0,0.0012708857963012468,168084717.36822236
2014-12-29,0.2630897646067303,0.7369102353932698,0.0,0.0018999262675810733,168404065.93792918
2014-12-30,0.2630897646067303,0.7369102353932698,0.0,-0.0004080480291510614,168335348.99072218
2014-12-31,0.2630897646067303,0.7369102353932698,0.0,-0.0019768548050290275,168002574.44721362
2015-01-01,0.22910276370497484,0.7708972362950253,0.0,0.0,168002574.44721362
2015-01-02,0.22910276370497484,0.7708972362950253,0.0,0.0017811675802837227,168301815.1862232
2015-01-05,0.22910276370497484,0.7708972362950253,0.0,-0.0012783345308546592,168086669.16426513
2015-01-06,0.22910276370497484,0.7708972362950253,0.0,0.0010219893131379804,168258451.94383198
2015-01-07,0.22910276370497484,0.7708972362950253,0.0,0.0033804017872472152,168827233.11550236
2015-01-08,0.22910276370497484,0.7708972362950253,0.0,0.0020099291233577634,169166563.88815713
2015-01-09,0.22910276370497484,0.7708972362950253,0.0,-3.225416953569018e-05,169161107.5611257
2015-01-12,0.22910276370497484,0.7708972362950253,0.0,0.0005869164927370797,169260391.005083
2015-01-13,0.22910276370497484,0.7708972362950253,0.0,0.00031881264510090273,169314353.3580501
2015-01-14,0.22910276370497484,0.7708972362950253,0.0,0.0006447221219894723,169423514.06723037
2015-01-15,0.22910276370497484,0.7708972362950253,0.0,0.0002862316517231616,169472008.4395026
2015-01-16,0.22910276370497484,0.7708972362950253,0.0,0.0012630010407401382,169686051.76253802
2015-01-19,0.22910276370497484,0.7708972362950253,0.0,0.0,169686051.76253802
2015-01-20,0.22910276370497484,0.7708972362950253,0.0,0.0010081997463088775,169857129.19687715
2015-01-21,0.22910276370497484,0.7708972362950253,0.0,-0.0005664405658605772,169760915.22849944
2015-01-22,0.22910276370497484,0.7708972362950253,0.0,0.0020413347403942937,170107454.0823165
2015-01-23,0.22910276370497484,0.7708972362950253,0.0,0.0013707021394071455,170340620.7335562
2015-01-26,0.22910276370497484,0.7708972362950253,0.0,9.890806707662505e-05,170357468.79509762
2015-01-27,0.22910276370497484,0.7708972362950253,0.0,-0.0027832665461948953,169883318.55130577
2015-01-28,0.22910276370497484,0.7708972362950253,0.0,0.0007237362568001198,170006269.2683669
2015-01-29,0.22910276370497484,0.7708972362950253,0.0,0.0011117782469782745,170195278.54038942
2015-01-30,0.22910276370497484,0.7708972362950253,0.0,2.7646857876416266e-05,170199983.90506643
2015-02-02,0.21057719599814095,0.789422804001859,0.0,0.002819013549083711,170679779.96574867
2015-02-03,0.21057719599814095,0.789422804001859,0.0,-0.0012367974764804085,170468683.64460078
2015-02-04,0.21057719599814095,0.789422804001859,0.0,-0.0012344256777767626,170258252.7242531
2015-02-05,0.21057719599814095,0.789422804001859,0.0,0.0012883002786118459,170477596.47867373
2015-02-06,0.21057719599814095,0.789422804001859,0.0,-0.006074826308186027,169441974.69062877
2015-02-09,0.21057719599814095,0.789422804001859,0.0,-0.0011954534606663163,169239414.69560272
2015-02-10,0.21057719599814095,0.789422804001859,0.0,0.0006853105429881058,169355396.25078273
2015-02-11,0.21057719599814095,0.789422804001859,0.0,0.00023345876682518497,169394933.7527466
2015-02-12,0.21057719599814095,0.789422804001859,0.0,0.0023192880873759646,169787809.40466118
2015-02-13,0.21057719599814095,0.789422804001859,0.0,-0.0005216233136895457,169699244.12489542
2015-02-16,0.21057719599814095,0.789422804001859,0.0,0.0,169699244.12489542
2015-02-17,0.21057719599814095,0.789422804001859,0.0,-0.00391161579629192,169035445.8809577
2015-02-18,0.21057719599814095,0.789422804001859,0.0,0.0029707178455590033,169537602.49656826
2015-02-19,0.21057719599814095,0.789422804001859,0.0,-0.0018444120733626913,169224905.29563463
2015-02-20,0.21057719599814095,0.789422804001859,0.0,0.0005334065102038026,169315170.96180794
2015-02-23,0.21057719599814095,0.789422804001859,0.0,0.0030267545685094674,169827646.42903456
2015-02-24,0.21057719599814095,0.789422804001859,0.0,0.003482109284926111,170419004.85350227
2015-02-25,0.21057719599814095,0.789422804001859,0.0,0.0003962681860203718,170486536.48341897
2015-02-26,0.21057719599814095,0.789422804001859,0.0,-0.0022189474549678635,170108235.8171828
2015-02-27,0.21057719599814095,0.789422804001859,0.0,0.00011738771804910004,170128204.43480673
2015-03-02,0.233987380810033,0.766012619189967,0.0,-0.0016673499379497485,169844541.18369886
2015-03-03,0.233987380810033,0.766012619189967,0.0,-0.0023083017634362435,169452488.7297745
2015-03-04,0.233987380810033,0.766012619189967,0.0,-0.0007365180461140241,169327683.9138661
2015-03-05,0.233987380810033,0.766012619189967,0.0,0.0009479404568818956,169488196.47591817
2015-03-06,0.233987380810033,0.766012619189967,0.0,-0.008293482811679177,168082549.03166264
2015-03-09,0.233987380810033,0.766012619189967,0.0,0.002755816836434526,168545753.75019494
2015-03-10,0.233987380810033,0.766012619189967,0.0,-0.0014656929134762705,168298717.43332675
2015-03-11,0.233987380810033,0.766012619189967,0.0,0.0003427692452013994,168356405.05766973
2015-03-12,0.233987380810033,0.766012619189967,0.0,0.003831902307514113,169001530.354695
2015-03-13,0.233987380810033,0.766012619189967,0.0,-0.0017766215581768651,168701278.592502
2015-03-16,0.233987380810033,0.766012619189967,0.0,0.0038063831375926634,169343420.29462683
2015-03-17,0.233987380810033,0.766012619189967,0.0,0.0006151550179963141,169447592.7493857
2015-03-18,0.233987380810033,0.766012619189967,0.0,0.0073796765983452205,170698061.18424428
2015-03-19,0.233987380810033,0.766012619189967,0.0,-0.002322003082190292,170301699.76005057
2015-03-20,0.233987380810033,0.766012619189967,0.0,0.003958875405836922,170975902.97080284
2015-03-23,0.233987380810033,0.766012619189967,0.0,6.229244303315382e-06,170976968.0214724
2015-03-24,0.233987380810033,0.766012619189967,0.0,6.966966089143561e-05,170988879.92885473
2015-03-25,0.233987380810033,0.766012619189967,0.0,-0.004835096282047859,170162132.2312392
2015-03-26,0.233987380810033,0.766012619189967,0.0,-0.0036774426782633708,169536370.74394774
2015-03-27,0.233987380810033,0.766012619189967,0.0,0.0032619564527775076,170089391.00247645
2015-03-30,0.233987380810033,0.766012619189967,0.0,0.002305526552985906,170481536.60981387
2015-03-31,0.233987380810033,0.766012619189967,0.0,-0.0008466279705141402,170337202.17246377
2015-04-01,0.257240341295603,0.742759658704397,0.0,0.001371690281773221,170570852.0573082
2015-04-02,0.257240341295603,0.742759658704397,0.0,-0.0004977295614797009,170485953.90191248
2015-04-03,0.257240341295603,0.742759658704397,0.0,0.002674684928764718,170941950.11337999
2015-04-06,0.257240341295603,0.742759658704397,0.0,-0.0007079321300227724,170820934.814526
2015-04-07,0.257240341295603,0.742759658704397,0.0,-0.0002105578109431136,170784967.13242817
2015-04-08,0.257240341295603,0.742759658704397,0.0,0.0008470257950713226,170929626.40499973
2015-04-09,0.257240341295603,0.742759658704397,0.0,-0.0013353884421804932,170701368.95747226
2015-04-10,0.257240341295603,0.742759658704397,0.0,0.001386112184401808,170937980.2048783
2015-04-13,0.257240341295603,0.742759658704397,0.0,-0.00039554562970014345,170870366.4338585
2015-04-14,0.257240341295603,0.742759658704397,0.0,0.0018267518253147345,171182504.18763375
2015-04-15,0.257240341295603,0.742759658704397,0.0,0.0015360892242514783,171445455.78769678
2015-04-16,0.257240341295603,0.742759658704397,0.0,0.0004695375880617378,171525955.8734915
2015-04-17,0.257240341295603,0.742759658704397,0.0,-0.001973278325735903,171187487.42246518
2015-04-20,0.257240341295603,0.742759658704397,0.0,0.0005536906663300726,171282272.3364435
2015-04-21,0.257240341295603,0.742759658704397,0.0,-0.0008751339330567689,171132377.4077908
2015-04-22,0.257240341295603,0.742759658704397,0.0,-0.000977116064770062,170965161.2126234
2015-04-23,0.257240341295603,0.742759658704397,0.0,0.0016625864908100842,171249405.58005467
2015-04-24,0.257240341295603,0.742759658704397,0.0,0.0016273667991696262,171528091.17707315
2015-04-27,0.257240341295603,0.742759658704397,0.0,-0.001234148117997048,171316400.10616332
2015-04-28,0.257240341295603,0.742759658704397,0.0,-0.0010440313887275657,171137540.4070487
2015-04-29,0.257240341295603,0.742759658704397,0.0,-0.002982531926363799,170627117.22898528
2015-04-30,0.257240341295603,0.742759658704397,0.0,-0.0030768185225753444,170102128.5542415
2015-05-01,0.30386979971231387,0.6961302002876861,0.0,0.0007866425670505213,170235938.12930816
2015-05-04,0.30386979971231387,0.6961302002876861,0.0,0.00034889731399237694,170295332.99086648
2015-05-05,0.30386979971231387,0.6961302002876861,0.0,-0.005001840721966194,169443542.85955197
2015-05-06,0.30386979971231387,0.6961302002876861,0.0,-0.0032639715523804626,168890483.95592383
2015-05-07,0.30386979971231387,0.6961302002876861,0.0,0.003028699115944561,169402002.41537258
2015-05-08,0.30386979971231387,0.6961302002876861,0.0,0.005479286628183701,170330204.54199466
2015-05-11,0.30386979971231387,0.6961302002876861,0.0,-0.005455017541611195,169401050.28835186
2015-05-12,0.30386979971231387,0.6961302002876861,0.0,-0.00023987993823873087,169360414.37487113
2015-05-13,0.30386979971231387,0.6961302002876861,0.0,-0.0006323264015653437,169253323.31348187
2015-05-14,0.30386979971231387,0.6961302002876861,0.0,0.004504171910420142,170015669.37809572
2015-05-15,0.30386979971231387,0.6961302002876861,0.0,0.003299046182562885,170576558.9231334
2015-05-18,0.30386979971231387,0.6961302002876861,0.0,-0.00190562152245016,170251504.56122398
2015-05-19,0.30386979971231387,0.6961302002876861,0.0,-0.0014020941346117159,170012795.9252699
2015-05-20,0.30386979971231387,0.6961302002876861,0.0,0.0002216681097884059,170050482.3403825
2015-05-21,0.30386979971231387,0.6961302002876861,0.0,0.002829318257680757,170531609.27479556
2015-05-22,0.30386979971231387,0.6961302002876861,0.0,-0.002324935532030415,170135134.27705827
2015-05-25,0.30386979971231387,0.6961302002876861,0.0,0.0,170135134.27705827
2015-05-26,0.30386979971231387,0.6961302002876861,0.0,3.6511800340642206e-05,170141346.21711192
2015-05-27,0.30386979971231387,0.6961302002876861,0.0,0.002959194664561941,170644827.58105898
2015-05-28,0.30386979971231387,0.6961302002876861,0.0,8.382924799619839e-05,170659132.60862952
2015-05-29,0.30386979971231387,0.6961302002876861,0.0,-0.0005359247811489592,170567672.15033516
2015-06-01,0.31077926097532516,0.6892207390246748,0.0,-0.0026825006764260024,170110124.25441548
2015-06-02,0.31077926097532516,0.6892207390246748,0.0,-0.002487643278172493,169686950.9472649
2015-06-03,0.31077926097532516,0.6892207390246748,0.0,-0.002181933895095714,169316705.23743764
2015-06-04,0.31077926097532516,0.6892207390246748,0.0,-0.0005568299364711368,169222424.6272168
2015-06-05,0.31077926097532516,0.6892207390246748,0.0,-0.0036292004398439876,168608282.52932826
2015-06-08,0.31077926097532516,0.6892207390246748,0.0,-0.001037473897154285,168433355.83736005
2015-06-09,0.31077926097532516,0.6892207390246748,0.0,-0.0011435177834389152,168240749.29963574
2015-06-10,0.31077926097532516,0.6892207390246748,0.0,0.0019077281309434967,168561706.90984568
2015-06-11,0.31077926097532516,0.6892207390246748,0.0,0.0036043257213694804,169169258.20569876
2015-06-12,0.31077926097532516,0.6892207390246748,0.0,-0.0022274144575459686,168792448.15419903
2015-06-15,0.31077926097532516,0.6892207390246748,0.0,-0.0004920594081073878,168709392.24206728
2015-06-16,0.31077926097532516,0.6892207390246748,0.0,0.003017548411480991,169218481.00062928
2015-06-17,0.31077926097532516,0.6892207390246748,0.0,0.0010735565938922316,169400146.6167159
2015-06-18,0.31077926097532516,0.6892207390246748,0.0,0.0018167065809746303,169707896.97789255
2015-06-19,0.31077926097532516,0.6892207390246748,0.0,0.0010102475464818918,169879343.96443307
2015-06-22,0.31077926097532516,0.6892207390246748,0.0,-0.001128805890261387,169687583.1603323
2015-06-23,0.31077926097532516,0.6892207390246748,0.0,-0.0012471769651995822,169475952.7153343
2015-06-24,0.31077926097532516,0.6892207390246748,0.0,-0.0008088307992201514,169338875.34505096
2015-06-25,0.31077926097532516,0.6892207390246748,0.0,-0.0013991665393320583,169101942.05686003
2015-06-26,0.31077926097532516,0.6892207390246748,0.0,-0.0026620611695593577,168651782.3432134
2015-06-29,0.31077926097532516,0.6892207390246748,0.0,-0.0014078220445328683,168414350.6461809
2015-06-30,0.31077926097532516,0.6892207390246748,0.0,0.0007211378908555178,168535800.6157957
2015-07-01,0.3606236952131254,0.6393763047868747,0.0,-0.00016405170725291782,168508152.02997145
2015-07-02,0.3606236952131254,0.6393763047868747,0.0,0.0009951781872155872,168675847.66723967
2015-07-03,0.3606236952131254,0.6393763047868747,0.0,0.0,168675847.66723967
2015-07-06,0.3606236952131254,0.6393763047868747,0.0,0.0023166335982560318,169066607.80315992
2015-07-07,0.3606236952131254,0.6393763047868747,0.0,0.0036673726745323383,169686638.0607931
2015-07-08,0.3606236952131254,0.6393763047868747,0.0,-0.004784105470919868,168874839.28730446
2015-07-09,0.3606236952131254,0.6393763047868747,0.0,-0.0022748163245425957,168490680.0460892
2015-07-10,0.3606236952131254,0.6393763047868747,0.0,0.0008551274697356404,168634761.05499107
2015-07-13,0.3606236952131254,0.6393763047868747,0.0,0.003779566176624029,169272127.29407758
2015-07-14,0.3606236952131254,0.6393763047868747,0.0,0.0025915184163824868,169710799.12934044
2015-07-15,0.3606236952131254,0.6393763047868747,0.0,0.0014348304194301803,169954305.34643704
2015-07-16,0.3606236952131254,0.6393763047868747,0.0,0.0027258572273642203,170417576.5179873
2015-07-17,0.3606236952131254,0.6393763047868747,0.0,0.0006764883017311022,170532862.0149111
2015-07-20,0.3606236952131254,0.6393763047868747,0.0,-0.000621676812611108,170426845.6888082
2015-07-21,0.3606236952131254,0.6393763047868747,0.0,-0.00044162844529942223,170351580.34590936
2015-07-22,0.3606236952131254,0.6393763047868747,0.0,-0.00017192506255272392,170322292.63980243
2015-07-23,0.3606236952131254,0.6393763047868747,0.0,-0.0005778736904293027,170223867.86799228
2015-07-24,0.3606236952131254,0.6393763047868747,0.0,-0.003466211229640698,169633835.98563537
2015-07-27,0.3606236952131254,0.6393763047868747,0.0,-0.0006578903160261087,169522235.52767006
2015-07-28,0.3606236952131254,0.6393763047868747,0.0,0.0038584549497619244,170176329.4364365
2015-07-29,0.3606236952131254,0.6393763047868747,0.0,0.0019699334620793393,170511565.48224717
2015-07-30,0.3606236952131254,0.6393763047868747,0.0,0.00037740951974226056,170575918.17028633
2015-07-31,0.3606236952131254,0.6393763047868747,0.0,0.0009555012177532054,170738903.66781738
2015-08-03,0.30648146452351815,0.6935185354764819,0.0,0.0011312273597846772,170932048.18702608
2015-08-04,0.30648146452351815,0.6935185354764819,0.0,-0.0027317976547711047,170465096.41866353
2015-08-05,0.30648146452351815,0.6935185354764819,0.0,-0.000751065164718447,170337066.0229431
2015-08-06,0.30648146452351815,0.6935185354764819,0.0,-0.0010090408437095828,170165188.96612832
2015-08-07,0.30648146452351815,0.6935185354764819,0.0,0.0010614517192481078,170345811.09851262
2015-08-10,0.30648146452351815,0.6935185354764819,0.0,0.001990191615077357,170684831.9034244
2015-08-11,0.30648146452351815,0.6935185354764819,0.0,0.0006378908970975962,170793710.20396826
2015-08-12,0.30648146452351815,0.6935185354764819,0.0,0.0005695574510641506,170890987.03420982
2015-08-13,0.30648146452351815,0.6935185354764819,0.0,-0.0022943468010995427,170498903.84477115
2015-08-14,0.30648146452351815,0.6935185354764819,0.0,0.0009465244446292787,170660285.22504267
2015-08-17,0.30648146452351815,0.6935185354764819,0.0,0.0032761352091991314,171219391.39428043
2015-08-18,0.30648146452351815,0.6935185354764819,0.0,-0.002309030295796836,170824040.63232315
2015-08-19,0.30648146452351815,0.6935185354764819,0.0,-0.00010795692159201254,170805598.99476257
2015-08-20,0.30648146452351815,0.6935185354764819,0.0,-0.005096284709172962,169935125.03236443
2015-08-21,0.30648146452351815,0.6935185354764819,0.0,-0.008622674577328314,168469829.74995276
2015-08-24,0.30648146452351815,0.6935185354764819,0.0,-0.01013459065327903,166762456.98800936
2015-08-25,0.30648146452351815,0.6935185354764819,0.0,-0.008940927292977291,165271445.98488134
2015-08-26,0.30648146452351815,0.6935185354764819,0.0,0.010650544729416307,167031676.9128386
2015-08-27,0.30648146452351815,0.6935185354764819,0.0,0.007872723419641936,168346671.1074924
2015-08-28,0.30648146452351815,0.6935185354764819,0.0,-0.00065330541508796,168236689.3156458
2015-08-31,0.30648146452351815,0.6935185354764819,0.0,-0.0032980968040648446,167681828.42828742
2015-09-01,0.19701265825214476,0.8029873417478552,0.0,-0.004949996484741639,166851803.96701235
2015-09-02,0.19701265825214476,0.8029873417478552,0.0,0.0026467512317147807,167293419.18467587
2015-09-03,0.19701265825214476,0.8029873417478552,0.0,0.0014286552595799233,167532423.80788717
2015-09-04,0.19701265825214476,0.8029873417478552,0.0,-0.0012452425253152756,167323805.30939242
2015-09-07,0.19701265825214476,0.8029873417478552,0.0,0.0,167323805.30939242
2015-09-08,0.19701265825214476,0.8029873417478552,0.0,0.0022248086298865604,167696068.75543025
2015-09-09,0.19701265825214476,0.8029873417478552,0.0,-0.0018764454431932942,167381396.23137268
2015-09-10,0.19701265825214476,0.8029873417478552,0.0,-0.00025493775394982055,167338724.39416447
2015-09-11,0.19701265825214476,0.8029873417478552,0.0,0.0027834849622544455,167804509.21711844
2015-09-14,0.19701265825214476,0.8029873417478552,0.0,-0.0006915574434207452,167688462.75972977
2015-09-15,0.19701265825214476,0.8029873417478552,0.0,-0.002002923240945931,167352595.64042982
2015-09-16,0.19701265825214476,0.8029873417478552,0.0,0.0008366866222592972,167492617.31840253
2015-09-17,0.19701265825214476,0.8029873417478552,0.0,0.0033341458934462607,168051062.14061722
2015-09-18,0.19701265825214476,0.8029873417478552,0.0,0.0004621054788003661,168128719.4571506
2015-09-21,0.19701265825214476,0.8029873417478552,0.0,-0.002516457761833774,167705630.6360855
2015-09-22,0.19701265825214476,0.8029873417478552,0.0,0.00129721580900148,167923181.03140518
2015-09-23,0.19701265825214476,0.8029873417478552,0.0,-0.0008627252493347466,167778309.46318078
2015-09-24,0.19701265825214476,0.8029873417478552,0.0,0.0005808577636043873,167875764.7967969
2015-09-25,0.19701265825214476,0.8029873417478552,0.0,-0.0019402876391738475,167550037.5254448
2015-09-28,0.19701265825214476,0.8029873417478552,0.0,-0.0017364549770154773,167259094.4288846
2015-09-29,0.19701265825214476,0.8029873417478552,0.0,0.0017073574383334616,167544665.4878867
2015-09-30,0.19701265825214476,0.8029873417478552,0.0,0.003325485758697568,168101832.8869124
2015-10-01,0.2008198842130598,0.7991801157869403,0.0,0.0010321914332479378,168275346.15873155
2015-10-02,0.2008198842130598,0.7991801157869403,0.0,0.0054238422354900015,169188045.08841896
2015-10-05,0.2008198842130598,0.7991801157869403,0.0,0.0009737005894136777,169352783.5876433
2015-10-06,0.2008198842130598,0.7991801157869403,0.0,0.00021951606527176348,169389959.2443393
2015-10-07,0.2008198842130598,0.7991801157869403,0.0,0.0007819338819577627,169522410.99273586
2015-10-08,0.2008198842130598,0.7991801157869403,0.0,-0.00013660147737347569,169499253.98094633
2015-10-09,0.2008198842130598,0.7991801157869403,0.0,0.00033495320872714237,169556028.2999441
2015-10-12,0.2008198842130598,0.7991801157869403,0.0,0.00025551375520043297,169599352.19745192
2015-10-13,0.2008198842130598,0.7991801157869403,0.0,0.0005764726197500629,169697121.5803211
2015-10-14,0.2008198842130598,0.7991801157869403,0.0,0.002340798153942325,170094348.28924564
2015-10-15,0.2008198842130598,0.7991801157869403,0.0,0.0011490815484034526,170289800.56635252
2015-10-16,0.2008198842130598,0.7991801157869403,0.0,0.0008433630483206375,170433416.69165608
2015-10-19,0.2008198842130598,0.7991801157869403,0.0,-0.0002285517060731777,170394463.84349933
2015-10-20,0.2008198842130598,0.7991801157869403,0.0,-0.0021371469326190557,170030305.83776093
2015-10-21,0.2008198842130598,0.7991801157869403,0.0,0.0006577566636973267,170142144.40445623
2015-10-22,0.2008198842130598,0.7991801157869403,0.0,0.0038642230059209633,170799611.59314066
2015-10-23,0.2008198842130598,0.7991801157869403,0.0,-0.0001557675262678958,170773006.56015527
2015-10-26,0.2008198842130598,0.7991801157869403,0.0,0.000715602718180441,170895212.1878416
2015-10-27,0.2008198842130598,0.7991801157869403,0.0,0.0007775074910385521,171028084.49550024
2015-10-28,0.2008198842130598,0.7991801157869403,0.0,-0.00021288196724552873,170991675.7004186
2015-10-29,0.2008198842130598,0.7991801157869403,0.0,-0.003396292326964742,170410937.98426244
2015-10-30,0.2008198842130598,0.7991801157869403,0.0,-0.0001394535175533372,170387173.57953098
2015-11-02,0.2627048343030485,0.7372951656969515,0.0,0.0019442644398847935,170718451.30213416
2015-11-03,0.2627048343030485,0.7372951656969515,0.0,-0.0007461270598818891,170591073.6459965
2015-11-04,0.2627048343030485,0.7372951656969515,0.0,-0.0015747139043177307,170322441.51037365
2015-11-05,0.2627048343030485,0.7372951656969515,0.0,-0.0007801936200384158,170189557.0281579
2015-11-06,0.2627048343030485,0.7372951656969515,0.0,-0.003453100952952266,169601875.30660143
2015-11-09,0.2627048343030485,0.7372951656969515,0.0,-0.0027804008058405867,169130314.11582687
2015-11-10,0.2627048343030485,0.7372951656969515,0.0,0.0014506634702278146,169375665.28422287
2015-11-11,0.2627048343030485,0.7372951656969515,0.0,-0.0008476467955441093,169232094.54430157
2015-11-12,0.2627048343030485,0.7372951656969515,0.0,-0.0038092445150326956,168587448.11639118
2015-11-13,0.2627048343030485,0.7372951656969515,0.0,-0.0015461678619941494,168326783.62217805
2015-11-16,0.2627048343030485,0.7372951656969515,0.0,0.004218098909107598,169036802.64454836
2015-11-17,0.2627048343030485,0.7372951656969515,0.0,0.00023453617349443782,169076447.8894203
2015-11-18,0.2627048343030485,0.7372951656969515,0.0,0.004062817571980125,169763374.65291342
2015-11-19,0.2627048343030485,0.7372951656969515,0.0,0.0005902388377239569,169863575.58985665
2015-11-20,0.2627048343030485,0.7372951656969515,0.0,0.0003970210768603603,169931015.0095567
2015-11-23,0.2627048343030485,0.7372951656969515,0.0,0.00018939820887120697,169963199.63943115
2015-11-24,0.2627048343030485,0.7372951656969515,0.0,0.0006232114173399503,170069122.64597407
2015-11-25,0.2627048343030485,0.7372951656969515,0.0,0.00035698341186760535,170129834.50162956
2015-11-26,0.2627048343030485,0.7372951656969515,0.0,0.0,170129834.50162956
2015-11-27,0.2627048343030485,0.7372951656969515,0.0,0.00038331892863964945,170195048.48752037
2015-11-30,0.2627048343030485,0.7372951656969515,0.0,-0.0009943658570075239,170025812.34227264
2015-12-01,0.20234713680632394,0.7976528631936761,0.0,0.005075533929175044,170888784.12165138
2015-12-02,0.20234713680632394,0.7976528631936761,0.0,-0.002693115347795181,170428560.91436732
2015-12-03,0.20234713680632394,0.7976528631936761,0.0,-0.008894616523784645,168912664.22033352
2015-12-04,0.20234713680632394,0.7976528631936761,0.0,0.00625316974314965,169968903.78147092
2015-12-07,0.20234713680632394,0.7976528631936761,0.0,0.0009567202682157006,170131516.47668505
2015-12-08,0.20234713680632394,0.7976528631936761,0.0,-0.002013568936881416,169788944.93992308
2015-12-09,0.20234713680632394,0.7976528631936761,0.0,-0.0003329017163629627,169732421.90873313
2015-12-10,0.20234713680632394,0.7976528631936761,0.0,-0.0006509468974619063,169621935.11529294
2015-12-11,0.20234713680632394,0.7976528631936761,0.0,0.00048489322376186073,169704183.6422317
2015-12-14,0.20234713680632394,0.7976528631936761,0.0,-0.002508374062233514,169278502.069731
2015-12-15,0.20234713680632394,0.7976528631936761,0.0,0.0005687760989298691,169374783.63577092
2015-12-16,0.20234713680632394,0.7976528631936761,0.0,0.0017493694004913328,169671082.69947818
2015-12-17,0.20234713680632394,0.7976528631936761,0.0,-0.0009750696079875178,169505641.58338356
2015-12-18,0.20234713680632394,0.7976528631936761,0.0,-0.001920632866742177,169180083.47706032
2015-12-21,0.20234713680632394,0.7976528631936761,0.0,0.0015678170557989846,169445326.89743713
2015-12-22,0.20234713680632394,0.7976528631936761,0.0,-9.698776816276494e-06,169443683.48502898
2015-12-23,0.20234713680632394,0.7976528631936761,0.0,0.001514103119472262,169700238.69476855
2015-12-24,0.20234713680632394,0.7976528631936761,0.0,0.0005090032049024633,169786616.66013688
2015-12-25,0.20234713680632394,0.7976528631936761,0.0,0.0,169786616.66013688
2015-12-28,0.20234713680632394,0.7976528631936761,0.0,0.0003428640033790472,169844830.3792452
2015-12-29,0.20234713680632394,0.7976528631936761,0.0,-0.0013929189124027258,169608250.30283612
2015-12-30,0.20234713680632394,0.7976528631936761,0.0,-0.001274604650242456,169392066.83828062
2015-12-31,0.20234713680632394,0.7976528631936761,0.0,-0.0005177932298210172,169304356.77288637
2016-01-01,0.1743425706375647,0.8256574293624354,0.0,0.0,169304356.77288637
2016-01-04,0.1743425706375647,0.8256574293624354,0.0,-0.0012113913717856654,169099262.93588597
2016-01-05,0.1743425706375647,0.8256574293624354,0.0,2.3464573944377218e-06,169099659.7201019
2016-01-06,0.1743425706375647,0.8256574293624354,0.0,0.0011865915525747029,169300311.94786897
2016-01-07,0.1743425706375647,0.8256574293624354,0.0,-0.002946082285162075,168801539.297967
2016-01-08,0.1743425706375647,0.8256574293624354,0.0,-0.0009710748292817879,168637620.37201068
2016-01-11,0.1743425706375647,0.8256574293624354,0.0,-0.0004716304026983522,168558085.74320453
2016-01-12,0.1743425706375647,0.8256574293624354,0.0,0.004112333335153206,169251252.77811593
2016-01-13,0.1743425706375647,0.8256574293624354,0.0,-0.002807913573231414,168776009.88815385
2016-01-14,0.1743425706375647,0.8256574293624354,0.0,0.0016791515785672692,169059410.3915818
2016-01-15,0.1743425706375647,0.8256574293624354,0.0,-0.0004946407113491716,168975786.72456545
2016-01-18,0.1743425706375647,0.8256574293624354,0.0,0.0,168975786.72456545
2016-01-19,0.1743425706375647,0.8256574293624354,0.0,0.00012042126105678092,168996135.00189087
2016-01-20,0.1743425706375647,0.8256574293624354,0.0,0.0005530299631761257,169089594.9282079
2016-01-21,0.1743425706375647,0.8256574293624354,0.0,-0.00044590571019325633,169014196.91229516
2016-01-22,0.1743425706375647,0.8256574293624354,0.0,0.0021008798880415794,169369275.4393817
2016-01-25,0.1743425706375647,0.8256574293624354,0.0,-0.0017422256171520944,169074195.94895273
2016-01-26,0.1743425706375647,0.8256574293624354,0.0,0.003685297459394933,169697284.65373263
2016-01-27,0.1743425706375647,0.8256574293624354,0.0,-0.0019173181349712476,169371920.97241065
2016-01-28,0.1743425706375647,0.8256574293624354,0.0,0.0016319123606121613,169648321.10378614
2016-01-29,0.1743425706375647,0.8256574293624354,0.0,0.006871040626422609,170813981.6102946
2016-02-01,0.08714033524107079,0.9128596647589292,0.0,-0.001935337469455528,170483398.91137734
2016-02-02,0.08714033524107079,0.9128596647589292,0.0,0.0037296905829678484,171119249.23884946
2016-02-03,0.08714033524107079,0.9128596647589292,0.0,-6.248051242192007e-05,171108557.62047175
2016-02-04,0.08714033524107079,0.9128596647589292,0.0,0.001063498470040124,171290531.3097119
2016-02-05,0.08714033524107079,0.9128596647589292,0.0,-0.0010700996364048122,171107233.37443778
2016-02-08,0.08714033524107079,0.9128596647589292,0.0,0.0045877118004911625,171892224.0481391
2016-02-09,0.08714033524107079,0.9128596647589292,0.0,-0.00017678861406577188,171861835.46008092
2016-02-10,0.08714033524107079,0.9128596647589292,0.0,0.00110664461730959,172052025.43521377
2016-02-11,0.08714033524107079,0.9128596647589292,0.0,0.0014060269347505206,172293935.21715406
2016-02-12,0.08714033524107079,0.9128596647589292,0.0,-0.0029682663136825047,171782520.9331972
2016-02-15,0.08714033524107079,0.9128596647589292,0.0,0.0,171782520.9331972
2016-02-16,0.08714033524107079,0.9128596647589292,0.0,0.00011604744372136345,171802455.8556275
2016-02-17,0.08714033524107079,0.9128596647589292,0.0,-0.0009178720408569334,171644763.18484706
2016-02-18,0.08714033524107079,0.9128596647589292,0.0,0.002635771009100074,172097179.47551352
2016-02-19,0.08714033524107079,0.9128596647589292,0.0,0.0002644528608031798,172142691.06696197
2016-02-22,0.08714033524107079,0.9128596647589292,0.0,0.0006099333134456164,172247686.62890992
2016-02-23,0.08714033524107079,0.9128596647589292,0.0,0.00014065404164966423,172271913.9621991
2016-02-24,0.08714033524107079,0.9128596647589292,0.0,0.00045795322299747854,172350806.44043005
2016-02-25,0.08714033524107079,0.9128596647589292,0.0,0.003223431953817715,172906367.5371764
2016-02-26,0.08714033524107079,0.9128596647589292,0.0,-0.004282400693939667,172165913.18884858
2016-02-29,0.08714033524107079,0.9128596647589292,0.0,0.00024254545106288067,172207671.24792063
2016-03-01,0.19132648194127433,0.8086735180587258,0.0,0.00017589456143199574,172237961.64073002
2016-03-02,0.19132648194127433,0.8086735180587258,0.0,0.0006034710381112301,172341902.26224354
2016-03-03,0.19132648194127433,0.8086735180587258,0.0,0.0018541357998785083,172661447.55304712
2016-03-04,0.19132648194127433,0.8086735180587258,0.0,-0.001694328387531137,172368902.36102575
2016-03-07,0.19132648194127433,0.8086735180587258,0.0,-0.00029699542879877506,172317709.58495748
2016-03-08,0.19132648194127433,0.8086735180587258,0.0,0.0007850078798621925,172452980.34482145
2016-03-09,0.19132648194127433,0.8086735180587258,0.0,-0.0010451968190950415,172272733.03832158
2016-03-10,0.19132648194127433,0.8086735180587258,0.0,-0.0013843667120666055,172034244.4013066
2016-03-11,0.19132648194127433,0.8086735180587258,0.0,0.0011514153899367346,172232327.27790642
2016-03-14,0.19132648194127433,0.8086735180587258,0.0,0.0003794782733440677,172297685.70407587
2016-03-15,0.19132648194127433,0.8086735180587258,0.0,-0.00018057895832551286,172266572.36746955
2016-03-16,0.19132648194127433,0.8086735180587258,0.0,0.0026495171779571895,172722995.61014497
2016-03-17,0.19132648194127433,0.8086735180587258,0.0,0.0029824069219279064,173238125.86782882
2016-03-18,0.19132648194127433,0.8086735180587258,0.0,0.0022344872688695944,173625224.25456327
2016-03-21,0.19132648194127433,0.8086735180587258,0.0,-0.0021113120770138083,173258647.2217204
2016-03-22,0.19132648194127433,0.8086735180587258,0.0,-0.0005174623072125663,173168992.4023845
2016-03-23,0.19132648194127433,0.8086735180587258,0.0,0.0018381721275254144,173487306.8175702
2016-03-24,0.19132648194127433,0.8086735180587258,0.0,-0.0009089940689905007,173329607.8846279
2016-03-25,0.19132648194127433,0.8086735180587258,0.0,0.0,173329607.8846279
2016-03-28,0.19132648194127433,0.8086735180587258,0.0,0.0011700418325368911,173532410.77667013
2016-03-29,0.19132648194127433,0.8086735180587258,0.0,0.004439810878106279,174302861.8617404
2016-03-30,0.19132648194127433,0.8086735180587258,0.0,0.000239615657461681,174344627.55658287
2016-03-31,0.19132648194127433,0.8086735180587258,0.0,0.0016454221418203503,174631498.06707188
2016-04-01,0.21381915612119773,0.6746227910293396,0.11155805284946248,-5.9324720756388414e-05,174621138.10221377
2016-04-04,0.21381915612119773,0.6746227910293396,0.11155805284946248,-0.0006317601820664953,174510819.42021367
2016-04-05,0.21381915612119773,0.6746227910293396,0.11155805284946248,-0.0005423120234987115,174416180.10461146
2016-04-06,0.21381915612119773,0.6746227910293396,0.11155805284946248,0.0013399659447821295,174649891.84617063
2016-04-07,0.21381915612119773,0.6746227910293396,0.11155805284946248,9.585329270036317e-05,174666632.61337388
2016-04-08,0.21381915612119773,0.6746227910293396,0.11155805284946248,0.0006796820549142885,174785350.38915348
2016-04-11,0.21381915612119773,0.6746227910293396,0.11155805284946248,0.0008625092400099521,174936104.3688825
2016-04-12,0.21381915612119773,0.6746227910293396,0.11155805284946248,0.0008622689305135038,175086946.33650485
2016-04-13,0.21381915612119773,0.6746227910293396,0.11155805284946248,0.0024868572501715066,175522362.57841218
2016-04-14,0.21381915612119773,0.6746227910293396,0.11155805284946248,-0.0007329781372748849,175393708.52403936
2016-04-15,0.21381915612119773,0.6746227910293396,0.11155805284946248,0.0009296591249914454,175556764.88563484
2016-04-18,0.21381915612119773,0.6746227910293396,0.11155805284946248,0.0005645756813840385,175655879.96579173
2016-04-19,0.21381915612119773,0.6746227910293396,0.11155805284946248,0.0016333999830268923,175942796.27714643
2016-04-20,0.21381915612119773,0.6746227910293396,0.11155805284946248,-0.002020700809245013,175587268.52632838
2016-04-21,0.21381915612119773,0.6746227910293396,0.11155805284946248,-0.002146754214914806,175210325.81753412
2016-04-22,0.21381915612119773,0.6746227910293396,0.11155805284946248,-0.0015715467297443145,174934974.6029781
2016-04-25,0.21381915612119773,0.6746227910293396,0.11155805284946248,-0.0005549510822914649,174837894.24949157
2016-04-26,0.21381915612119773,0.6746227910293396,0.11155805284946248,9.440224617097233e-05,174854399.33942455
2016-04-27,0.21381915612119773,0.6746227910293396,0.11155805284946248,0.0022813305123019203,175253300.0158478
2016-04-28,0.21381915612119773,0.6746227910293396,0.11155805284946248,0.00012783269092191997,175275703.11678177
2016-04-29,0.21381915612119773,0.6746227910293396,0.11155805284946248,0.0010576424546773035,175461082.1416715
2016-05-02,0.18534974656894246,0.6163676619045465,0.198282591526511,-0.0014392549592773687,175208548.90903893
2016-05-03,0.18534974656894246,0.6163676619045465,0.198282591526511,-0.0018538959014772368,174883730.49831268
2016-05-04,0.18534974656894246,0.6163676619045465,0.198282591526511,-0.0006629417729938178,174767792.76794836
2016-05-05,0.18534974656894246,0.6163676619045465,0.198282591526511,0.0009306848212147824,174930446.4999147
2016-05-06,0.18534974656894246,0.6163676619045465,0.198282591526511,2.9291422291739854e-05,174935570.4614948
2016-05-09,0.18534974656894246,0.6163676619045465,0.198282591526511,-0.00140446662061144,174689879.292024
2016-05-10,0.18534974656894246,0.6163676619045465,0.198282591526511,0.0047703620506772786,175523213.2628361
2016-05-11,0.18534974656894246,0.6163676619045465,0.198282591526511,0.0006421140188401875,175635919.17870402
2016-05-12,0.18534974656894246,0.6163676619045465,0.198282591526511,-0.0023921988048452997,175215763.14275682
2016-05-13,0.18534974656894246,0.6163676619045465,0.198282591526511,-0.0006243980977800862,175106358.7535494
2016-05-16,0.18534974656894246,0.6163676619045465,0.198282591526511,0.0010513808646472043,175290462.22842094
2016-05-17,0.18534974656894246,0.6163676619045465,0.198282591526511,-0.0009476130492548917,175124354.69900337
2016-05-18,0.18534974656894246,0.6163676619045465,0.198282591526511,-0.005946351120672514,174083003.79618192
2016-05-19,0.18534974656894246,0.6163676619045465,0.198282591526511,-0.0006089740673779439,173976991.7612988
2016-05-20,0.18534974656894246,0.6163676619045465,0.198282591526511,0.0018907578749074302,174305940.12852418
2016-05-23,0.18534974656894246,0.6163676619045465,0.198282591526511,-0.0010279831613366679,174126756.5571511
2016-05-24,0.18534974656894246,0.6163676619045465,0.198282591526511,0.0014511693691181965,174379443.97261074
2016-05-25,0.18534974656894246,0.6163676619045465,0.198282591526511,0.0007324170015791835,174507162.4421022
2016-05-26,0.18534974656894246,0.6163676619045465,0.198282591526511,0.0017140615304812022,174806278.45603764
2016-05-27,0.18534974656894246,0.6163676619045465,0.198282591526511,-0.00024291508319897285,174763815.3743628
2016-05-30,0.18534974656894246,0.6163676619045465,0.198282591526511,-2.7822094944630126e-05,174758953.07889855
2016-05-31,0.18534974656894246,0.6163676619045465,0.198282591526511,0.0004201638879274413,174832380.48007432
2016-06-01,0.1934655866328739,0.7416181628989796,0.06491625046814645,-8.832074644894139e-05,174816939.15372688
2016-06-02,0.1934655866328739,0.7416181628989796,0.06491625046814645,0.0023248828705066354,175223368.06103978
2016-06-03,0.1934655866328739,0.7416181628989796,0.06491625046814645,0.004666171037912768,176040990.26625174
2016-06-06,0.1934655866328739,0.7416181628989796,0.06491625046814645,0.0005515065562533908,176138078.02655292
2016-06-07,0.1934655866328739,0.7416181628989796,0.06491625046814645,0.0010511856671993236,176323231.84962243
2016-06-08,0.1934655866328739,0.7416181628989796,0.06491625046814645,0.0017119556571429282,176625089.40387315
2016-06-09,0.1934655866328739,0.7416181628989796,0.06491625046814645,0.0010099614844795084,176803473.94136378
2016-06-10,0.1934655866328739,0.7416181628989796,0.06491625046814645,-0.00042608003399878953,176728141.51117572
2016-06-13,0.1934655866328739,0.7416181628989796,0.06491625046814645,-0.00044811437602100513,176648947.0903171
2016-06-14,0.1934655866328739,0.7416181628989796,0.06491625046814645,-0.0002618634594429164,176602689.1859251
2016-06-15,0.1934655866328739,0.7416181628989796,0.06491625046814645,0.0005055678110506558,176691973.82092246
2016-06-16,0.1934655866328739,0.7416181628989796,0.06491625046814645,0.001609764977764593,176976406.3722315
2016-06-17,0.1934655866328739,0.7416181628989796,0.06491625046814645,-0.002036329169569988,176616024.15361005
2016-06-20,0.1934655866328739,0.7416181628989796,0.06491625046814645,-0.0003616030127728158,176552159.26717216
2016-06-21,0.1934655866328739,0.7416181628989796,0.06491625046814645,-0.0007543257319509822,176418981.4304054
2016-06-22,0.1934655866328739,0.7416181628989796,0.06491625046814645,-9.43719420932684e-05,176402332.42850572
2016-06-23,0.1934655866328739,0.7416181628989796,0.06491625046814645,0.00027501454853220134,176450845.63631856
2016-06-24,0.1934655866328739,0.7416181628989796,0.06491625046814645,0.00018805966923808788,176484028.92398572
2016-06-27,0.1934655866328739,0.7416181628989796,0.06491625046814645,0.0017267733281830582,176788776.83798194
2016-06-28,0.1934655866328739,0.7416181628989796,0.06491625046814645,0.003977352376063446,177491928.09959984
2016-06-29,0.1934655866328739,0.7416181628989796,0.06491625046814645,0.003547913802947535,178121654.16121617
2016-06-30,0.1934655866328739,0.7416181628989796,0.06491625046814645,0.0022199701124229606,178517078.9098294
2016-07-01,0.15969542934489406,0.6937607882073092,0.14654378244779664,0.0022940417952233166,178926604.55000976
2016-07-04,0.15969542934489406,0.6937607882073092,0.14654378244779664,7.831429037800201e-05,178940617.06007484
2016-07-05,0.15969542934489406,0.6937607882073092,0.14654378244779664,0.0017624402187121242,179255989.20034266
2016-07-06,0.15969542934489406,0.6937607882073092,0.14654378244779664,-0.00014132250123784096,179230656.295587
2016-07-07,0.15969542934489406,0.6937607882073092,0.14654378244779664,-0.0008248929669899102,179082810.1877398
2016-07-08,0.15969542934489406,0.6937607882073092,0.14654378244779664,0.0041595162158639554,179827708.04069817
2016-07-11,0.15969542934489406,0.6937607882073092,0.14654378244779664,-0.002300278824380186,179414054.17185533
2016-07-12,0.15969542934489406,0.6937607882073092,0.14654378244779664,-0.0011812979947918977,179202112.70942461
2016-07-13,0.15969542934489406,0.6937607882073092,0.14654378244779664,0.0017653205386292717,179518461.8795563
2016-07-14,0.15969542934489406,0.6937607882073092,0.14654378244779664,-0.0009562540138662037,179346796.62982088
2016-07-15,0.15969542934489406,0.6937607882073092,0.14654378244779664,-0.003242601711196464,178765246.40017143
2016-07-18,0.15969542934489406,0.6937607882073092,0.14654378244779664,0.0005345579255911731,178860806.7794549
2016-07-19,0.15969542934489406,0.6937607882073092,0.14654378244779664,-9.317728936028558e-05,178844141.01430637
2016-07-20,0.15969542934489406,0.6937607882073092,0.14654378244779664,-0.0005391057275462997,178747725.11354744
2016-07-21,0.15969542934489406,0.6937607882073092,0.14654378244779664,0.00031478861362392216,178803992.86212435
2016-07-22,0.15969542934489406,0.6937607882073092,0.14654378244779664,-0.00027108628690155744,178755521.5516162
2016-07-25,0.15969542934489406,0.6937607882073092,0.14654378244779664,-0.001209090628932218,178539389.92563826
2016-07-26,0.15969542934489406,0.6937607882073092,0.14654378244779664,0.0007896144508007727,178680367.2079607
2016-07-27,0.15969542934489406,0.6937607882073092,0.14654378244779664,0.0019116435118291895,179021940.37262505
2016-07-28,0.15969542934489406,0.6937607882073092,0.14654378244779664,0.0008023241381116893,179165573.99663758
2016-07-29,0.15969542934489406,0.6937607882073092,0.14654378244779664,0.0038418761850611298,179853905.9485581
2016-08-01,0.167043199023336,0.72260460957766,0.11035219139900396,-0.0022341095197444026,179452092.6251152
2016-08-02,0.167043199023336,0.72260460957766,0.11035219139900396,-0.0020205332688507122,179089503.70180127
2016-08-03,0.167043199023336,0.72260460957766,0.11035219139900396,0.0001315711672942236,179113066.71685344
2016-08-04,0.167043199023336,0.72260460957766,0.11035219139900396,0.0025188641698343484,179564228.2029557
2016-08-05,0.167043199023336,0.72260460957766,0.11035219139900396,-0.0023148270026738136,179148568.07879722
2016-08-08,0.167043199023336,0.72260460957766,0.11035219139900396,0.00024124380585499486,179191786.56117404
2016-08-09,0.167043199023336,0.72260460957766,0.11035219139900396,0.0022681115033675353,179598213.5135824
2016-08-10,0.167043199023336,0.72260460957766,0.11035219139900396,0.001437264475053615,179856343.64564854
2016-08-11,0.167043199023336,0.72260460957766,0.11035219139900396,-0.002341838792427614,179435149.08303496
2016-08-12,0.167043199023336,0.72260460957766,0.11035219139900396,0.0018119385642395734,179760274.54943863
2016-08-15,0.167043199023336,0.72260460957766,0.11035219139900396,-0.0010000102841277786,179580512.42621154
2016-08-16,0.167043199023336,0.72260460957766,0.11035219139900396,-0.0019617239108015556,179228225.04107106
2016-08-17,0.167043199023336,0.72260460957766,0.11035219139900396,0.0007459207788551613,179361915.0982865
2016-08-18,0.167043199023336,0.72260460957766,0.11035219139900396,0.0016912000384300334,179665251.9759936
2016-08-19,0.167043199023336,0.72260460957766,0.11035219139900396,-0.0024411639661685745,179226659.6368972
2016-08-22,0.167043199023336,0.72260460957766,0.11035219139900396,0.001886062769643419,179564692.36696592
2016-08-23,0.167043199023336,0.72260460957766,0.11035219139900396,0.00020464604576004138,179601439.5712169
2016-08-24,0.167043199023336,0.72260460957766,0.11035219139900396,-0.0016800176399724247,179299705.98457286
2016-08-25,0.167043199023336,0.72260460957766,0.11035219139900396,-0.0011987089296653655,179084777.8259228
2016-08-26,0.167043199023336,0.72260460957766,0.11035219139900396,-0.0023700090276304576,178660345.28576416
2016-08-29,0.167043199023336,0.72260460957766,0.11035219139900396,0.003352762398226252,179259350.97349238
2016-08-30,0.167043199023336,0.72260460957766,0.11035219139900396,-0.0012762918831828933,179030563.71886027
2016-08-31,0.167043199023336,0.72260460957766,0.11035219139900396,3.4046154914838125e-05,179036659.02116713
2016-09-01,0.17491770076060217,0.6813338056925669,0.1437484935468309,8.120910897906995e-05,179051198.42872083
2016-09-02,0.17491770076060217,0.6813338056925669,0.1437484935468309,1.008775873315859e-05,179053004.6540115
2016-09-05,0.17491770076060217,0.6813338056925669,0.1437484935468309,-6.836290402568883e-05,179040764.0706388
2016-09-06,0.17491770076060217,0.6813338056925669,0.1437484935468309,0.004356246433275784,179820709.7605325
2016-09-07,0.17491770076060217,0.6813338056925669,0.1437484935468309,-5.47468940450013e-05,179810865.13518813
2016-09-08,0.17491770076060217,0.6813338056925669,0.1437484935468309,-0.003184810299337722,179238201.63997278
2016-09-09,0.17491770076060217,0.6813338056925669,0.1437484935468309,-0.008179868310952607,177772056.75426582
2016-09-12,0.17491770076060217,0.6813338056925669,0.1437484935468309,0.002537619320664659,178223174.56015974
2016-09-13,0.17491770076060217,0.6813338056925669,0.1437484935468309,-0.005477700694744208,177246921.35305205
2016-09-14,0.17491770076060217,0.6813338056925669,0.1437484935468309,0.00117546686791531,177455269.23654255
2016-09-15,0.17491770076060217,0.6813338056925669,0.1437484935468309,0.0016076877006940386,177740561.8903175
2016-09-16,0.17491770076060217,0.6813338056925669,0.1437484935468309,-0.0004386961917250441,177662587.78270113
2016-09-19,0.17491770076060217,0.6813338056925669,0.1437484935468309,0.0010749109915038193,177853559.25108775
2016-09-20,0.17491770076060217,0.6813338056925669,0.1437484935468309,0.00039331171946264016,177923511.14028934
2016-09-21,0.17491770076060217,0.6813338056925669,0.1437484935468309,0.0026878264565338267,178401738.6607716
2016-09-22,0.17491770076060217,0.6813338056925669,0.1437484935468309,0.0026182595854945616,178868840.7230891
2016-09-23,0.17491770076060217,0.6813338056925669,0.1437484935468309,-0.00027918735501951516,178818902.8045522
2016-09-26,0.17491770076060217,0.6813338056925669,0.1437484935468309,-0.0005754768916742159,178715996.65819362
2016-09-27,0.17491770076060217,0.6813338056925669,0.1437484935468309,0.002579724328792196,179177034.6627171
2016-09-28,0.17491770076060217,0.6813338056925669,0.1437484935468309,0.0006004660451325583,179284624.3880996
2016-09-29,0.17491770076060217,0.6813338056925669,0.1437484935468309,-0.000895000999769221,179124164.47002903
2016-09-30,0.17491770076060217,0.6813338056925669,0.1437484935468309,-0.000743211789434797,178991037.27922222
2016-10-03,0.1612429873207935,0.6595341943666954,0.17922281831251105,-0.0010327746723789032,178806179.8693374
2016-10-04,0.1612429873207935,0.6595341943666954,0.17922281831251105,-0.003131318612822292,178246280.75022492
2016-10-05,0.1612429873207935,0.6595341943666954,0.17922281831251105,-0.0007748366181188819,178108169.00485614
2016-10-06,0.1612429873207935,0.6595341943666954,0.17922281831251105,-0.001073302827811962,177917005.00340682
2016-10-07,0.1612429873207935,0.6595341943666954,0.17922281831251105,-0.0005224681681622458,177824049.03171778
2016-10-10,0.1612429873207935,0.6595341943666954,0.17922281831251105,0.0015334917945146191,178096740.7517753
2016-10-11,0.1612429873207935,0.6595341943666954,0.17922281831251105,-0.0035439291899356713,177465578.5135927
2016-10-12,0.1612429873207935,0.6595341943666954,0.17922281831251105,-0.0004945169608049702,177377818.77505866
2016-10-13,0.1612429873207935,0.6595341943666954,0.17922281831251105,0.00133109503456602,177613925.50887227
2016-10-14,0.1612429873207935,0.6595341943666954,0.17922281831251105,-0.0012800339714200454,177386573.65042365
2016-10-17,0.1612429873207935,0.6595341943666954,0.17922281831251105,0.0007247446592051365,177515133.6222915
2016-10-18,0.1612429873207935,0.6595341943666954,0.17922281831251105,0.0022326185684839036,177911457.20580354
2016-10-19,0.1612429873207935,0.6595341943666954,0.17922281831251105,0.0008961406063142174,178070890.8869342
2016-10-20,0.1612429873207935,0.6595341943666954,0.17922281831251105,-0.0007267854404553955,177941471.55606866
2016-10-21,0.1612429873207935,0.6595341943666954,0.17922281831251105,0.00012350068546497964,177963447.44977847
2016-10-24,0.1612429873207935,0.6595341943666954,0.17922281831251105,0.00048571559792648345,178049887.07206562
2016-10-25,0.1612429873207935,0.6595341943666954,0.17922281831251105,-0.00013309161597489439,178026190.12487108
2016-10-26,0.1612429873207935,0.6595341943666954,0.17922281831251105,-0.001327538021347703,177789853.58868462
2016-10-27,0.1612429873207935,0.6595341943666954,0.17922281831251105,-0.0029499259099369057,177265386.69305947
2016-10-28,0.1612429873207935,0.6595341943666954,0.17922281831251105,-0.000982038242034297,177091305.3043379
2016-10-31,0.1612429873207935,0.6595341943666954,0.17922281831251105,0.000610561174614175,177199430.37971845
2016-11-01,0.14734394093392647,0.6484812743457943,0.20417478472027925,-0.0010669094908013262,177010374.62568176
2016-11-02,0.14734394093392647,0.6484812743457943,0.20417478472027925,-0.0006777727263744602,176890401.82147512
2016-11-03,0.14734394093392647,0.6484812743457943,0.20417478472027925,-0.001312858891279203,176658169.68466187
2016-11-04,0.14734394093392647,0.6484812743457943,0.20417478472027925,0.00048305311000923165,176743504.96293658
2016-11-07,0.14734394093392647,0.6484812743457943,0.20417478472027925,0.0029628469355049,177267168.91498643
2016-11-08,0.14734394093392647,0.6484812743457943,0.20417478472027925,-0.0004037427534349736,177195598.58011505
2016-11-09,0.14734394093392647,0.6484812743457943,0.20417478472027925,-0.006672667405739919,176013231.28502893
2016-11-10,0.14734394093392647,0.6484812743457943,0.20417478472027925,-0.004289155072909654,175258283.24116355
2016-11-11,0.14734394093392647,0.6484812743457943,0.20417478472027925,-0.002901873157273731,174749705.93343613
2016-11-14,0.14734394093392647,0.6484812743457943,0.20417478472027925,-0.0032633252935225458,174179440.79802793
2016-11-15,0.14734394093392647,0.6484812743457943,0.20417478472027925,0.0013591341542882132,174416174.02499133
2016-11-16,0.14734394093392647,0.6484812743457943,0.20417478472027925,0.0008138293645974038,174558119.0290736
2016-11-17,0.14734394093392647,0.6484812743457943,0.20417478472027925,-0.00110242852481997,174365681.17941704
2016-11-18,0.14734394093392647,0.6484812743457943,0.20417478472027925,-0.002842314428374618,173870079.08798742
2016-11-21,0.14734394093392647,0.6484812743457943,0.20417478472027925,0.0011813008045474056,174075471.9523008
2016-11-22,0.14734394093392647,0.6484812743457943,0.20417478472027925,0.0007052912490169495,174198245.8593372
2016-11-23,0.14734394093392647,0.6484812743457943,0.20417478472027925,-0.001130858386266079,174001252.31213436
2016-11-24,0.14734394093392647,0.6484812743457943,0.20417478472027925,0.0,174001252.31213436
2016-11-25,0.14734394093392647,0.6484812743457943,0.20417478472027925,0.000482789117083195,174085258.22310948
2016-11-28,0.14734394093392647,0.6484812743457943,0.20417478472027925,0.0008856209569013486,174239431.77607945
2016-11-29,0.14734394093392647,0.6484812743457943,0.20417478472027925,0.001116018541963622,174433886.21268275
2016-11-30,0.14734394093392647,0.6484812743457943,0.20417478472027925,-0.0025044385421517834,173997027.26499438
2016-12-01,0.1784473096236702,0.6328571052629997,0.18869558511333004,-0.003123369283076432,173453570.29468828
2016-12-02,0.1784473096236702,0.6328571052629997,0.18869558511333004,0.001931392456960604,173788577.21198833
2016-12-05,0.1784473096236702,0.6328571052629997,0.18869558511333004,0.0010945923806902323,173978804.86445555
2016-12-06,0.1784473096236702,0.6328571052629997,0.18869558511333004,0.00024858033342468997,174022052.5737776
2016-12-07,0.1784473096236702,0.6328571052629997,0.18869558511333004,0.004036551672362332,174724501.5811222
2016-12-08,0.1784473096236702,0.6328571052629997,0.18869558511333004,-0.0009429001574924204,174559753.82106358
2016-12-09,0.1784473096236702,0.6328571052629997,0.18869558511333004,-0.0009479927983962703,174394272.43155137
2016-12-12,0.1784473096236702,0.6328571052629997,0.18869558511333004,-0.00019917340441765057,174359537.7306002
2016-12-13,0.1784473096236702,0.6328571052629997,0.18869558511333004,0.0009259835385871623,174520991.7923344
2016-12-14,0.1784473096236702,0.6328571052629997,0.18869558511333004,-0.003103280063570755,173979404.27783066
2016-12-15,0.1784473096236702,0.6328571052629997,0.18869558511333004,-0.0009158758968697617,173820060.7349008
2016-12-16,0.1784473096236702,0.6328571052629997,0.18869558511333004,-0.0008195573102814351,173677605.23345196
2016-12-19,0.1784473096236702,0.6328571052629997,0.18869558511333004,0.002015576820731197,174027665.78884062
2016-12-20,0.1784473096236702,0.6328571052629997,0.18869558511333004,-0.00036439792810974555,173964250.4679934
2016-12-21,0.1784473096236702,0.6328571052629997,0.18869558511333004,0.0006399388234091991,174075576.9457532
2016-12-22,0.1784473096236702,0.6328571052629997,0.18869558511333004,-0.0005097967902952307,173986833.77535746
2016-12-23,0.1784473096236702,0.6328571052629997,0.18869558511333004,0.0006908169730125152,174107026.83321017
2016-12-26,0.1784473096236702,0.6328571052629997,0.18869558511333004,0.0,174107026.83321017
2016-12-27,0.1784473096236702,0.6328571052629997,0.18869558511333004,0.0002766872241936349,174155200.0231773
2016-12-28,0.1784473096236702,0.6328571052629997,0.18869558511333004,0.0005582602713459983,174252423.95239854
2016-12-29,0.1784473096236702,0.6328571052629997,0.18869558511333004,0.0008974306660005147,174408803.42127836
2016-12-30,0.1784473096236702,0.6328571052629997,0.18869558511333004,0.0004945906670951676,174495064.38770977
2017-01-02,0.20668909880607114,0.6097781265643306,0.18353277462959822,0.0,174495064.38770977
2017-01-03,0.20668909880607114,0.6097781265643306,0.18353277462959822,0.0007481168889248107,174625607.0924122
2017-01-04,0.20668909880607114,0.6097781265643306,0.18353277462959822,0.0018467765178433895,174948101.5630046
2017-01-05,0.20668909880607114,0.6097781265643306,0.18353277462959822,0.0030794568416560733,175486846.69129756
2017-01-06,0.20668909880607114,0.6097781265643306,0.18353277462959822,-0.0010110665994120097,175309417.80197185
2017-01-09,0.20668909880607114,0.6097781265643306,0.18353277462959822,0.00043489437266724566,175385658.88124952
2017-01-10,0.20668909880607114,0.6097781265643306,0.18353277462959822,0.00040030653020470296,175455866.90580395
2017-01-11,0.20668909880607114,0.6097781265643306,0.18353277462959822,0.0006634455741434024,175572272.3241601
2017-01-12,0.20668909880607114,0.6097781265643306,0.18353277462959822,0.0010330827806526717,175753653.01545826
2017-01-13,0.20668909880607114,0.6097781265643306,0.18353277462959822,-0.00062715010824683,175643429.0929448
2017-01-16,0.20668909880607114,0.6097781265643306,0.18353277462959822,-0.00018086745408753534,175611660.91309756
2017-01-17,0.20668909880607114,0.6097781265643306,0.18353277462959822,0.0018090257484385578,175929346.92941543
2017-01-18,0.20668909880607114,0.6097781265643306,0.18353277462959822,-0.0019612978081252866,175584297.08689788
2017-01-19,0.20668909880607114,0.6097781265643306,0.18353277462959822,-0.002726730840504306,175105525.96892273
2017-01-20,0.20668909880607114,0.6097781265643306,0.18353277462959822,0.0011947193791684609,175314727.93419728
2017-01-23,0.20668909880607114,0.6097781265643306,0.18353277462959822,0.002302366140024333,175718366.62764055
2017-01-24,0.20668909880607114,0.6097781265643306,0.18353277462959822,-0.0009214879378201837,175556444.27233973
2017-01-25,0.20668909880607114,0.6097781265643306,0.18353277462959822,-0.00022317967500328086,175517263.6421623
2017-01-26,0.20668909880607114,0.6097781265643306,0.18353277462959822,0.00022871623459924087,175557407.2898097
2017-01-27,0.20668909880607114,0.6097781265643306,0.18353277462959822,0.0011972186999685693,175767587.90073505
2017-01-30,0.20668909880607114,0.6097781265643306,0.18353277462959822,-0.0012391826549075424,175549779.75451353
2017-01-31,0.20668909880607114,0.6097781265643306,0.18353277462959822,0.001665546788730938,175842166.1264461
2017-02-01,0.20187586921947898,0.642314218278639,0.1558099125018821,-0.0005700655423403557,175741924.56664693
2017-02-02,0.20187586921947898,0.642314218278639,0.1558099125018821,0.0014353319728674116,175994172.5699507
2017-02-03,0.20187586921947898,0.642314218278639,0.1558099125018821,0.0008865104742966639,176150193.2473491
2017-02-06,0.20187586921947898,0.642314218278639,0.1558099125018821,0.0025126927101561344,176592804.55381432
2017-02-07,0.20187586921947898,0.642314218278639,0.1558099125018821,0.0006108743853616536,176700680.57475543
2017-02-08,0.20187586921947898,0.642314218278639,0.1558099125018821,0.00247694393034446,177138358.2529928
2017-02-09,0.20187586921947898,0.642314218278639,0.1558099125018821,-0.0011636041719392009,176932239.32031918
2017-02-10,0.20187586921947898,0.642314218278639,0.1558099125018821,0.001107746831898039,177128235.44788688
2017-02-13,0.20187586921947898,0.642314218278639,0.1558099125018821,-0.0003515998105181817,177065957.19386598
2017-02-14,0.20187586921947898,0.642314218278639,0.1558099125018821,-0.0005893158655331516,176961609.4160458
2017-02-15,0.20187586921947898,0.642314218278639,0.1558099125018821,0.0011712360467639616,177168873.23188725
2017-02-16,0.20187586921947898,0.642314218278639,0.1558099125018821,0.0018814717477964003,177502211.46146196
2017-02-17,0.20187586921947898,0.642314218278639,0.1558099125018821,0.00032342086944749234,177559619.3810217
2017-02-20,0.20187586921947898,0.642314218278639,0.1558099125018821,0.0004210725943580451,177634384.8706077
2017-02-21,0.20187586921947898,0.642314218278639,0.1558099125018821,0.0008334662001119614,177782437.12637502
2017-02-22,0.20187586921947898,0.642314218278639,0.1558099125018821,0.0002473001542210799,177826402.75049418
2017-02-23,0.20187586921947898,0.642314218278639,0.1558099125018821,0.0018006069924616412,178146598.21473104
2017-02-24,0.20187586921947898,0.642314218278639,0.1558099125018821,0.0026006690152028437,178609898.5528719
2017-02-27,0.20187586921947898,0.642314218278639,0.1558099125018821,-0.0017549084300094438,178296454.53621835
2017-02-28,0.20187586921947898,0.642314218278639,0.1558099125018821,-0.0001799251322249549,178264374.52306068
2017-03-01,0.21744856851751834,0.634220457270699,0.14833097421178276,-0.0010255957074405777,178081547.34576026
2017-03-02,0.21744856851751834,0.634220457270699,0.14833097421178276,-0.0036437230861258675,177432667.5004835
2017-03-03,0.21744856851751834,0.634220457270699,0.14833097421178276,0.00020884491988205545,177469723.4117121
2017-03-06,0.21744856851751834,0.634220457270699,0.14833097421178276,-0.0006190282499774181,177359864.6394046
2017-03-07,0.21744856851751834,0.634220457270699,0.14833097421178276,-0.001874451138782068,177027412.23915702
2017-03-08,0.21744856851751834,0.634220457270699,0.14833097421178276,-0.0030236645663426825,176492140.72549814
2017-03-09,0.21744856851751834,0.634220457270699,0.14833097421178276,-0.002344428847717267,176078367.45938593
2017-03-10,0.21744856851751834,0.634220457270699,0.14833097421178276,0.0019029146585545493,176413429.56587872
2017-03-13,0.21744856851751834,0.634220457270699,0.14833097421178276,-0.0002964290049127303,176361135.50849926
2017-03-14,0.21744856851751834,0.634220457270699,0.14833097421178276,-0.0004846439325205497,176275663.15424266
2017-03-15,0.21744856851751834,0.634220457270699,0.14833097421178276,0.00579977170339797,177298021.75740236
2017-03-16,0.21744856851751834,0.634220457270699,0.14833097421178276,3.472492486595409e-05,177304178.41788676
2017-03-17,0.21744856851751834,0.634220457270699,0.14833097421178276,0.0008440274020938022,177453828.0029772
2017-03-20,0.21744856851751834,0.634220457270699,0.14833097421178276,0.0012642288209042964,177678170.24671838
2017-03-21,0.21744856851751834,0.634220457270699,0.14833097421178276,-0.0010891525610847144,177484651.6125453
2017-03-22,0.21744856851751834,0.634220457270699,0.14833097421178276,0.0016316188368843377,177774238.91337422
2017-03-23,0.21744856851751834,0.634220457270699,0.14833097421178276,-0.0015234893407005737,177503401.75533852
2017-03-24,0.21744856851751834,0.634220457270699,0.14833097421178276,0.0006199272482915467,177613440.95075113
2017-03-27,0.21744856851751834,0.634220457270699,0.14833097421178276,0.0007462401580194517,177745983.2329926
2017-03-28,0.21744856851751834,0.634220457270699,0.14833097421178276,0.00020550194167600773,177782510.37767208
2017-03-29,0.21744856851751834,0.634220457270699,0.14833097421178276,0.0015153430444165535,178051911.8681918
2017-03-30,0.21744856851751834,0.634220457270699,0.14833097421178276,-0.0005931186554251247,177946305.95762867
2017-03-31,0.21744856851751834,0.634220457270699,0.14833097421178276,-0.00030091933328430724,177892758.4738795
2017-04-03,0.24200673239285625,0.6680380458021528,0.08995522180499105,0.0018037586383688588,178213634.07368
2017-04-04,0.24200673239285625,0.6680380458021528,0.08995522180499105,-8.967239566361142e-05,178197653.2301727
2017-04-05,0.24200673239285625,0.6680380458021528,0.08995522180499105,-0.0005645919756153839,178097044.26508543
2017-04-06,0.24200673239285625,0.6680380458021528,0.08995522180499105,0.0007005230940282882,178221805.3575713
2017-04-07,0.24200673239285625,0.6680380458021528,0.08995522180499105,-0.0014574023703479546,177962064.4759955
2017-04-10,0.24200673239285625,0.6680380458021528,0.08995522180499105,0.0006061084561724324,178069928.78815228
2017-04-11,0.24200673239285625,0.6680380458021528,0.08995522180499105,0.0024061600493783006,178498393.53679797
2017-04-12,0.24200673239285625,0.6680380458021528,0.08995522180499105,-0.0005207373799858935,178405442.75101593
2017-04-13,0.24200673239285625,0.6680380458021528,0.08995522180499105,0.0007826627236194443,178545074.04074794
2017-04-14,0.24200673239285625,0.6680380458021528,0.08995522180499105,-3.893878203326607e-05,178538121.71302676
2017-04-17,0.24200673239285625,0.6680380458021528,0.08995522180499105,0.0015394608565302377,178812974.1628024
2017-04-18,0.24200673239285625,0.6680380458021528,0.08995522180499105,0.0021235511191225517,179192692.65419945
2017-04-19,0.24200673239285625,0.6680380458021528,0.08995522180499105,-0.0013196619573479956,178956218.87466896
2017-04-20,0.24200673239285625,0.6680380458021528,0.08995522180499105,0.0005397973449320966,179052818.9664766
2017-04-21,0.24200673239285625,0.6680380458021528,0.08995522180499105,-0.0004575694461382931,178970889.86727262
2017-04-24,0.24200673239285625,0.6680380458021528,0.08995522180499105,0.0012038322008582087,179186340.7875111
2017-04-25,0.24200673239285625,0.6680380458021528,0.08995522180499105,-0.0006797710991752793,179064535.09167677
2017-04-26,0.24200673239285625,0.6680380458021528,0.08995522180499105,0.0005380164920014402,179160874.76468867
2017-04-27,0.24200673239285625,0.6680380458021528,0.08995522180499105,0.0005719649223037591,179263348.50050333
2017-04-28,0.24200673239285625,0.6680380458021528,0.08995522180499105,-6.689113286111452e-06,179262149.38765714
2017-05-01,0.21858241713299853,0.6502490141709497,0.13116856869605184,-0.0014988775922948382,178993457.36879337
2017-05-02,0.21858241713299853,0.6502490141709497,0.13116856869605184,0.0014792391649041743,179258231.5011949
2017-05-03,0.21858241713299853,0.6502490141709497,0.13116856869605184,-0.0008772109052212849,179100984.22567135
2017-05-04,0.21858241713299853,0.6502490141709497,0.13116856869605184,-0.0017062701563656435,178795389.5613114
2017-05-05,0.21858241713299853,0.6502490141709497,0.13116856869605184,0.0010840732443347634,178989216.8593452
2017-05-08,0.21858241713299853,0.6502490141709497,0.13116856869605184,-0.0007176711623362758,178860761.4600361
2017-05-09,0.21858241713299853,0.6502490141709497,0.13116856869605184,-0.0013696036746472875,178615793.1038902
2017-05-10,0.21858241713299853,0.6502490141709497,0.13116856869605184,0.00019263878603684517,178650201.43344074
2017-05-11,0.21858241713299853,0.6502490141709497,0.13116856869605184,0.00011166702066889368,178670150.76917672
2017-05-12,0.21858241713299853,0.6502490141709497,0.13116856869605184,0.0020066691013589663,179028682.64006037
2017-05-15,0.21858241713299853,0.6502490141709497,0.13116856869605184,0.0009642215391133615,179201305.95198104
2017-05-16,0.21858241713299853,0.6502490141709497,0.13116856869605184,0.000513305069477327,179293290.89078313
2017-05-17,0.21858241713299853,0.6502490141709497,0.13116856869605184,0.0005226870785184084,179387005.17719677
2017-05-18,0.21858241713299853,0.6502490141709497,0.13116856869605184,-0.0001020664708656073,179368695.77865916
2017-05-19,0.21858241713299853,0.6502490141709497,0.13116856869605184,0.0015206593371301263,179641454.46068385
2017-05-22,0.21858241713299853,0.6502490141709497,0.13116856869605184,0.0009598446995270197,179813882.35856324
2017-05-23,0.21858241713299853,0.6502490141709497,0.13116856869605184,-0.0007686276099513325,179675672.4439299
2017-05-24,0.21858241713299853,0.6502490141709497,0.13116856869605184,0.0012644440975855935,179902862.28743133
2017-05-25,0.21858241713299853,0.6502490141709497,0.13116856869605184,0.001501498653387854,180172986.19289654
2017-05-26,0.21858241713299853,0.6502490141709497,0.13116856869605184,0.000197915719986111,180208645.25918093
2017-05-29,0.21858241713299853,0.6502490141709497,0.13116856869605184,0.0,180208645.25918093
2017-05-30,0.21858241713299853,0.6502490141709497,0.13116856869605184,0.001061441402140955,180399926.17628276
2017-05-31,0.21858241713299853,0.6502490141709497,0.13116856869605184,0.0007199986046982153,180529813.87141734
2017-06-01,0.21880802762190985,0.6773616300126735,0.10383034236541677,0.0011181503973825301,180731673.35453707
2017-06-02,0.21880802762190985,0.6773616300126735,0.10383034236541677,0.002907877152755687,181257218.85826403
2017-06-05,0.21880802762190985,0.6773616300126735,0.10383034236541677,-0.0011462997046614467,181049443.76181903
2017-06-06,0.21880802762190985,0.6773616300126735,0.10383034236541677,0.0008981596072979559,181212055.05912966
2017-06-07,0.21880802762190985,0.6773616300126735,0.10383034236541677,-0.0008557880663195758,181056975.94493678
2017-06-08,0.21880802762190985,0.6773616300126735,0.10383034236541677,-0.0006938717480917268,180931345.62453368
2017-06-09,0.21880802762190985,0.6773616300126735,0.10383034236541677,-0.0005637795298786933,180829340.23555714
2017-06-12,0.21880802762190985,0.6773616300126735,0.10383034236541677,-0.0006827605416235769,180705877.0972765
2017-06-13,0.21880802762190985,0.6773616300126735,0.10383034236541677,0.0012239249651826477,180927047.53161108
2017-06-14,0.21880802762190985,0.6773616300126735,0.10383034236541677,0.0024160084593627053,181364168.80897498
2017-06-15,0.21880802762190985,0.6773616300126735,0.10383034236541677,-0.0013147572166335947,181125718.95919466
2017-06-16,0.21880802762190985,0.6773616300126735,0.10383034236541677,0.00046846575353403454,181210570.15561125
2017-06-19,0.21880802762190985,0.6773616300126735,0.10383034236541677,0.000749886951830821,181346457.59770477
2017-06-20,0.21880802762190985,0.6773616300126735,0.10383034236541677,0.00016280324809173533,181375981.3900316
2017-06-21,0.21880802762190985,0.6773616300126735,0.10383034236541677,-4.3017497059063165e-05,181368179.0492856
2017-06-22,0.21880802762190985,0.6773616300126735,0.10383034236541677,0.0001152270581410551,181389077.57099783
2017-06-23,0.21880802762190985,0.6773616300126735,0.10383034236541677,0.0009119347426746946,181554492.57277656
2017-06-26,0.21880802762190985,0.6773616300126735,0.10383034236541677,0.0003820990625484137,181623864.3741901
2017-06-27,0.21880802762190985,0.6773616300126735,0.10383034236541677,-0.0037299841378409383,180946410.24102098
2017-06-28,0.21880802762190985,0.6773616300126735,0.10383034236541677,0.0015594986259824869,181228595.91916832
2017-06-29,0.21880802762190985,0.6773616300126735,0.10383034236541677,-0.0031842651328284227,180651516.02011147
2017-06-30,0.21880802762190985,0.6773616300126735,0.10383034236541677,-0.0008482958634364852,180498270.08634806
2017-07-03,0.23703828610159056,0.6456408637622805,0.11732085013612895,-0.0013086673004974623,180262057.9024897
2017-07-04,0.23703828610159056,0.6456408637622805,0.11732085013612895,-0.0001381107848755665,180237161.76818952
2017-07-05,0.23703828610159056,0.6456408637622805,0.11732085013612895,0.0006770616169584639,180359193.43237227
2017-07-06,0.23703828610159056,0.6456408637622805,0.11732085013612895,-0.003378438837782132,179749860.9285293
2017-07-07,0.23703828610159056,0.6456408637622805,0.11732085013612895,0.0007788572439842633,179889860.40981862
2017-07-10,0.23703828610159056,0.6456408637622805,0.11732085013612895,0.0010718550042074437,180082676.25690508
2017-07-11,0.23703828610159056,0.6456408637622805,0.11732085013612895,0.00017475888094552015,180114147.30388543
2017-07-12,0.23703828610159056,0.6456408637622805,0.11732085013612895,0.0033822455529350054,180723337.57762468
2017-07-13,0.23703828610159056,0.6456408637622805,0.11732085013612895,-0.00015681795747621592,180694996.91295746
2017-07-14,0.23703828610159056,0.6456408637622805,0.11732085013612895,0.0022095601391591718,181094253.37548184
2017-07-17,0.23703828610159056,0.6456408637622805,0.11732085013612895,0.0005971151306988732,181202387.49425498
2017-07-18,0.23703828610159056,0.6456408637622805,0.11732085013612895,0.0020459360716384486,181573115.9950965
2017-07-19,0.23703828610159056,0.6456408637622805,0.11732085013612895,0.0013970662004254954,181826785.65835917
2017-07-20,0.23703828610159056,0.6456408637622805,0.11732085013612895,0.00029775308713961453,181880925.14511362
2017-07-21,0.23703828610159056,0.6456408637622805,0.11732085013612895,0.0009471864219488714,182053200.28782254
2017-07-24,0.23703828610159056,0.6456408637622805,0.11732085013612895,-0.0010556457928261192,181861016.59286818
2017-07-25,0.23703828610159056,0.6456408637622805,0.11732085013612895,-0.0019901817737879406,181499080.1122825
2017-07-26,0.23703828610159056,0.6456408637622805,0.11732085013612895,0.0016996146666059348,181807558.61081684
2017-07-27,0.23703828610159056,0.6456408637622805,0.11732085013612895,-0.0006908263315354571,181681961.1620563
2017-07-28,0.23703828610159056,0.6456408637622805,0.11732085013612895,0.0009369685946727715,181852191.4538837
2017-07-31,0.23703828610159056,0.6456408637622805,0.11732085013612895,-0.0001610379883447489,181822906.34279588
2017-08-01,0.21482137461474463,0.6183816945182883,0.16679693086696706,0.0017961615353030247,182149489.65340582
2017-08-02,0.21482137461474463,0.6183816945182883,0.16679693086696706,-8.655013800899214e-05,182133724.58993804
2017-08-03,0.21482137461474463,0.6183816945182883,0.16679693086696706,0.000586220654430938,182240495.14116108
2017-08-04,0.21482137461474463,0.6183816945182883,0.16679693086696706,-0.0011825427366123904,182024987.9673153
2017-08-07,0.21482137461474463,0.6183816945182883,0.16679693086696706,0.000977378042109956,182202895.1936699
2017-08-08,0.21482137461474463,0.6183816945182883,0.16679693086696706,-0.001403450601659548,181947182.4307862
2017-08-09,0.21482137461474463,0.6183816945182883,0.16679693086696706,0.0015890175202496627,182236299.6914288
2017-08-10,0.21482137461474463,0.6183816945182883,0.16679693086696706,-0.0023963008040755224,181799606.6999465
2017-08-11,0.21482137461474463,0.6183816945182883,0.16679693086696706,0.0010880629061816008,181997416.1083551
2017-08-14,0.21482137461474463,0.6183816945182883,0.16679693086696706,0.000693209745303746,182123578.4908215
2017-08-15,0.21482137461474463,0.6183816945182883,0.16679693086696706,-0.0026795106082984615,181635576.4302341
2017-08-16,0.21482137461474463,0.6183816945182883,0.16679693086696706,0.0028414204025610686,182151679.4629339
2017-08-17,0.21482137461474463,0.6183816945182883,0.16679693086696706,-0.0019175223851301973,181802399.54007465
2017-08-18,0.21482137461474463,0.6183816945182883,0.16679693086696706,-0.00019082118780047508,181767707.79024944
2017-08-21,0.21482137461474463,0.6183816945182883,0.16679693086696706,0.0015042950857047167,182041140.05981812
2017-08-22,0.21482137461474463,0.6183816945182883,0.16679693086696706,0.0006790008097963783,182164746.141335
2017-08-23,0.21482137461474463,0.6183816945182883,0.16679693086696706,0.0008454182986375343,182318751.55108956
2017-08-24,0.21482137461474463,0.6183816945182883,0.16679693086696706,-0.0009959353815181865,182137173.8557056
2017-08-25,0.21482137461474463,0.6183816945182883,0.16679693086696706,0.0012332744404138353,182361798.976871
2017-08-28,0.21482137461474463,0.6183816945182883,0.16679693086696706,0.0010683779238722063,182556630.29705554
2017-08-29,0.21482137461474463,0.6183816945182883,0.16679693086696706,0.0008539714699426443,182712528.4509781
2017-08-30,0.21482137461474463,0.6183816945182883,0.16679693086696706,0.00021235743305148067,182751328.8145063
2017-08-31,0.21482137461474463,0.6183816945182883,0.16679693086696706,0.0036044774345434043,183410051.855351
2017-09-01,0.21918155853901952,0.6134544891935478,0.16736395226743253,-0.00011024270739445115,183389832.23467112
2017-09-04,0.21918155853901952,0.6134544891935478,0.16736395226743253,5.419048156777962e-05,183399770.21799457
2017-09-05,0.21918155853901952,0.6134544891935478,0.16736395226743253,0.0024982407387867905,183857946.9954373
2017-09-06,0.21918155853901952,0.6134544891935478,0.16736395226743253,-0.000657572701594655,183737047.02852187
2017-09-07,0.21918155853901952,0.6134544891935478,0.16736395226743253,0.0026958718161241824,184232378.55518392
2017-09-08,0.21918155853901952,0.6134544891935478,0.16736395226743253,-0.000673680678076943,184108264.76147515
2017-09-11,0.21918155853901952,0.6134544891935478,0.16736395226743253,-0.0002777355862433515,184057131.34462938
2017-09-12,0.21918155853901952,0.6134544891935478,0.16736395226743253,-0.0008014118078394063,183909625.78625274
2017-09-13,0.21918155853901952,0.6134544891935478,0.16736395226743253,-0.0013575029882745638,183659967.91967544
2017-09-14,0.21918155853901952,0.6134544891935478,0.16736395226743253,8.748568446064056e-05,183676035.5376769
2017-09-15,0.21918155853901952,0.6134544891935478,0.16736395226743253,0.00022657796938717583,183717652.4808341
2017-09-18,0.21918155853901952,0.6134544891935478,0.16736395226743253,-0.001180243812163897,183500820.85830832
2017-09-19,0.21918155853901952,0.6134544891935478,0.16736395226743253,1.274118824953531e-05,183503158.87681085
2017-09-20,0.21918155853901952,0.6134544891935478,0.16736395226743253,-0.000383970269056916,183432699.11952412
2017-09-21,0.21918155853901952,0.6134544891935478,0.16736395226743253,-0.002037895905792711,183058882.3729999
2017-09-22,0.21918155853901952,0.6134544891935478,0.16736395226743253,0.0013363022882567103,183303504.37640065
2017-09-25,0.21918155853901952,0.6134544891935478,0.16736395226743253,0.0011794036615923231,183519693.2006449
2017-09-26,0.21918155853901952,0.6134544891935478,0.16736395226743253,-0.0018248809724822218,183184791.6044473
2017-09-27,0.21918155853901952,0.6134544891935478,0.16736395226743253,-0.00243308256359406,182739087.8820789
2017-09-28,0.21918155853901952,0.6134544891935478,0.16736395226743253,0.0005267151688249268,182835339.3316036
2017-09-29,0.21918155853901952,0.6134544891935478,0.16736395226743253,0.0005212199589979649,182930636.7596734
2017-10-02,0.23646480658619579,0.617546986800829,0.1459882066129753,3.429612449403396e-05,182936910.57156548
2017-10-03,0.23646480658619579,0.617546986800829,0.1459882066129753,0.0008166536810858709,183086306.67299023
2017-10-04,0.23646480658619579,0.617546986800829,0.1459882066129753,0.0007965703784880655,183232147.8015927
2017-10-05,0.23646480658619579,0.617546986800829,0.1459882066129753,0.0006005221039228818,183342182.75649685
2017-10-06,0.23646480658619579,0.617546986800829,0.1459882066129753,-0.0013517766784271158,183094345.0696747
2017-10-09,0.23646480658619579,0.617546986800829,0.1459882066129753,-0.00035556650285631776,183029242.85370553
2017-10-10,0.23646480658619579,0.617546986800829,0.1459882066129753,0.002024052460613116,183399703.64306775
2017-10-11,0.23646480658619579,0.617546986800829,0.1459882066129753,0.00047139019172064064,183486156.46452954
2017-10-12,0.23646480658619579,0.617546986800829,0.1459882066129753,0.0005022687298147596,183578315.8232756
2017-10-13,0.23646480658619579,0.617546986800829,0.1459882066129753,0.0022394323565845956,183989427.04369757
2017-10-16,0.23646480658619579,0.617546986800829,0.1459882066129753,-0.0004551446501782421,183905685.24028924
2017-10-17,0.23646480658619579,0.617546986800829,0.1459882066129753,0.00031866700752355526,183964289.91467133
2017-10-18,0.23646480658619579,0.617546986800829,0.1459882066129753,-0.0012867513465074283,183727573.61691433
2017-10-19,0.23646480658619579,0.617546986800829,0.1459882066129753,0.0008555161033529247,183884755.51477358
2017-10-20,0.23646480658619579,0.617546986800829,0.1459882066129753,-0.0008491422750213551,183728611.19513404
2017-10-23,0.23646480658619579,0.617546986800829,0.1459882066129753,-0.0003725420078335231,183660164.56942293
2017-10-24,0.23646480658619579,0.617546986800829,0.1459882066129753,-0.0003292387382393765,183599696.52857527
2017-10-25,0.23646480658619579,0.617546986800829,0.1459882066129753,-0.0022883615069538297,183179554.05035084
2017-10-26,0.23646480658619579,0.617546986800829,0.1459882066129753,1.9839120549846016e-05,183183188.1716059
2017-10-27,0.23646480658619579,0.617546986800829,0.1459882066129753,0.0027696737436534685,183690545.83816358
2017-10-30,0.23646480658619579,0.617546986800829,0.1459882066129753,0.0013341393399921339,183935614.6217509
2017-10-31,0.23646480658619579,0.617546986800829,0.1459882066129753,0.0001777122332337629,183968302.23059657
2017-11-01,0.24342814927294296,0.5859100166462308,0.17066183408082636,0.0006032971243604974,184079289.7783058
2017-11-02,0.24342814927294296,0.5859100166462308,0.17066183408082636,0.0011412856731616355,184289376.83445555
2017-11-03,0.24342814927294296,0.5859100166462308,0.17066183408082636,0.00094889913386808,184464248.86451483
2017-11-06,0.24342814927294296,0.5859100166462308,0.17066183408082636,0.0018252205530621068,184800936.80284747
2017-11-07,0.24342814927294296,0.5859100166462308,0.17066183408082636,0.00020271408375461283,184838398.55542848
2017-11-08,0.24342814927294296,0.5859100166462308,0.17066183408082636,-0.00014823472790126302,184810999.0857129
2017-11-09,0.24342814927294296,0.5859100166462308,0.17066183408082636,-0.001367371896629363,184558293.71937507
2017-11-10,0.24342814927294296,0.5859100166462308,0.17066183408082636,-0.0024129637637300915,184112961.24433437
2017-11-13,0.24342814927294296,0.5859100166462308,0.17066183408082636,0.000161508289529337,184142697.01378515
2017-11-14,0.24342814927294296,0.5859100166462308,0.17066183408082636,-0.0003614738911632997,184076134.2365663
2017-11-15,0.24342814927294296,0.5859100166462308,0.17066183408082636,0.00012326790604543734,184098824.9161866
2017-11-16,0.24342814927294296,0.5859100166462308,0.17066183408082636,0.001034324471048045,184289242.8358886
2017-11-17,0.24342814927294296,0.5859100166462308,0.17066183408082636,0.00012384985919322084,184312067.03266463
2017-11-20,0.24342814927294296,0.5859100166462308,0.17066183408082636,-0.0003684609909935954,184244155.2257937
2017-11-21,0.24342814927294296,0.5859100166462308,0.17066183408082636,0.0020228167445141207,184616847.3880633
2017-11-22,0.24342814927294296,0.5859100166462308,0.17066183408082636,0.001374068027436754,184870523.4953854
2017-11-23,0.24342814927294296,0.5859100166462308,0.17066183408082636,0.0,184870523.4953854
2017-11-24,0.24342814927294296,0.5859100166462308,0.17066183408082636,-2.919738017943691e-05,184865125.76042694
2017-11-27,0.24342814927294296,0.5859100166462308,0.17066183408082636,0.0001926059204013746,184900731.87812415
2017-11-28,0.24342814927294296,0.5859100166462308,0.17066183408082636,0.002133066479057353,185295137.43124655
2017-11-29,0.24342814927294296,0.5859100166462308,0.17066183408082636,-0.001490428941434937,185018968.19571185
2017-11-30,0.24342814927294296,0.5859100166462308,0.17066183408082636,0.0006723449870817967,185143364.7714933
2017-12-01,0.29038081125903753,0.525546031716803,0.18407315702415944,0.0015570672843612761,185431645.44769555
2017-12-04,0.29038081125903753,0.525546031716803,0.18407315702415944,-0.00123465455535301,185202701.42193696
2017-12-05,0.29038081125903753,0.525546031716803,0.18407315702415944,-0.0008395604328605283,185047212.5617642
2017-12-06,0.29038081125903753,0.525546031716803,0.18407315702415944,0.0001891286136560756,185082210.28453696
2017-12-07,0.29038081125903753,0.525546031716803,0.18407315702415944,-0.0005487884191813209,184980639.31093633
2017-12-08,0.29038081125903753,0.525546031716803,0.18407315702415944,0.0017729541656606273,185308601.50596923
2017-12-11,0.29038081125903753,0.525546031716803,0.18407315702415944,0.0010230636019107119,185498183.99129096
2017-12-12,0.29038081125903753,0.525546031716803,0.18407315702415944,-0.00031374209018235214,185439985.4033205
2017-12-13,0.29038081125903753,0.525546031716803,0.18407315702415944,0.0015915843815430704,185735128.78780198
2017-12-14,0.29038081125903753,0.525546031716803,0.18407315702415944,-0.0007523338036166641,185595393.97189584
2017-12-15,0.29038081125903753,0.525546031716803,0.18407315702415944,0.002530831198286187,186065104.58521813
2017-12-18,0.29038081125903753,0.525546031716803,0.18407315702415944,0.0005818350487173029,186173363.78440902
2017-12-19,0.29038081125903753,0.525546031716803,0.18407315702415944,-0.0029958209675310502,185615621.71758792
2017-12-20,0.29038081125903753,0.525546031716803,0.18407315702415944,-0.0013179487992450519,185370989.8318241
2017-12-21,0.29038081125903753,0.525546031716803,0.18407315702415944,0.0012234528559526385,185597782.4987446
2017-12-22,0.29038081125903753,0.525546031716803,0.18407315702415944,-0.0003524658444425954,185532365.61960953
2017-12-25,0.29038081125903753,0.525546031716803,0.18407315702415944,0.0,185532365.61960953
2017-12-26,0.29038081125903753,0.525546031716803,0.18407315702415944,0.0004395792353701368,185613921.79502502
2017-12-27,0.29038081125903753,0.525546031716803,0.18407315702415944,0.0019198908277884789,185970280.26098913
2017-12-28,0.29038081125903753,0.525546031716803,0.18407315702415944,0.0002025025677808142,186007939.7202729
2017-12-29,0.29038081125903753,0.525546031716803,0.18407315702415944,-0.0007928865429594395,185860456.5279851
2018-01-01,0.3161572687038654,0.5210702997150445,0.16277243158109017,0.0,185860456.5279851
2018-01-02,0.3161572687038654,0.5210702997150445,0.16277243158109017,0.0009854300691333844,186043609.01051062
2018-01-03,0.3161572687038654,0.5210702997150445,0.16277243158109017,0.0025440230936016293,186516908.24825034
2018-01-04,0.3161572687038654,0.5210702997150445,0.16277243158109017,0.0012017773300432872,186741060.04025283
2018-01-05,0.3161572687038654,0.5210702997150445,0.16277243158109017,0.0015666747770866243,187033622.5488643
2018-01-08,0.3161572687038654,0.5210702997150445,0.16277243158109017,0.0004609239188126783,187119830.81911927
2018-01-09,0.3161572687038654,0.5210702997150445,0.16277243158109017,-0.0013058491998513477,186875480.53776783
2018-01-10,0.3161572687038654,0.5210702997150445,0.16277243158109017,-0.0001524138000161197,186846998.13564923
2018-01-11,0.3161572687038654,0.5210702997150445,0.16277243158109017,0.0032227919447470003,187449167.13614094
2018-01-12,0.3161572687038654,0.5210702997150445,0.16277243158109017,0.0026364090458411565,187943359.81601405
2018-01-15,0.3161572687038654,0.5210702997150445,0.16277243158109017,0.0004944072164024941,188036280.36938202
2018-01-16,0.3161572687038654,0.5210702997150445,0.16277243158109017,-0.0010559736054249673,187837719.02044967
2018-01-17,0.3161572687038654,0.5210702997150445,0.16277243158109017,0.00206224510533251,188225086.4370964
2018-01-18,0.3161572687038654,0.5210702997150445,0.16277243158109017,-0.00108574440987243,188020722.10169956
2018-01-19,0.3161572687038654,0.5210702997150445,0.16277243158109017,0.000889636486802553,188187992.19635618
2018-01-22,0.3161572687038654,0.5210702997150445,0.16277243158109017,0.002398925770219678,188639441.22048193
2018-01-23,0.3161572687038654,0.5210702997150445,0.16277243158109017,0.0016180177945747157,188944663.19313532
2018-01-24,0.3161572687038654,0.5210702997150445,0.16277243158109017,0.0010032525154658508,189134222.4017677
2018-01-25,0.3161572687038654,0.5210702997150445,0.16277243158109017,0.001867602266397653,189487449.90417862
2018-01-26,0.3161572687038654,0.5210702997150445,0.16277243158109017,0.0024908459396289447,189959433.94938305
2018-01-29,0.3161572687038654,0.5210702997150445,0.16277243158109017,-0.003420385430947845,189309699.46903148
2018-01-30,0.3161572687038654,0.5210702997150445,0.16277243158109017,-0.0045964176874256895,188439553.0179908
2018-01-31,0.3161572687038654,0.5210702997150445,0.16277243158109017,0.0007902055575443637,188588459.0000468
2018-02-01,0.2995196054545707,0.4858981157397051,0.21458227880572422,-0.001846707230597073,188240191.32920423
2018-02-02,0.2995196054545707,0.4858981157397051,0.21458227880572422,-0.010775029456705235,186211897.72269624
2018-02-05,0.2995196054545707,0.4858981157397051,0.21458227880572422,-0.011091605174783378,184146508.87430894
2018-02-06,0.2995196054545707,0.4858981157397051,0.21458227880572422,0.00419666908130515,184919310.83453202
2018-02-07,0.2995196054545707,0.4858981157397051,0.21458227880572422,-0.004343733304926529,184116070.665336
2018-02-08,0.2995196054545707,0.4858981157397051,0.21458227880572422,-0.012322757536839785,181847252.96789142
2018-02-09,0.2995196054545707,0.4858981157397051,0.21458227880572422,0.004175633055846047,182606580.36849895
2018-02-12,0.2995196054545707,0.4858981157397051,0.21458227880572422,0.004581171053074127,183443132.34858397
2018-02-13,0.2995196054545707,0.4858981157397051,0.21458227880572422,0.0017065842837888834,183756193.51521906
2018-02-14,0.2995196054545707,0.4858981157397051,0.21458227880572422,0.004473403987773959,184578209.20406818
2018-02-15,0.2995196054545707,0.4858981157397051,0.21458227880572422,0.005120317673665485,185523308.2708293
2018-02-16,0.2995196054545707,0.4858981157397051,0.21458227880572422,0.000497588813170599,185615622.59360725
2018-02-19,0.2995196054545707,0.4858981157397051,0.21458227880572422,-0.00020992271386135672,185576657.65837735
2018-02-20,0.2995196054545707,0.4858981157397051,0.21458227880572422,-0.0033401057251942583,184956812.00167018
2018-02-21,0.2995196054545707,0.4858981157397051,0.21458227880572422,-0.0034400493860016795,184320551.434107
2018-02-22,0.2995196054545707,0.4858981157397051,0.21458227880572422,0.0015259772230739308,184601820.39733988
2018-02-23,0.2995196054545707,0.4858981157397051,0.21458227880572422,0.00593405837683955,185697258.37604854
2018-02-26,0.2995196054545707,0.4858981157397051,0.21458227880572422,0.00453848943348701,186540043.42101574
2018-02-27,0.2995196054545707,0.4858981157397051,0.21458227880572422,-0.006187913490842361,185385749.7697485
2018-02-28,0.2995196054545707,0.4858981157397051,0.21458227880572422,-0.00255057088211851,184912910.27442607
2018-03-01,0.35105165334295896,0.4095809525550403,0.23936739410200072,-0.003667577873927819,184234727.77609998
2018-03-02,0.35105165334295896,0.4095809525550403,0.23936739410200072,0.0009241934468252242,184404996.30418828
2018-03-05,0.35105165334295896,0.4095809525550403,0.23936739410200072,0.0037566694650913186,185097744.92301446
2018-03-06,0.35105165334295896,0.4095809525550403,0.23936739410200072,0.002524973168752589,185565111.7625417
2018-03-07,0.35105165334295896,0.4095809525550403,0.23936739410200072,-0.0014124783721282137,185303005.05555558
2018-03-08,0.35105165334295896,0.4095809525550403,0.23936739410200072,0.0015967361961625863,185598885.07098547
2018-03-09,0.35105165334295896,0.4095809525550403,0.23936739410200072,0.00594632355081102,186702516.09228733
2018-03-12,0.35105165334295896,0.4095809525550403,0.23936739410200072,-3.6386108962784556e-05,186695722.71419317
2018-03-13,0.35105165334295896,0.4095809525550403,0.23936739410200072,-0.0011675270552842206,186477750.4068185
2018-03-14,0.35105165334295896,0.4095809525550403,0.23936739410200072,-0.0015780995288405463,186183469.95676225
2018-03-15,0.35105165334295896,0.4095809525550403,0.23936739410200072,-0.0010850917162461458,185981443.8158102
2018-03-16,0.35105165334295896,0.4095809525550403,0.23936739410200072,0.00010628601969019063,186001211.0432096
2018-03-19,0.35105165334295896,0.4095809525550403,0.23936739410200072,-0.00474019720331024,185119528.62281027
2018-03-20,0.35105165334295896,0.4095809525550403,0.23936739410200072,-0.00030227079407328964,185063572.39589497
2018-03-21,0.35105165334295896,0.4095809525550403,0.23936739410200072,-0.0009347309401288577,184890587.74888575
2018-03-22,0.35105165334295896,0.4095809525550403,0.23936739410200072,-0.007281365132825919,183544331.86986333
2018-03-23,0.35105165334295896,0.4095809525550403,0.23936739410200072,-0.007192968912667521,182224103.19662705
2018-03-26,0.35105165334295896,0.4095809525550403,0.23936739410200072,0.009368720461905034,183931309.88089758
2018-03-27,0.35105165334295896,0.4095809525550403,0.23936739410200072,-0.0049212525901355525,183026137.44573918
2018-03-28,0.35105165334295896,0.4095809525550403,0.23936739410200072,-0.0007832026960296059,182882790.88144782
2018-03-29,0.35105165334295896,0.4095809525550403,0.23936739410200072,0.005749408548863203,183934258.76278156
2018-03-30,0.35105165334295896,0.4095809525550403,0.23936739410200072,0.0,183934258.76278156
2018-04-02,0.2743776524280533,0.5586177763397542,0.16700457123219242,-0.0057017509726084575,182885511.42398483
2018-04-03,0.2743776524280533,0.5586177763397542,0.16700457123219242,0.0018438635953476733,183222727.36061606
2018-04-04,0.2743776524280533,0.5586177763397542,0.16700457123219242,0.0029872937403038857,183770067.46714184
2018-04-05,0.2743776524280533,0.5586177763397542,0.16700457123219242,0.0006753847927045799,183894182.97606343
2018-04-06,0.2743776524280533,0.5586177763397542,0.16700457123219242,-0.0041828468630269715,183124981.7696731
2018-04-09,0.2743776524280533,0.5586177763397542,0.16700457123219242,0.0008840410064812719,183286871.7628686
2018-04-10,0.2743776524280533,0.5586177763397542,0.16700457123219242,0.004286272795555125,184072489.2950882
2018-04-11,0.2743776524280533,0.5586177763397542,0.16700457123219242,-0.001199633994425749,183851669.67949122
2018-04-12,0.2743776524280533,0.5586177763397542,0.16700457123219242,0.0009682642131408359,184029686.67176807
2018-04-13,0.2743776524280533,0.5586177763397542,0.16700457123219242,-0.00041677221728698575,183952988.21120724
2018-04-16,0.2743776524280533,0.5586177763397542,0.16700457123219242,0.00228597732222878,184373500.57061428
2018-04-17,0.2743776524280533,0.5586177763397542,0.16700457123219242,0.0036192090456291324,185040786.81165373
2018-04-18,0.2743776524280533,0.5586177763397542,0.16700457123219242,-0.0013318698055497847,184794336.57490414
2018-04-19,0.2743776524280533,0.5586177763397542,0.16700457123219242,-0.0030766395741118166,184225791.00592604
2018-04-20,0.2743776524280533,0.5586177763397542,0.16700457123219242,-0.0036813255820261686,183547595.88862693
2018-04-23,0.2743776524280533,0.5586177763397542,0.16700457123219242,-0.0007060196481348273,183418007.67956161
2018-04-24,0.2743776524280533,0.5586177763397542,0.16700457123219242,-0.0038771139344660546,182706875.1661552
2018-04-25,0.2743776524280533,0.5586177763397542,0.16700457123219242,-0.0006295689116726325,182591848.5976017
2018-04-26,0.2743776524280533,0.5586177763397542,0.16700457123219242,0.0036209248360254583,183252999.95704457
2018-04-27,0.2743776524280533,0.5586177763397542,0.16700457123219242,0.0017193993185362466,183568085.04029045
2018-04-30,0.2743776524280533,0.5586177763397542,0.16700457123219242,-0.0016578992508110052,183263747.64962932
2018-05-01,0.23922931728371563,0.5108558081451181,0.24991487457116623,-0.0011656800529424708,183050120.75456667
2018-05-02,0.23922931728371563,0.5108558081451181,0.24991487457116623,-0.001261341957157998,182819231.9569961
2018-05-03,0.23922931728371563,0.5108558081451181,0.24991487457116623,0.0005131323221376754,182913042.41402164
2018-05-04,0.23922931728371563,0.5108558081451181,0.24991487457116623,0.003561990530399964,183564576.93898705
2018-05-07,0.23922931728371563,0.5108558081451181,0.24991487457116623,0.0006828168499660922,183689917.9251779
2018-05-08,0.23922931728371563,0.5108558081451181,0.24991487457116623,-0.0005950426629538522,183580614.58725795
2018-05-09,0.23922931728371563,0.5108558081451181,0.24991487457116623,0.0018203490451283522,183914795.38372594
2018-05-10,0.23922931728371563,0.5108558081451181,0.24991487457116623,0.003275736593360223,184517251.80902475
2018-05-11,0.23922931728371563,0.5108558081451181,0.24991487457116623,0.0002048805603438451,184555055.80696848
2018-05-14,0.23922931728371563,0.5108558081451181,0.24991487457116623,6.736650380345161e-05,184567488.63583744
2018-05-15,0.23922931728371563,0.5108558081451181,0.24991487457116623,-0.00407359486494596,183815635.4618945
2018-05-16,0.23922931728371563,0.5108558081451181,0.24991487457116623,0.0008830766934663537,183977958.76546562
2018-05-17,0.23922931728371563,0.5108558081451181,0.24991487457116623,-0.0004352581395279749,183897880.8614192
2018-05-18,0.23922931728371563,0.5108558081451181,0.24991487457116623,0.0006548659125634094,184018309.314988
2018-05-21,0.23922931728371563,0.5108558081451181,0.24991487457116623,0.0022347850988503827,184429550.69056076
2018-05-22,0.23922931728371563,0.5108558081451181,0.24991487457116623,-0.00046175683739049366,184344389.08451256
2018-05-23,0.23922931728371563,0.5108558081451181,0.24991487457116623,0.0025739570960903843,184818883.63292107
2018-05-24,0.23922931728371563,0.5108558081451181,0.24991487457116623,0.0003283107349079882,184879561.65643144
2018-05-25,0.23922931728371563,0.5108558081451181,0.24991487457116623,0.000358680487180319,184945874.34767604
2018-05-28,0.23922931728371563,0.5108558081451181,0.24991487457116623,0.0,184945874.34767604
2018-05-29,0.23922931728371563,0.5108558081451181,0.24991487457116623,0.001663664101164121,185253562.15948668
2018-05-30,0.23922931728371563,0.5108558081451181,0.24991487457116623,0.0012702020242605255,185488871.60914314
2018-05-31,0.23922931728371563,0.5108558081451181,0.24991487457116623,-0.0009520756814281325,185312272.16530854
2018-06-01,0.26836808326457023,0.5163747794794207,0.21525713725600912,0.0007547010867237657,185452127.53849494
2018-06-04,0.26836808326457023,0.5163747794794207,0.21525713725600912,-0.0005727495763603475,185345909.91101214
2018-06-05,0.26836808326457023,0.5163747794794207,0.21525713725600912,0.0009022650810696993,185513141.05344394
2018-06-06,0.26836808326457023,0.5163747794794207,0.21525713725600912,0.0008120944603101595,185663795.24760816
2018-06-07,0.26836808326457023,0.5163747794794207,0.21525713725600912,0.0013078479226719057,185906615.25653812
2018-06-08,0.26836808326457023,0.5163747794794207,0.21525713725600912,0.0008647496489224367,186067377.93681356
2018-06-11,0.26836808326457023,0.5163747794794207,0.21525713725600912,-0.0004671442556111134,185980457.63005376
2018-06-12,0.26836808326457023,0.5163747794794207,0.21525713725600912,0.0006235143152754754,186096419.10774758
2018-06-13,0.26836808326457023,0.5163747794794207,0.21525713725600912,-0.001664428095988148,185786674.9992219
2018-06-14,0.26836808326457023,0.5163747794794207,0.21525713725600912,0.0012529859713172422,186019463.09665358
2018-06-15,0.26836808326457023,0.5163747794794207,0.21525713725600912,-0.0005513347712684431,185916904.09851572
2018-06-18,0.26836808326457023,0.5163747794794207,0.21525713725600912,-0.000622538918166738,185801163.5901693
2018-06-19,0.26836808326457023,0.5163747794794207,0.21525713725600912,-0.0007947391021676055,185653500.14023596
2018-06-20,0.26836808326457023,0.5163747794794207,0.21525713725600912,-0.0003239936005316829,185593349.5942742
2018-06-21,0.26836808326457023,0.5163747794794207,0.21525713725600912,-0.0010953889089834695,185390052.69754755
2018-06-22,0.26836808326457023,0.5163747794794207,0.21525713725600912,0.0010302829059837212,185581056.89978123
2018-06-25,0.26836808326457023,0.5163747794794207,0.21525713725600912,-0.0028679435499662535,185048820.90464962
2018-06-26,0.26836808326457023,0.5163747794794207,0.21525713725600912,0.000486551931915463,185138856.76595944
2018-06-27,0.26836808326457023,0.5163747794794207,0.21525713725600912,-0.0006322257017537171,185021807.2223187
2018-06-28,0.26836808326457023,0.5163747794794207,0.21525713725600912,0.0012156475129294186,185246728.52210623
2018-06-29,0.26836808326457023,0.5163747794794207,0.21525713725600912,0.00016576283392986,185277435.5448023
2018-07-02,0.271446658389976,0.5378557694812608,0.19069757212876315,0.00046435499679022506,185363470.04779
2018-07-03,0.271446658389976,0.5378557694812608,0.19069757212876315,-0.0005167175697245587,185267689.48603117
2018-07-04,0.271446658389976,0.5378557694812608,0.19069757212876315,0.0,185267689.48603117
2018-07-05,0.271446658389976,0.5378557694812608,0.19069757212876315,0.0024583944534396396,185723150.5462652
2018-07-06,0.271446658389976,0.5378557694812608,0.19069757212876315,0.0027833608524162295,186240085.09288308
2018-07-09,0.271446658389976,0.5378557694812608,0.19069757212876315,0.0017483322516020576,186565694.6401921
2018-07-10,0.271446658389976,0.5378557694812608,0.19069757212876315,0.000567760041279025,186671619.18668225
2018-07-11,0.271446658389976,0.5378557694812608,0.19069757212876315,-0.0010253796548381543,186480209.90623254
2018-07-12,0.271446658389976,0.5378557694812608,0.19069757212876315,0.002167396974795413,186884386.54904252
2018-07-13,0.271446658389976,0.5378557694812608,0.19069757212876315,0.0010153329017878348,187074136.41553622
2018-07-16,0.271446658389976,0.5378557694812608,0.19069757212876315,-0.0010975204499799052,186868818.72515786
2018-07-17,0.271446658389976,0.5378557694812608,0.19069757212876315,0.0009097873661161578,187038829.61555505
2018-07-18,0.271446658389976,0.5378557694812608,0.19069757212876315,0.0002647407396690715,187088346.4136543
2018-07-19,0.271446658389976,0.5378557694812608,0.19069757212876315,-0.0001989835629212487,187051118.90790385
2018-07-20,0.271446658389976,0.5378557694812608,0.19069757212876315,-0.0016338561781563416,186745504.28164512
2018-07-23,0.271446658389976,0.5378557694812608,0.19069757212876315,-0.0015081911703700118,186463856.36098123
2018-07-24,0.271446658389976,0.5378557694812608,0.19069757212876315,0.0018427134109564075,186807455.80975628
2018-07-25,0.271446658389976,0.5378557694812608,0.19069757212876315,0.00282501909534997,187335190.4395726
2018-07-26,0.271446658389976,0.5378557694812608,0.19069757212876315,-0.001956614231490347,186968647.73989958
2018-07-27,0.271446658389976,0.5378557694812608,0.19069757212876315,-0.0013830645143107934,186710058.03792185
2018-07-30,0.271446658389976,0.5378557694812608,0.19069757212876315,-0.0017605472722378637,186381346.15454382
2018-07-31,0.271446658389976,0.5378557694812608,0.19069757212876315,0.001799173769439223,186716678.5836578
2018-08-01,0.3448545661558488,0.5200775415945618,0.13506789224958934,-0.0014318024129737702,186449337.19271928
2018-08-02,0.3448545661558488,0.5200775415945618,0.13506789224958934,0.0022039635203764734,186860264.7302904
2018-08-03,0.3448545661558488,0.5200775415945618,0.13506789224958934,0.0026288986286999516,187351501.4239984
2018-08-06,0.3448545661558488,0.5200775415945618,0.13506789224958934,0.001703924706957904,187670734.2761604
2018-08-07,0.3448545661558488,0.5200775415945618,0.13506789224958934,-8.192496118697998e-05,187655359.35853887
2018-08-08,0.3448545661558488,0.5200775415945618,0.13506789224958934,1.502552412109952e-06,187655641.3205517
2018-08-09,0.3448545661558488,0.5200775415945618,0.13506789224958934,0.0006412832695105466,187775981.74375987
2018-08-10,0.3448545661558488,0.5200775415945618,0.13506789224958934,-0.00043616858947659966,187694079.7586651
2018-08-13,0.3448545661558488,0.5200775415945618,0.13506789224958934,-0.002334724840641339,187255865.72821122
2018-08-14,0.3448545661558488,0.5200775415945618,0.13506789224958934,0.001863984082618645,187604907.6813056
2018-08-15,0.3448545661558488,0.5200775415945618,0.13506789224958934,-0.0017380495780453453,187278841.05067086
2018-08-16,0.3448545661558488,0.5200775415945618,0.13506789224958934,0.002776741705132713,187798866.0191052
2018-08-17,0.3448545661558488,0.5200775415945618,0.13506789224958934,0.0007264258941166782,187935287.97826722
2018-08-20,0.3448545661558488,0.5200775415945618,0.13506789224958934,0.002366398379827389,188380017.7392514
2018-08-21,0.3448545661558488,0.5200775415945618,0.13506789224958934,-0.0002880764587785733,188325749.89083642
2018-08-22,0.3448545661558488,0.5200775415945618,0.13506789224958934,0.00045931776101704874,188412251.25261813
2018-08-23,0.3448545661558488,0.5200775415945618,0.13506789224958934,-0.00044081102279976494,188329197.05543545
2018-08-24,0.3448545661558488,0.5200775415945618,0.13506789224958934,0.0019841692170538315,188702874.05090535
2018-08-27,0.3448545661558488,0.5200775415945618,0.13506789224958934,0.0021347303110092796,189105703.79591638
2018-08-28,0.3448545661558488,0.5200775415945618,0.13506789224958934,-0.0008740487948159836,188940416.18342072
2018-08-29,0.3448545661558488,0.5200775415945618,0.13506789224958934,0.002081818632403375,189333755.86224544
2018-08-30,0.3448545661558488,0.5200775415945618,0.13506789224958934,-0.0008315979475079306,189176306.29947641
2018-08-31,0.3448545661558488,0.5200775415945618,0.13506789224958934,0.0003840524771183817,189248959.92852286
2018-09-03,0.35290975653799095,0.5451355113320345,0.10195473212997443,0.0,189248959.92852286
2018-09-04,0.35290975653799095,0.5451355113320345,0.10195473212997443,-0.0020291407850942396,188864947.14539522
2018-09-05,0.35290975653799095,0.5451355113320345,0.10195473212997443,-0.0009342461130298884,188688500.80263704
2018-09-06,0.35290975653799095,0.5451355113320345,0.10195473212997443,-0.00042377876641450205,188608538.62253028
2018-09-07,0.35290975653799095,0.5451355113320345,0.10195473212997443,-0.002717704311118141,188095956.38400215
2018-09-10,0.35290975653799095,0.5451355113320345,0.10195473212997443,0.0009979562574813508,188283667.9206825
2018-09-11,0.35290975653799095,0.5451355113320345,0.10195473212997443,8.977515075844745e-05,188300571.11535543
2018-09-12,0.35290975653799095,0.5451355113320345,0.10195473212997443,0.0005943358304515993,188412484.8916638
2018-09-13,0.35290975653799095,0.5451355113320345,0.10195473212997443,0.002017982656110208,188792698.0183698
2018-09-14,0.35290975653799095,0.5451355113320345,0.10195473212997443,-0.0007968758734758944,188642253.67223054
2018-09-17,0.35290975653799095,0.5451355113320345,0.10195473212997443,-0.0020381986281328163,188257763.2895879
2018-09-18,0.35290975653799095,0.5451355113320345,0.10195473212997443,0.0005121786652042084,188354184.89950392
2018-09-19,0.35290975653799095,0.5451355113320345,0.10195473212997443,-0.0005836565413128001,188244250.74740368
2018-09-20,0.35290975653799095,0.5451355113320345,0.10195473212997443,0.0031464195166315215,188836546.131849
2018-09-21,0.35290975653799095,0.5451355113320345,0.10195473212997443,0.0002040331608226141,188875075.0492351
2018-09-24,0.35290975653799095,0.5451355113320345,0.10195473212997443,-0.001311073920116502,188627445.864178
2018-09-25,0.35290975653799095,0.5451355113320345,0.10195473212997443,-0.0011163557541563728,188416870.52959573
2018-09-26,0.35290975653799095,0.5451355113320345,0.10195473212997443,6.165080379418432e-05,188428486.5811123
2018-09-27,0.35290975653799095,0.5451355113320345,0.10195473212997443,0.0011898009343826765,188652678.9705108
2018-09-28,0.35290975653799095,0.5451355113320345,0.10195473212997443,8.032744197194004e-05,188667832.95763364
2018-10-01,0.3430361757799102,0.5084713849522217,0.148492439267868,0.0006073530499396676,188782420.941406
2018-10-02,0.3430361757799102,0.5084713849522217,0.148492439267868,0.0005218101073241424,188880929.51673833
2018-10-03,0.3430361757799102,0.5084713849522217,0.148492439267868,-0.002559304090232312,188397525.78125927
2018-10-04,0.3430361757799102,0.5084713849522217,0.148492439267868,-0.004022179548204291,187639757.10612962
2018-10-05,0.3430361757799102,0.5084713849522217,0.148492439267868,-0.0026954700437403626,187133979.76183534
2018-10-08,0.3430361757799102,0.5084713849522217,0.148492439267868,-0.00012340448036379646,187110886.5903044
2018-10-09,0.3430361757799102,0.5084713849522217,0.148492439267868,0.0004530496226437779,187195657.1068667
2018-10-10,0.3430361757799102,0.5084713849522217,0.148492439267868,-0.012088686919017442,184932707.41550204
2018-10-11,0.3430361757799102,0.5084713849522217,0.148492439267868,-0.004730068955796146,184057962.95724463
2018-10-12,0.3430361757799102,0.5084713849522217,0.148492439267868,0.004896095812080881,184959128.37885976
2018-10-15,0.3430361757799102,0.5084713849522217,0.148492439267868,-0.0022435750760462017,184544158.6883417
2018-10-16,0.3430361757799102,0.5084713849522217,0.148492439267868,0.007793549930264538,185982412.80341795
2018-10-17,0.3430361757799102,0.5084713849522217,0.148492439267868,-0.0007011500579015405,185852011.2239122
2018-10-18,0.3430361757799102,0.5084713849522217,0.148492439267868,-0.005180173177336884,184889265.62041596
2018-10-19,0.3430361757799102,0.5084713849522217,0.148492439267868,-0.0009012397395532156,184722636.06682202
2018-10-22,0.3430361757799102,0.5084713849522217,0.148492439267868,-0.0010891828179472587,184521439.34553212
2018-10-23,0.3430361757799102,0.5084713849522217,0.148492439267868,-0.0014438022787455515,184255026.87092763
2018-10-24,0.3430361757799102,0.5084713849522217,0.148492439267868,-0.009700700114381506,182467624.11068544
2018-10-25,0.3430361757799102,0.5084713849522217,0.148492439267868,0.006278821560145281,183613305.7629801
2018-10-26,0.3430361757799102,0.5084713849522217,0.148492439267868,-0.0040721700710414765,182865601.15460712
2018-10-29,0.3430361757799102,0.5084713849522217,0.148492439267868,-0.0027272538123200548,182366880.246716
2018-10-30,0.3430361757799102,0.5084713849522217,0.148492439267868,0.003737519026029497,183048479.93135574
2018-10-31,0.3430361757799102,0.5084713849522217,0.148492439267868,0.0019815664669114337,183411202.66100684
2018-11-01,0.3368578352263267,0.5097482588261476,0.15339390594752578,0.005077861378985103,184342539.32347235
2018-11-02,0.3368578352263267,0.5097482588261476,0.15339390594752578,-0.0039015937734202416,183623309.6198714
2018-11-05,0.3368578352263267,0.5097482588261476,0.15339390594752578,0.0025401139759600256,184089733.75494888
2018-11-06,0.3368578352263267,0.5097482588261476,0.15339390594752578,0.0010115202522854609,184275944.24887988
2018-11-07,0.3368578352263267,0.5097482588261476,0.15339390594752578,0.0069845166977765645,185563022.65848476
2018-11-08,0.3368578352263267,0.5097482588261476,0.15339390594752578,-0.0011942015269128334,185341423.01348743
2018-11-09,0.3368578352263267,0.5097482588261476,0.15339390594752578,-0.0025236752169209512,184873681.4575594
2018-11-12,0.3368578352263267,0.5097482588261476,0.15339390594752578,-0.006832931893205506,183610452.1833137
2018-11-13,0.3368578352263267,0.5097482588261476,0.15339390594752578,0.00013603469853774983,183635429.57582483
2018-11-14,0.3368578352263267,0.5097482588261476,0.15339390594752578,-0.0013505209313330944,183387426.08444834
2018-11-15,0.3368578352263267,0.5097482588261476,0.15339390594752578,0.0037620831836295498,184077344.83620974
2018-11-16,0.3368578352263267,0.5097482588261476,0.15339390594752578,0.0028593084721570097,184603678.7478321
2018-11-19,0.3368578352263267,0.5097482588261476,0.15339390594752578,-0.004964592181554068,183687196.7676345
2018-11-20,0.3368578352263267,0.5097482588261476,0.15339390594752578,-0.006365429202047714,182517948.9212875
2018-11-21,0.3368578352263267,0.5097482588261476,0.15339390594752578,0.000605098146947639,182628390.19396445
2018-11-22,0.3368578352263267,0.5097482588261476,0.15339390594752578,-0.00020154290313830132,182591582.73800927
2018-11-23,0.3368578352263267,0.5097482588261476,0.15339390594752578,-0.0022571563633892876,182179444.98513085
2018-11-26,0.3368578352263267,0.5097482588261476,0.15339390594752578,0.004281479736984322,182959442.58732975
2018-11-27,0.3368578352263267,0.5097482588261476,0.15339390594752578,0.0009844430848035166,183139555.74538437
2018-11-28,0.3368578352263267,0.5097482588261476,0.15339390594752578,0.008352053256324331,184669147.0683094
2018-11-29,0.3368578352263267,0.5097482588261476,0.15339390594752578,0.00032917738890350017,184729935.9759524
2018-11-30,0.3368578352263267,0.5097482588261476,0.15339390594752578,0.0028350385893528315,185253652.4730529
2018-12-03,0.3533720627190785,0.5124032488276618,0.13422468845325972,0.005491977646660967,186271061.39139718
2018-12-04,0.3533720627190785,0.5124032488276618,0.13422468845325972,-0.00903347262379508,184588386.85771275
2018-12-05,0.3533720627190785,0.5124032488276618,0.13422468845325972,-0.0007893449140575709,184442682.95335254
2018-12-06,0.3533720627190785,0.5124032488276618,0.13422468845325972,0.00036509369648012524,184510021.8142607
2018-12-07,0.3533720627190785,0.5124032488276618,0.13422468845325972,-0.0066719006810103945,183278989.27406487
2018-12-10,0.3533720627190785,0.5124032488276618,0.13422468845325972,-0.00013796304390814053,183253703.54682022
2018-12-11,0.3533720627190785,0.5124032488276618,0.13422468845325972,-0.00038358653294327853,183183409.89402768
2018-12-12,0.3533720627190785,0.5124032488276618,0.13422468845325972,0.002204089119328171,183587162.45461655
2018-12-13,0.3533720627190785,0.5124032488276618,0.13422468845325972,-0.00018375253804888536,183553427.8475623
2018-12-14,0.3533720627190785,0.5124032488276618,0.13422468845325972,-0.0062562491953323494,182405071.86229053
2018-12-17,0.3533720627190785,0.5124032488276618,0.13422468845325972,-0.006037940186737544,181303720.94862846
2018-12-18,0.3533720627190785,0.5124032488276618,0.13422468845325972,0.001306636668695774,181540619.03859094
2018-12-19,0.3533720627190785,0.5124032488276618,0.13422468845325972,-0.004089704500999507,180798171.55179456
2018-12-20,0.3533720627190785,0.5124032488276618,0.13422468845325972,-0.005729563662370107,179762276.91784844
2018-12-21,0.3533720627190785,0.5124032488276618,0.13422468845325972,-0.0075219562543133636,178410112.9346966
2018-12-24,0.3533720627190785,0.5124032488276618,0.13422468845325972,-0.008106231644409182,176963879.23154277
2018-12-25,0.3533720627190785,0.5124032488276618,0.13422468845325972,-1.7978125964811718e-05,176960697.7526307
2018-12-26,0.3533720627190785,0.5124032488276618,0.13422468845325972,0.016267852207784872,179839468.230257
2018-12-27,0.3533720627190785,0.5124032488276618,0.13422468845325972,0.0045101444652145845,180650570.21252283
2018-12-28,0.3533720627190785,0.5124032488276618,0.13422468845325972,-0.00013539665861657616,180626110.72893888
2018-12-31,0.3533720627190785,0.5124032488276618,0.13422468845325972,0.0043629575269186205,181414174.77830175
2019-01-01,0.3254831126518,0.5458502925575565,0.12866659479064352,2.7589543440833647e-06,181414675.29172733
2019-01-02,0.3254831126518,0.5458502925575565,0.12866659479064352,0.0013721596074087277,181663605.18135384
2019-01-03,0.3254831126518,0.5458502925575565,0.12866659479064352,-0.0041951482650272555,180901499.4232587
2019-01-04,0.3254831126518,0.5458502925575565,0.12866659479064352,0.007853009541525464,182322120.62430578
2019-01-07,0.3254831126518,0.5458502925575565,0.12866659479064352,0.001835949952900982,182656854.9130788
2019-01-08,0.3254831126518,0.5458502925575565,0.12866659479064352,0.0020331414421574236,183028222.13449675
2019-01-09,0.3254831126518,0.5458502925575565,0.12866659479064352,0.0012878171861552938,183263929.02451298
2019-01-10,0.3254831126518,0.5458502925575565,0.12866659479064352,0.0009559075686021796,183439112.40131927
2019-01-11,0.3254831126518,0.5458502925575565,0.12866659479064352,0.0008668995499326217,183598135.68530002
2019-01-14,0.3254831126518,0.5458502925575565,0.12866659479064352,-0.001955254863286732,183239154.53761095
2019-01-15,0.3254831126518,0.5458502925575565,0.12866659479064352,0.003384735573055539,183859370.62235105
2019-01-16,0.3254831126518,0.5458502925575565,0.12866659479064352,0.0003965816130535729,183932285.86812747
2019-01-17,0.3254831126518,0.5458502925575565,0.12866659479064352,0.001873681311182301,184276916.3546816
2019-01-18,0.3254831126518,0.5458502925575565,0.12866659479064352,0.003184200417680213,184863690.98870704
2019-01-21,0.3254831126518,0.5458502925575565,0.12866659479064352,-0.0002648651296177103,184814727.0432317
2019-01-22,0.3254831126518,0.5458502925575565,0.12866659479064352,-0.00290716678944773,184277439.80657077
2019-01-23,0.3254831126518,0.5458502925575565,0.12866659479064352,-6.37528837204713e-05,184265691.58837846
2019-01-24,0.3254831126518,0.5458502925575565,0.12866659479064352,0.0020758584518082925,184648201.0816405
2019-01-25,0.3254831126518,0.5458502925575565,0.12866659479064352,0.002331910138040114,185078784.09371364
2019-01-28,0.3254831126518,0.5458502925575565,0.12866659479064352,-0.0024274739760151115,184629510.16181365
2019-01-29,0.3254831126518,0.5458502925575565,0.12866659479064352,0.000998917222508987,184813939.75929767
2019-01-30,0.3254831126518,0.5458502925575565,0.12866659479064352,0.005852229377440039,185895513.3269175
2019-01-31,0.3254831126518,0.5458502925575565,0.12866659479064352,0.005507278974091488,186919291.77884078
2019-02-01,0.3350363300870592,0.6649636699129409,0.0,-0.0015311684731649994,186633086.85224268
2019-02-04,0.3350363300870592,0.6649636699129409,0.0,0.0012823562474787993,186872416.95715392
2019-02-05,0.3350363300870592,0.6649636699129409,0.0,0.002482960105674537,187336413.71330953
2019-02-06,0.3350363300870592,0.6649636699129409,0.0,-0.0006201307947416371,187220240.63418946
2019-02-07,0.3350363300870592,0.6649636699129409,0.0,-0.0012007783078158696,186995430.63045186
2019-02-08,0.3350363300870592,0.6649636699129409,0.0,0.0012000266735263743,187219830.13503593
2019-02-11,0.3350363300870592,0.6649636699129409,0.0,-0.0007605037573700402,187077448.75076407
2019-02-12,0.3350363300870592,0.6649636699129409,0.0,0.0035695104695811623,187745223.66270244
2019-02-13,0.3350363300870592,0.6649636699129409,0.0,0.00025186926246260064,187792510.91371727
2019-02-14,0.3350363300870592,0.6649636699129409,0.0,0.0008347764594612324,187949275.68109113
2019-02-15,0.3350363300870592,0.6649636699129409,0.0,0.0035437161904962326,188615314.5723143
2019-02-18,0.3350363300870592,0.6649636699129409,0.0,0.0,188615314.5723143
2019-02-19,0.3350363300870592,0.6649636699129409,0.0,0.0013483651714674939,188869636.89328897
2019-02-20,0.3350363300870592,0.6649636699129409,0.0,0.00040671613811003654,188946453.22261244
2019-02-21,0.3350363300870592,0.6649636699129409,0.0,-0.0026855835500137057,188439021.73600438
2019-02-22,0.3350363300870592,0.6649636699129409,0.0,0.003506748338809999,189099829.9624441
2019-02-25,0.3350363300870592,0.6649636699129409,0.0,-2.9730896260142818e-05,189094207.85501668
2019-02-26,0.3350363300870592,0.6649636699129409,0.0,0.0010255922860746233,189288141.41593418
2019-02-27,0.3350363300870592,0.6649636699129409,0.0,-0.0022046175988619187,188870833.44811276
2019-02-28,0.3350363300870592,0.6649636699129409,0.0,-0.0015284183397019117,188582159.80243587
2019-03-01,0.3891078668900426,0.6108921331099574,0.0,0.0011594361747135032,188800808.78041643
2019-03-04,0.3891078668900426,0.6108921331099574,0.0,-0.0002715285891129809,188749543.9631849
2019-03-05,0.3891078668900426,0.6108921331099574,0.0,-0.0003784461776910521,188678112.4197311
2019-03-06,0.3891078668900426,0.6108921331099574,0.0,-0.0014971072645875159,188395641.04695886
2019-03-07,0.3891078668900426,0.6108921331099574,0.0,-0.001064347075568605,188195122.69736066
2019-03-08,0.3891078668900426,0.6108921331099574,0.0,-0.00026931465902557423,188144438.99206114
2019-03-11,0.3891078668900426,0.6108921331099574,0.0,0.005125986965586474,189108864.933982
2019-03-12,0.3891078668900426,0.6108921331099574,0.0,0.0025631888435585625,189593586.66679883
2019-03-13,0.3891078668900426,0.6108921331099574,0.0,0.002477186053579175,190063245.2555379
2019-03-14,0.3891078668900426,0.6108921331099574,0.0,-0.0011019770720613522,189853799.9170247
2019-03-15,0.3891078668900426,0.6108921331099574,0.0,0.003084643107281521,190439431.13232997
2019-03-18,0.3891078668900426,0.6108921331099574,0.0,0.0014411564535004055,190713884.14750728
2019-03-19,0.3891078668900426,0.6108921331099574,0.0,-0.0005150614826255637,190615654.77158096
2019-03-20,0.3891078668900426,0.6108921331099574,0.0,0.0013995565541917296,190882432.1605481
2019-03-21,0.3891078668900426,0.6108921331099574,0.0,0.004404966608969137,191723262.90045413
2019-03-22,0.3891078668900426,0.6108921331099574,0.0,-0.004303009481420164,190898275.8823847
2019-03-25,0.3891078668900426,0.6108921331099574,0.0,0.001249073788927762,191136721.91514087
2019-03-26,0.3891078668900426,0.6108921331099574,0.0,0.00291906877249777,191694663.15136096
2019-03-27,0.3891078668900426,0.6108921331099574,0.0,-0.0002001444938736403,191656296.52002624
2019-03-28,0.3891078668900426,0.6108921331099574,0.0,0.0012073112780810597,191887685.32833013
2019-03-29,0.3891078668900426,0.6108921331099574,0.0,0.0018536916265482289,192243385.92386094
2019-04-01,0.257678074288446,0.742321925711554,0.0,-0.00015056488760316475,192214440.82006687
2019-04-02,0.257678074288446,0.742321925711554,0.0,0.0006394114117955284,192337344.92703915
2019-04-03,0.257678074288446,0.742321925711554,0.0,-0.0010478342585874853,192135807.26781884
2019-04-04,0.257678074288446,0.742321925711554,0.0,0.0009292582581550764,192314351.05340973
2019-04-05,0.257678074288446,0.742321925711554,0.0,0.0015759780650796665,192617434.25226992
2019-04-08,0.257678074288446,0.742321925711554,0.0,-0.0002985147874929311,192559935.0998167
2019-04-09,0.257678074288446,0.742321925711554,0.0,-0.0006351053879307687,192437639.2475352
2019-04-10,0.257678074288446,0.742321925711554,0.0,0.0016189784200111778,192749191.63267484
2019-04-11,0.257678074288446,0.742321925711554,0.0,-0.0013157382768281026,192495584.14341608
2019-04-12,0.257678074288446,0.742321925711554,0.0,-0.00026751560118880736,192444088.57149777
2019-04-15,0.257678074288446,0.742321925711554,0.0,0.0002895612489092563,192499812.92212975
2019-04-16,0.257678074288446,0.742321925711554,0.0,-0.0012921889379719027,192251066.79331014
2019-04-17,0.257678074288446,0.742321925711554,0.0,-0.00033147281340742966,192187340.79131955
2019-04-18,0.257678074288446,0.742321925711554,0.0,0.0018614761674912474,192545092.94589615
2019-04-19,0.257678074288446,0.742321925711554,0.0,0.0,192545092.94589615
2019-04-22,0.257678074288446,0.742321925711554,0.0,-0.0007326636345571306,192404022.15828225
2019-04-23,0.257678074288446,0.742321925711554,0.0,0.003206466969634498,193020959.3001576
2019-04-24,0.257678074288446,0.742321925711554,0.0,0.001442736752901493,193299437.73222026
2019-04-25,0.257678074288446,0.742321925711554,0.0,-0.000516416382251148,193199614.7358954
2019-04-26,0.257678074288446,0.742321925711554,0.0,0.0025493519741066426,193692148.555119
2019-04-29,0.257678074288446,0.742321925711554,0.0,-0.0009254018220251241,193512905.4879341
2019-04-30,0.257678074288446,0.742321925711554,0.0,0.0016385576937397131,193829987.54805928
2019-05-01,0.2506804340127269,0.7493195659872731,0.0,-0.00182847752662701,193475573.7718413
2019-05-02,0.2506804340127269,0.7493195659872731,0.0,-0.0022311268230454625,193043905.2295948
2019-05-03,0.2506804340127269,0.7493195659872731,0.0,0.003318840778470076,193684587.2143059
2019-05-06,0.2506804340127269,0.7493195659872731,0.0,0.000279093571823482,193738643.33755872
2019-05-07,0.2506804340127269,0.7493195659872731,0.0,-0.0020785895336077006,193335940.2212619
2019-05-08,0.2506804340127269,0.7493195659872731,0.0,-0.001605837816379517,193025474.05718932
2019-05-09,0.2506804340127269,0.7493195659872731,0.0,0.0003964636612573412,193102001.64334998
2019-05-10,0.2506804340127269,0.7493195659872731,0.0,0.0013198787863672673,193356872.8789241
2019-05-13,0.2506804340127269,0.7493195659872731,0.0,-0.003722428210510199,192637115.80062354
2019-05-14,0.2506804340127269,0.7493195659872731,0.0,0.001448420940075909,192916135.43298498
2019-05-15,0.2506804340127269,0.7493195659872731,0.0,0.0031862657891897775,193530817.51549777
2019-05-16,0.2506804340127269,0.7493195659872731,0.0,0.0011869104620703744,193760521.26753995
2019-05-17,0.2506804340127269,0.7493195659872731,0.0,-0.0008544717319095543,193594958.37935677
2019-05-20,0.2506804340127269,0.7493195659872731,0.0,-0.0023663941631988845,193136836.39982316
2019-05-21,0.2506804340127269,0.7493195659872731,0.0,0.0014573021509047164,193418295.12692755
2019-05-22,0.2506804340127269,0.7493195659872731,0.0,0.0006727108785159734,193548409.71816346
2019-05-23,0.2506804340127269,0.7493195659872731,0.0,0.0013928775373489035,193817998.9504495
2019-05-24,0.2506804340127269,0.7493195659872731,0.0,-0.0011064962545990927,193603540.06053692
2019-05-27,0.2506804340127269,0.7493195659872731,0.0,0.0,193603540.06053692
2019-05-28,0.2506804340127269,0.7493195659872731,0.0,0.0005689485300434814,193713690.5100656
2019-05-29,0.2506804340127269,0.7493195659872731,0.0,-0.0001923101180518914,193676437.40737534
2019-05-30,0.2506804340127269,0.7493195659872731,0.0,0.001235098312235657,193915646.848337
2019-05-31,0.2506804340127269,0.7493195659872731,0.0,0.0007499138767802977,194061066.8828334
2019-06-03,0.11069994307051834,0.8893000569294816,0.0,0.003115250633110652,194665615.74430227
2019-06-04,0.11069994307051834,0.8893000569294816,0.0,-0.00015885436808854136,194634692.26092467
2019-06-05,0.11069994307051834,0.8893000569294816,0.0,0.0007710671072456269,194784768.67005596
2019-06-06,0.11069994307051834,0.8893000569294816,0.0,0.0005441268200021489,194890756.28681722
2019-06-07,0.11069994307051834,0.8893000569294816,0.0,0.003556741049182152,195583932.2398087
2019-06-10,0.11069994307051834,0.8893000569294816,0.0,-0.002290664681999394,195135915.03386042
2019-06-11,0.11069994307051834,0.8893000569294816,0.0,0.00015544322884418696,195166247.59055674
2019-06-12,0.11069994307051834,0.8893000569294816,0.0,0.0003338487038791609,195231403.5893558
2019-06-13,0.11069994307051834,0.8893000569294816,0.0,0.0026008280503483595,195739166.9001199
2019-06-14,0.11069994307051834,0.8893000569294816,0.0,-0.00024013493640946977,195692163.0877235
2019-06-17,0.11069994307051834,0.8893000569294816,0.0,0.0006177946027871604,195813060.64988685
2019-06-18,0.11069994307051834,0.8893000569294816,0.0,0.0022442381980265274,196252511.8002698
2019-06-19,0.11069994307051834,0.8893000569294816,0.0,0.0024398191314025383,196731332.4331459
2019-06-20,0.11069994307051834,0.8893000569294816,0.0,0.002284873133646193,197180838.56916884
2019-06-21,0.11069994307051834,0.8893000569294816,0.0,-0.00359551854817936,196471871.20674783
2019-06-24,0.11069994307051834,0.8893000569294816,0.0,0.002480693664190528,196959257.73284206
2019-06-25,0.11069994307051834,0.8893000569294816,0.0,0.00016642965268888173,196992037.5937004
2019-06-26,0.11069994307051834,0.8893000569294816,0.0,-0.002983963654171962,196404220.51335952
2019-06-27,0.11069994307051834,0.8893000569294816,0.0,0.002803090540221695,196954759.32594013
2019-06-28,0.11069994307051834,0.8893000569294816,0.0,0.0009667974329577421,197145174.68166527
2019-07-01,0.11422707629660117,0.8857729237033989,0.0,-0.0010023088630938077,196947574.32576564
2019-07-02,0.11422707629660117,0.8857729237033989,0.0,0.0031205547671259003,197562160.01770177
2019-07-03,0.11422707629660117,0.8857729237033989,0.0,0.0022239873117249425,198001535.7548581
2019-07-04,0.11422707629660117,0.8857729237033989,0.0,0.0,198001535.7548581
2019-07-05,0.11422707629660117,0.8857729237033989,0.0,-0.00512967995022106,196985851.24678344
2019-07-08,0.11422707629660117,0.8857729237033989,0.0,0.00036721475413409776,197058187.3577169
2019-07-09,0.11422707629660117,0.8857729237033989,0.0,-0.0008223278354627583,196896140.9250468
2019-07-10,0.11422707629660117,0.8857729237033989,0.0,0.0005241553869103296,196999345.09797454
2019-07-11,0.11422707629660117,0.8857729237033989,0.0,-0.002736485415649444,196460259.26322147
2019-07-12,0.11422707629660117,0.8857729237033989,0.0,0.001207702687681333,196697524.84635624
2019-07-15,0.11422707629660117,0.8857729237033989,0.0,0.0010130323326840484,196896785.79878452
2019-07-16,0.11422707629660117,0.8857729237033989,0.0,-0.0017624269039000049,196549769.6062013
2019-07-17,0.11422707629660117,0.8857729237033989,0.0,0.0022628042142898543,196994523.2531839
2019-07-18,0.11422707629660117,0.8857729237033989,0.0,0.0017574595004181156,197340733.14960554
2019-07-19,0.11422707629660117,0.8857729237033989,0.0,-0.0014880743026612466,197047075.47573727
2019-07-22,0.11422707629660117,0.8857729237033989,0.0,0.0008626402035988715,197217056.20504424
2019-07-23,0.11422707629660117,0.8857729237033989,0.0,-0.0009159626064517068,197036412.75620595
2019-07-24,0.11422707629660117,0.8857729237033989,0.0,0.0017061898640589868,197372594.28650108
2019-07-25,0.11422707629660117,0.8857729237033989,0.0,-0.002088636980927865,196960354.58705264
2019-07-26,0.11422707629660117,0.8857729237033989,0.0,0.0007537961779072127,197108822.5495396
2019-07-29,0.11422707629660117,0.8857729237033989,0.0,0.0011845280973166352,197342303.4880785
2019-07-30,0.11422707629660117,0.8857729237033989,0.0,-0.000541883885395293,197235366.87391153
2019-07-31,0.11422707629660117,0.8857729237033989,0.0,0.00016477038483855995,197267865.42121512
2019-08-01,0.0752841030200016,0.9247158969799985,0.0,0.006922515369696983,198633455.2515408
2019-08-02,0.0752841030200016,0.9247158969799985,0.0,0.0013125605450233853,198894173.68782568
2019-08-05,0.0752841030200016,0.9247158969799985,0.0,0.004633409763285923,199815731.8940515
2019-08-06,0.0752841030200016,0.9247158969799985,0.0,0.0014927207674088946,200114000.98670477
2019-08-07,0.0752841030200016,0.9247158969799985,0.0,0.0036221579047279726,200838845.4972255
2019-08-08,0.0752841030200016,0.9247158969799985,0.0,-0.0006026208080583994,200717815.82986245
2019-08-09,0.0752841030200016,0.9247158969799985,0.0,-0.0012684779499328982,200463209.70632356
2019-08-12,0.0752841030200016,0.9247158969799985,0.0,0.005047992367377145,201475146.45886102
2019-08-13,0.0752841030200016,0.9247158969799985,0.0,-0.001354553193124844,201202237.65588987
2019-08-14,0.0752841030200016,0.9247158969799985,0.0,0.0036245860805149254,201931512.48586586
2019-08-15,0.0752841030200016,0.9247158969799985,0.0,0.0033771363627555008,202613462.7394681
2019-08-16,0.0752841030200016,0.9247158969799985,0.0,0.0006451483863127572,202744178.4879997
2019-08-19,0.0752841030200016,0.9247158969799985,0.0,-0.0031134309349969114,202112948.49080464
2019-08-20,0.0752841030200016,0.9247158969799985,0.0,0.0016686329424572019,202450200.8147535
2019-08-21,0.0752841030200016,0.9247158969799985,0.0,-0.0006085887116369041,202326991.907869
2019-08-22,0.0752841030200016,0.9247158969799985,0.0,-0.0023348381908702455,201854591.12011862
2019-08-23,0.0752841030200016,0.9247158969799985,0.0,0.0028495788046148654,202429791.6845887
2019-08-26,0.0752841030200016,0.9247158969799985,0.0,-0.00011389320927774097,202406736.3059603
2019-08-27,0.0752841030200016,0.9247158969799985,0.0,0.003159308769077536,203046201.68289208
2019-08-28,0.0752841030200016,0.9247158969799985,0.0,0.0018383177263370878,203419465.11471117
2019-08-29,0.0752841030200016,0.9247158969799985,0.0,-0.0014800991799476743,203118384.1312095
2019-08-30,0.0752841030200016,0.9247158969799985,0.0,0.0007114975424384227,203262902.36234295
2019-09-02,0.06496442218348447,0.9350355778165156,0.0,0.0,203262902.36234295
2019-09-03,0.06496442218348447,0.9350355778165156,0.0,0.0020170691664138656,203672897.6953738
2019-09-04,0.06496442218348447,0.9350355778165156,0.0,0.0012556901887116705,203928647.75471637
2019-09-05,0.06496442218348447,0.9350355778165156,0.0,-0.005616129107367677,202783358.140235
2019-09-06,0.06496442218348447,0.9350355778165156,0.0,0.0015692797928720484,203101581.96649525
2019-09-09,0.06496442218348447,0.9350355778165156,0.0,-0.003995414100224287,202290107.04212844
2019-09-10,0.06496442218348447,0.9350355778165156,0.0,-0.005039420615178993,201270682.10645357
2019-09-11,0.06496442218348447,0.9350355778165156,0.0,-0.0009565452020583318,201078157.60116962
2019-09-12,0.06496442218348447,0.9350355778165156,0.0,-0.003189653867346873,200436787.87813807
2019-09-13,0.06496442218348447,0.9350355778165156,0.0,-0.006246996162277513,199184660.03348413
2019-09-16,0.06496442218348447,0.9350355778165156,0.0,0.0034189062875203467,199865653.7200502
2019-09-17,0.06496442218348447,0.9350355778165156,0.0,0.0017594538078786201,200217308.1055521
2019-09-18,0.06496442218348447,0.9350355778165156,0.0,0.0015837100013044896,200534394.25883314
2019-09-19,0.06496442218348447,0.9350355778165156,0.0,0.001066501489901481,200748264.48908666
2019-09-20,0.06496442218348447,0.9350355778165156,0.0,0.0007768712327397961,200904220.04079068
2019-09-23,0.06496442218348447,0.9350355778165156,0.0,0.0029301812917944267,201492905.82779673
2019-09-24,0.06496442218348447,0.9350355778165156,0.0,0.0033709094057592396,202172120.1592454
2019-09-25,0.06496442218348447,0.9350355778165156,0.0,-0.00512546938855445,201135893.14615008
2019-09-26,0.06496442218348447,0.9350355778165156,0.0,0.0028219119392777856,201703480.9244365
2019-09-27,0.06496442218348447,0.9350355778165156,0.0,0.0004437993663180469,201792996.8014549
2019-09-30,0.06496442218348447,0.9350355778165156,0.0,0.000558316823818271,201905661.22649786
2019-10-01,0.067939631060069,0.932060368939931,0.0,0.0011757620061761459,202143054.23179987
2019-10-02,0.067939631060069,0.932060368939931,0.0,0.001314342921006142,202408739.52415997
2019-10-03,0.067939631060069,0.932060368939931,0.0,0.004554262024698087,203330561.96004185
2019-10-04,0.067939631060069,0.932060368939931,0.0,0.0021260419809165784,203762851.27077228
2019-10-07,0.067939631060069,0.932060368939931,0.0,-0.002651862629890112,203222500.18012747
2019-10-08,0.067939631060069,0.932060368939931,0.0,-0.00013028729029579444,203196022.87125185
2019-10-09,0.067939631060069,0.932060368939931,0.0,-0.002125267879659045,202764176.89056912
2019-10-10,0.067939631060069,0.932060368939931,0.0,-0.003495981041641776,202055317.1722356
2019-10-11,0.067939631060069,0.932060368939931,0.0,-0.004072983379159155,201232349.22372234
2019-10-14,0.067939631060069,0.932060368939931,0.0,-9.420899367666988e-05,201213391.32660675
2019-10-15,0.067939631060069,0.932060368939931,0.0,-0.00020053308197896173,201173041.3851086
2019-10-16,0.067939631060069,0.932060368939931,0.0,0.0008837755100168537,201350833.19236037
2019-10-17,0.067939631060069,0.932060368939931,0.0,-0.00037478128701634784,201275370.66795468
2019-10-18,0.067939631060069,0.932060368939931,0.0,0.00017035133774788604,201309658.19660366
2019-10-21,0.067939631060069,0.932060368939931,0.0,-0.0017513151412284875,200957101.5441284
2019-10-22,0.067939631060069,0.932060368939931,0.0,0.0012630791138288828,201210926.2618644
2019-10-23,0.067939631060069,0.932060368939931,0.0,0.00041137896265664017,201293700.20398518
2019-10-24,0.067939631060069,0.932060368939931,0.0,-0.00019849939844087598,201253743.52558473
2019-10-25,0.067939631060069,0.932060368939931,0.0,-0.0018894361364930755,200873487.429963
2019-10-28,0.067939631060069,0.932060368939931,0.0,-0.002256714091529278,200420173.40026516
2019-10-29,0.067939631060069,0.932060368939931,0.0,0.0009015464818964254,200600861.50249523
2019-10-30,0.067939631060069,0.932060368939931,0.0,0.002587802371148077,201119976.88754573
2019-10-31,0.067939631060069,0.932060368939931,0.0,0.006076079718101001,202341997.9000171
2019-11-01,0.08241139525374785,0.917588604746252,0.0,-0.0013000087361756804,202078951.53505188
2019-11-04,0.08241139525374785,0.917588604746252,0.0,-0.00274862682606091,201523511.9078804
2019-11-05,0.08241139525374785,0.917588604746252,0.0,-0.0041276089475162136,200691701.65699455
2019-11-06,0.08241139525374785,0.917588604746252,0.0,0.002820769731380192,201257806.73436776
2019-11-07,0.08241139525374785,0.917588604746252,0.0,-0.005828947072572839,200084685.63097104
2019-11-08,0.08241139525374785,0.917588604746252,0.0,-0.00027977472885483206,200028706.99230063
2019-11-11,0.08241139525374785,0.917588604746252,0.0,-0.00016202722804123412,199996296.895378
2019-11-12,0.08241139525374785,0.917588604746252,0.0,0.0018115349237636318,200358597.1718274
2019-11-13,0.08241139525374785,0.917588604746252,0.0,0.0022419709505164345,200807795.32637286
2019-11-14,0.08241139525374785,0.917588604746252,0.0,0.00320367864382609,201451118.97177377
2019-11-15,0.08241139525374785,0.917588604746252,0.0,-0.0004062462254115451,201369280.21508655
2019-11-18,0.08241139525374785,0.917588604746252,0.0,0.001377545146345198,201646675.4896699
2019-11-19,0.08241139525374785,0.917588604746252,0.0,0.0013778263079659368,201924509.58407342
2019-11-20,0.08241139525374785,0.917588604746252,0.0,0.002364107334083258,202401880.79811227
2019-11-21,0.08241139525374785,0.917588604746252,0.0,-0.0019292822224786569,202011390.44769225
2019-11-22,0.08241139525374785,0.917588604746252,0.0,0.00011870618612635517,202035370.44940636
2019-11-25,0.08241139525374785,0.917588604746252,0.0,0.0015688767517330836,202352339.0451322
2019-11-26,0.08241139525374785,0.917588604746252,0.0,0.0017192901003108409,202700241.41842726
2019-11-27,0.08241139525374785,0.917588604746252,0.0,-0.0011220822162345515,202472795.0823052
2019-11-28,0.08241139525374785,0.917588604746252,0.0,0.0,202472795.0823052
2019-11-29,0.08241139525374785,0.917588604746252,0.0,-0.0004509029263387957,202381499.50649858
2019-12-02,0.05631547341223925,0.9436845265877608,0.0,-0.004146870888037935,201542249.55791765
2019-12-03,0.05631547341223925,0.9436845265877608,0.0,0.007149149748345012,202983105.28062552
2019-12-04,0.05631547341223925,0.9436845265877608,0.0,-0.003743526417780712,202223232.6636443
2019-12-05,0.05631547341223925,0.9436845265877608,0.0,-0.0006406840226844581,202093671.46946108
2019-12-06,0.05631547341223925,0.9436845265877608,0.0,-0.0019564472609487652,201698285.85945958
2019-12-09,0.05631547341223925,0.9436845265877608,0.0,0.0007208610810018095,201843682.3038405
2019-12-10,0.05631547341223925,0.9436845265877608,0.0,3.629043586026988e-06,201844414.80336112
2019-12-11,0.05631547341223925,0.9436845265877608,0.0,0.0024275823351779567,202334408.7391921
2019-12-12,0.05631547341223925,0.9436845265877608,0.0,-0.005315882314526296,201258822.8341553
2019-12-13,0.05631547341223925,0.9436845265877608,0.0,0.004557390839438626,202176037.9496959
2019-12-16,0.05631547341223925,0.9436845265877608,0.0,-0.003122047493010286,201544834.75726828
2019-12-17,0.05631547341223925,0.9436845265877608,0.0,2.7198628865235788e-05,201550316.50042853
2019-12-18,0.05631547341223925,0.9436845265877608,0.0,-0.0017672829120767219,201194120.07015365
2019-12-19,0.05631547341223925,0.9436845265877608,0.0,0.0011042730172979407,201416293.30818608
2019-12-20,0.05631547341223925,0.9436845265877608,0.0,3.444634479879947e-05,201423231.36327347
2019-12-23,0.05631547341223925,0.9436845265877608,0.0,-0.0009278929210954556,201236332.1727473
2019-12-24,0.05631547341223925,0.9436845265877608,0.0,0.0015252025612480897,201543258.34199333
2019-12-25,0.05631547341223925,0.9436845265877608,0.0,0.0,201543258.34199333
2019-12-26,0.05631547341223925,0.9436845265877608,0.0,0.0006645389399379106,201677191.68524358
2019-12-27,0.05631547341223925,0.9436845265877608,0.0,0.0019938650810535272,202079308.79538974
2019-12-30,0.05631547341223925,0.9436845265877608,0.0,-0.0012400638541606465,201828717.5488788
2019-12-31,0.05631547341223925,0.9436845265877608,0.0,-0.0008766986486158136,201651774.58495182
2020-01-01,0.03834195522052691,0.9616580447794731,0.0,0.0,201651774.58495182
2020-01-02,0.03834195522052691,0.9616580447794731,0.0,0.0020384707110951304,202062835.8212836
2020-01-03,0.03834195522052691,0.9616580447794731,0.0,0.0049061793608223695,203054192.33597922
2020-01-06,0.03834195522052691,0.9616580447794731,0.0,-0.001343038844278047,202781482.6681785
2020-01-07,0.03834195522052691,0.9616580447794731,0.0,-0.0010640255044724377,202565717.9987848
2020-01-08,0.03834195522052691,0.9616580447794731,0.0,-0.0027191595264927813,202014909.49694753
2020-01-09,0.03834195522052691,0.9616580447794731,0.0,0.0015497454392635424,202327981.18160367
2020-01-10,0.03834195522052691,0.9616580447794731,0.0,0.0019419996344790943,202720902.04710326
2020-01-13,0.03834195522052691,0.9616580447794731,0.0,-0.0007014104202137081,202578711.4940123
2020-01-14,0.03834195522052691,0.9616580447794731,0.0,0.001699679572722619,202923030.39180717
2020-01-15,0.03834195522052691,0.9616580447794731,0.0,0.001843491882266045,203297117.3510593
2020-01-16,0.03834195522052691,0.9616580447794731,0.0,-0.000704721290663744,203153849.5441314
2020-01-17,0.03834195522052691,0.9616580447794731,0.0,-0.0016973241655847445,202809031.60596856
2020-01-20,0.03834195522052691,0.9616580447794731,0.0,0.0,202809031.60596856
2020-01-21,0.03834195522052691,0.9616580447794731,0.0,0.0038935554990946436,203598679.82624406
2020-01-22,0.03834195522052691,0.9616580447794731,0.0,0.0006117693861714525,203723235.26562664
2020-01-23,0.03834195522052691,0.9616580447794731,0.0,0.0020524130060376386,204141359.48331785
2020-01-24,0.03834195522052691,0.9616580447794731,0.0,0.002879490213375265,204729182.5300952
2020-01-27,0.03834195522052691,0.9616580447794731,0.0,0.003830524057264548,205513402.58900082
2020-01-28,0.03834195522052691,0.9616580447794731,0.0,-0.0017865946510511332,205146233.443216
2020-01-29,0.03834195522052691,0.9616580447794731,0.0,0.002823522718937434,205725468.4940474
2020-01-30,0.03834195522052691,0.9616580447794731,0.0,0.002042753999624463,206145715.01763824
2020-01-31,0.03834195522052691,0.9616580447794731,0.0,0.001193650699407739,206391780.99454895
2020-02-03,0.0038743965612258457,0.9961256034387741,0.0,0.00034001126322738567,206461956.52472466
2020-02-04,0.0038743965612258457,0.9961256034387741,0.0,-0.005184180797215097,205391620.41435376
2020-02-05,0.0038743965612258457,0.9961256034387741,0.0,-0.002698523963895431,204837366.20468235
2020-02-06,0.0038743965612258457,0.9961256034387741,0.0,0.0007454263389806583,204990057.37265873
2020-02-07,0.0038743965612258457,0.9961256034387741,0.0,0.004169625835862481,205844789.2119747
2020-02-10,0.0038743965612258457,0.9961256034387741,0.0,0.0018887954609513903,206233587.9154988
2020-02-11,0.0038743965612258457,0.9961256034387741,0.0,-0.0022808947965605843,205763190.79794633
2020-02-12,0.0038743965612258457,0.9961256034387741,0.0,-0.0022964937226956153,205290656.92191705
2020-02-13,0.0038743965612258457,0.9961256034387741,0.0,0.00076649271882265,205448010.71569002
2020-02-14,0.0038743965612258457,0.9961256034387741,0.0,0.0018919144756269172,205836700.78115177
2020-02-17,0.0038743965612258457,0.9961256034387741,0.0,0.0,205836700.78115177
2020-02-18,0.0038743965612258457,0.9961256034387741,0.0,0.0021781428571687076,206285042.5207014
2020-02-19,0.0038743965612258457,0.9961256034387741,0.0,-0.0007899903243735714,206122079.33304706
2020-02-20,0.0038743965612258457,0.9961256034387741,0.0,0.0027756680684737274,206694205.80685917
2020-02-21,0.0038743965612258457,0.9961256034387741,0.0,0.0034098154099913183,207398994.8949753
2020-02-24,0.0038743965612258457,0.9961256034387741,0.0,0.005824753667408639,208607042.95110667
2020-02-25,0.0038743965612258457,0.9961256034387741,0.0,0.0029151959043574533,209215173.34833783
2020-02-26,0.0038743965612258457,0.9961256034387741,0.0,0.0011145535553057646,209448354.86361715
2020-02-27,0.0038743965612258457,0.9961256034387741,0.0,0.0010383959713950036,209665845.19152284
2020-02-28,0.0038743965612258457,0.9961256034387741,0.0,0.01005081819144188,211773158.4824978
2020-03-02,0.0,1.0,0.0,0.0023274104749522184,212266041.5498637
2020-03-03,0.0,1.0,0.0,0.003342888255452703,212975623.20719215
2020-03-04,0.0,1.0,0.0,0.0011970361385209571,213230562.7247952
2020-03-05,0.0,1.0,0.0,0.004216500145465263,214129649.42354193
2020-03-06,0.0,1.0,0.0,0.01681899538449949,217731095.00888097
2020-03-09,0.0,1.0,0.0,0.013238881408192293,220613611.15457937
2020-03-10,0.0,1.0,0.0,-0.018624305199782865,216504835.92921028
2020-03-11,0.0,1.0,0.0,-0.0037759251409102967,215687329.87609655
2020-03-12,0.0,1.0,0.0,-0.0026200701312005803,215122213.94540977
2020-03-13,0.0,1.0,0.0,-0.00745422583894606,213518644.37968665
2020-03-16,0.0,1.0,0.0,0.016807425037212775,217107342.98914552
2020-03-17,0.0,1.0,0.0,-0.01681925466081624,213455759.2986779
2020-03-18,0.0,1.0,0.0,-0.01826947576278759,209556034.47774327
2020-03-19,0.0,1.0,0.0,0.010259737626472587,211706024.40952897
2020-03-20,0.0,1.0,0.0,0.011508278976417596,214142396.3994221
2020-03-23,0.0,1.0,0.0,0.013861551160354146,217110742.1827135
2020-03-24,0.0,1.0,0.0,-0.0019492338102041762,216687542.58349243
2020-03-25,0.0,1.0,0.0,-0.0022001121625807585,216210805.68557477
2020-03-26,0.0,1.0,0.0,0.0030264202557914732,216865150.44742256
2020-03-27,0.0,1.0,0.0,0.004185018573958699,217772735.13008937
2020-03-30,0.0,1.0,0.0,0.0035432210532888586,218544352.07003462
2020-03-31,0.0,1.0,0.0,-0.002955220630550759,217898505.29210693
2020-04-01,0.0,1.0,0.0,0.0039077734271406595,218750003.2809011
2020-04-02,0.0,1.0,0.0,0.0008779631255488862,218942057.7174954
2020-04-03,0.0,1.0,0.0,0.002546188480049727,219499525.46265408
2020-04-06,0.0,1.0,0.0,-0.0047774646142411115,218450874.24691352
2020-04-07,0.0,1.0,0.0,-0.002769759824478135,217845817.7918023
2020-04-08,0.0,1.0,0.0,-0.0009479227618489627,217639316.78254384
2020-04-09,0.0,1.0,0.0,0.0021670629853927093,218110954.89010945
2020-04-10,0.0,1.0,0.0,0.0,218110954.89010945
2020-04-13,0.0,1.0,0.0,-0.001838994475224176,217709850.04908067
2020-04-14,0.0,1.0,0.0,-0.0002810414145751894,217648664.56485593
2020-04-15,0.0,1.0,0.0,0.0076292958714343495,219309170.62284377
2020-04-16,0.0,1.0,0.0,0.002627173811959427,219885333.9326267
2020-04-17,0.0,1.0,0.0,-0.004197101449275431,218962452.87890363
2020-04-20,0.0,1.0,0.0,0.002437282662692608,219496126.26908603
2020-04-21,0.0,1.0,0.0,0.003608319266566351,220288138.37043947
2020-04-22,0.0,1.0,0.0,-0.0031169953399375894,219601501.26969528
2020-04-23,0.0,1.0,0.0,0.0004643675314222051,219703477.0767365
2020-04-24,0.0,1.0,0.0,0.001028870254045744,219929523.44901115
2020-04-27,0.0,1.0,0.0,-0.004030107958980178,219043183.72614458
2020-04-28,0.0,1.0,0.0,0.0027816681473780136,219652489.17321584
2020-04-29,0.0,1.0,0.0,-0.0011683870069176816,219395850.05882877
2020-04-30,0.0,1.0,0.0,-0.0005074097314213821,219284526.46947542
2020-05-01,0.0,1.0,0.0,-0.0007556880054874204,219118815.78303346
2020-05-04,0.0,1.0,0.0,-0.00012410412335961407,219091622.2344891
2020-05-05,0.0,1.0,0.0,-0.0015786452353615532,218745754.288941
2020-05-06,0.0,1.0,0.0,-0.0037722068769934225,217920600.05029917
2020-05-07,0.0,1.0,0.0,0.005962454862383781,219219941.79168266
2020-05-08,0.0,1.0,0.0,-0.003426794900122987,218468720.01314566
2020-05-11,0.0,1.0,0.0,-0.0031468436263775157,217781233.11400944
2020-05-12,0.0,1.0,0.0,0.0032972521597978144,218499312.75525805
2020-05-13,0.0,1.0,0.0,0.0024035563299482643,219024488.1615203
2020-05-14,0.0,1.0,0.0,0.0027586260412746366,219628694.8182395
2020-05-15,0.0,1.0,0.0,-0.0012110753420417897,219362707.9215403
2020-05-18,0.0,1.0,0.0,-0.0070157088345246255,217823723.0336099
2020-05-19,0.0,1.0,0.0,0.0015917354598087297,218170440.77755004
2020-05-20,0.0,1.0,0.0,0.0020916753657509446,218626782.51405945
2020-05-21,0.0,1.0,0.0,3.109585686567051e-05,218633580.9011955
2020-05-22,0.0,1.0,0.0,0.001177718956611118,218891069.8139746
2020-05-25,0.0,1.0,0.0,0.0,218891069.8139746
2020-05-26,0.0,1.0,0.0,-0.0030514791521081275,218223128.27785462
2020-05-27,0.0,1.0,0.0,0.0005880199693137911,218351447.8350481
2020-05-28,0.0,1.0,0.0,-0.0020393469419525134,217906153.4776348
2020-05-29,0.0,1.0,0.0,0.003775041825747394,218728758.32110062
2020-06-01,0.0,1.0,0.0,-0.001907618429692004,218311507.31062365
2020-06-02,0.0,1.0,0.0,-0.0012456305615458074,218039571.8251804
2020-06-03,0.0,1.0,0.0,-0.004474272930648726,217064003.2711528
2020-06-04,0.0,1.0,0.0,-0.003640919234232487,216273690.76658332
2020-06-05,0.0,1.0,0.0,-0.004023575638506749,215403497.21316496
2020-06-08,0.0,1.0,0.0,0.0014597042718047515,215717922.6182087
2020-06-09,0.0,1.0,0.0,0.00398666908282963,216577918.59092295
2020-06-10,0.0,1.0,0.0,0.004394604054022366,217529692.78997436
2020-06-11,0.0,1.0,0.0,0.005879411511926724,218808639.36994964
2020-06-12,0.0,1.0,0.0,-0.0027652311026358234,218203582.9148384
2020-06-15,0.0,1.0,0.0,7.789041597372481e-05,218220578.8826786
2020-06-16,0.0,1.0,0.0,-0.003968207608522123,217354634.32122022
2020-06-17,0.0,1.0,0.0,0.0010282595436561515,217578131.2983189
2020-06-18,0.0,1.0,0.0,0.00283945554318743,218195934.72931027
2020-06-19,0.0,1.0,0.0,-0.00036999244436475287,218115203.88206932
2020-06-22,0.0,1.0,0.0,0.00013636345926815174,218144946.82578966
2020-06-23,0.0,1.0,0.0,-0.0008024869303705495,217969888.35703558
2020-06-24,0.0,1.0,0.0,0.0020780051150894874,218422830.89997697
2020-06-25,0.0,1.0,0.0,0.0011477304117433196,218673521.42561996
2020-06-26,0.0,1.0,0.0,0.0025065675957161027,219221641.38846654
2020-06-29,0.0,1.0,0.0,-0.00022870965115973085,219171503.2833379
2020-06-30,0.0,1.0,0.0,-0.0010856500329571306,218933559.73357508
2020-07-01,0.0,1.0,0.0,-0.0014711019679385373,218611486.14300326
2020-07-02,0.0,1.0,0.0,0.0003848381541762258,218695616.18381223
2020-07-03,0.0,1.0,0.0,0.0,218695616.18381223
2020-07-06,0.0,1.0,0.0,-0.0005323489411307447,218579193.80410683
2020-07-07,0.0,1.0,0.0,0.002597069354970394,219146859.12996963
2020-07-08,0.0,1.0,0.0,2.7144302992443414e-05,219152807.7187137
2020-07-09,0.0,1.0,0.0,0.003846631095669517,219995807.72358778
2020-07-10,0.0,1.0,0.0,-0.001506489493201535,219664386.35070384
2020-07-13,0.0,1.0,0.0,-0.0002669348910983027,219605750.26165512
2020-07-14,0.0,1.0,0.0,0.001911609350633281,220025550.66730815
2020-07-15,0.0,1.0,0.0,-0.0013402081764286589,219730670.62528062
2020-07-16,0.0,1.0,0.0,0.00154698183843327,220070589.9820847
2020-07-17,0.0,1.0,0.0,-0.0013515183343115744,219773160.5448811
2020-07-20,0.0,1.0,0.0,0.0005916061527040384,219903179.69885868
2020-07-21,0.0,1.0,0.0,0.0005989852031333953,220034898.44962028
2020-07-22,0.0,1.0,0.0,0.0009732510447000298,220249047.64440683
2020-07-23,0.0,1.0,0.0,0.0017053916613292142,220624658.5336753
2020-07-24,0.0,1.0,0.0,0.0001887373854094765,220666298.65488377
2020-07-27,0.0,1.0,0.0,-0.0008472324382194918,220479343.00864154
2020-07-28,0.0,1.0,0.0,0.0019271610220119584,220904242.2046466
2020-07-29,0.0,1.0,0.0,-0.0004924042793008621,220795468.0104693
2020-07-30,0.0,1.0,0.0,0.002655674483586834,221381828.90095633
2020-07-31,0.0,1.0,0.0,0.0002418323986317361,221435366.1996529
2020-08-03,0.0,1.0,0.0,-0.0020531595631183563,220980724.0599275
2020-08-04,0.0,1.0,0.0,0.003164909878902833,221680108.13655186
2020-08-05,0.0,1.0,0.0,-0.0016828821369152536,221307046.64245942
2020-08-06,0.0,1.0,0.0,0.0008332597351232707,221491452.89352563
2020-08-07,0.0,1.0,0.0,-0.0017610497237570133,221101395.43159294
2020-08-10,0.0,1.0,0.0,-0.0008609391154618118,220911040.5917827
2020-08-11,0.0,1.0,0.0,-0.0057432575387469376,219642291.5925115
2020-08-12,0.0,1.0,0.0,-0.0008550513804630455,219454486.14787725
2020-08-13,0.0,1.0,0.0,-0.0029119859976843854,218815437.7570856
2020-08-14,0.0,1.0,0.0,8.54398794520872e-05,218834133.3217098
2020-08-17,0.0,1.0,0.0,0.0011727563268650876,219090772.4360969
2020-08-18,0.0,1.0,0.0,0.0012218063339992646,219358458.92958015
2020-08-19,0.0,1.0,0.0,-0.0006779529694339592,219209744.2109784
2020-08-20,0.0,1.0,0.0,0.002027485414122676,219654188.76999968
2020-08-21,0.0,1.0,0.0,0.0007079906220257559,219809701.87573755
2020-08-24,0.0,1.0,0.0,2.3196384456802832e-05,219814800.6660896
2020-08-25,0.0,1.0,0.0,-0.002064430329342448,219361008.32475618
2020-08-26,0.0,1.0,0.0,-0.0008329039681095329,219178301.670474
2020-08-27,0.0,1.0,0.0,-0.0043114478245023236,218233325.8585587
2020-08-28,0.0,1.0,0.0,0.0006892362327983736,218383740.17394453
2020-08-31,0.0,1.0,0.0,0.00286789398520515,219010041.58885598
2020-09-01,0.06440825731666752,0.9355917426833326,0.0,0.0019235049759704498,219431308.49363962
2020-09-02,0.06440825731666752,0.9355917426833326,0.0,0.002903151067513564,220068350.73113883
2020-09-03,0.06440825731666752,0.9355917426833326,0.0,-0.00039477579592539806,219981473.07282093
2020-09-04,0.06440825731666752,0.9355917426833326,0.0,-0.007289318060920308,218377958.14808342
2020-09-07,0.06440825731666752,0.9355917426833326,0.0,0.0,218377958.14808342
2020-09-08,0.06440825731666752,0.9355917426833326,0.0,0.0010296715811699783,218602815.7255424
2020-09-09,0.06440825731666752,0.9355917426833326,0.0,-0.00021079023940388168,218556736.38568124
2020-09-10,0.06440825731666752,0.9355917426833326,0.0,0.0002975909791448207,218621776.89886093
2020-09-11,0.06440825731666752,0.9355917426833326,0.0,0.0010381842007052978,218848746.57356742
2020-09-14,0.06440825731666752,0.9355917426833326,0.0,0.001109116965320683,219091475.43123138
2020-09-15,0.06440825731666752,0.9355917426833326,0.0,-0.00044499700176970795,218993980.38155118
2020-09-16,0.06440825731666752,0.9355917426833326,0.0,-0.0010415902036638703,218765878.3969244
2020-09-17,0.06440825731666752,0.9355917426833326,0.0,0.00027877270014739876,218826864.35154524
2020-09-18,0.06440825731666752,0.9355917426833326,0.0,-0.0018680152463832933,218418092.43261832
2020-09-21,0.06440825731666752,0.9355917426833326,0.0,0.000596851601853215,218548455.62096047
2020-09-22,0.06440825731666752,0.9355917426833326,0.0,0.0012682206340931387,218825623.28192815
2020-09-23,0.06440825731666752,0.9355917426833326,0.0,-0.002106083585112833,218364758.228732
2020-09-24,0.06440825731666752,0.9355917426833326,0.0,0.0012100409772153376,218628988.53416848
2020-09-25,0.06440825731666752,0.9355917426833326,0.0,0.001070933409595925,218863125.6222959
2020-09-28,0.06440825731666752,0.9355917426833326,0.0,0.0005021584651864715,218973029.59354433
2020-09-29,0.06440825731666752,0.9355917426833326,0.0,0.0007627138819908606,219140043.3629969
2020-09-30,0.06440825731666752,0.9355917426833326,0.0,-0.0016326943082851722,218782254.66148078
2020-10-01,0.0,1.0,0.0,-8.912068878663693e-05,218762756.63625106
2020-10-02,0.0,1.0,0.0,-0.0013601804273523088,218465199.81644082
2020-10-05,0.0,1.0,0.0,-0.004501305766716035,217481821.15268028
2020-10-06,0.0,1.0,0.0,0.0014344573814137895,217793789.55635607
2020-10-07,0.0,1.0,0.0,-0.0027674953583147754,217191046.25468907
2020-10-08,0.0,1.0,0.0,0.0014441842310695119,217504710.13881958
2020-10-09,0.0,1.0,0.0,-0.0006080212027906873,217372462.66334832
2020-10-12,0.0,1.0,0.0,0.0,217372462.66334832
2020-10-13,0.0,1.0,0.0,0.00349434898250478,218132037.9070806
2020-10-14,0.0,1.0,0.0,0.0005440907854339372,218250721.53891373
2020-10-15,0.0,1.0,0.0,-0.0005399106622644423,218132885.64730796
2020-10-16,0.0,1.0,0.0,-0.000991018650582487,217916711.8893261
2020-10-19,0.0,1.0,0.0,-0.000933648699116163,217713254.23475498
2020-10-20,0.0,1.0,0.0,-0.002581614852657066,217151202.46400222
2020-10-21,0.0,1.0,0.0,-0.0011204241215212463,216907901.01874423
2020-10-22,0.0,1.0,0.0,-0.0018017243400841876,216517092.7739222
2020-10-23,0.0,1.0,0.0,0.0005129108670542948,216628146.74370897
2020-10-26,0.0,1.0,0.0,0.002766733454385939,217227499.0844664
2020-10-27,0.0,1.0,0.0,0.001443941883290556,217541162.9685969
2020-10-28,0.0,1.0,0.0,-2.7278430944743803e-05,217535228.78700525
2020-10-29,0.0,1.0,0.0,-0.0029188717333187286,216900271.35669783
2020-10-30,0.0,1.0,0.0,-0.0008324962772173761,216719702.68826595
2020-11-02,0.01995483700285136,0.9800451629971487,0.0,0.001008963939395412,216938365.05323488
2020-11-03,0.01995483700285136,0.9800451629971487,0.0,-0.001460381423915527,216621552.29477653
2020-11-04,0.01995483700285136,0.9800451629971487,0.0,0.006837518317794206,218102706.1266211
2020-11-05,0.01995483700285136,0.9800451629971487,0.0,0.00019767385535726992,218145819.329405
2020-11-06,0.01995483700285136,0.9800451629971487,0.0,-0.002844353643732437,217525335.4733304
2020-11-09,0.01995483700285136,0.9800451629971487,0.0,-0.007938116112890614,215798594.10284767
2020-11-10,0.01995483700285136,0.9800451629971487,0.0,-0.0006764163502256811,215652624.40544078
2020-11-11,0.01995483700285136,0.9800451629971487,0.0,0.00015266368610659784,215685546.7300011
2020-11-12,0.01995483700285136,0.9800451629971487,0.0,0.005845005013031139,216946229.83187634
2020-11-13,0.01995483700285136,0.9800451629971487,0.0,0.0001200517056232954,216972274.59679618
2020-11-16,0.01995483700285136,0.9800451629971487,0.0,-0.0002391900703684109,216920376.98316735
2020-11-17,0.01995483700285136,0.9800451629971487,0.0,0.0017419423721367546,217298239.7792142
2020-11-18,0.01995483700285136,0.9800451629971487,0.0,-0.00048379443647526225,217193112.09975314
2020-11-19,0.01995483700285136,0.9800451629971487,0.0,0.0021034079654297846,217649957.82178026
2020-11-20,0.01995483700285136,0.9800451629971487,0.0,0.0018149986732474243,218044992.20645916
2020-11-23,0.01995483700285136,0.9800451629971487,0.0,-0.0013737503018414752,217745452.8326005
2020-11-24,0.01995483700285136,0.9800451629971487,0.0,-0.0014661271574873305,217426210.31078327
2020-11-25,0.01995483700285136,0.9800451629971487,0.0,-0.0003181016367328971,217357046.6774148
2020-11-26,0.01995483700285136,0.9800451629971487,0.0,0.0,217357046.6774148
2020-11-27,0.01995483700285136,0.9800451629971487,0.0,0.0023213385301283007,217861605.964662
2020-11-30,0.01995483700285136,0.9800451629971487,0.0,0.0002515384475408385,217916406.53480512
2020-12-01,0.03971418637296131,0.9602858136270387,0.0,-0.005199798133481242,216783285.21085048
2020-12-02,0.03971418637296131,0.9602858136270387,0.0,-0.0010848682648827218,216548103.90436822
2020-12-03,0.03971418637296131,0.9602858136270387,0.0,0.0020523200364102774,216992529.9168578
2020-12-04,0.03971418637296131,0.9602858136270387,0.0,-0.002618552841686574,216424323.51101926
2020-12-07,0.03971418637296131,0.9602858136270387,0.0,0.0025382617848994757,216973665.10071
2020-12-08,0.03971418637296131,0.9602858136270387,0.0,0.0013197193957311063,217260009.45490628
2020-12-09,0.03971418637296131,0.9602858136270387,0.0,-0.0018623010936746438,216855405.90168664
2020-12-10,0.03971418637296131,0.9602858136270387,0.0,0.0025946591819247114,217418071.77175948
2020-12-11,0.03971418637296131,0.9602858136270387,0.0,0.0008854762568714302,217610590.3121282
2020-12-14,0.03971418637296131,0.9602858136270387,0.0,-6.462591035214368e-05,217596527.029627
2020-12-15,0.03971418637296131,0.9602858136270387,0.0,-0.0013239515900779378,217308439.76167068
2020-12-16,0.03971418637296131,0.9602858136270387,0.0,0.00011558149407625722,217333556.59581375
2020-12-17,0.03971418637296131,0.9602858136270387,0.0,-0.00037439005851399687,217252189.07284275
2020-12-18,0.03971418637296131,0.9602858136270387,0.0,-0.0011779937144063479,216996267.35967392
2020-12-21,0.03971418637296131,0.9602858136270387,0.0,0.0005386473699184316,217113151.82836932
2020-12-22,0.03971418637296131,0.9602858136270387,0.0,0.0016018649007155834,217460937.76576695
2020-12-23,0.03971418637296131,0.9602858136270387,0.0,-0.0021736276292002414,216988258.66316748
2020-12-24,0.03971418637296131,0.9602858136270387,0.0,0.0016047558064654307,217336471.83119202
2020-12-25,0.03971418637296131,0.9602858136270387,0.0,0.0,217336471.83119202
2020-12-28,0.03971418637296131,0.9602858136270387,0.0,0.0004065093623111636,217424821.14176306
2020-12-29,0.03971418637296131,0.9602858136270387,0.0,-0.0002687279840652645,217366393.00789186
2020-12-30,0.03971418637296131,0.9602858136270387,0.0,0.0006400965269863495,217505528.48113975
2020-12-31,0.03971418637296131,0.9602858136270387,0.0,0.0011789875830596824,217761964.79846585
2021-01-01,0.0965477613601814,0.9034522386398186,0.0,0.0,217761964.79846585
2021-01-04,0.0965477613601814,0.9034522386398186,0.0,-0.001532428529080174,217428260.1510601
2021-01-05,0.0965477613601814,0.9034522386398186,0.0,-0.001691088557796475,217060569.70817706
2021-01-06,0.0965477613601814,0.9034522386398186,0.0,-0.004983331367015944,215978884.96260795
2021-01-07,0.0965477613601814,0.9034522386398186,0.0,0.00011178824870196921,216003028.86391455
2021-01-08,0.0965477613601814,0.9034522386398186,0.0,-0.0007699965857790047,215836707.26917142
2021-01-11,0.0965477613601814,0.9034522386398186,0.0,-0.0016045997048407352,215490375.7523935
2021-01-12,0.0965477613601814,0.9034522386398186,0.0,-0.000270902131667742,215431998.9502483
2021-01-13,0.0965477613601814,0.9034522386398186,0.0,0.0031977282020735813,216120891.92892063
2021-01-14,0.0965477613601814,0.9034522386398186,0.0,-0.0024833564733019553,215584186.71293315
2021-01-15,0.0965477613601814,0.9034522386398186,0.0,0.0006472737523717806,215723728.69841883
2021-01-18,0.0965477613601814,0.9034522386398186,0.0,0.0,215723728.69841883
2021-01-19,0.0965477613601814,0.9034522386398186,0.0,0.001717073452271034,216094142.18599182
2021-01-20,0.0965477613601814,0.9034522386398186,0.0,0.001538041536955181,216426503.95256662
2021-01-21,0.0965477613601814,0.9034522386398186,0.0,-0.0012693458825799957,216151783.86089325
2021-01-22,0.0965477613601814,0.9034522386398186,0.0,0.00044548377154121426,216248075.97279298
2021-01-25,0.0965477613601814,0.9034522386398186,0.0,0.0032735458200251148,216955973.95798218
2021-01-26,0.0965477613601814,0.9034522386398186,0.0,-0.0004275581582394515,216863212.66133767
2021-01-27,0.0965477613601814,0.9034522386398186,0.0,-0.001739343668366239,216486013.0054936
2021-01-28,0.0965477613601814,0.9034522386398186,0.0,-0.0006289259436958349,216349859.3354672
2021-01-29,0.0965477613601814,0.9034522386398186,0.0,-0.003051357179613696,215689698.63887548
2021-02-01,0.07134804533581993,0.9286519546641802,0.0,0.0016655279943851866,216048935.870059
2021-02-02,0.07134804533581993,0.9286519546641802,0.0,-0.0007906249068464336,215878122.2002625
2021-02-03,0.07134804533581993,0.9286519546641802,0.0,-0.002099757001894434,215424830.60161665
2021-02-04,0.07134804533581993,0.9286519546641802,0.0,0.00029990086387022646,215489436.69441316
2021-02-05,0.07134804533581993,0.9286519546641802,0.0,-0.0016605914871451347,215131596.7702687
2021-02-08,0.07134804533581993,0.9286519546641802,0.0,0.0012483518930736166,215400156.70635685
2021-02-09,0.07134804533581993,0.9286519546641802,0.0,0.000183285502027552,215439636.43221563
2021-02-10,0.07134804533581993,0.9286519546641802,0.0,0.0018038404382907985,215828255.1604227
2021-02-11,0.07134804533581993,0.9286519546641802,0.0,-0.0009659912400352256,215619766.95658562
2021-02-12,0.07134804533581993,0.9286519546641802,0.0,-0.002743963553491297,215028114.1746445
2021-02-15,0.07134804533581993,0.9286519546641802,0.0,0.0,215028114.1746445
2021-02-16,0.07134804533581993,0.9286519546641802,0.0,-0.004432913074802418,214074913.23586962
2021-02-17,0.07134804533581993,0.9286519546641802,0.0,0.0012092987907092849,214333793.76956692
2021-02-18,0.07134804533581993,0.9286519546641802,0.0,-0.0008126337469313225,214159618.89564198
2021-02-19,0.07134804533581993,0.9286519546641802,0.0,-0.0033940045654443514,213432760.17137632
2021-02-22,0.07134804533581993,0.9286519546641802,0.0,-0.002219803379538831,212958981.40904358
2021-02-23,0.07134804533581993,0.9286519546641802,0.0,-9.521490407853319e-05,212938704.54005605
2021-02-24,0.07134804533581993,0.9286519546641802,0.0,-0.0008330265729377187,212761320.9407673
2021-02-25,0.07134804533581993,0.9286519546641802,0.0,-0.009678974099834457,210702009.62593502
2021-02-26,0.07134804533581993,0.9286519546641802,0.0,0.008414638335981476,212474990.83360174
2021-03-01,0.12291140074505502,0.877088599254945,0.0,0.0006048795472969049,212603512.6098691
2021-03-02,0.12291140074505502,0.877088599254945,0.0,-0.00022205700159631402,212556302.51133013
2021-03-03,0.12291140074505502,0.877088599254945,0.0,-0.004872331739300609,211520657.69221583
2021-03-04,0.12291140074505502,0.877088599254945,0.0,-0.003909569967346821,210693702.8814289
2021-03-05,0.12291140074505502,0.877088599254945,0.0,0.002188400772575642,211154785.14359146
2021-03-08,0.12291140074505502,0.877088599254945,0.0,-0.003180437670721706,210483220.5105676
2021-03-09,0.12291140074505502,0.877088599254945,0.0,0.004922983350557696,211519425.90071288
2021-03-10,0.12291140074505502,0.877088599254945,0.0,0.0017598235839206625,211891662.77487034
2021-03-11,0.12291140074505502,0.877088599254945,0.0,0.00039235233870694975,211974798.96431255
2021-03-12,0.12291140074505502,0.877088599254945,0.0,-0.005081577518311064,210897632.591447
2021-03-15,0.12291140074505502,0.877088599254945,0.0,0.00203922706394233,211327700.75154883
2021-03-16,0.12291140074505502,0.877088599254945,0.0,-0.0006033522602555106,211200195.7056458
2021-03-17,0.12291140074505502,0.877088599254945,0.0,-0.0005799870253713846,211077702.33238062
2021-03-18,0.12291140074505502,0.877088599254945,0.0,-0.004923186391940677,210038527.46061575
2021-03-19,0.12291140074505502,0.877088599254945,0.0,0.0005697810633310145,210158203.43613273
2021-03-22,0.12291140074505502,0.877088599254945,0.0,0.003346420662874605,210861481.190584
2021-03-23,0.12291140074505502,0.877088599254945,0.0,0.001713162135532242,211222721.09600195
2021-03-24,0.12291140074505502,0.877088599254945,0.0,0.0004502426732504902,211317822.57859942
2021-03-25,0.12291140074505502,0.877088599254945,0.0,-0.0005791625861993043,211195435.2019648
2021-03-26,0.12291140074505502,0.877088599254945,0.0,0.0005134878615474785,211303881.49435523
2021-03-29,0.12291140074505502,0.877088599254945,0.0,-0.0020940182970030216,210861407.30027828
2021-03-30,0.12291140074505502,0.877088599254945,0.0,8.246739960377164e-05,210878796.49221516
2021-03-31,0.12291140074505502,0.877088599254945,0.0,-0.0006853421310652838,210734272.36843067
2021-04-01,0.12124273589515075,0.8787572641048492,0.0,0.004438876055938718,211669695.68421257
2021-04-02,0.12124273589515075,0.8787572641048492,0.0,-0.0024873219482335384,211143205.0043613
2021-04-05,0.12124273589515075,0.8787572641048492,0.0,0.002870863076852341,211749368.2355366
2021-04-06,0.12124273589515075,0.8787572641048492,0.0,0.0024716384087118417,212272736.107088
2021-04-07,0.12124273589515075,0.8787572641048492,0.0,-0.0008678820936875351,212088508.4004426
2021-04-08,0.12124273589515075,0.8787572641048492,0.0,0.002658602923681947,212652367.52895534
2021-04-09,0.12124273589515075,0.8787572641048492,0.0,-0.00035293467183897525,212577315.13540575
2021-04-12,0.12124273589515075,0.8787572641048492,0.0,-0.0004001974151565874,212492242.2433676
2021-04-13,0.12124273589515075,0.8787572641048492,0.0,0.0026280337434741365,213050679.02620965
2021-04-14,0.12124273589515075,0.8787572641048492,0.0,-0.0012718664337275413,212779707.01887336
2021-04-15,0.12124273589515075,0.8787572641048492,0.0,0.005366036146213558,213921490.6179174
2021-04-16,0.12124273589515075,0.8787572641048492,0.0,-0.0014082003269479608,213620246.30488804
2021-04-19,0.12124273589515075,0.8787572641048492,0.0,-0.0010595939849057565,213393895.57684928
2021-04-20,0.12124273589515075,0.8787572641048492,0.0,0.000819798337511028,213568835.5376782
2021-04-21,0.12124273589515075,0.8787572641048492,0.0,0.0015155028135129059,213892499.70881426
2021-04-22,0.12124273589515075,0.8787572641048492,0.0,-0.00040763178676287044,213805310.3269828
2021-04-23,0.12124273589515075,0.8787572641048492,0.0,0.0005345534354301495,213919600.6901313
2021-04-26,0.12124273589515075,0.8787572641048492,0.0,-0.000217101838875558,213873158.35144994
2021-04-27,0.12124273589515075,0.8787572641048492,0.0,-0.0023165412702889155,213377712.35352173
2021-04-28,0.12124273589515075,0.8787572641048492,0.0,0.0005893759489282941,213503472.0452203
2021-04-29,0.12124273589515075,0.8787572641048492,0.0,2.221260054937734e-05,213508214.51256073
2021-04-30,0.12124273589515075,0.8787572641048492,0.0,-0.000153810682527572,213475374.6683613
2021-05-03,0.1407578684342994,0.8592421315657005,0.0,0.0009612404294925101,213680575.82919362
2021-05-04,0.1407578684342994,0.8592421315657005,0.0,0.0002564491193391326,213735374.02468488
2021-05-05,0.1407578684342994,0.8592421315657005,0.0,0.0008812598592503852,213923730.43031472
2021-05-06,0.1407578684342994,0.8592421315657005,0.0,0.001456152969008682,214235236.10552225
2021-05-07,0.1407578684342994,0.8592421315657005,0.0,0.0007875378677677197,214403954.46656552
2021-05-10,0.1407578684342994,0.8592421315657005,0.0,-0.0033432667481127706,213687144.85493356
2021-05-11,0.1407578684342994,0.8592421315657005,0.0,-0.002502147988478568,213152467.9952711
2021-05-12,0.1407578684342994,0.8592421315657005,0.0,-0.006009008784677101,211871632.94261187
2021-05-13,0.1407578684342994,0.8592421315657005,0.0,0.0027825020600425994,212461166.19773927
2021-05-14,0.1407578684342994,0.8592421315657005,0.0,0.0038319172438029134,213275299.80413082
2021-05-17,0.1407578684342994,0.8592421315657005,0.0,-0.0009132816210516614,213080519.39259544
2021-05-18,0.1407578684342994,0.8592421315657005,0.0,-0.001320996502999176,212799040.77162057
2021-05-19,0.1407578684342994,0.8592421315657005,0.0,-0.0016949175351315883,212438363.94595754
2021-05-20,0.1407578684342994,0.8592421315657005,0.0,0.0038589018595484234,213258142.74362803
2021-05-21,0.1407578684342994,0.8592421315657005,0.0,0.00024349252054871583,213310069.50633222
2021-05-24,0.1407578684342994,0.8592421315657005,0.0,0.0023767849877415793,213817061.67726898
2021-05-25,0.1407578684342994,0.8592421315657005,0.0,0.002223645187932998,214292514.95756564
2021-05-26,0.1407578684342994,0.8592421315657005,0.0,-0.0002643733704510206,214235861.72312388
2021-05-27,0.1407578684342994,0.8592421315657005,0.0,-0.0008607608183879484,214051455.887459
2021-05-28,0.1407578684342994,0.8592421315657005,0.0,0.0013135357873724246,214332620.13510635
2021-05-31,0.1407578684342994,0.8592421315657005,0.0,0.0,214332620.13510635
2021-06-01,0.147865685015098,0.782713249448721,0.06942106553618102,-0.0008769329375033102,214144664.80092847
2021-06-02,0.147865685015098,0.782713249448721,0.06942106553618102,0.0010777155511467653,214375451.83637953
2021-06-03,0.147865685015098,0.782713249448721,0.06942106553618102,-0.002521036185201847,213835003.56508103
2021-06-04,0.147865685015098,0.782713249448721,0.06942106553618102,0.005147855337855046,214935795.22960377
2021-06-07,0.147865685015098,0.782713249448721,0.06942106553618102,-0.0006082676171553684,214805056.74559808
2021-06-08,0.147865685015098,0.782713249448721,0.06942106553618102,0.0017067005576260552,215171664.65572673
2021-06-09,0.147865685015098,0.782713249448721,0.06942106553618102,0.0014702523270287455,215488021.29639745
2021-06-10,0.147865685015098,0.782713249448721,0.06942106553618102,0.0024295561393937086,216011561.54150388
2021-06-11,0.147865685015098,0.782713249448721,0.06942106553618102,-0.0009625446300488442,215803640.77291363
2021-06-14,0.147865685015098,0.782713249448721,0.06942106553618102,-0.0015540468981473559,215468271.7943616
2021-06-15,0.147865685015098,0.782713249448721,0.06942106553618102,-0.0007567031554445903,215305226.2731966
2021-06-16,0.147865685015098,0.782713249448721,0.06942106553618102,-0.0034409998111228583,214564361.03025678
2021-06-17,0.147865685015098,0.782713249448721,0.06942106553618102,0.0012401215983261094,214830446.92860144
2021-06-18,0.147865685015098,0.782713249448721,0.06942106553618102,0.0009926410945991452,215043696.45859388
2021-06-21,0.147865685015098,0.782713249448721,0.06942106553618102,-0.0003046919663476983,214978174.37186918
2021-06-22,0.147865685015098,0.782713249448721,0.06942106553618102,0.0017224449610117828,215348462.44504356
2021-06-23,0.147865685015098,0.782713249448721,0.06942106553618102,-0.0008488507974979543,215165663.73095712
2021-06-24,0.147865685015098,0.782713249448721,0.06942106553618102,0.0011554769984874133,215414282.70626253
2021-06-25,0.147865685015098,0.782713249448721,0.06942106553618102,-0.0013187907517058794,215130196.34244412
2021-06-28,0.147865685015098,0.782713249448721,0.06942106553618102,0.002605522932986151,215690723.00259218
2021-06-29,0.147865685015098,0.782713249448721,0.06942106553618102,0.00025275091438778645,215745239.03005606
2021-06-30,0.147865685015098,0.782713249448721,0.06942106553618102,0.001227015560260804,216009961.79539812
2021-07-01,0.14828978607628576,0.8206300286579382,0.031080185265776012,0.0005556764627325314,216129993.44688356
2021-07-02,0.14828978607628576,0.8206300286579382,0.031080185265776012,0.002802767780552255,216735755.62892747
2021-07-05,0.14828978607628576,0.8206300286579382,0.031080185265776012,-4.282092531634229e-05,216726474.8033223
2021-07-06,0.14828978607628576,0.8206300286579382,0.031080185265776012,0.0028931861899710778,217353504.84722432
2021-07-07,0.14828978607628576,0.8206300286579382,0.031080185265776012,0.002372993355811545,217869283.27008918
2021-07-08,0.14828978607628576,0.8206300286579382,0.031080185265776012,0.00028930033585676404,217932312.9269121
2021-07-09,0.14828978607628576,0.8206300286579382,0.031080185265776012,-0.0016606846995896073,217570396.0692882
2021-07-12,0.14828978607628576,0.8206300286579382,0.031080185265776012,0.00020798558358761123,217615647.57508606
2021-07-13,0.14828978607628576,0.8206300286579382,0.031080185265776012,-0.002643370878786261,217040408.70951787
2021-07-14,0.14828978607628576,0.8206300286579382,0.031080185265776012,0.0033596196420432305,217769581.92973542
2021-07-15,0.14828978607628576,0.8206300286579382,0.031080185265776012,0.0018475618501396548,218171924.70142967
2021-07-16,0.14828978607628576,0.8206300286579382,0.031080185265776012,-0.0014832745872584816,217848315.8298668
2021-07-19,0.14828978607628576,0.8206300286579382,0.031080185265776012,0.0028305396230965288,218464944.1196481
2021-07-20,0.14828978607628576,0.8206300286579382,0.031080185265776012,0.0009381680362409103,218669900.94726026
2021-07-21,0.14828978607628576,0.8206300286579382,0.031080185265776012,-0.002037469349097753,218224367.72650996
2021-07-22,0.14828978607628576,0.8206300286579382,0.031080185265776012,0.002552652293962355,218781418.6593855
2021-07-23,0.14828978607628576,0.8206300286579382,0.031080185265776012,0.00025205601214063893,218836563.83130324
2021-07-26,0.14828978607628576,0.8206300286579382,0.031080185265776012,-0.00010821259388083774,218812882.9590951
2021-07-27,0.14828978607628576,0.8206300286579382,0.031080185265776012,0.0017505056673289858,219195916.1507996
2021-07-28,0.14828978607628576,0.8206300286579382,0.031080185265776012,0.0002255604541051019,219245358.08118457
2021-07-29,0.14828978607628576,0.8206300286579382,0.031080185265776012,-0.000842757991896533,219060587.30347544
2021-07-30,0.14828978607628576,0.8206300286579382,0.031080185265776012,0.0006962542405057716,219213109.16631317
2021-08-02,0.14237399919200983,0.7922645088690302,0.06536149193895995,0.0020935050149509162,219672032.9096958
2021-08-03,0.14237399919200983,0.7922645088690302,0.06536149193895995,0.001303271881944531,219958325.29343665
2021-08-04,0.14237399919200983,0.7922645088690302,0.06536149193895995,-0.0007272675531563471,219798356.74040413
2021-08-05,0.14237399919200983,0.7922645088690302,0.06536149193895995,-0.0009852182870872949,219581807.37987173
2021-08-06,0.14237399919200983,0.7922645088690302,0.06536149193895995,-0.003740375600476032,218760488.94523966
2021-08-09,0.14237399919200983,0.7922645088690302,0.06536149193895995,-0.0014341692953783482,218446749.36895245
2021-08-10,0.14237399919200983,0.7922645088690302,0.06536149193895995,-0.0009111666941886628,218247707.9664737
2021-08-11,0.14237399919200983,0.7922645088690302,0.06536149193895995,0.0007604388557737791,218413672.00379497
2021-08-12,0.14237399919200983,0.7922645088690302,0.06536149193895995,-7.554350416054138e-05,218397172.26965526
2021-08-13,0.14237399919200983,0.7922645088690302,0.06536149193895995,0.003648998270023754,219194103.1734453
2021-08-16,0.14237399919200983,0.7922645088690302,0.06536149193895995,0.001480996444703399,219518728.86094514
2021-08-17,0.14237399919200983,0.7922645088690302,0.06536149193895995,-0.0014094146538467947,219209335.94769466
2021-08-18,0.14237399919200983,0.7922645088690302,0.06536149193895995,-0.0013264911879869057,218918556.69523558
2021-08-19,0.14237399919200983,0.7922645088690302,0.06536149193895995,0.0013851587627197533,219221793.652364
2021-08-20,0.14237399919200983,0.7922645088690302,0.06536149193895995,0.000765638258154738,219389638.24460554
2021-08-23,0.14237399919200983,0.7922645088690302,0.06536149193895995,0.0017436421661368743,219772175.26866236
2021-08-24,0.14237399919200983,0.7922645088690302,0.06536149193895995,-0.0012917942722779155,219488274.83144426
2021-08-25,0.14237399919200983,0.7922645088690302,0.06536149193895995,-0.0017015944102352829,219114794.8098789
2021-08-26,0.14237399919200983,0.7922645088690302,0.06536149193895995,-0.0003284212507387177,219042832.85491207
2021-08-27,0.14237399919200983,0.7922645088690302,0.06536149193895995,0.0032903981629775815,219763570.98975122
2021-08-30,0.14237399919200983,0.7922645088690302,0.06536149193895995,0.0017423357168968934,220146472.90875947
2021-08-31,0.14237399919200983,0.7922645088690302,0.06536149193895995,-0.0013625451101924521,219846513.40857154
2021-09-01,0.1412248978812696,0.8033311678630203,0.055443934255710106,0.0001860258034292509,219887410.53285947
2021-09-02,0.1412248978812696,0.8033311678630203,0.055443934255710106,0.0013578187179254116,220185977.77471718
2021-09-03,0.1412248978812696,0.8033311678630203,0.055443934255710106,-0.001798872716576528,219789891.2267255
2021-09-06,0.1412248978812696,0.8033311678630203,0.055443934255710106,0.0,219789891.2267255
2021-09-07,0.1412248978812696,0.8033311678630203,0.055443934255710106,-0.0026854159340121567,219199663.95069045
2021-09-08,0.1412248978812696,0.8033311678630203,0.055443934255710106,0.0013799888465087652,219502157.04210082
2021-09-09,0.1412248978812696,0.8033311678630203,0.055443934255710106,0.001831884846311745,219904259.71731898
2021-09-10,0.1412248978812696,0.8033311678630203,0.055443934255710106,-0.0030832366141824337,219226242.85214388
2021-09-13,0.1412248978812696,0.8033311678630203,0.055443934255710106,0.0017652557982886716,219613233.2484756
2021-09-14,0.1412248978812696,0.8033311678630203,0.055443934255710106,0.0017834312064477452,220004898.34199986
2021-09-15,0.1412248978812696,0.8033311678630203,0.055443934255710106,0.0004348383271808086,220100564.9039665
2021-09-16,0.1412248978812696,0.8033311678630203,0.055443934255710106,-0.0022146723671965084,219613114.26486936
2021-09-17,0.1412248978812696,0.8033311678630203,0.055443934255710106,-0.0030039462736146934,218953408.2686365
2021-09-20,0.1412248978812696,0.8033311678630203,0.055443934255710106,0.0006259511906388589,219090462.41523668
2021-09-21,0.1412248978812696,0.8033311678630203,0.055443934255710106,-0.00033179504744728494,219017769.28486437
2021-09-22,0.1412248978812696,0.8033311678630203,0.055443934255710106,0.002079375414240879,219473189.44959718
2021-09-23,0.1412248978812696,0.8033311678630203,0.055443934255710106,-0.0038183642260902063,218635160.87441695
2021-09-24,0.1412248978812696,0.8033311678630203,0.055443934255710106,-0.0018902688672849989,218221881.63652217
2021-09-27,0.1412248978812696,0.8033311678630203,0.055443934255710106,-0.0013743118553706012,217921976.7174878
2021-09-28,0.1412248978812696,0.8033311678630203,0.055443934255710106,-0.005890609757557002,216638283.39504966
2021-09-29,0.1412248978812696,0.8033311678630203,0.055443934255710106,0.000840885318182981,216820451.34691292
2021-09-30,0.1412248978812696,0.8033311678630203,0.055443934255710106,-0.0011887901973477932,216562697.31976718
2021-10-01,0.1377725609661121,0.7596653336987534,0.10256210533513434,0.00379446164679643,217384436.16887385
2021-10-04,0.1377725609661121,0.7596653336987534,0.10256210533513434,-0.0020897518847697114,216930156.63367033
2021-10-05,0.1377725609661121,0.7596653336987534,0.10256210533513434,-0.00017192329119231086,216892861.287183
2021-10-06,0.1377725609661121,0.7596653336987534,0.10256210533513434,0.0006867241187246688,217041806.8462081
2021-10-07,0.1377725609661121,0.7596653336987534,0.10256210533513434,-0.0010735677931587363,216808797.75260907
2021-10-08,0.1377725609661121,0.7596653336987534,0.10256210533513434,-0.0018068857041786894,216417049.03540972
2021-10-11,0.1377725609661121,0.7596653336987534,0.10256210533513434,-0.0009227059689734771,216217359.7324771
2021-10-12,0.1377725609661121,0.7596653336987534,0.10256210533513434,0.0017636595781552195,216598693.54993272
2021-10-13,0.1377725609661121,0.7596653336987534,0.10256210533513434,0.001956628974609731,217022496.82959512
2021-10-14,0.1377725609661121,0.7596653336987534,0.10256210533513434,0.0036956449725474953,217824534.9289331
2021-10-15,0.1377725609661121,0.7596653336987534,0.10256210533513434,-0.0012268892563924451,217557288.34725013
2021-10-18,0.1377725609661121,0.7596653336987534,0.10256210533513434,0.0001227374612586309,217583990.77650017
2021-10-19,0.1377725609661121,0.7596653336987534,0.10256210533513434,-0.0011810878003110448,217327004.9794511
2021-10-20,0.1377725609661121,0.7596653336987534,0.10256210533513434,-9.404231476584345e-05,217306567.0448417
2021-10-21,0.1377725609661121,0.7596653336987534,0.10256210533513434,-0.0015147868166938102,216977393.9219012
2021-10-22,0.1377725609661121,0.7596653336987534,0.10256210533513434,0.0018052497168457263,217369092.30084062
2021-10-25,0.1377725609661121,0.7596653336987534,0.10256210533513434,0.0016081387558203341,217718651.96248713
2021-10-26,0.1377725609661121,0.7596653336987534,0.10256210533513434,0.0014673980113044673,218038131.8794008
2021-10-27,0.1377725609661121,0.7596653336987534,0.10256210533513434,0.002596389080373517,218604243.70411748
2021-10-28,0.1377725609661121,0.7596653336987534,0.10256210533513434,-7.570374848011406e-05,218587694.54343542
2021-10-29,0.1377725609661121,0.7596653336987534,0.10256210533513434,0.0002600685041877388,218644542.3181892
2021-11-01,0.14918945310439427,0.7027910302425436,0.14801951665306223,-0.00026643891648368953,218586286.9032389
2021-11-02,0.14918945310439427,0.7027910302425436,0.14801951665306223,0.0017534070617911718,218969557.64230576
2021-11-03,0.14918945310439427,0.7027910302425436,0.14801951665306223,-0.0016817353874588928,218601308.7884425
2021-11-04,0.14918945310439427,0.7027910302425436,0.14801951665306223,0.00354861236638464,219377040.09611702
2021-11-05,0.14918945310439427,0.7027910302425436,0.14801951665306223,0.004249978993549826,220309387.90819263
2021-11-08,0.14918945310439427,0.7027910302425436,0.14801951665306223,-0.0012288595322266296,220038658.61682263
2021-11-09,0.14918945310439427,0.7027910302425436,0.14801951665306223,0.0020718724859465636,220494550.65945542
2021-11-10,0.14918945310439427,0.7027910302425436,0.14801951665306223,-0.006302125788908704,219104966.26543066
2021-11-11,0.14918945310439427,0.7027910302425436,0.14801951665306223,0.0005545814575722264,219226477.81698346
2021-11-12,0.14918945310439427,0.7027910302425436,0.14801951665306223,4.2276567174473795e-05,219235745.9598993
2021-11-15,0.14918945310439427,0.7027910302425436,0.14801951665306223,-0.0021547698015118963,218763343.395093
2021-11-16,0.14918945310439427,0.7027910302425436,0.14801951665306223,-0.00017683751556354677,218724657.8289506
2021-11-17,0.14918945310439427,0.7027910302425436,0.14801951665306223,0.0012612230514036523,219000518.4093149
2021-11-18,0.14918945310439427,0.7027910302425436,0.14801951665306223,0.000995795755512884,219218598.19600204
2021-11-19,0.14918945310439427,0.7027910302425436,0.14801951665306223,0.0009802868221084565,219433495.29897466
2021-11-22,0.14918945310439427,0.7027910302425436,0.14801951665306223,-0.004953572230480204,218346515.63022444
2021-11-23,0.14918945310439427,0.7027910302425436,0.14801951665306223,-0.0023749494188255375,217827953.69982585
2021-11-24,0.14918945310439427,0.7027910302425436,0.14801951665306223,0.002639989146681607,218403017.13343725
2021-11-25,0.14918945310439427,0.7027910302425436,0.14801951665306223,-5.698211828156723e-06,218401772.6267817
2021-11-26,0.14918945310439427,0.7027910302425436,0.14801951665306223,0.0024354938962693378,218933688.81094864
2021-11-29,0.14918945310439427,0.7027910302425436,0.14801951665306223,-0.00014628451798262337,218901662.20181078
2021-11-30,0.14918945310439427,0.7027910302425436,0.14801951665306223,-0.001328301266082068,218610894.84676066
2021-12-01,0.18265211919424054,0.765412495711716,0.05193538509404353,-0.0010707550780685682,218376816.12098238
2021-12-02,0.18265211919424054,0.765412495711716,0.05193538509404353,0.001456853045182996,218694959.05054563
2021-12-03,0.18265211919424054,0.765412495711716,0.05193538509404353,0.0017223597489126434,219071630.44530436
2021-12-06,0.18265211919424054,0.765412495711716,0.05193538509404353,-0.0011649999350635675,218816412.01006135
2021-12-07,0.18265211919424054,0.765412495711716,0.05193538509404353,0.001469221959925882,219137901.88777873
2021-12-08,0.18265211919424054,0.765412495711716,0.05193538509404353,-0.0023503942111460004,218622841.431739
2021-12-09,0.18265211919424054,0.765412495711716,0.05193538509404353,-0.00016420079739082295,218586943.38684806
2021-12-10,0.18265211919424054,0.765412495711716,0.05193538509404353,0.0017275322222158468,218964559.3749045
2021-12-13,0.18265211919424054,0.765412495711716,0.05193538509404353,0.001558225644160719,219305755.56648484
2021-12-14,0.18265211919424054,0.765412495711716,0.05193538509404353,-0.0024171968584359234,218775650.3830926
2021-12-15,0.18265211919424054,0.765412495711716,0.05193538509404353,0.0014459500457521994,219091989.04477352
2021-12-16,0.18265211919424054,0.765412495711716,0.05193538509404353,-0.00016435915006611916,219055979.27166784
2021-12-17,0.18265211919424054,0.765412495711716,0.05193538509404353,-8.754430441188432e-05,219036802.16833523
2021-12-20,0.18265211919424054,0.765412495711716,0.05193538509404353,-0.0028831456840060373,218405287.1575251
2021-12-21,0.18265211919424054,0.765412495711716,0.05193538509404353,0.0014328516719273093,218718229.53838652
2021-12-22,0.18265211919424054,0.765412495711716,0.05193538509404353,0.002704709282935695,219309798.7641663
2021-12-23,0.18265211919424054,0.765412495711716,0.05193538509404353,-0.0010390480313764287,219081925.34949884
2021-12-24,0.18265211919424054,0.765412495711716,0.05193538509404353,0.0,219081925.34949884
2021-12-27,0.18265211919424054,0.765412495711716,0.05193538509404353,0.0030921311028545067,219759355.38494524
2021-12-28,0.18265211919424054,0.765412495711716,0.05193538509404353,-0.0006377562243239397,219619202.48819506
2021-12-29,0.18265211919424054,0.765412495711716,0.05193538509404353,-0.0022746112383791157,219119654.18205157
2021-12-30,0.18265211919424054,0.765412495711716,0.05193538509404353,0.0014844346969147013,219444922.9994954
2021-12-31,0.18265211919424054,0.765412495711716,0.05193538509404353,0.0006913143028488328,219596628.4134525
2022-01-03,0.18175421607765108,0.7475313449539147,0.07071443896843432,-0.005676065086230865,218350183.6578609
2022-01-04,0.18175421607765108,0.7475313449539147,0.07071443896843432,-0.0006636640444111258,218205272.49187663
2022-01-05,0.18175421607765108,0.7475313449539147,0.07071443896843432,-0.005685662389697695,216964630.98083583
2022-01-06,0.18175421607765108,0.7475313449539147,0.07071443896843432,-0.0009101268745270472,216767165.63935834
2022-01-07,0.18175421607765108,0.7475313449539147,0.07071443896843432,-0.0024524542565664683,216235554.08130226
2022-01-10,0.18175421607765108,0.7475313449539147,0.07071443896843432,-0.00033489310731624157,216163138.28468373
2022-01-11,0.18175421607765108,0.7475313449539147,0.07071443896843432,0.0030628760018646113,216825219.1734236
2022-01-12,0.18175421607765108,0.7475313449539147,0.07071443896843432,0.00011618882605626983,216850411.84109876
2022-01-13,0.18175421607765108,0.7475313449539147,0.07071443896843432,-0.0006338536118335147,216712960.42432567
2022-01-14,0.18175421607765108,0.7475313449539147,0.07071443896843432,-0.003970375795630353,215852528.53165758
2022-01-17,0.18175421607765108,0.7475313449539147,0.07071443896843432,1.25446420494184e-05,215855236.32436344
2022-01-18,0.18175421607765108,0.7475313449539147,0.07071443896843432,-0.007561194460955668,214223112.90709943
2022-01-19,0.18175421607765108,0.7475313449539147,0.07071443896843432,0.0004542045801465217,214320414.02615508
2022-01-20,0.18175421607765108,0.7475313449539147,0.07071443896843432,-0.0007434402889290326,214161079.59562808
2022-01-21,0.18175421607765108,0.7475313449539147,0.07071443896843432,-0.0005170028823456336,214050357.70019087
2022-01-24,0.18175421607765108,0.7475313449539147,0.07071443896843432,-0.0006693116379081947,213907091.30468374
2022-01-25,0.18175421607765108,0.7475313449539147,0.07071443896843432,-0.0027289288910082427,213323354.06323084
2022-01-26,0.18175421607765108,0.7475313449539147,0.07071443896843432,-0.004202780302571018,212426802.87269548
2022-01-27,0.18175421607765108,0.7475313449539147,0.07071443896843432,0.0016685871251623104,212781255.50100824
2022-01-28,0.18175421607765108,0.7475313449539147,0.07071443896843432,0.005324651104790212,213914241.4481903
2022-01-31,0.18175421607765108,0.7475313449539147,0.07071443896843432,0.003365741078326076,214634221.39787146
2022-02-01,0.16721921870830872,0.6589212742106362,0.17385950708105505,0.0010943568699771367,214869107.8325904
2022-02-02,0.16721921870830872,0.6589212742106362,0.17385950708105505,0.0032387843068270015,215565022.52706048
2022-02-03,0.16721921870830872,0.6589212742106362,0.17385950708105505,-0.006278942035076219,214211502.24582317
2022-02-04,0.16721921870830872,0.6589212742106362,0.17385950708105505,-0.003687705447485685,213421553.32207718
2022-02-07,0.16721921870830872,0.6589212742106362,0.17385950708105505,0.00041543399458835665,213510215.89050502
2022-02-08,0.16721921870830872,0.6589212742106362,0.17385950708105505,-0.0003525745611360151,213434937.61983937
2022-02-09,0.16721921870830872,0.6589212742106362,0.17385950708105505,0.003299892793817082,214139250.03243986
2022-02-10,0.16721921870830872,0.6589212742106362,0.17385950708105505,-0.008277560052309332,212366699.53073987
2022-02-11,0.16721921870830872,0.6589212742106362,0.17385950708105505,0.0026184464433561664,212922770.35981342
2022-02-14,0.16721921870830872,0.6589212742106362,0.17385950708105505,-0.0035701418851078774,212162605.85905865
2022-02-15,0.16721921870830872,0.6589212742106362,0.17385950708105505,0.00045625906811271115,212259406.9718963
2022-02-16,0.16721921870830872,0.6589212742106362,0.17385950708105505,0.0029821438394712395,212892395.05476734
2022-02-17,0.16721921870830872,0.6589212742106362,0.17385950708105505,-0.0007847027411387265,212725337.80880028
2022-02-18,0.16721921870830872,0.6589212742106362,0.17385950708105505,0.0010762481348107257,212954283.056844
2022-02-21,0.16721921870830872,0.6589212742106362,0.17385950708105505,0.0005999875772919257,213082052.98120925
2022-02-22,0.16721921870830872,0.6589212742106362,0.17385950708105505,-0.0009139148186603424,212887314.13539916
2022-02-23,0.16721921870830872,0.6589212742106362,0.17385950708105505,-0.005228435323605665,211774246.5822261
2022-02-24,0.16721921870830872,0.6589212742106362,0.17385950708105505,0.0027842642709188076,212363882.05048576
2022-02-25,0.16721921870830872,0.6589212742106362,0.17385950708105505,0.00205519761179572,212800331.79370758
2022-02-28,0.16721921870830872,0.6589212742106362,0.17385950708105505,0.006424187704591401,214167401.06874967
2022-03-01,0.14394199273908712,0.5548216971006449,0.30123631016026814,0.0060087521696472,215454279.90458924
2022-03-02,0.14394199273908712,0.5548216971006449,0.30123631016026814,-0.0036022543623165726,214678158.78492314
2022-03-03,0.14394199273908712,0.5548216971006449,0.30123631016026814,0.004440426440559948,215631421.35740244
2022-03-04,0.14394199273908712,0.5548216971006449,0.30123631016026814,0.0060636778946967385,216938940.84048936
2022-03-07,0.14394199273908712,0.5548216971006449,0.30123631016026814,-0.0025983910153671184,216375248.64572617
2022-03-08,0.14394199273908712,0.5548216971006449,0.30123631016026814,-0.001792908286113506,215987307.66951934
2022-03-09,0.14394199273908712,0.5548216971006449,0.30123631016026814,-0.002366460480458904,215476182.24163872
2022-03-10,0.14394199273908712,0.5548216971006449,0.30123631016026814,-0.0035864476770591258,214703388.1883766
2022-03-11,0.14394199273908712,0.5548216971006449,0.30123631016026814,-0.001587704546416345,214362502.6428189
2022-03-14,0.14394199273908712,0.5548216971006449,0.30123631016026814,-0.010574742602375946,212095674.35377
2022-03-15,0.14394199273908712,0.5548216971006449,0.30123631016026814,-0.0007033697021634733,211946492.68246964
2022-03-16,0.14394199273908712,0.5548216971006449,0.30123631016026814,0.004082149803614296,212811690.0159501
2022-03-17,0.14394199273908712,0.5548216971006449,0.30123631016026814,0.005902400189457429,214067789.77541903
2022-03-18,0.14394199273908712,0.5548216971006449,0.30123631016026814,0.0023286570099535155,214566280.2346848
2022-03-21,0.14394199273908712,0.5548216971006449,0.30123631016026814,-0.002334305332885949,214065417.02247548
2022-03-22,0.14394199273908712,0.5548216971006449,0.30123631016026814,-0.0009141486041759272,213869729.42030203
2022-03-23,0.14394199273908712,0.5548216971006449,0.30123631016026814,0.006640847672670135,215290005.71517742
2022-03-24,0.14394199273908712,0.5548216971006449,0.30123631016026814,0.0015337099993004658,215620198.14969227
2022-03-25,0.14394199273908712,0.5548216971006449,0.30123631016026814,-0.0019339548377093896,215203198.4243728
2022-03-28,0.14394199273908712,0.5548216971006449,0.30123631016026814,-0.0025847966614813036,214646941.91554537
2022-03-29,0.14394199273908712,0.5548216971006449,0.30123631016026814,0.0030170102828340714,215294533.94648343
2022-03-30,0.14394199273908712,0.5548216971006449,0.30123631016026814,0.0030398088306904138,215948988.17197335
2022-03-31,0.14394199273908712,0.5548216971006449,0.30123631016026814,-0.002909717592304558,215320637.602049
2022-04-01,0.14199716900035708,0.3731539856330554,0.4848488453665875,-0.0006452228075424242,215181707.81573355
2022-04-04,0.14199716900035708,0.3731539856330554,0.4848488453665875,0.006133042411748874,216501426.35600004
2022-04-05,0.14199716900035708,0.3731539856330554,0.4848488453665875,-0.004893889002519768,215441892.4065266
2022-04-06,0.14199716900035708,0.3731539856330554,0.4848488453665875,-0.005748611029189804,214203400.7676889
2022-04-07,0.14199716900035708,0.3731539856330554,0.4848488453665875,-0.001801243400760575,213817568.30563563
2022-04-08,0.14199716900035708,0.3731539856330554,0.4848488453665875,0.0005002445501872911,213924529.37891483
2022-04-11,0.14199716900035708,0.3731539856330554,0.4848488453665875,-0.0030850914090342985,213264552.65114626
2022-04-12,0.14199716900035708,0.3731539856330554,0.4848488453665875,0.0066283948025921535,214678154.3035163
2022-04-13,0.14199716900035708,0.3731539856330554,0.4848488453665875,0.0028024731118872137,215279784.05866146
2022-04-14,0.14199716900035708,0.3731539856330554,0.4848488453665875,-0.0037295661655697555,214476883.85990512
2022-04-15,0.14199716900035708,0.3731539856330554,0.4848488453665875,0.00027820263229029767,214536551.89356032
2022-04-18,0.14199716900035708,0.3731539856330554,0.4848488453665875,0.0018235226275405952,214927764.15037274
2022-04-19,0.14199716900035708,0.3731539856330554,0.4848488453665875,-0.0043426119689446594,213994416.26931483
2022-04-20,0.14199716900035708,0.3731539856330554,0.4848488453665875,0.005273989605141094,215123020.5962774
2022-04-21,0.14199716900035708,0.3731539856330554,0.4848488453665875,-0.004727183715106013,214106094.55657026
2022-04-22,0.14199716900035708,0.3731539856330554,0.4848488453665875,-0.01301553957763978,211319388.20905533
2022-04-25,0.14199716900035708,0.3731539856330554,0.4848488453665875,-0.008012365034271211,209626220.13190556
2022-04-26,0.14199716900035708,0.3731539856330554,0.4848488453665875,-0.0016741978747753976,209275264.35966352
2022-04-27,0.14199716900035708,0.3731539856330554,0.4848488453665875,-0.002806011791960164,208688035.5001047
2022-04-28,0.14199716900035708,0.3731539856330554,0.4848488453665875,0.002934148952957749,209300357.28096214
2022-04-29,0.14199716900035708,0.3731539856330554,0.4848488453665875,-0.003955856253697768,208472395.15371108
2022-05-02,0.16896668269825368,0.13736165270304346,0.693671664598703,-0.007528198964847985,206902973.4843155
2022-05-03,0.16896668269825368,0.13736165270304346,0.693671664598703,0.0028603951180019615,207494797.73957017
2022-05-04,0.16896668269825368,0.13736165270304346,0.693671664598703,0.010575459244609968,209689150.51653355
2022-05-05,0.16896668269825368,0.13736165270304346,0.693671664598703,-0.006310190455491521,208365972.040324
2022-05-06,0.16896668269825368,0.13736165270304346,0.693671664598703,-0.004754903122397431,207375212.0292681
2022-05-09,0.16896668269825368,0.13736165270304346,0.693671664598703,-0.014785381356820369,204309090.43546385
2022-05-10,0.16896668269825368,0.13736165270304346,0.693671664598703,8.913275238852812e-05,204327301.06703234
2022-05-11,0.16896668269825368,0.13736165270304346,0.693671664598703,0.0027708381957682595,204893458.9572671
2022-05-12,0.16896668269825368,0.13736165270304346,0.693671664598703,-0.0001391230294860547,204864953.5585351
2022-05-13,0.16896668269825368,0.13736165270304346,0.693671664598703,0.006003050803611161,206094768.28262642
2022-05-16,0.16896668269825368,0.13736165270304346,0.693671664598703,0.0030001424739375866,206713081.95060748
2022-05-17,0.16896668269825368,0.13736165270304346,0.693671664598703,0.003678425142993642,207473460.54864025
2022-05-18,0.16896668269825368,0.13736165270304346,0.693671664598703,-0.008642847293027613,205680299.11176237
2022-05-19,0.16896668269825368,0.13736165270304346,0.693671664598703,0.0012996944474926299,205947620.65447652
2022-05-20,0.16896668269825368,0.13736165270304346,0.693671664598703,-0.0002361788289233917,205898980.18661082
2022-05-23,0.16896668269825368,0.13736165270304346,0.693671664598703,0.00490243948631203,206908387.47726902
2022-05-24,0.16896668269825368,0.13736165270304346,0.693671664598703,-0.0009281262439121865,206716350.3727658
2022-05-25,0.16896668269825368,0.13736165270304346,0.693671664598703,0.002053039153476461,207140747.1337449
2022-05-26,0.16896668269825368,0.13736165270304346,0.693671664598703,0.00477950127600903,208130776.59898406
2022-05-27,0.16896668269825368,0.13736165270304346,0.693671664598703,0.004961673232200816,209163453.50203246
2022-05-30,0.16896668269825368,0.13736165270304346,0.693671664598703,0.0,209163453.50203246
2022-05-31,0.16896668269825368,0.13736165270304346,0.693671664598703,-0.005096058604373671,208097544.2850929
2022-06-01,0.17290809192683296,0.10619334767536967,0.7208985603977974,0.0003594629897808643,208172347.6505277
2022-06-02,0.17290809192683296,0.10619334767536967,0.7208985603977974,0.0046692876590753146,209144364.224373
2022-06-03,0.17290809192683296,0.10619334767536967,0.7208985603977974,-0.0029576822075142845,208525781.6595047
2022-06-06,0.17290809192683296,0.10619334767536967,0.7208985603977974,0.003281910523048862,209210144.61666
2022-06-07,0.17290809192683296,0.10619334767536967,0.7208985603977974,0.002084190494967587,209646178.41152084
2022-06-08,0.17290809192683296,0.10619334767536967,0.7208985603977974,-0.002637416371707719,209093254.14831236
2022-06-09,0.17290809192683296,0.10619334767536967,0.7208985603977974,-0.0033761045974348616,208387333.45168966
2022-06-10,0.17290809192683296,0.10619334767536967,0.7208985603977974,-0.010701849065439886,206157203.66194016
2022-06-13,0.17290809192683296,0.10619334767536967,0.7208985603977974,-0.015468314107203751,202968299.2802345
2022-06-14,0.17290809192683296,0.10619334767536967,0.7208985603977974,-0.006808566319168902,201586376.15389606
2022-06-15,0.17290809192683296,0.10619334767536967,0.7208985603977974,0.004043830782032725,202401557.34702566
2022-06-16,0.17290809192683296,0.10619334767536967,0.7208985603977974,-0.003972950663362127,201597425.9454983
2022-06-17,0.17290809192683296,0.10619334767536967,0.7208985603977974,-0.00450555174951113,200689118.3103326
2022-06-20,0.17290809192683296,0.10619334767536967,0.7208985603977974,0.0,200689118.3103326
2022-06-21,0.17290809192683296,0.10619334767536967,0.7208985603977974,0.003162673373887809,201323832.4412417
2022-06-22,0.17290809192683296,0.10619334767536967,0.7208985603977974,-0.0014771465364660618,201026447.63944307
2022-06-23,0.17290809192683296,0.10619334767536967,0.7208985603977974,-0.003470664416539767,200328752.30083746
2022-06-24,0.17290809192683296,0.10619334767536967,0.7208985603977974,0.005521445782978287,201434856.64543822
2022-06-27,0.17290809192683296,0.10619334767536967,0.7208985603977974,-7.92331544004777e-05,201418896.32633996
2022-06-28,0.17290809192683296,0.10619334767536967,0.7208985603977974,-0.0021256699969467853,200990746.22160092
2022-06-29,0.17290809192683296,0.10619334767536967,0.7208985603977974,-0.00013504946825429264,200963602.52819964
2022-06-30,0.17290809192683296,0.10619334767536967,0.7208985603977974,-0.0009965584509991107,200763330.55175692
2022-07-01,0.02244931226078828,0.0,0.9775506877392117,0.000237203417499895,200810952.2998725
2022-07-04,0.02244931226078828,0.0,0.9775506877392117,0.0,200810952.2998725
2022-07-05,0.02244931226078828,0.0,0.9775506877392117,3.963005102060629e-05,200818910.44815764
2022-07-06,0.02244931226078828,0.0,0.9775506877392117,8.06185024126501e-05,200835100.16797414
2022-07-07,0.02244931226078828,0.0,0.9775506877392117,0.00033856922376115673,200903096.751942
2022-07-08,0.02244931226078828,0.0,0.9775506877392117,-1.6856679823513512e-05,200899710.19276455
2022-07-11,0.02244931226078828,0.0,0.9775506877392117,-0.0002584089576410245,200847795.90806323
2022-07-12,0.02244931226078828,0.0,0.9775506877392117,-0.0002071053187685633,200806199.26126775
2022-07-13,0.02244931226078828,0.0,0.9775506877392117,-9.961938664679598e-05,200786195.07086247
2022-07-14,0.02244931226078828,0.0,0.9775506877392117,-6.44263085066244e-05,200773259.15751496
2022-07-15,0.02244931226078828,0.0,0.9775506877392117,0.00043109061666443644,200859810.62561488
2022-07-18,0.02244931226078828,0.0,0.9775506877392117,-0.00018776288490585403,200822096.6081102
2022-07-19,0.02244931226078828,0.0,0.9775506877392117,0.0006211798363832986,200946843.24522337
2022-07-20,0.02244931226078828,0.0,0.9775506877392117,0.00013270090691050454,200973509.0735628
2022-07-21,0.02244931226078828,0.0,0.9775506877392117,0.00022341001198175788,201018408.56763294
2022-07-22,0.02244931226078828,0.0,0.9775506877392117,-0.00020925424900152553,200976344.6115126
2022-07-25,0.02244931226078828,0.0,0.9775506877392117,2.9523502872265234e-05,200982278.13720003
2022-07-26,0.02244931226078828,0.0,0.9775506877392117,-0.0002589353542571992,200930236.71981114
2022-07-27,0.02244931226078828,0.0,0.9775506877392117,0.0005874454215395392,201048272.26742104
2022-07-28,0.02244931226078828,0.0,0.9775506877392117,0.0002751572175320441,201103592.15060776
2022-07-29,0.02244931226078828,0.0,0.9775506877392117,0.0003213810997223627,201168223.0442113
2022-08-01,0.13173879855556075,0.0,0.8682612014444393,-0.00037105227633836107,201093579.11712378
2022-08-02,0.13173879855556075,0.0,0.8682612014444393,-0.0008770611971325526,200917207.74188763
2022-08-03,0.13173879855556075,0.0,0.8682612014444393,0.0020621723815889012,201331533.65867892
2022-08-04,0.13173879855556075,0.0,0.8682612014444393,-9.074283539421961e-05,201313264.26446044
2022-08-05,0.13173879855556075,0.0,0.8682612014444393,-0.00019737037778497273,201273530.98943943
2022-08-08,0.13173879855556075,0.0,0.8682612014444393,-0.0001606886012632217,201241188.62727344
2022-08-09,0.13173879855556075,0.0,0.8682612014444393,-0.0005514331680726757,201130217.56108198
2022-08-10,0.13173879855556075,0.0,0.8682612014444393,0.002810619137565887,201695517.99970195
2022-08-11,0.13173879855556075,0.0,0.8682612014444393,-5.741464837662332e-05,201683937.72245684
2022-08-12,0.13173879855556075,0.0,0.8682612014444393,0.0022990676779983243,202147622.744846
2022-08-15,0.13173879855556075,0.0,0.8682612014444393,0.0005270052466255889,202254155.6026254
2022-08-16,0.13173879855556075,0.0,0.8682612014444393,0.0002537574268464589,202305479.09672013
2022-08-17,0.13173879855556075,0.0,0.8682612014444393,-0.003947089474165111,201506961.2696115
2022-08-18,0.13173879855556075,0.0,0.8682612014444393,0.0011058525061952754,201729798.24774733
2022-08-19,0.13173879855556075,0.0,0.8682612014444393,-0.003996973666980156,200923489.55630586
2022-08-22,0.13173879855556075,0.0,0.8682612014444393,-0.0026193042211885968,200397209.81197506
2022-08-23,0.13173879855556075,0.0,0.8682612014444393,0.0019918036102487494,200796361.6979623
2022-08-24,0.13173879855556075,0.0,0.8682612014444393,-0.0010065992936305508,200594240.22211355
2022-08-25,0.13173879855556075,0.0,0.8682612014444393,0.0037747496721347073,201351433.2646241
2022-08-26,0.13173879855556075,0.0,0.8682612014444393,-0.004414030127769074,200462661.97192457
2022-08-29,0.13173879855556075,0.0,0.8682612014444393,-0.0009345036875325085,200275328.8750992
2022-08-30,0.13173879855556075,0.0,0.8682612014444393,-0.002970275558399363,199680455.9607911
2022-08-31,0.13173879855556075,0.0,0.8682612014444393,-0.0059277085354782055,198496808.41762415
2022-09-01,0.0,0.0,1.0,-0.008851586501337244,196739796.7476762
2022-09-02,0.0,0.0,1.0,0.003510055128338435,197430364.28019863
2022-09-05,0.0,0.0,1.0,-0.0014924247046118055,197135714.32710636
2022-09-06,0.0,0.0,1.0,-0.007749599680726915,195607991.45829716
2022-09-07,0.0,0.0,1.0,-0.005718926858963025,194489323.6621185
2022-09-08,0.0,0.0,1.0,0.002582279903865947,194991549.53412768
2022-09-09,0.0,0.0,1.0,0.008524430661269733,196653741.4776649
2022-09-12,0.0,0.0,1.0,0.006079452439595789,197849288.54604688
2022-09-13,0.0,0.0,1.0,-0.003265994544891182,197203113.8489449
2022-09-14,0.0,0.0,1.0,0.0024568640058302282,197687615.081198
2022-09-15,0.0,0.0,1.0,-0.010112771346421856,195688445.43186238
2022-09-16,0.0,0.0,1.0,-0.003972805055553419,194911013.38653728
2022-09-19,0.0,0.0,1.0,0.0026253143513882415,195422716.06722456
2022-09-20,0.0,0.0,1.0,0.0036712563883300464,196140162.9620112
2022-09-21,0.0,0.0,1.0,-0.001254090943604541,195894185.35996342
2022-09-22,0.0,0.0,1.0,-0.00200476472464578,195501463.60739055
2022-09-23,0.0,0.0,1.0,-0.010393734071179966,193469473.38412887
2022-09-26,0.0,0.0,1.0,-0.005404049840170094,192423954.7074096
2022-09-27,0.0,0.0,1.0,0.0002879042281685451,192479354.37757075
2022-09-28,0.0,0.0,1.0,-0.000574833755287607,192368710.74747857
2022-09-29,0.0,0.0,1.0,-0.0016186913718772011,192057325.17517248
2022-09-30,0.0,0.0,1.0,-0.0002607036603970436,192007255.12749326
2022-10-03,0.0,0.0,1.0,0.010906307371041979,194101345.2693838
2022-10-04,0.0,0.0,1.0,0.0,194101345.2693838
2022-10-05,0.0,0.0,1.0,0.0,194101345.2693838
2022-10-06,0.0,0.0,1.0,0.002589146013729393,194603901.99374756
2022-10-07,0.0,0.0,1.0,0.0,194603901.99374756
2022-10-10,0.0,0.0,1.0,0.0,194603901.99374756
2022-10-11,0.0,0.0,1.0,0.0,194603901.99374756
2022-10-12,0.0,0.0,1.0,0.0,194603901.99374756
2022-10-13,0.0,0.0,1.0,0.0,194603901.99374756
2022-10-14,0.0,0.0,1.0,0.0,194603901.99374756
2022-10-17,0.0,0.0,1.0,0.0,194603901.99374756
2022-10-18,0.0,0.0,1.0,0.0,194603901.99374756
2022-10-19,0.0,0.0,1.0,0.0,194603901.99374756
2022-10-20,0.0,0.0,1.0,0.0,194603901.99374756
2022-10-21,0.0,0.0,1.0,0.0,194603901.99374756
2022-10-24,0.0,0.0,1.0,0.0,194603901.99374756
2022-10-25,0.0,0.0,1.0,0.0,194603901.99374756
2022-10-26,0.0,0.0,1.0,0.0,194603901.99374756
2022-10-27,0.0,0.0,1.0,0.0,194603901.99374756
2022-10-28,0.0,0.0,1.0,0.0,194603901.99374756
2022-10-31,0.0,0.0,1.0,0.0,194603901.99374756
2022-11-01,0.0,0.0,1.0,0.0,194603901.99374756
2022-11-02,0.0,0.0,1.0,0.0,194603901.99374756
2022-11-03,0.0,0.0,1.0,0.0,194603901.99374756
2022-11-04,0.0,0.0,1.0,0.0,194603901.99374756
2022-11-07,0.0,0.0,1.0,0.0,194603901.99374756
2022-11-08,0.0,0.0,1.0,0.0,194603901.99374756
2022-11-09,0.0,0.0,1.0,0.0,194603901.99374756
2022-11-10,0.0,0.0,1.0,0.0,194603901.99374756
2022-11-11,0.0,0.0,1.0,0.0,194603901.99374756
2022-11-14,0.0,0.0,1.0,0.0,194603901.99374756
2022-11-15,0.0,0.0,1.0,0.0,194603901.99374756
2022-11-16,0.0,0.0,1.0,0.0,194603901.99374756
2022-11-17,0.0,0.0,1.0,0.0,194603901.99374756
2022-11-18,0.0,0.0,1.0,-0.0013860171320806136,194334177.65161446
2022-11-21,0.0,0.0,1.0,-0.0018035848927274167,193983679.46466142
2022-11-22,0.0,0.0,1.0,0.00031644659244556284,194045064.93901804
2022-11-23,0.0,0.0,1.0,0.0013546904180433694,194307935.9291595
2022-11-24,0.0,0.0,1.0,0.0007944309816652062,194462300.17344505
2022-11-25,0.0,0.0,1.0,-0.0042784385690284865,193630305.16816097
2022-11-28,0.0,0.0,1.0,-0.0052281686437763986,192617973.27819595
2022-11-29,0.0,0.0,1.0,0.003661662582439884,193323275.3036541
2022-11-30,0.0,0.0,1.0,0.004050593549626252,194106349.31559172
2022-12-01,0.0,0.0,1.0,0.009037594461668463,195860603.78314102
2022-12-02,0.0,0.0,1.0,-0.005553848192285243,194772823.72288013
2022-12-05,0.0,0.0,1.0,-0.012210384797405632,192394572.59714648
2022-12-06,0.0,0.0,1.0,-0.003982266247853139,191628406.18442273
2022-12-07,0.0,0.0,1.0,0.0046751064581957436,192524289.3837493
2022-12-08,0.0,0.0,1.0,0.002898769706473625,193082372.9615753
2022-12-09,0.0,0.0,1.0,0.0034656067612793273,193751520.53879476
2022-12-12,0.0,0.0,1.0,-0.001915061438639759,193380474.47313312
2022-12-13,0.0,0.0,1.0,0.009181137485067159,195155927.19619846
2022-12-14,0.0,0.0,1.0,-0.000940800595425173,194972324.38369152
2022-12-15,0.0,0.0,1.0,-0.009427105999928714,193134299.614674
2022-12-16,0.0,0.0,1.0,0.0005985969905144828,193249909.22518846
2022-12-19,0.0,0.0,1.0,-2.9441367740468127e-05,193244219.68354514
2022-12-20,0.0,0.0,1.0,0.0030211729980364477,193828043.9020797
2022-12-21,0.0,0.0,1.0,0.0013529464956147375,194090282.8748289
2022-12-22,0.0,0.0,1.0,-0.0030821447521131307,193492068.5280301
2022-12-23,0.0,0.0,1.0,0.003874258825532495,194241706.88219535
2022-12-26,0.0,0.0,1.0,0.0,194241706.88219535
2022-12-27,0.0,0.0,1.0,-0.003721371964799852,193518861.2398091
2022-12-28,0.0,0.0,1.0,4.543817660573879e-05,193527654.38400263
2022-12-29,0.0,0.0,1.0,0.0029388202680922237,194096397.37714267
2022-12-30,0.0,0.0,1.0,0.000191026614604628,194133474.9548406
2023-01-02,0.0,0.0,1.0,0.0,194133474.9548406
2023-01-03,0.0,0.0,1.0,-0.004164202051374605,193325063.94019318
2023-01-04,0.0,0.0,1.0,0.003178921218618236,193939629.08804336
2023-01-05,0.0,0.0,1.0,-0.007095426778014419,192563544.6504939
2023-01-06,0.0,0.0,1.0,0.00823400947463171,194149114.70161468
2023-01-09,0.0,0.0,1.0,0.004526397182233466,195027910.70733324
2023-01-10,0.0,0.0,1.0,-0.0015744047833262387,194720857.83183348
2023-01-11,0.0,0.0,1.0,0.0004984047225079502,194817907.62694764
2023-01-12,0.0,0.0,1.0,0.004078076935383479,195612390.04264075
2023-01-13,0.0,0.0,1.0,0.0061210247506944815,196809738.32363424
2023-01-16,0.0,0.0,1.0,-0.0013841225733021156,196537329.5221748
2023-01-17,0.0,0.0,1.0,0.00016022323448006137,196568819.36880693
2023-01-18,0.0,0.0,1.0,0.0009230096191221449,196750254.27990383
2023-01-19,0.0,0.0,1.0,-0.006256446935212323,195519296.75451207
2023-01-20,0.0,0.0,1.0,0.0019751748804056335,195905481.55809614
2023-01-23,0.0,0.0,1.0,0.00514528431938599,196913470.9604388
2023-01-24,0.0,0.0,1.0,0.0024417258107272133,197394279.66496277
2023-01-25,0.0,0.0,1.0,0.0061467281606725765,198607608.6425351
2023-01-26,0.0,0.0,1.0,-0.0023765826644103205,198135601.24281523
2023-01-27,0.0,0.0,1.0,-0.00027725967867534007,198080666.22968054
2023-01-30,0.0,0.0,1.0,-0.0010913116585193339,197864498.4892968
2023-01-31,0.0,0.0,1.0,-0.00029355707213363225,197806413.96644107
2023-02-01,0.033937225804125996,0.6056100898629924,0.36045268433288147,0.005381584588618509,198870925.91537276
2023-02-02,0.033937225804125996,0.6056100898629924,0.36045268433288147,0.0006473269574588172,198999660.42677256
2023-02-03,0.033937225804125996,0.6056100898629924,0.36045268433288147,-0.011138440336476998,196783114.58212978
2023-02-06,0.033937225804125996,0.6056100898629924,0.36045268433288147,-0.006267023893677082,195549870.10117137
2023-02-07,0.033937225804125996,0.6056100898629924,0.36045268433288147,0.00042511533454162064,195633001.349619
2023-02-08,0.033937225804125996,0.6056100898629924,0.36045268433288147,0.0006698172795364763,195764039.71437058
2023-02-09,0.033937225804125996,0.6056100898629924,0.36045268433288147,-0.0032430194804705004,195129173.1200013
2023-02-10,0.033937225804125996,0.6056100898629924,0.36045268433288147,-0.0022946831298681415,194681413.49829772
2023-02-13,0.033937225804125996,0.6056100898629924,0.36045268433288147,0.0030458744193656595,195274388.63559815
2023-02-14,0.033937225804125996,0.6056100898629924,0.36045268433288147,-0.0015656385367897635,194968659.52750218
2023-02-15,0.033937225804125996,0.6056100898629924,0.36045268433288147,-0.0045372993733926335,194084028.35079682
2023-02-16,0.033937225804125996,0.6056100898629924,0.36045268433288147,-0.002694732539290566,193561023.80424336
2023-02-17,0.033937225804125996,0.6056100898629924,0.36045268433288147,0.0024613558270745036,194037446.35807845
2023-02-20,0.033937225804125996,0.6056100898629924,0.36045268433288147,0.0012328048131467631,194276656.65587938
2023-02-21,0.033937225804125996,0.6056100898629924,0.36045268433288147,-0.005732270962696304,193163010.21820116
2023-02-22,0.033937225804125996,0.6056100898629924,0.36045268433288147,-0.0002675340686020024,193111332.53217408
2023-02-23,0.033937225804125996,0.6056100898629924,0.36045268433288147,0.0022452308482187105,193544912.05311593
2023-02-24,0.033937225804125996,0.6056100898629924,0.36045268433288147,-0.006315728000716276,192322535.0326659
2023-02-27,0.033937225804125996,0.6056100898629924,0.36045268433288147,0.001630118488412575,192636043.55276105
2023-02-28,0.033937225804125996,0.6056100898629924,0.36045268433288147,0.0007769349090686283,192785709.21974206
2023-03-01,0.0277174260716918,0.6402076590921651,0.33207491483614304,-0.0023021141182003493,192341894.51676002
2023-03-02,0.0277174260716918,0.6402076590921651,0.33207491483614304,-0.0022228453728071417,191914348.22653648
2023-03-03,0.0277174260716918,0.6402076590921651,0.33207491483614304,0.00445599580999539,192769517.75811192
2023-03-06,0.0277174260716918,0.6402076590921651,0.33207491483614304,-0.0003350396930738547,192704932.31804827
2023-03-07,0.0277174260716918,0.6402076590921651,0.33207491483614304,-0.001151822750149533,192482970.3929383
2023-03-08,0.0277174260716918,0.6402076590921651,0.33207491483614304,0.0011603159128946018,192706311.44644642
2023-03-09,0.0277174260716918,0.6402076590921651,0.33207491483614304,0.0018735608813523733,193067358.4531622
2023-03-10,0.0277174260716918,0.6402076590921651,0.33207491483614304,0.008524671174007145,194713194.1984096
2023-03-13,0.0277174260716918,0.6402076590921651,0.33207491483614304,0.00530537175783829,195746220.07978827
2023-03-14,0.0277174260716918,0.6402076590921651,0.33207491483614304,-0.004765414466994142,194813408.21076062
2023-03-15,0.0277174260716918,0.6402076590921651,0.33207491483614304,0.006230576615175455,196027208.07628125
2023-03-16,0.0277174260716918,0.6402076590921651,0.33207491483614304,-0.0033399233234981773,195372492.23198706
2023-03-17,0.0277174260716918,0.6402076590921651,0.33207491483614304,0.005587716363626456,196464178.3038342
2023-03-20,0.0277174260716918,0.6402076590921651,0.33207491483614304,-0.002020429197201204,196067236.34178498
2023-03-21,0.0277174260716918,0.6402076590921651,0.33207491483614304,-0.0036465972087894993,195352258.10500595
2023-03-22,0.0277174260716918,0.6402076590921651,0.33207491483614304,0.00531153462120407,196389878.3872611
2023-03-23,0.0277174260716918,0.6402076590921651,0.33207491483614304,0.003395935401140515,197056805.7277021
2023-03-24,0.0277174260716918,0.6402076590921651,0.33207491483614304,6.664609644554953e-05,197069938.7945819
2023-03-27,0.0277174260716918,0.6402076590921651,0.33207491483614304,-0.0068634394140653756,195717361.20933166
2023-03-28,0.0277174260716918,0.6402076590921651,0.33207491483614304,4.264642572391838e-05,195725707.85523936
2023-03-29,0.0277174260716918,0.6402076590921651,0.33207491483614304,-0.000759272975766685,195577098.6146021
2023-03-30,0.0277174260716918,0.6402076590921651,0.33207491483614304,0.00157302673664903,195884746.61979908
2023-03-31,0.0277174260716918,0.6402076590921651,0.33207491483614304,0.0031359854281647445,196499038.3307985
2023-04-03,0.0322589390132942,0.6149621182962537,0.35277894269045207,0.0028892835523026007,197066779.770291
2023-04-04,0.0322589390132942,0.6149621182962537,0.35277894269045207,0.004230453333378814,197900461.58566844
2023-04-05,0.0322589390132942,0.6149621182962537,0.35277894269045207,0.0018046448654852674,198257601.6375462
2023-04-06,0.0322589390132942,0.6149621182962537,0.35277894269045207,-0.00014319704025659338,198229211.73578337
2023-04-07,0.0322589390132942,0.6149621182962537,0.35277894269045207,-0.0036355735363455145,197508534.85946614
2023-04-10,0.0322589390132942,0.6149621182962537,0.35277894269045207,-0.0014376057677667042,197224595.450569
2023-04-11,0.0322589390132942,0.6149621182962537,0.35277894269045207,0.0004412392811948512,197311618.68929955
2023-04-12,0.0322589390132942,0.6149621182962537,0.35277894269045207,0.00263050755959937,197830648.39385852
2023-04-13,0.0322589390132942,0.6149621182962537,0.35277894269045207,0.0007695274699009558,197982884.5121859
2023-04-14,0.0322589390132942,0.6149621182962537,0.35277894269045207,-0.005320913360072299,196929434.73691934
2023-04-17,0.0322589390132942,0.6149621182962537,0.35277894269045207,-0.002952497367057316,196348001.09936252
2023-04-18,0.0322589390132942,0.6149621182962537,0.35277894269045207,0.0007860407023914818,196502338.62005982
2023-04-19,0.0322589390132942,0.6149621182962537,0.35277894269045207,-0.002302940262790937,196049805.47271907
2023-04-20,0.0322589390132942,0.6149621182962537,0.35277894269045207,0.0026077378062164397,196561051.96235165
2023-04-21,0.0322589390132942,0.6149621182962537,0.35277894269045207,-0.002209698450355557,196126711.31043017
2023-04-24,0.0322589390132942,0.6149621182962537,0.35277894269045207,0.002453743079831827,196607955.87107834
2023-04-25,0.0322589390132942,0.6149621182962537,0.35277894269045207,0.00367144698189128,197329791.55727702
2023-04-26,0.0322589390132942,0.6149621182962537,0.35277894269045207,-0.0032896925098356094,196680637.22002363
2023-04-27,0.0322589390132942,0.6149621182962537,0.35277894269045207,-0.0020239201046625853,196282571.32415617
2023-04-28,0.0322589390132942,0.6149621182962537,0.35277894269045207,0.004866143668502183,197237710.51584253
2023-05-01,0.03246533334191476,0.6125272945358041,0.3550073721222811,-0.006316048247143168,195991947.62006843
2023-05-02,0.03246533334191476,0.6125272945358041,0.3550073721222811,0.005147618447427255,197000839.38518468
2023-05-03,0.03246533334191476,0.6125272945358041,0.3550073721222811,0.003529616863157437,197696176.8699348
2023-05-04,0.03246533334191476,0.6125272945358041,0.3550073721222811,-0.00020870366213486606,197654916.95383197
2023-05-05,0.03246533334191476,0.6125272945358041,0.3550073721222811,-0.0022709309162876985,197206056.29216522
2023-05-08,0.03246533334191476,0.6125272945358041,0.3550073721222811,-0.0024438466734751094,196724114.92750648
2023-05-09,0.03246533334191476,0.6125272945358041,0.3550073721222811,-0.0010730745359295536,196513015.2891745
2023-05-10,0.03246533334191476,0.6125272945358041,0.3550073721222811,0.004244551970122476,197347124.99537486
2023-05-11,0.03246533334191476,0.6125272945358041,0.3550073721222811,0.0006102298227400867,197467552.09647906
2023-05-12,0.03246533334191476,0.6125272945358041,0.3550073721222811,-0.0017613636702027789,197119739.92417243
2023-05-15,0.03246533334191476,0.6125272945358041,0.3550073721222811,-0.0006473101943938536,196992142.30700326
2023-05-16,0.03246533334191476,0.6125272945358041,0.3550073721222811,-0.002844670622732295,196431764.54687342
2023-05-17,0.03246533334191476,0.6125272945358041,0.3550073721222811,-0.002206629037754867,195998312.51128688
2023-05-18,0.03246533334191476,0.6125272945358041,0.3550073721222811,-0.0038334290340479305,195246966.88948172
2023-05-19,0.03246533334191476,0.6125272945358041,0.3550073721222811,-0.001113136001835002,195029630.46138793
2023-05-22,0.03246533334191476,0.6125272945358041,0.3550073721222811,-0.00029163643809379086,194972752.7146374
2023-05-23,0.03246533334191476,0.6125272945358041,0.3550073721222811,0.0003562287940809693,195042207.62321562
2023-05-24,0.03246533334191476,0.6125272945358041,0.3550073721222811,-0.002239794801190974,194605353.10056832
2023-05-25,0.03246533334191476,0.6125272945358041,0.3550073721222811,-0.003968042287433134,193833150.8301044
2023-05-26,0.03246533334191476,0.6125272945358041,0.3550073721222811,0.00021352695321675045,193874539.43223357
2023-05-29,0.03246533334191476,0.6125272945358041,0.3550073721222811,-0.00017123801577728802,193841340.74079147
2023-05-30,0.03246533334191476,0.6125272945358041,0.3550073721222811,0.004551368739337507,194723584.15943035
2023-05-31,0.03246533334191476,0.6125272945358041,0.3550073721222811,0.0009634274553688565,194911186.20661741
2023-06-01,0.03511953445994202,0.5922945337372806,0.3725859318027774,0.0037680983423379216,195645630.72426566
2023-06-02,0.03511953445994202,0.5922945337372806,0.3725859318027774,-0.0027261462359354696,195112272.1244895
2023-06-05,0.03511953445994202,0.5922945337372806,0.3725859318027774,0.0013738039526209962,195380318.13513896
2023-06-06,0.03511953445994202,0.5922945337372806,0.3725859318027774,0.0005947094528099066,195496512.65722692
2023-06-07,0.03511953445994202,0.5922945337372806,0.3725859318027774,-0.003154502850002359,194879818.35088417
2023-06-08,0.03511953445994202,0.5922945337372806,0.3725859318027774,0.0027273127311035093,195411316.56050768
2023-06-09,0.03511953445994202,0.5922945337372806,0.3725859318027774,-0.00018013357520050427,195376116.42142102
2023-06-12,0.03511953445994202,0.5922945337372806,0.3725859318027774,0.001073319345598594,195585817.386844
2023-06-13,0.03511953445994202,0.5922945337372806,0.3725859318027774,-0.002047953075000824,195185266.8107001
2023-06-14,0.03511953445994202,0.5922945337372806,0.3725859318027774,0.001030754368795072,195386454.87718964
2023-06-15,0.03511953445994202,0.5922945337372806,0.3725859318027774,0.003689169931398625,196107268.71152514
2023-06-16,0.03511953445994202,0.5922945337372806,0.3725859318027774,-0.0017366358495460733,195766701.7983241
2023-06-19,0.03511953445994202,0.5922945337372806,0.3725859318027774,0.0009779040493470427,195958142.84874
2023-06-20,0.03511953445994202,0.5922945337372806,0.3725859318027774,0.0010302951696596072,196160037.57677254
2023-06-21,0.03511953445994202,0.5922945337372806,0.3725859318027774,0.0006731517897121512,196292083.0571373
2023-06-22,0.03511953445994202,0.5922945337372806,0.3725859318027774,-0.0026615430741051133,195769643.22297493
2023-06-23,0.03511953445994202,0.5922945337372806,0.3725859318027774,0.0004255822530975697,195852959.30882588
2023-06-26,0.03511953445994202,0.5922945337372806,0.3725859318027774,0.000806962296427644,196011005.2626319
2023-06-27,0.03511953445994202,0.5922945337372806,0.3725859318027774,-0.0012687187729086944,195762322.42055848
2023-06-28,0.03511953445994202,0.5922945337372806,0.3725859318027774,-0.0008441655104976847,195597066.6197161
2023-06-29,0.03511953445994202,0.5922945337372806,0.3725859318027774,-0.0042539419788525795,194765008.0470821
2023-06-30,0.03511953445994202,0.5922945337372806,0.3725859318027774,0.0031498838366892028,195378495.19788226
2023-07-03,0.03390947762470897,0.5720661674557337,0.3940243549195574,-0.0001961843537854459,195340164.99405828
2023-07-04,0.03390947762470897,0.5720661674557337,0.3940243549195574,-0.0003948644765831718,195263032.1020522
2023-07-05,0.03390947762470897,0.5720661674557337,0.3940243549195574,-0.003104853361616659,194656769.02043068
2023-07-06,0.03390947762470897,0.5720661674557337,0.3940243549195574,-0.005257821225439709,193633298.52859956
2023-07-07,0.03390947762470897,0.5720661674557337,0.3940243549195574,0.0013161193403721972,193888143.0577331
2023-07-10,0.03390947762470897,0.5720661674557337,0.3940243549195574,0.0014357587607872402,194166519.65774098
2023-07-11,0.03390947762470897,0.5720661674557337,0.3940243549195574,0.00045214993773217804,194254312.0375139
2023-07-12,0.03390947762470897,0.5720661674557337,0.3940243549195574,0.008322910607052153,195871073.31163657
2023-07-13,0.03390947762470897,0.5720661674557337,0.3940243549195574,0.006215942457841445,197088596.6324973
2023-07-14,0.03390947762470897,0.5720661674557337,0.3940243549195574,-0.002437321593890178,196608228.3400154
2023-07-17,0.03390947762470897,0.5720661674557337,0.3940243549195574,-0.0015242047007322699,196308557.15417692
2023-07-18,0.03390947762470897,0.5720661674557337,0.3940243549195574,0.002985699271345914,196894675.47023112
2023-07-19,0.03390947762470897,0.5720661674557337,0.3940243549195574,0.001587869098071366,197207318.44098508
2023-07-20,0.03390947762470897,0.5720661674557337,0.3940243549195574,-0.0026766316056290613,196679467.09958458
2023-07-21,0.03390947762470897,0.5720661674557337,0.3940243549195574,0.00012426521207765048,196703907.51527503
2023-07-24,0.03390947762470897,0.5720661674557337,0.3940243549195574,0.0015724001607621996,197013204.7710746
2023-07-25,0.03390947762470897,0.5720661674557337,0.3940243549195574,0.0004938521592819072,197110500.16765782
2023-07-26,0.03390947762470897,0.5720661674557337,0.3940243549195574,0.0001236059083850198,197134864.1900833
2023-07-27,0.03390947762470897,0.5720661674557337,0.3940243549195574,-0.005375955272272727,196075075.97759187
2023-07-28,0.03390947762470897,0.5720661674557337,0.3940243549195574,0.0014702254101562418,196363350.53659242
2023-07-31,0.03390947762470897,0.5720661674557337,0.3940243549195574,0.001151352961171504,196589434.0616983
2023-08-01,0.032244927796658614,0.555892823832227,0.41186224837111435,-0.0056490645106933015,195478887.66656306
2023-08-02,0.032244927796658614,0.555892823832227,0.41186224837111435,-0.005196690544597448,194463044.3793578
2023-08-03,0.032244927796658614,0.555892823832227,0.41186224837111435,-0.004353268073937264,193616494.61670053
2023-08-04,0.032244927796658614,0.555892823832227,0.41186224837111435,0.0059274735809538,194764151.2733779
2023-08-07,0.032244927796658614,0.555892823832227,0.41186224837111435,-0.0026346705030466356,194251011.90896702
2023-08-08,0.032244927796658614,0.555892823832227,0.41186224837111435,0.00013124213028885192,194276505.8255807
2023-08-09,0.032244927796658614,0.555892823832227,0.41186224837111435,0.0010302623656331382,194476661.59805948
2023-08-10,0.032244927796658614,0.555892823832227,0.41186224837111435,-0.0020771532022788156,194072703.77765256
2023-08-11,0.032244927796658614,0.555892823832227,0.41186224837111435,-0.0031933129494350794,193452968.89954752
2023-08-14,0.032244927796658614,0.555892823832227,0.41186224837111435,-0.002749190576415989,192921129.82046917
2023-08-15,0.032244927796658614,0.555892823832227,0.41186224837111435,-0.003172475233612133,192309092.3140733
2023-08-16,0.032244927796658614,0.555892823832227,0.41186224837111435,-0.0018839664263119568,191946788.44067904
2023-08-17,0.032244927796658614,0.555892823832227,0.41186224837111435,-0.0005530885427494976,191840624.87117496
2023-08-18,0.032244927796658614,0.555892823832227,0.41186224837111435,0.0019098601460626416,192207013.63501215
2023-08-21,0.032244927796658614,0.555892823832227,0.41186224837111435,-0.0027504294815499882,191678361.79814973
2023-08-22,0.032244927796658614,0.555892823832227,0.41186224837111435,4.873651719269445e-05,191687703.53392494
2023-08-23,0.032244927796658614,0.555892823832227,0.41186224837111435,0.005457523791397075,192733843.73647958
2023-08-24,0.032244927796658614,0.555892823832227,0.41186224837111435,-0.0015080101313390522,192443199.14747307
2023-08-25,0.032244927796658614,0.555892823832227,0.41186224837111435,0.0007263987082249733,192582989.63874045
2023-08-28,0.032244927796658614,0.555892823832227,0.41186224837111435,0.0011894955545134784,192812066.24879065
2023-08-29,0.032244927796658614,0.555892823832227,0.41186224837111435,0.0035559022801360148,193497687.11480245
2023-08-30,0.032244927796658614,0.555892823832227,0.41186224837111435,0.0003626804995711107,193567864.9526311
2023-08-31,0.032244927796658614,0.555892823832227,0.41186224837111435,0.0007893270814711427,193720653.31054077
2023-09-01,0.03431787383586475,0.544916178762329,0.4207659474018063,-0.0016188045293450515,193407057.43953398
2023-09-04,0.03431787383586475,0.544916178762329,0.4207659474018063,0.0,193407057.43953398
2023-09-05,0.03431787383586475,0.544916178762329,0.4207659474018063,-0.002627666096813129,192898848.27181572
2023-09-06,0.03431787383586475,0.544916178762329,0.4207659474018063,-0.001216496405596382,192664187.51624936
2023-09-07,0.03431787383586475,0.544916178762329,0.4207659474018063,0.0007213264606578676,192803161.29272598
2023-09-08,0.03431787383586475,0.544916178762329,0.4207659474018063,0.00041357529832073054,192882899.9176748
2023-09-11,0.03431787383586475,0.544916178762329,0.4207659474018063,8.571151259653535e-05,192899432.20278075
2023-09-12,0.03431787383586475,0.544916178762329,0.4207659474018063,0.0004679851523381618,192989706.2729461
2023-09-13,0.03431787383586475,0.544916178762329,0.4207659474018063,0.0006559823687214072,193116304.11760587
2023-09-14,0.03431787383586475,0.544916178762329,0.4207659474018063,-0.00014107826231506463,193089059.60499626
2023-09-15,0.03431787383586475,0.544916178762329,0.4207659474018063,-0.0016674900866088735,192767085.5122723
2023-09-18,0.03431787383586475,0.544916178762329,0.4207659474018063,0.00046934984556157647,192857560.71408686
2023-09-19,0.03431787383586475,0.544916178762329,0.4207659474018063,-0.0014349599153738357,192580817.84508538
2023-09-20,0.03431787383586475,0.544916178762329,0.4207659474018063,-0.0007438295566332468,192437570.5407316
2023-09-21,0.03431787383586475,0.544916178762329,0.4207659474018063,-0.005059899404849752,191463855.79208183
2023-09-22,0.03431787383586475,0.544916178762329,0.4207659474018063,0.001834661214656778,191815127.10231218
2023-09-25,0.03431787383586475,0.544916178762329,0.4207659474018063,-0.0035097524596084517,191141903.48817474
2023-09-26,0.03431787383586475,0.544916178762329,0.4207659474018063,-0.0011850204956286175,190915396.41496778
2023-09-27,0.03431787383586475,0.544916178762329,0.4207659474018063,-0.0011936400132609392,190687512.15865928
2023-09-28,0.03431787383586475,0.544916178762329,0.4207659474018063,0.001565129358274815,190985962.78219518
2023-09-29,0.03431787383586475,0.544916178762329,0.4207659474018063,-0.0007691361082127288,190839068.58205763
2023-10-02,0.03558475873004814,0.5418095510572397,0.4226056902127121,-0.0041237011408902504,190052105.2972194
2023-10-03,0.03558475873004814,0.5418095510572397,0.4226056902127121,-0.004084579822450581,189275822.30270812
2023-10-04,0.03558475873004814,0.5418095510572397,0.4226056902127121,0.0011791441103331328,189499005.7738048
2023-10-05,0.03558475873004814,0.5418095510572397,0.4226056902127121,9.928224513683186e-05,189517819.66054922
2023-10-06,0.03558475873004814,0.5418095510572397,0.4226056902127121,-0.0008048981886176695,189365277.1107937
2023-10-09,0.03558475873004814,0.5418095510572397,0.4226056902127121,0.00022430891765451712,189407753.4311438
2023-10-10,0.03558475873004814,0.5418095510572397,0.4226056902127121,0.004611773497626375,190281259.08866248
2023-10-11,0.03558475873004814,0.5418095510572397,0.4226056902127121,0.0025384305907806223,190764274.85758537
2023-10-12,0.03558475873004814,0.5418095510572397,0.4226056902127121,-0.004431029700227389,189918992.68994907
2023-10-13,0.03558475873004814,0.5418095510572397,0.4226056902127121,0.002446259652120203,190383583.8589378
2023-10-16,0.03558475873004814,0.5418095510572397,0.4226056902127121,-0.0020527931180451477,189992765.7482034
2023-10-17,0.03558475873004814,0.5418095510572397,0.4226056902127121,-0.0033048789899712914,189364862.64843562
2023-10-18,0.03558475873004814,0.5418095510572397,0.4226056902127121,-0.0020358446214981114,188979345.2113121
2023-10-19,0.03558475873004814,0.5418095510572397,0.4226056902127121,-0.0023470155036695987,188535807.7582278
2023-10-20,0.03558475873004814,0.5418095510572397,0.4226056902127121,0.0016681021090433918,188850304.7367795
2023-10-23,0.03558475873004814,0.5418095510572397,0.4226056902127121,0.0019778107857593517,189223814.90638185
2023-10-24,0.03558475873004814,0.5418095510572397,0.4226056902127121,0.0012806856116938945,189466151.12352228
2023-10-25,0.03558475873004814,0.5418095510572397,0.4226056902127121,-0.0038905924809300918,188729015.54057032
2023-10-26,0.03558475873004814,0.5418095510572397,0.4226056902127121,0.0025371959179016444,189207858.02838945
2023-10-27,0.03558475873004814,0.5418095510572397,0.4226056902127121,0.0001928062208180687,189244338.480445
2023-10-30,0.03558475873004814,0.5418095510572397,0.4226056902127121,-0.0005560770775370305,189139104.04176238
2023-10-31,0.03558475873004814,0.5418095510572397,0.4226056902127121,-0.0012372249165691009,188905096.42954436
2023-11-01,0.03364710765723156,0.5321600829466373,0.4341928093961311,0.0046189925822728755,189777647.66870594
2023-11-02,0.03364710765723156,0.5321600829466373,0.4341928093961311,0.003358496963064069,190415015.32205874
2023-11-03,0.03364710765723156,0.5321600829466373,0.4341928093961311,0.0036468603968375056,191109432.3004
2023-11-06,0.03364710765723156,0.5321600829466373,0.4341928093961311,-0.002843240244114412,190566062.27145362
2023-11-07,0.03364710765723156,0.5321600829466373,0.4341928093961311,0.0018440427620974131,190917474.23928672
2023-11-08,0.03364710765723156,0.5321600829466373,0.4341928093961311,0.0008661149434791345,191082830.71669668
2023-11-09,0.03364710765723156,0.5321600829466373,0.4341928093961311,-0.003978814591448227,190322547.56166583
2023-11-10,0.03364710765723156,0.5321600829466373,0.4341928093961311,0.00014194579082407125,190349563.04619113
2023-11-13,0.03364710765723156,0.5321600829466373,0.4341928093961311,0.00039914638450650917,190425540.3860734
2023-11-14,0.03364710765723156,0.5321600829466373,0.4341928093961311,0.008203926223383498,191987777.4704487
2023-11-15,0.03364710765723156,0.5321600829466373,0.4341928093961311,-0.0029462423482430585,191422134.9501202
2023-11-16,0.03364710765723156,0.5321600829466373,0.4341928093961311,0.003988774091564033,192185674.60256112
2023-11-17,0.03364710765723156,0.5321600829466373,0.4341928093961311,-0.00048427172540785703,192092604.51432267
2023-11-20,0.03364710765723156,0.5321600829466373,0.4341928093961311,0.0024031579579563136,192554233.3855258
2023-11-21,0.03364710765723156,0.5321600829466373,0.4341928093961311,0.001060780083581042,192758491.0813104
2023-11-22,0.03364710765723156,0.5321600829466373,0.4341928093961311,-0.0007603826224916496,192611920.87435445
2023-11-23,0.03364710765723156,0.5321600829466373,0.4341928093961311,0.0006152791982430347,192730430.98260206
2023-11-24,0.03364710765723156,0.5321600829466373,0.4341928093961311,-0.0012592111411360173,192487742.67667285
2023-11-27,0.03364710765723156,0.5321600829466373,0.4341928093961311,0.003704392254611644,193200792.779752
2023-11-28,0.03364710765723156,0.5321600829466373,0.4341928093961311,0.0048447256388652535,194136797.61398113
2023-11-29,0.03364710765723156,0.5321600829466373,0.4341928093961311,0.0019054409078762841,194506713.8098789
2023-11-30,0.03364710765723156,0.5321600829466373,0.4341928093961311,-0.003167697626602216,193890575.35418513
2023-12-01,0.030942433527878167,0.5178820315629805,0.4511755349091413,0.006837563119524371,195216314.40145028
2023-12-04,0.030942433527878167,0.5178820315629805,0.4511755349091413,-0.004683145092847977,194302088.07661724
2023-12-05,0.030942433527878167,0.5178820315629805,0.4511755349091413,0.0011031498397672417,194516432.39394543
2023-12-06,0.030942433527878167,0.5178820315629805,0.4511755349091413,0.0037012850422087668,195236393.15562892
2023-12-07,0.030942433527878167,0.5178820315629805,0.4511755349091413,-0.00040742050035636205,195156849.8466417
2023-12-08,0.030942433527878167,0.5178820315629805,0.4511755349091413,-0.0038794928204468823,194399740.24880064
2023-12-11,0.030942433527878167,0.5178820315629805,0.4511755349091413,-0.0021167505417852986,193988244.49330604
2023-12-12,0.030942433527878167,0.5178820315629805,0.4511755349091413,0.00031989076467327975,194050299.54117465
2023-12-13,0.030942433527878167,0.5178820315629805,0.4511755349091413,0.009509417309274357,195895604.81850138
2023-12-14,0.030942433527878167,0.5178820315629805,0.4511755349091413,0.007892280118781176,197441667.80576703
2023-12-15,0.030942433527878167,0.5178820315629805,0.4511755349091413,-0.0019595563059205375,197054769.7405668
2023-12-18,0.030942433527878167,0.5178820315629805,0.4511755349091413,-0.0006890491593072565,196918989.3171396
2023-12-19,0.030942433527878167,0.5178820315629805,0.4511755349091413,0.0047391843507094125,197852224.70966887
2023-12-20,0.030942433527878167,0.5178820315629805,0.4511755349091413,0.0005412924951678149,197959320.63405648
2023-12-21,0.030942433527878167,0.5178820315629805,0.4511755349091413,0.0007684181507529263,198111436.16914243
2023-12-22,0.030942433527878167,0.5178820315629805,0.4511755349091413,0.0005894255988971192,198228208.1210548
2023-12-25,0.030942433527878167,0.5178820315629805,0.4511755349091413,0.0,198228208.1210548
2023-12-26,0.030942433527878167,0.5178820315629805,0.4511755349091413,0.002314468749389533,198687001.11399844
2023-12-27,0.030942433527878167,0.5178820315629805,0.4511755349091413,0.004530617723913743,199587175.96275678
2023-12-28,0.030942433527878167,0.5178820315629805,0.4511755349091413,-0.0022043457398924615,199147216.82168612
2023-12-29,0.030942433527878167,0.5178820315629805,0.4511755349091413,-0.0013413865317285928,198880083.42721027
2024-01-01,0.031413500193532784,0.503334904953568,0.46525159485289924,0.0,198880083.42721027
2024-01-02,0.031413500193532784,0.503334904953568,0.46525159485289924,-0.004649604297781202,197955369.73656404
2024-01-03,0.031413500193532784,0.503334904953568,0.46525159485289924,-0.001715151772775694,197615846.2332299
2024-01-04,0.031413500193532784,0.503334904953568,0.46525159485289924,-0.002467962157607001,197128137.8029828
2024-01-05,0.031413500193532784,0.503334904953568,0.46525159485289924,0.00023012323294584408,197173501.5673586
2024-01-08,0.031413500193532784,0.503334904953568,0.46525159485289924,0.0006447327273259242,197300625.77678055
2024-01-09,0.031413500193532784,0.503334904953568,0.46525159485289924,-0.0013964128775769103,197025112.6421919
2024-01-10,0.031413500193532784,0.503334904953568,0.46525159485289924,-0.0003448394016494418,196957170.62023845
2024-01-11,0.031413500193532784,0.503334904953568,0.46525159485289924,0.0018349818851004505,197318583.46046722
2024-01-12,0.031413500193532784,0.503334904953568,0.46525159485289924,0.0035246648200175064,198014065.329926
2024-01-15,0.031413500193532784,0.503334904953568,0.46525159485289924,-0.0009475466650544146,197826437.7626888
2024-01-16,0.031413500193532784,0.503334904953568,0.46525159485289924,-0.006466463803070728,196547200.26360595
2024-01-17,0.031413500193532784,0.503334904953568,0.46525159485289924,-0.004555055232532461,195651916.9106056
2024-01-18,0.031413500193532784,0.503334904953568,0.46525159485289924,0.00041609903203053856,195733327.48384705
2024-01-19,0.031413500193532784,0.503334904953568,0.46525159485289924,0.0017562087518657125,196077076.06660596
2024-01-22,0.031413500193532784,0.503334904953568,0.46525159485289924,-2.398762632008851e-05,196072372.64297536
2024-01-23,0.031413500193532784,0.503334904953568,0.46525159485289924,-0.0011198699309003918,195852797.08857217
2024-01-24,0.031413500193532784,0.503334904953568,0.46525159485289924,2.6844538593921892e-05,195858054.66654235
2024-01-25,0.031413500193532784,0.503334904953568,0.46525159485289924,0.0018515290841066656,196220691.551114
2024-01-26,0.031413500193532784,0.503334904953568,0.46525159485289924,-0.0005389821434348226,196114932.1021955
2024-01-29,0.031413500193532784,0.503334904953568,0.46525159485289924,0.003330489628722113,196768090.84959942
2024-01-30,0.031413500193532784,0.503334904953568,0.46525159485289924,0.0005911024801013125,196884400.9561054
2024-01-31,0.031413500193532784,0.503334904953568,0.46525159485289924,0.0028767429648127517,197450786.77143723
2024-02-01,0.03369182162335404,0.5046587053911292,0.46164947298551684,0.0030130319698158103,198045712.30444488
2024-02-02,0.03369182162335404,0.5046587053911292,0.46164947298551684,-0.005227692462199478,197010390.22706002
2024-02-05,0.03369182162335404,0.5046587053911292,0.46164947298551684,-0.004585809305875338,196106938.14620262
2024-02-06,0.03369182162335404,0.5046587053911292,0.46164947298551684,0.0027748631115760564,196651108.05478865
2024-02-07,0.03369182162335404,0.5046587053911292,0.46164947298551684,-0.0004934646199731695,196554067.6904851
2024-02-08,0.03369182162335404,0.5046587053911292,0.46164947298551684,-0.0013375287289325562,196291170.9781605
2024-02-09,0.03369182162335404,0.5046587053911292,0.46164947298551684,-0.0008280150690725303,196128638.9306647
2024-02-12,0.03369182162335404,0.5046587053911292,0.46164947298551684,0.00013777063728115586,196155659.69823927
2024-02-13,0.03369182162335404,0.5046587053911292,0.46164947298551684,-0.004692885275718141,195235123.69109264
2024-02-14,0.03369182162335404,0.5046587053911292,0.46164947298551684,0.0017863474244308646,195583881.45145667
2024-02-15,0.03369182162335404,0.5046587053911292,0.46164947298551684,0.0011076838666771774,195800526.56152257
2024-02-16,0.03369182162335404,0.5046587053911292,0.46164947298551684,-0.0016069444215482125,195485885.99762833
2024-02-19,0.03369182162335404,0.5046587053911292,0.46164947298551684,0.0,195485885.99762833
2024-02-20,0.03369182162335404,0.5046587053911292,0.46164947298551684,0.000592912979308627,195601792.11670795
2024-02-21,0.03369182162335404,0.5046587053911292,0.46164947298551684,-0.0012862659847984713,195350196.1849426
2024-02-22,0.03369182162335404,0.5046587053911292,0.46164947298551684,0.0007655454605315632,195499745.64084592
2024-02-23,0.03369182162335404,0.5046587053911292,0.46164947298551684,0.001912305953693589,195873600.9683805
2024-02-26,0.03369182162335404,0.5046587053911292,0.46164947298551684,-0.000654210625643263,195745458.37734398
2024-02-27,0.03369182162335404,0.5046587053911292,0.46164947298551684,-0.0008182095237886674,195585297.57906127
2024-02-28,0.03369182162335404,0.5046587053911292,0.46164947298551684,0.0013068841944039425,195840904.91312513
2024-02-29,0.03369182162335404,0.5046587053911292,0.46164947298551684,0.0011062239388596406,196057548.81034797
2024-03-01,0.034172533884739564,0.49543553220223985,0.4703919339130206,0.002150460717856825,196479162.86750394
2024-03-04,0.034172533884739564,0.49543553220223985,0.4703919339130206,-0.0008677141735650982,196308675.1130736
2024-03-05,0.034172533884739564,0.49543553220223985,0.4703919339130206,0.0020131454785760903,196703873.03478274
2024-03-06,0.034172533884739564,0.49543553220223985,0.4703919339130206,0.0021057768417105547,197118087.49529415
2024-03-07,0.034172533884739564,0.49543553220223985,0.4703919339130206,0.0014873100585918188,197411263.2095563
2024-03-08,0.034172533884739564,0.49543553220223985,0.4703919339130206,0.0010902458690021757,197626490.023765
2024-03-11,0.034172533884739564,0.49543553220223985,0.4703919339130206,-0.0002249757204871496,197582028.86178455
2024-03-12,0.034172533884739564,0.49543553220223985,0.4703919339130206,-0.00260696603067264,197066939.2242705
2024-03-13,0.034172533884739564,0.49543553220223985,0.4703919339130206,-4.156525139944133e-05,197058748.08739913
2024-03-14,0.034172533884739564,0.49543553220223985,0.4703919339130206,-0.003566633027216527,196355911.8481687
2024-03-15,0.034172533884739564,0.49543553220223985,0.4703919339130206,-0.001038590794215651,196151978.40573338
2024-03-18,0.034172533884739564,0.49543553220223985,0.4703919339130206,5.172621691226361e-05,196162124.60551614
2024-03-19,0.034172533884739564,0.49543553220223985,0.4703919339130206,0.0010360477562695236,196365357.93457872
2024-03-20,0.034172533884739564,0.49543553220223985,0.4703919339130206,0.0022833483079528726,196813728.44235924
2024-03-21,0.034172533884739564,0.49543553220223985,0.4703919339130206,0.0001643747384167225,196846079.64748877
2024-03-22,0.034172533884739564,0.49543553220223985,0.4703919339130206,4.36391610751177e-05,196854669.8452655
2024-03-25,0.034172533884739564,0.49543553220223985,0.4703919339130206,0.00014606274208625006,196883422.9781356
2024-03-26,0.034172533884739564,0.49543553220223985,0.4703919339130206,6.621890437163048e-05,196896460.38269415
2024-03-27,0.034172533884739564,0.49543553220223985,0.4703919339130206,0.002061461279380392,197302354.81182012
2024-03-28,0.034172533884739564,0.49543553220223985,0.4703919339130206,0.0033990476766341178,197972994.92253768
2024-03-29,0.034172533884739564,0.49543553220223985,0.4703919339130206,0.0,197972994.92253768
2024-04-01,0.034181274350099496,0.4899396086397903,0.4758791170101102,-0.0020470928592060548,197567725.81831613
2024-04-02,0.034181274350099496,0.4899396086397903,0.4758791170101102,0.0016986156767464858,197903317.45461026
2024-04-03,0.034181274350099496,0.4899396086397903,0.4758791170101102,0.0027034212934029323,198438333.49705213
2024-04-04,0.034181274350099496,0.4899396086397903,0.4758791170101102,0.0008038658468537583,198597851.29605696
2024-04-05,0.034181274350099496,0.4899396086397903,0.4758791170101102,0.0005733738728049675,198711722.11518532
2024-04-08,0.034181274350099496,0.4899396086397903,0.4758791170101102,-2.6464545513099017e-05,198706463.2997714
2024-04-09,0.034181274350099496,0.4899396086397903,0.4758791170101102,0.0022945310214053214,199162401.44396648
2024-04-10,0.034181274350099496,0.4899396086397903,0.4758791170101102,-0.008106883303876985,197547815.09694034
2024-04-11,0.034181274350099496,0.4899396086397903,0.4758791170101102,0.0011662886624903398,197778212.87398762
2024-04-12,0.034181274350099496,0.4899396086397903,0.4758791170101102,0.00017581997482494247,197812986.23439604
2024-04-15,0.034181274350099496,0.4899396086397903,0.4758791170101102,-0.0008406462426803574,197646695.49076474
2024-04-16,0.034181274350099496,0.4899396086397903,0.4758791170101102,-0.0013286860425711885,197384085.08510584
2024-04-17,0.034181274350099496,0.4899396086397903,0.4758791170101102,7.286230643869336e-05,197398466.94479942
2024-04-18,0.034181274350099496,0.4899396086397903,0.4758791170101102,-0.0006264722389691568,197274802.28524342
2024-04-19,0.034181274350099496,0.4899396086397903,0.4758791170101102,0.00213100051566174,197695194.99064037
2024-04-22,0.034181274350099496,0.4899396086397903,0.4758791170101102,-0.0031707775885839377,197068347.4969933
2024-04-23,0.034181274350099496,0.4899396086397903,0.4758791170101102,0.0008423292818114038,197234343.93660823
2024-04-24,0.034181274350099496,0.4899396086397903,0.4758791170101102,-0.0016268571865026152,196913471.82674983
2024-04-25,0.034181274350099496,0.4899396086397903,0.4758791170101102,-0.00037551041688172024,196839528.76685452
2024-04-26,0.034181274350099496,0.4899396086397903,0.4758791170101102,0.0014062984023128615,197116343.8816714
2024-04-29,0.034181274350099496,0.4899396086397903,0.4758791170101102,0.00196187694173924,197503061.8915728
2024-04-30,0.034181274350099496,0.4899396086397903,0.4758791170101102,-0.006542946650056481,196210809.89439344
2024-05-01,0.03479996857053756,0.4774156641637876,0.4877843672656748,0.0017832623502471248,196560705.24438962
2024-05-02,0.03479996857053756,0.4774156641637876,0.4877843672656748,0.0013298279966788454,196822097.17327058
2024-05-03,0.03479996857053756,0.4774156641637876,0.4877843672656748,0.0029973504372500133,197412041.97229335
2024-05-06,0.03479996857053756,0.4774156641637876,0.4877843672656748,0.003479147957453182,198098867.6748979
2024-05-07,0.03479996857053756,0.4774156641637876,0.4877843672656748,0.00037560934658813867,198173275.4611451
2024-05-08,0.03479996857053756,0.4774156641637876,0.4877843672656748,-0.0016973869271192325,197836898.73407298
2024-05-09,0.03479996857053756,0.4774156641637876,0.4877843672656748,0.0034958286083639923,198528502.62445757
2024-05-10,0.03479996857053756,0.4774156641637876,0.4877843672656748,0.00016060133670573417,198560386.56735322
2024-05-13,0.03479996857053756,0.4774156641637876,0.4877843672656748,-0.00018895967405294816,198522866.66142762
2024-05-14,0.03479996857053756,0.4774156641637876,0.4877843672656748,0.0022274766769131145,198965071.71674988
2024-05-15,0.03479996857053756,0.4774156641637876,0.4877843672656748,0.005500021873968539,200059383.96334767
2024-05-16,0.03479996857053756,0.4774156641637876,0.4877843672656748,-0.0007909687713048455,199901143.23822618
2024-05-17,0.03479996857053756,0.4774156641637876,0.4877843672656748,0.0031049780772679928,200521831.90560168
2024-05-20,0.03479996857053756,0.4774156641637876,0.4877843672656748,0.001608156024479643,200844302.2976204
2024-05-21,0.03479996857053756,0.4774156641637876,0.4877843672656748,0.00038972070840679826,200922575.48139125
2024-05-22,0.03479996857053756,0.4774156641637876,0.4877843672656748,-0.003770741893965041,200164948.3085802
2024-05-23,0.03479996857053756,0.4774156641637876,0.4877843672656748,-0.005890056396323484,198985965.4744755
2024-05-24,0.03479996857053756,0.4774156641637876,0.4877843672656748,0.0005860979189626985,199102590.73474285
2024-05-27,0.03479996857053756,0.4774156641637876,0.4877843672656748,0.001434486653461323,199388200.7438214
2024-05-28,0.03479996857053756,0.4774156641637876,0.4877843672656748,0.000925080993628883,199572650.97868338
2024-05-29,0.03479996857053756,0.4774156641637876,0.4877843672656748,-0.0053082231362893,198513274.81538776
2024-05-30,0.03479996857053756,0.4774156641637876,0.4877843672656748,0.00048427053065789346,198609408.94432524
2024-05-31,0.03479996857053756,0.4774156641637876,0.4877843672656748,8.420610335722954e-05,198626133.0687425
2024-06-03,0.032765687428139,0.47070967374368483,0.49652463882817616,0.0038717184724700177,199395157.53726006
2024-06-04,0.032765687428139,0.47070967374368483,0.49652463882817616,-0.0015280916992933243,199090463.45214808
2024-06-05,0.032765687428139,0.47070967374368483,0.49652463882817616,0.003579431714018275,199803094.1709873
2024-06-06,0.032765687428139,0.47070967374368483,0.49652463882817616,0.0034149968179347442,200485421.1017947
2024-06-07,0.032765687428139,0.47070967374368483,0.49652463882817616,-0.01112196620487527,198255629.02373034
2024-06-10,0.032765687428139,0.47070967374368483,0.49652463882817616,0.0011080327029293097,198475302.74422845
2024-06-11,0.032765687428139,0.47070967374368483,0.49652463882817616,0.0025709466762973317,198985572.16414586
2024-06-12,0.032765687428139,0.47070967374368483,0.49652463882817616,0.005043541124712247,199989164.08058012
2024-06-13,0.032765687428139,0.47070967374368483,0.49652463882817616,-0.0001941721281038056,199950331.75899288
2024-06-14,0.032765687428139,0.47070967374368483,0.49652463882817616,0.0014231708505699477,200234895.24271408
2024-06-17,0.032765687428139,0.47070967374368483,0.49652463882817616,-0.0030478263788783454,199624614.0470214
2024-06-18,0.032765687428139,0.47070967374368483,0.49652463882817616,0.004222037778660661,200467436.70907846
2024-06-19,0.032765687428139,0.47070967374368483,0.49652463882817616,0.0005431961109778421,200576329.84107655
2024-06-20,0.032765687428139,0.47070967374368483,0.49652463882817616,0.0005478884976839746,200686223.3051041
2024-06-21,0.032765687428139,0.47070967374368483,0.49652463882817616,-0.0037736680520548296,199928900.1157301
2024-06-24,0.032765687428139,0.47070967374368483,0.49652463882817616,0.0024763746469443626,200423998.97516817
2024-06-25,0.032765687428139,0.47070967374368483,0.49652463882817616,-0.0013154521602506855,200160350.7927502
2024-06-26,0.032765687428139,0.47070967374368483,0.49652463882817616,-0.0018925701531251492,199781533.28700078
2024-06-27,0.032765687428139,0.47070967374368483,0.49652463882817616,0.0009134657327188209,199964026.8716885
2024-06-28,0.032765687428139,0.47070967374368483,0.49652463882817616,-0.00169376318552534,199625335.1645438
2024-07-01,0.035292748289907645,0.47283135903931134,0.4918758926707809,-0.003141859842705113,198998140.3404038
2024-07-02,0.035292748289907645,0.47283135903931134,0.4918758926707809,0.0017115057215809923,199338726.7961804
2024-07-03,0.035292748289907645,0.47283135903931134,0.4918758926707809,0.0035970969617145007,200055767.52469096
2024-07-04,0.035292748289907645,0.47283135903931134,0.4918758926707809,4.4780535122364e-05,200064726.12901506
2024-07-05,0.035292748289907645,0.47283135903931134,0.4918758926707809,0.0022996786702900577,200524810.71237138
2024-07-08,0.035292748289907645,0.47283135903931134,0.4918758926707809,0.0004241628609439247,200609865.88977334
2024-07-09,0.035292748289907645,0.47283135903931134,0.4918758926707809,-0.0006322740135634316,200483025.4847068
2024-07-10,0.035292748289907645,0.47283135903931134,0.4918758926707809,0.0008956013893682786,200662578.3608756
2024-07-11,0.035292748289907645,0.47283135903931134,0.4918758926707809,0.0028171407953203535,201227873.09647024
2024-07-12,0.035292748289907645,0.47283135903931134,0.4918758926707809,0.0011443517389803488,201458148.56297952
2024-07-15,0.035292748289907645,0.47283135903931134,0.4918758926707809,-0.0006673083116171357,201323713.86600044
2024-07-16,0.035292748289907645,0.47283135903931134,0.4918758926707809,0.0034082016684080256,202009865.68348864
2024-07-17,0.035292748289907645,0.47283135903931134,0.4918758926707809,-0.0006748503880592476,201873539.24724033
2024-07-18,0.035292748289907645,0.47283135903931134,0.4918758926707809,-0.002019646122978202,201465826.13636777
2024-07-19,0.035292748289907645,0.47283135903931134,0.4918758926707809,-0.004264699920989542,200606634.84356192
2024-07-22,0.035292748289907645,0.47283135903931134,0.4918758926707809,-0.0011803728214885246,200369844.2239823
2024-07-23,0.035292748289907645,0.47283135903931134,0.4918758926707809,0.0003640295221391096,200442784.76262626
2024-07-24,0.035292748289907645,0.47283135903931134,0.4918758926707809,-0.0025654001303231254,199928568.8164739
2024-07-25,0.035292748289907645,0.47283135903931134,0.4918758926707809,-0.0019298038931843497,199542745.88601312
2024-07-26,0.035292748289907645,0.47283135903931134,0.4918758926707809,0.003157246437860747,200172751.50966266
2024-07-29,0.035292748289907645,0.47283135903931134,0.4918758926707809,0.00021807472784583868,200216404.12797025
2024-07-30,0.035292748289907645,0.47283135903931134,0.4918758926707809,0.0020678825647779944,200630428.13924903
2024-07-31,0.035292748289907645,0.47283135903931134,0.4918758926707809,0.00469642019618238,201572672.93393087
2024-08-01,0.034059060705156456,0.4700283377010797,0.4959126015937639,0.0013932819882877664,201853520.50846076
2024-08-02,0.034059060705156456,0.4700283377010797,0.4959126015937639,0.005068464996669107,202876608.01161233
2024-08-05,0.034059060705156456,0.4700283377010797,0.4959126015937639,-0.0021289730490581336,202444689.18087125
2024-08-06,0.034059060705156456,0.4700283377010797,0.4959126015937639,-0.004093857678331002,201615909.43563077
2024-08-07,0.034059060705156456,0.4700283377010797,0.4959126015937639,-0.001905640147439284,201231702.06424773
2024-08-08,0.034059060705156456,0.4700283377010797,0.4959126015937639,0.001992379184914697,201632631.9187855
2024-08-09,0.034059060705156456,0.4700283377010797,0.4959126015937639,0.0016716344576054886,201969687.97407866
2024-08-12,0.034059060705156456,0.4700283377010797,0.4959126015937639,0.003164807017002089,202608883.05980074
2024-08-13,0.034059060705156456,0.4700283377010797,0.4959126015937639,0.0017201426307375163,202957399.23691803
2024-08-14,0.034059060705156456,0.4700283377010797,0.4959126015937639,-0.00012043490232452336,202932956.0823649
2024-08-15,0.034059060705156456,0.4700283377010797,0.4959126015937639,-0.0013073883932823703,202667643.89096835
2024-08-16,0.034059060705156456,0.4700283377010797,0.4959126015937639,0.0034155545216265457,203359866.27844754
2024-08-19,0.034059060705156456,0.4700283377010797,0.4959126015937639,0.0007685022991024129,203516148.8032277
2024-08-20,0.034059060705156456,0.4700283377010797,0.4959126015937639,0.001998578144293383,203922891.73023656
2024-08-21,0.034059060705156456,0.4700283377010797,0.4959126015937639,0.0008348676488777634,204093140.35540777
2024-08-22,0.034059060705156456,0.4700283377010797,0.4959126015937639,-0.003524500045960488,203373814.07284495
2024-08-23,0.034059060705156456,0.4700283377010797,0.4959126015937639,0.0034096267060846966,204067242.86062604
2024-08-26,0.034059060705156456,0.4700283377010797,0.4959126015937639,-0.0001604968675939935,204034490.70736837
2024-08-27,0.034059060705156456,0.4700283377010797,0.4959126015937639,0.00036248148630403404,204108449.4328173
2024-08-28,0.034059060705156456,0.4700283377010797,0.4959126015937639,-0.0013392517442382072,203835096.83590066
2024-08-29,0.034059060705156456,0.4700283377010797,0.4959126015937639,0.00015224476910647127,203866129.6631542
2024-08-30,0.034059060705156456,0.4700283377010797,0.4959126015937639,-0.001846490425485576,203489692.80665043
2024-09-02,0.03431722905921821,0.46336357678791545,0.5023191941528663,-8.778440505027445e-05,203471829.5850335
2024-09-03,0.03431722905921821,0.46336357678791545,0.5023191941528663,-2.628108280507569e-06,203471294.83903334
2024-09-04,0.03431722905921821,0.46336357678791545,0.5023191941528663,0.002787993259486686,204038571.43754357
2024-09-05,0.03431722905921821,0.46336357678791545,0.5023191941528663,0.0014890566959324483,204342396.43857116
2024-09-06,0.03431722905921821,0.46336357678791545,0.5023191941528663,-0.0012715425251237703,204082566.3918138
2024-09-09,0.03431722905921821,0.46336357678791545,0.5023191941528663,0.0005505146892134383,204194916.8424249
2024-09-10,0.03431722905921821,0.46336357678791545,0.5023191941528663,0.0021233596373304436,204628496.08699614
2024-09-11,0.03431722905921821,0.46336357678791545,0.5023191941528663,-0.0004963279776638229,204526933.2393609
2024-09-12,0.03431722905921821,0.46336357678791545,0.5023191941528663,0.002958770945774657,205132081.58705786
2024-09-13,0.03431722905921821,0.46336357678791545,0.5023191941528663,0.0024465903818733084,205633955.76488245
2024-09-16,0.03431722905921821,0.46336357678791545,0.5023191941528663,0.001941379681710507,206033169.34847414
2024-09-17,0.03431722905921821,0.46336357678791545,0.5023191941528663,-0.0008321934081535441,205861709.90308136
2024-09-18,0.03431722905921821,0.46336357678791545,0.5023191941528663,-0.0022510030382006116,205398314.56864035
2024-09-19,0.03431722905921821,0.46336357678791545,0.5023191941528663,0.002496157360133329,205911021.08330986
2024-09-20,0.03431722905921821,0.46336357678791545,0.5023191941528663,0.001215491280113645,206161304.1339159
2024-09-23,0.03431722905921821,0.46336357678791545,0.5023191941528663,0.001209653766612162,206410687.9319912
2024-09-24,0.03431722905921821,0.46336357678791545,0.5023191941528663,0.0022782368224386782,206880940.36178276
2024-09-25,0.03431722905921821,0.46336357678791545,0.5023191941528663,-0.0015591753577194499,206558376.69758883
2024-09-26,0.03431722905921821,0.46336357678791545,0.5023191941528663,0.001029444981189517,206771017.1818028
2024-09-27,0.03431722905921821,0.46336357678791545,0.5023191941528663,0.0014475841965018237,207070335.63856977
2024-09-30,0.03431722905921821,0.46336357678791545,0.5023191941528663,-0.0019292238973948486,206670850.5986143
2024-10-01,0.03321477479325292,0.4639018147672924,0.5028834104394547,0.0008981441448956084,206856470.81300002
2024-10-02,0.03321477479325292,0.4639018147672924,0.5028834104394547,-0.0003877027429468738,206776271.9918695
2024-10-03,0.03321477479325292,0.4639018147672924,0.5028834104394547,-0.0031974265426243462,206115120.0514178
2024-10-04,0.03321477479325292,0.4639018147672924,0.5028834104394547,-0.003506373444116525,205392403.4680386
2024-10-07,0.03321477479325292,0.4639018147672924,0.5028834104394547,-0.0029911141871976268,204778051.3360827
2024-10-08,0.03321477479325292,0.4639018147672924,0.5028834104394547,-0.00460063027593141,203835943.2332597
2024-10-09,0.03321477479325292,0.4639018147672924,0.5028834104394547,-0.004107367529098997,202998714.09876013
2024-10-10,0.03321477479325292,0.4639018147672924,0.5028834104394547,0.0025340318510318014,203513119.3060049
2024-10-11,0.03321477479325292,0.4639018147672924,0.5028834104394547,0.0009494566834654784,203706346.1973029
2024-10-14,0.03321477479325292,0.4639018147672924,0.5028834104394547,-0.0012830841658506666,203444973.81001383
2024-10-15,0.03321477479325292,0.4639018147672924,0.5028834104394547,-0.00045059867316347177,203353301.77475327
2024-10-16,0.03321477479325292,0.4639018147672924,0.5028834104394547,-0.0004220311507851863,203267480.34678927
2024-10-17,0.03321477479325292,0.4639018147672924,0.5028834104394547,-0.0005681513100947876,203151993.66153055
2024-10-18,0.03321477479325292,0.4639018147672924,0.5028834104394547,0.0019109351515831543,203540203.9473326
2024-10-21,0.03321477479325292,0.4639018147672924,0.5028834104394547,-0.0033772783559238174,202852792.0219809
2024-10-22,0.03321477479325292,0.4639018147672924,0.5028834104394547,0.0032710570132233113,203516335.06997633
2024-10-23,0.03321477479325292,0.4639018147672924,0.5028834104394547,-0.004864417922060244,202526346.56222993
2024-10-24,0.03321477479325292,0.4639018147672924,0.5028834104394547,0.002071076426873314,202945794.1044157
2024-10-25,0.03321477479325292,0.4639018147672924,0.5028834104394547,0.0002691904740752453,203000425.17894226
2024-10-28,0.03321477479325292,0.4639018147672924,0.5028834104394547,-0.004235651143241825,202140586.19595447
2024-10-29,0.03321477479325292,0.4639018147672924,0.5028834104394547,0.0014252574556092206,202428688.5735115
2024-10-30,0.03321477479325292,0.4639018147672924,0.5028834104394547,0.000733904844419271,202577251.96870506
2024-10-31,0.03321477479325292,0.4639018147672924,0.5028834104394547,-0.0034209353465734444,201884248.2870336
2024-11-01,0.033278257899184774,0.47171561664520884,0.4950061254556064,-0.0024263333098895326,201394409.81067276
2024-11-04,0.033278257899184774,0.47171561664520884,0.4950061254556064,0.003216296142493486,202042153.87406656
2024-11-05,0.033278257899184774,0.47171561664520884,0.4950061254556064,0.0012608106988037915,202296890.7832803
2024-11-06,0.033278257899184774,0.47171561664520884,0.4950061254556064,-0.007998858151283296,200678746.64945918
2024-11-07,0.033278257899184774,0.47171561664520884,0.4950061254556064,0.006522166094030347,201987606.76664883
2024-11-08,0.033278257899184774,0.47171561664520884,0.4950061254556064,-0.001392172994753217,201706405.0752335
2024-11-11,0.033278257899184774,0.47171561664520884,0.4950061254556064,-0.00418393518765541,200862478.54946375
2024-11-12,0.033278257899184774,0.47171561664520884,0.4950061254556064,-0.0046974665951777655,199918933.76625302
2024-11-13,0.033278257899184774,0.47171561664520884,0.4950061254556064,-0.001608105387741389,199597443.051752
2024-11-14,0.033278257899184774,0.47171561664520884,0.4950061254556064,-0.0015131976360463935,199295412.6727652
2024-11-15,0.033278257899184774,0.47171561664520884,0.4950061254556064,-0.0002460891810166787,199246368.22788015
2024-11-18,0.033278257899184774,0.47171561664520884,0.4950061254556064,0.005177515219837026,200277969.33187726
2024-11-19,0.033278257899184774,0.47171561664520884,0.4950061254556064,0.002134104549601612,200705383.45741343
2024-11-20,0.033278257899184774,0.47171561664520884,0.4950061254556064,0.0010329660087379938,200912705.29629564
2024-11-21,0.033278257899184774,0.47171561664520884,0.4950061254556064,0.0007385202186600204,201061083.39134264
2024-11-22,0.033278257899184774,0.47171561664520884,0.4950061254556064,0.0022893926831410332,201521391.16452324
2024-11-25,0.033278257899184774,0.47171561664520884,0.4950061254556064,1.9144289577190804e-05,201525249.1483917
2024-11-26,0.033278257899184774,0.47171561664520884,0.4950061254556064,7.50485702044135e-05,201540373.33020037
2024-11-27,0.033278257899184774,0.47171561664520884,0.4950061254556064,0.0013387029283171402,201810176.01815164
2024-11-28,0.033278257899184774,0.47171561664520884,0.4950061254556064,8.919807497340286e-05,201828177.0973625
2024-11-29,0.033278257899184774,0.47171561664520884,0.4950061254556064,0.0020080752796349153,202233463.27052552
2024-12-02,0.03652272503393115,0.47837444045876454,0.4851028345073043,0.00016430750200584448,202266691.7456975
2024-12-03,0.03652272503393115,0.47837444045876454,0.4851028345073043,-0.0010475219263517159,202054812.95112327
2024-12-04,0.03652272503393115,0.47837444045876454,0.4851028345073043,0.0019315891959102197,202445099.8448013
2024-12-05,0.03652272503393115,0.47837444045876454,0.4851028345073043,2.837286063202515e-05,202450843.79140484
2024-12-06,0.03652272503393115,0.47837444045876454,0.4851028345073043,0.0009305760941259904,202639239.70687276
2024-12-09,0.03652272503393115,0.47837444045876454,0.4851028345073043,-0.0013829814841968093,202358993.39038643
2024-12-10,0.03652272503393115,0.47837444045876454,0.4851028345073043,-0.0008796962213860443,202180978.9485374
2024-12-11,0.03652272503393115,0.47837444045876454,0.4851028345073043,-0.000923126109472082,201994340.4080314
2024-12-12,0.03652272503393115,0.47837444045876454,0.4851028345073043,-0.001758930746345297,201639046.3521
2024-12-13,0.03652272503393115,0.47837444045876454,0.4851028345073043,-0.0016681815946934186,201302675.80620393
2024-12-16,0.03652272503393115,0.47837444045876454,0.4851028345073043,0.00043641574221572606,201390527.4628759
2024-12-17,0.03652272503393115,0.47837444045876454,0.4851028345073043,4.015302327479178e-05,201398613.90141243
2024-12-18,0.03652272503393115,0.47837444045876454,0.4851028345073043,-0.0038414782023006473,200624945.5161366
2024-12-19,0.03652272503393115,0.47837444045876454,0.4851028345073043,-0.001387636792486763,200346550.96024773
2024-12-20,0.03652272503393115,0.47837444045876454,0.4851028345073043,0.001241939120914247,200595369.17962548
2024-12-23,0.03652272503393115,0.47837444045876454,0.4851028345073043,-0.0010432618557125056,200386095.6825278
2024-12-24,0.03652272503393115,0.47837444045876454,0.4851028345073043,0.0007655892745940482,200539509.12816015
2024-12-25,0.03652272503393115,0.47837444045876454,0.4851028345073043,0.0,200539509.12816015
2024-12-26,0.03652272503393115,0.47837444045876454,0.4851028345073043,0.00021204899787056447,200582033.33010423
2024-12-27,0.03652272503393115,0.47837444045876454,0.4851028345073043,-0.0013628618877896926,200308667.72150326
2024-12-30,0.03652272503393115,0.47837444045876454,0.4851028345073043,0.0016445962549551858,200638094.60627308
2024-12-31,0.03652272503393115,0.47837444045876454,0.4851028345073043,-0.0005309973647083137,200531556.30677706
2025-01-01,0.036187137953528015,0.4748689641556426,0.48894389789082937,0.0,200531556.30677706
2025-01-02,0.036187137953528015,0.4748689641556426,0.48894389789082937,5.977444710376589e-05,200543542.96968216
2025-01-03,0.036187137953528015,0.4748689641556426,0.48894389789082937,-0.00019012516198584935,200505414.59608984
2025-01-06,0.036187137953528015,0.4748689641556426,0.48894389789082937,-7.909622676186313e-05,200489555.37434998
2025-01-07,0.036187137953528015,0.4748689641556426,0.48894389789082937,-0.0016842348446176833,200151883.8792066
2025-01-08,0.036187137953528015,0.4748689641556426,0.48894389789082937,0.0004720053211789557,200246356.63344154
2025-01-09,0.036187137953528015,0.4748689641556426,0.48894389789082937,0.0011174813375777063,200470128.19989735
2025-01-10,0.036187137953528015,0.4748689641556426,0.48894389789082937,-0.00019663960537104992,200430707.83299944
2025-01-13,0.036187137953528015,0.4748689641556426,0.48894389789082937,0.00039267407309471027,200509411.77541745
2025-01-14,0.036187137953528015,0.4748689641556426,0.48894389789082937,-0.0002681110153853759,200455652.99343204
2025-01-15,0.036187137953528015,0.4748689641556426,0.48894389789082937,0.00574974298777404,201608221.47859067
2025-01-16,0.036187137953528015,0.4748689641556426,0.48894389789082937,0.0009641524328527789,201802602.53581238
2025-01-17,0.036187137953528015,0.4748689641556426,0.48894389789082937,-0.00033939715055400195,201734111.30753735
2025-01-20,0.036187137953528015,0.4748689641556426,0.48894389789082937,0.0,201734111.30753735
2025-01-21,0.036187137953528015,0.4748689641556426,0.48894389789082937,0.0013682251510588168,202010128.99245483
2025-01-22,0.036187137953528015,0.4748689641556426,0.48894389789082937,7.977527755132017e-05,202026244.40656337
2025-01-23,0.036187137953528015,0.4748689641556426,0.48894389789082937,-0.0008705348974143557,201850373.5106139
2025-01-24,0.036187137953528015,0.4748689641556426,0.48894389789082937,0.0013187206383865964,202116557.7640284
2025-01-27,0.036187137953528015,0.4748689641556426,0.48894389789082937,-0.0012955433701072633,201854706.99762827
2025-01-28,0.036187137953528015,0.4748689641556426,0.48894389789082937,0.001415907043738846,202140514.4990781
2025-01-29,0.036187137953528015,0.4748689641556426,0.48894389789082937,0.00010026176127129972,202160781.46308604
2025-01-30,0.036187137953528015,0.4748689641556426,0.48894389789082937,0.0025644259390922427,202679207.81493714
2025-01-31,0.036187137953528015,0.4748689641556426,0.48894389789082937,-0.0010428138890024,202467851.1220157
2025-02-03,0.017296004568581862,0.4683106159577347,0.5143933794736835,0.0029048405062185615,203055987.93716198
2025-02-04,0.017296004568581862,0.4683106159577347,0.5143933794736835,0.004060423861313647,203880481.31576464
2025-02-05,0.017296004568581862,0.4683106159577347,0.5143933794736835,0.002528675850266154,204396028.96520844
2025-02-06,0.017296004568581862,0.4683106159577347,0.5143933794736835,0.00019478054198923515,204435841.33451074
2025-02-07,0.017296004568581862,0.4683106159577347,0.5143933794736835,-0.0010393719452094965,204223356.4564323
2025-02-10,0.017296004568581862,0.4683106159577347,0.5143933794736835,0.0034761349565052405,204933264.40474537
2025-02-11,0.017296004568581862,0.4683106159577347,0.5143933794736835,-0.0009000802018269504,204748808.0307589
2025-02-12,0.017296004568581862,0.4683106159577347,0.5143933794736835,-0.002397209714909868,204257982.19903135
2025-02-13,0.017296004568581862,0.4683106159577347,0.5143933794736835,0.004353384861451262,205147195.8065672
2025-02-14,0.017296004568581862,0.4683106159577347,0.5143933794736835,0.0002630788797279473,205201165.70101932
2025-02-17,0.017296004568581862,0.4683106159577347,0.5143933794736835,0.0007975968266511128,205364833.49960756
2025-02-18,0.017296004568581862,0.4683106159577347,0.5143933794736835,0.002662544760522639,205911626.56103754
2025-02-19,0.017296004568581862,0.4683106159577347,0.5143933794736835,0.000467357750459623,206007860.95562062
2025-02-20,0.017296004568581862,0.4683106159577347,0.5143933794736835,0.0009370708879558935,206200904.92481223
2025-02-21,0.017296004568581862,0.4683106159577347,0.5143933794736835,0.0006289634682537508,206330597.76113075
2025-02-24,0.017296004568581862,0.4683106159577347,0.5143933794736835,-0.0004487223799693373,206238012.6042429
2025-02-25,0.017296004568581862,0.4683106159577347,0.5143933794736835,-0.0007924515435228752,206074578.97282156
2025-02-26,0.017296004568581862,0.4683106159577347,0.5143933794736835,-0.00028742919631991265,206015347.12220544
2025-02-27,0.017296004568581862,0.4683106159577347,0.5143933794736835,-0.0051737211361686745,204949481.16642419
2025-02-28,0.017296004568581862,0.4683106159577347,0.5143933794736835,-0.0019367815283690601,204552538.79705223
2025-03-03,0.009070741961065354,0.44184467131758876,0.5490845867213459,0.0034917084207226868,205266776.6192501
2025-03-04,0.009070741961065354,0.44184467131758876,0.5490845867213459,-0.0005632507659056662,205151159.95010433
2025-03-05,0.009070741961065354,0.44184467131758876,0.5490845867213459,0.0023319451452461556,205629561.20159158
2025-03-06,0.009070741961065354,0.44184467131758876,0.5490845867213459,0.0028466951356530554,206214925.8732106
2025-03-07,0.009070741961065354,0.44184467131758876,0.5490845867213459,-0.0011358197038640319,205980702.89717296
2025-03-10,0.009070741961065354,0.44184467131758876,0.5490845867213459,7.893504908387371e-05,205996961.9940665
2025-03-11,0.009070741961065354,0.44184467131758876,0.5490845867213459,-0.000601724529030343,205873008.569129
2025-03-12,0.009070741961065354,0.44184467131758876,0.5490845867213459,-0.000189964354873481,205833900.03587028
2025-03-13,0.009070741961065354,0.44184467131758876,0.5490845867213459,0.004521483278150827,206764574.57295907
2025-03-14,0.009070741961065354,0.44184467131758876,0.5490845867213459,0.001298607763254526,207033080.65466556
2025-03-17,0.009070741961065354,0.44184467131758876,0.5490845867213459,0.0040752210906706944,207876786.23141596
2025-03-18,0.009070741961065354,0.44184467131758876,0.5490845867213459,0.0019660164480640036,208285475.4123176
2025-03-19,0.009070741961065354,0.44184467131758876,0.5490845867213459,0.0025242929104250167,208811248.96124545
2025-03-20,0.009070741961065354,0.44184467131758876,0.5490845867213459,-0.001289674147108638,208541950.49183467
2025-03-21,0.009070741961065354,0.44184467131758876,0.5490845867213459,-0.003912793163539763,207725968.97363895
2025-03-24,0.009070741961065354,0.44184467131758876,0.5490845867213459,-0.0023677429343357684,207234127.2783236
2025-03-25,0.009070741961065354,0.44184467131758876,0.5490845867213459,0.0026969525233221194,207793027.88080528
2025-03-26,0.009070741961065354,0.44184467131758876,0.5490845867213459,-0.002126084009329586,207351242.44697776
2025-03-27,0.009070741961065354,0.44184467131758876,0.5490845867213459,0.002144029959511572,207795809.722926
2025-03-28,0.009070741961065354,0.44184467131758876,0.5490845867213459,0.002964100764562963,208411737.44139868
2025-03-31,0.009070741961065354,0.44184467131758876,0.5490845867213459,0.0033218168722756666,209104043.06721184
2025-04-01,0.8096726693472078,0.1903273306527924,0.0,0.0035722018596042538,209851004.9187073
2025-04-02,0.8096726693472078,0.1903273306527924,0.0,0.005303708981153125,210963993.5781987
2025-04-03,0.8096726693472078,0.1903273306527924,0.0,-0.03782844448948587,202983553.85784554
2025-04-04,0.8096726693472078,0.1903273306527924,0.0,-0.047772694990280105,193286482.45135158
2025-04-07,0.8096726693472078,0.1903273306527924,0.0,-0.0037074840322733078,192569875.90400892
2025-04-08,0.8096726693472078,0.1903273306527924,0.0,-0.013540507146611612,189962382.1231086
2025-04-09,0.8096726693472078,0.1903273306527924,0.0,0.07665434673040139,204523824.42810634
2025-04-10,0.8096726693472078,0.1903273306527924,0.0,-0.028881139729353578,198616943.2768164
2025-04-11,0.8096726693472078,0.1903273306527924,0.0,0.0141910873985862,201435533.67769775
2025-04-14,0.8096726693472078,0.1903273306527924,0.0,0.007468031296364303,202939860.54740262
2025-04-15,0.8096726693472078,0.1903273306527924,0.0,-0.0010282273703391875,202731192.22825494
2025-04-16,0.8096726693472078,0.1903273306527924,0.0,-0.017495893572599373,199184228.8651832
2025-04-17,0.8096726693472078,0.1903273306527924,0.0,0.0006515722526935559,199314011.78188595
2025-04-18,0.8096726693472078,0.1903273306527924,0.0,0.0,199314011.78188595
2025-04-21,0.8096726693472078,0.1903273306527924,0.0,-0.019752519526819785,195377057.87219545
2025-04-22,0.8096726693472078,0.1903273306527924,0.0,0.020504184730449244,199383105.15889862
2025-04-23,0.8096726693472078,0.1903273306527924,0.0,0.013754771879716207,202125574.28702876
2025-04-24,0.8096726693472078,0.1903273306527924,0.0,0.01718058705676438,205598210.31246552
2025-04-25,0.8096726693472078,0.1903273306527924,0.0,0.006504588820890822,206935542.13285914
2025-04-28,0.8096726693472078,0.1903273306527924,0.0,0.0011473503782557042,207172969.70539984
2025-04-29,0.8096726693472078,0.1903273306527924,0.0,0.005235706477540288,208257666.56485766
2025-04-30,0.8096726693472078,0.1903273306527924,0.0,0.0012613960329631417,208520361.9592967
2025-05-01,1.0,0.0,0.0,0.006311301612281994,209836396.85592404
2025-05-02,1.0,0.0,0.0,0.014758937887479728,212933359.2036532
2025-05-05,1.0,0.0,0.0,-0.006330466967661708,211585391.60690123
2025-05-06,1.0,0.0,0.0,-0.007680920682934023,209960220.99630108
2025-05-07,1.0,0.0,0.0,0.004353960307932336,210874379.4647637
2025-05-08,1.0,0.0,0.0,0.005801056465656762,212097673.64719912
2025-05-09,1.0,0.0,0.0,-0.0005357571874750056,211984040.7940959
2025-05-12,1.0,0.0,0.0,0.03267707292527189,218911058.7541184
2025-05-13,1.0,0.0,0.0,0.0072749111003691525,220503617.2454423
2025-05-14,1.0,0.0,0.0,0.0010699520639907423,220739545.54583147
2025-05-15,1.0,0.0,0.0,0.004381422277077496,221706698.70811793
2025-05-16,1.0,0.0,0.0,0.007137209715676107,223289065.91216803
2025-05-19,1.0,0.0,0.0,0.0010216128551303605,223517180.89231393
2025-05-20,1.0,0.0,0.0,-0.0038596248587501325,222654488.4245842
2025-05-21,1.0,0.0,0.0,-0.016104030050684615,219068853.85207486
2025-05-22,1.0,0.0,0.0,-0.00042411583091805927,218975943.28309512
2025-05-23,1.0,0.0,0.0,-0.006648334813585288,217520117.89602843
2025-05-26,1.0,0.0,0.0,0.0,217520117.89602843
2025-05-27,1.0,0.0,0.0,0.020543110233760986,221988657.65602723
2025-05-28,1.0,0.0,0.0,-0.005558820198755532,220754662.62195426
2025-05-29,1.0,0.0,0.0,0.00402718542518965,221643682.58180803
2025-05-30,1.0,0.0,0.0,9.196099933994617e-06,221645720.8392628
2025-06-02,0.9098837748189448,0.090116225181055,0.0,0.003570147481897318,222437028.75139043
2025-06-03,0.9098837748189448,0.090116225181055,0.0,0.005224594787173666,223599172.09227934
2025-06-04,0.9098837748189448,0.090116225181055,0.0,0.0006339555532562644,223740924.02913073
2025-06-05,0.9098837748189448,0.090116225181055,0.0,-0.004862273817061144,222653034.3924188
2025-06-06,0.9098837748189448,0.090116225181055,0.0,0.008937124249648891,224642912.22534522
2025-06-09,0.9098837748189448,0.090116225181055,0.0,0.001030078152559372,224874311.98135588
2025-06-10,0.9098837748189448,0.090116225181055,0.0,0.005137653513307255,226029638.28035945
2025-06-11,0.9098837748189448,0.090116225181055,0.0,-0.0022338632377242873,225524718.9807688
2025-06-12,0.9098837748189448,0.090116225181055,0.0,0.0038254363587010756,226387449.4405437
2025-06-13,0.9098837748189448,0.090116225181055,0.0,-0.010422236687517357,224027985.85939097
2025-06-16,0.9098837748189448,0.090116225181055,0.0,0.008487559714241458,225929436.76703385
2025-06-17,0.9098837748189448,0.090116225181055,0.0,-0.007230364146656225,224295884.66775924
2025-06-18,0.9098837748189448,0.090116225181055,0.0,-0.00020269215080249178,224250421.6524798
2025-06-19,0.9098837748189448,0.090116225181055,0.0,0.0,224250421.6524798
2025-06-20,0.9098837748189448,0.090116225181055,0.0,-0.0018951777229748849,223825427.2489963
2025-06-23,0.9098837748189448,0.090116225181055,0.0,0.00898891261136357,225837374.45473865
2025-06-24,0.9098837748189448,0.090116225181055,0.0,0.010375153160486565,228180471.8040687
2025-06-25,0.9098837748189448,0.090116225181055,0.0,6.336378662997255e-05,228194930.18279725
2025-06-26,0.9098837748189448,0.090116225181055,0.0,0.00753152104010619,229913585.10071453
2025-06-27,0.9098837748189448,0.090116225181055,0.0,0.004622007097306749,230976247.32281727
2025-06-30,0.9098837748189448,0.090116225181055,0.0,0.005075084074240513,232148471.19713315
2025-07-01,0.7575763602802528,0.24242363971974723,0.0,-0.001071030465307356,231899833.11200652
2025-07-02,0.7575763602802528,0.24242363971974723,0.0,0.0031901908172829673,232639637.83012986
2025-07-03,0.7575763602802528,0.24242363971974723,0.0,0.005686265430352048,233962488.56045294
2025-07-04,0.7575763602802528,0.24242363971974723,0.0,0.0,233962488.56045294
2025-07-07,0.7575763602802528,0.24242363971974723,0.0,-0.0064704700827590625,232448641.27773467
2025-07-08,0.7575763602802528,0.24242363971974723,0.0,-0.000713813348003503,232282716.33486536
2025-07-09,0.7575763602802528,0.24242363971974723,0.0,0.00552351958186855,233565734.4670706
2025-07-10,0.7575763602802528,0.24242363971974723,0.0,0.002187107409822569,234076567.81560418
2025-07-11,0.7575763602802528,0.24242363971974723,0.0,-0.0034499399170191277,233269017.72065827
2025-07-14,0.7575763602802528,0.24242363971974723,0.0,0.001028910908578836,233509030.7576245
2025-07-15,0.7575763602802528,0.24242363971974723,0.0,-0.0036337378710286773,232660520.1493333
2025-07-16,0.7575763602802528,0.24242363971974723,0.0,0.0028932505973512912,233333665.3382354
2025-07-17,0.7575763602802528,0.24242363971974723,0.0,0.003979750452642516,234262275.09848195
2025-07-18,0.7575763602802528,0.24242363971974723,0.0,0.00037807987527809894,234350844.95023358
2025-07-21,0.7575763602802528,0.24242363971974723,0.0,0.0017826186983438284,234768603.14841455
2025-07-22,0.7575763602802528,0.24242363971974723,0.0,0.000998908638912682,235003115.53424495
2025-07-23,0.7575763602802528,0.24242363971974723,0.0,0.005354355518615207,236261405.76279756
2025-07-24,0.7575763602802528,0.24242363971974723,0.0,0.00029896989417989024,236332040.81027728
2025-07-25,0.7575763602802528,0.24242363971974723,0.0,0.0034515832063997647,237147760.5134722
2025-07-28,0.7575763602802528,0.24242363971974723,0.0,-0.00019565664830813954,237101360.97749636
2025-07-29,0.7575763602802528,0.24242363971974723,0.0,-0.001012245760480531,236861356.1300427
2025-07-30,0.7575763602802528,0.24242363971974723,0.0,-0.0015653070167067082,236490595.38730565
2025-07-31,0.7575763602802528,0.24242363971974723,0.0,-0.0026235412249415967,235870152.5609961
2025-08-01,0.6293359269758007,0.37066407302419946,0.0,-0.006864919110615111,234250923.04305637
2025-08-04,0.6293359269758007,0.37066407302419946,0.0,0.009676152062524892,236517570.59520778
2025-08-05,0.6293359269758007,0.37066407302419946,0.0,-0.0030325775098900714,235800312.72992694
2025-08-06,0.6293359269758007,0.37066407302419946,0.0,0.0042251421048563,236796602.55958042
2025-08-07,0.6293359269758007,0.37066407302419946,0.0,-0.0007214138171601267,236625774.21863732
2025-08-08,0.6293359269758007,0.37066407302419946,0.0,0.00423516873478704,237627924.29945287
2025-08-11,0.6293359269758007,0.37066407302419946,0.0,-0.0013033844099688534,237318203.76754773
2025-08-12,0.6293359269758007,0.37066407302419946,0.0,0.0069135239349439655,238958908.8494926
2025-08-13,0.6293359269758007,0.37066407302419946,0.0,0.003278165458558858,239742255.69049796
2025-08-14,0.6293359269758007,0.37066407302419946,0.0,-0.0008382794244214448,239541284.6903882
2025-08-15,0.6293359269758007,0.37066407302419946,0.0,-0.002390832502592112,238968581.60123777
2025-08-18,0.6293359269758007,0.37066407302419946,0.0,-0.0002320577576313202,238913127.08804703
2025-08-19,0.6293359269758007,0.37066407302419946,0.0,-0.002888689661687759,238222981.2077863
2025-08-20,0.6293359269758007,0.37066407302419946,0.0,-0.0011923477881651654,237938936.5630531
2025-08-21,0.6293359269758007,0.37066407302419946,0.0,-0.0032457973015003047,237166635.0048349
2025-08-22,0.6293359269758007,0.37066407302419946,0.0,0.011084954618019937,239795616.39077196
2025-08-25,0.6293359269758007,0.37066407302419946,0.0,-0.003054037039362309,239063271.6964378
2025-08-26,0.6293359269758007,0.37066407302419946,0.0,0.0031139958130874928,239807713.72356352
2025-08-27,0.6293359269758007,0.37066407302419946,0.0,0.0018055858164762553,240240707.13014436
2025-08-28,0.6293359269758007,0.37066407302419946,0.0,0.002608248107888001,240867314.49995425
2025-08-29,0.6293359269758007,0.37066407302419946,0.0,-0.004271142647299308,239838535.84065303
2025-09-01,0.4667789921248968,0.5332210078751033,0.0,0.0,239838535.84065303
2025-09-02,0.4667789921248968,0.5332210078751033,0.0,-0.004344065466244688,238796661.539633
2025-09-03,0.4667789921248968,0.5332210078751033,0.0,0.003997458656546578,239751241.321459
2025-09-04,0.4667789921248968,0.5332210078751033,0.0,0.005445401801981433,241056783.16297814
2025-09-05,0.4667789921248968,0.5332210078751033,0.0,0.0010138870029284752,241301187.5023948
2025-09-08,0.4667789921248968,0.5332210078751033,0.0,0.0028563922874063515,241990438.35331863
2025-09-09,0.4667789921248968,0.5332210078751033,0.0,0.000205079236807343,242040065.56773084
2025-09-10,0.4667789921248968,0.5332210078751033,0.0,0.0022734453806829724,242590330.43673602
2025-09-11,0.4667789921248968,0.5332210078751033,0.0,0.004698867670208211,243730230.29753032
2025-09-12,0.4667789921248968,0.5332210078751033,0.0,-0.0012012852918844592,243437440.7566863
2025-09-15,0.4667789921248968,0.5332210078751033,0.0,0.0030958892435642114,244191096.11100572
2025-09-16,0.4667789921248968,0.5332210078751033,0.0,-0.00014429379495072887,244155860.8510547
2025-09-17,0.4667789921248968,0.5332210078751033,0.0,-0.0012526270538842509,243850024.61438826
2025-09-18,0.4667789921248968,0.5332210078751033,0.0,0.0007512559855770904,244033218.40496296
2025-09-19,0.4667789921248968,0.5332210078751033,0.0,0.002091813075522035,244543690.2820842
2025-09-22,0.4667789921248968,0.5332210078751033,0.0,0.0014645247176663973,244901830.56105167
2025-09-23,0.4667789921248968,0.5332210078751033,0.0,-0.0013516546252365412,244570807.8690449
2025-09-24,0.4667789921248968,0.5332210078751033,0.0,-0.0022861384097816913,244011685.15126416
2025-09-25,0.4667789921248968,0.5332210078751033,0.0,-0.00302534521344499,243273465.5675671
2025-09-26,0.4667789921248968,0.5332210078751033,0.0,0.002681309263836076,243925756.9644389
2025-09-29,0.4667789921248968,0.5332210078751033,0.0,0.002538783520603458,244545031.65647092
2025-09-30,0.4667789921248968,0.5332210078751033,0.0,0.001856858016793106,244999117.05896914
2025-10-01,0.4065470241379834,0.5676751528890892,0.02577782297292746,0.002722019335424497,245666009.39276558
2025-10-02,0.4065470241379834,0.5676751528890892,0.02577782297292746,0.0006262789076345923,245819864.832771
2025-10-03,0.4065470241379834,0.5676751528890892,0.02577782297292746,-0.000676843916673677,245653483.1526614
2025-10-06,0.4065470241379834,0.5676751528890892,0.02577782297292746,0.0006017785609211243,245801312.1522383
2025-10-07,0.4065470241379834,0.5676751528890892,0.02577782297292746,-0.00036385421599432246,245711876.30851477
2025-10-08,0.4065470241379834,0.5676751528890892,0.02577782297292746,0.0024534209090418184,246314710.96344998
2025-10-09,0.4065470241379834,0.5676751528890892,0.02577782297292746,-0.0015205937888753385,245940166.34385034
2025-10-10,0.4065470241379834,0.5676751528890892,0.02577782297292746,-0.008116023931924543,243944110.06798214
2025-10-13,0.4065470241379834,0.5676751528890892,0.02577782297292746,0.0065555193634658565,245543290.40513623
2025-10-14,0.4065470241379834,0.5676751528890892,0.02577782297292746,0.0006460424675143518,245701921.79835114
2025-10-15,0.4065470241379834,0.5676751528890892,0.02577782297292746,0.001301245511546161,246021640.3212695
2025-10-16,0.4065470241379834,0.5676751528890892,0.02577782297292746,-0.00025919291328772257,245957873.25558284
2025-10-17,0.4065470241379834,0.5676751528890892,0.02577782297292746,0.0011910620290365849,246250824.33916017
2025-10-20,0.4065470241379834,0.5676751528890892,0.02577782297292746,0.00546693374781775,247597061.28116786
2025-10-21,0.4065470241379834,0.5676751528890892,0.02577782297292746,0.0003760834461941853,247690178.437242
2025-10-22,0.4065470241379834,0.5676751528890892,0.02577782297292746,-0.0020187203983716606,247190161.22155443
2025-10-23,0.4065470241379834,0.5676751528890892,0.02577782297292746,0.0011069981139628182,247463800.2638169
2025-10-24,0.4065470241379834,0.5676751528890892,0.02577782297292746,0.003350209988412693,248292855.9592313
2025-10-27,0.4065470241379834,0.5676751528890892,0.02577782297292746,0.005143033160649183,249569834.35098192
2025-10-28,0.4065470241379834,0.5676751528890892,0.02577782297292746,0.001353008109756176,249907504.3608093
2025-10-29,0.4065470241379834,0.5676751528890892,0.02577782297292746,-0.00274482809342221,249221551.2220827
2025-10-30,0.4065470241379834,0.5676751528890892,0.02577782297292746,-0.004568157100392968,248083068.0232966
2025-10-31,0.4065470241379834,0.5676751528890892,0.02577782297292746,0.0009768751617228045,248325414.21049252
2025-11-03,0.4298173769449337,0.4301265935551769,0.14005602949988938,0.0009047476128470177,248550086.0362087
2025-11-04,0.4298173769449337,0.4301265935551769,0.14005602949988938,-0.005448834258289332,247195777.81251383
2025-11-05,0.4298173769449337,0.4301265935551769,0.14005602949988938,0.0003322165094255932,247277900.33096343
2025-11-06,0.4298173769449337,0.4301265935551769,0.14005602949988938,-0.003264315240402814,246470707.31229827
2025-11-07,0.4298173769449337,0.4301265935551769,0.14005602949988938,0.0008289899275315801,246675029.04609174
2025-11-10,0.4298173769449337,0.4301265935551769,0.14005602949988938,0.00795178906137381,248636536.84377453
2025-11-11,0.4298173769449337,0.4301265935551769,0.14005602949988938,0.0015683132891988795,249026476.82868698
2025-11-12,0.4298173769449337,0.4301265935551769,0.14005602949988938,0.0018913916886975123,249497483.4372264
2025-11-13,0.4298173769449337,0.4301265935551769,0.14005602949988938,-0.008218267712713785,247447046.3246909
2025-11-14,0.4298173769449337,0.4301265935551769,0.14005602949988938,-0.0018626198843220273,246986146.5358898
2025-11-17,0.4298173769449337,0.4301265935551769,0.14005602949988938,-0.004076010996067972,245979428.28673306
2025-11-18,0.4298173769449337,0.4301265935551769,0.14005602949988938,-0.0030607947448314026,245226535.7452964
2025-11-19,0.4298173769449337,0.4301265935551769,0.14005602949988938,0.0014051335671963617,245571111.78223935
2025-11-20,0.4298173769449337,0.4301265935551769,0.14005602949988938,-0.006095439646274926,244074247.89150208
2025-11-21,0.4298173769449337,0.4301265935551769,0.14005602949988938,0.004317009803523557,245127918.8124373
2025-11-24,0.4298173769449337,0.4301265935551769,0.14005602949988938,0.008128422990205901,247120422.2232536
2025-11-25,0.4298173769449337,0.4301265935551769,0.14005602949988938,0.004560684038235708,248247460.3884093
2025-11-26,0.4298173769449337,0.4301265935551769,0.14005602949988938,0.00424504141073375,249301281.13786757
2025-11-27,0.4298173769449337,0.4301265935551769,0.14005602949988938,-5.370131809613969e-06,249299942.35712755
2025-11-28,0.4298173769449337,0.4301265935551769,0.14005602949988938,0.0030780933891745455,250067310.8616186
2025-12-01,0.3799916788257849,0.44315906778270375,0.1768492533915114,-0.0035854790129476047,249170699.76670003
2025-12-02,0.3799916788257849,0.44315906778270375,0.1768492533915114,0.0007038578058088461,249346080.50870973
2025-12-03,0.3799916788257849,0.44315906778270375,0.1768492533915114,0.0022270060570404025,249901375.7403019
2025-12-04,0.3799916788257849,0.44315906778270375,0.1768492533915114,-0.0002280605493636509,249844383.09526387
2025-12-05,0.3799916788257849,0.44315906778270375,0.1768492533915114,-0.00044971937598407255,249732023.23520514
2025-12-08,0.3799916788257849,0.44315906778270375,0.1768492533915114,-0.003167048677671064,248941109.761246
2025-12-09,0.3799916788257849,0.44315906778270375,0.1768492533915114,-0.0005813991462316082,248796375.61256889
2025-12-10,0.3799916788257849,0.44315906778270375,0.1768492533915114,0.0035681460542102625,249684117.4185127
2025-12-11,0.3799916788257849,0.44315906778270375,0.1768492533915114,0.0016664377903393363,250100200.46742642
2025-12-12,0.3799916788257849,0.44315906778270375,0.1768492533915114,-0.005474722534242106,248730971.26410896
2025-12-15,0.3799916788257849,0.44315906778270375,0.1768492533915114,-0.0001450202986788444,248694900.22436556
2025-12-16,0.3799916788257849,0.44315906778270375,0.1768492533915114,-0.0005314941222370182,248562720.346666
2025-12-17,0.3799916788257849,0.44315906778270375,0.1768492533915114,-0.0037935308132026006,247619790.00801748
2025-12-18,0.3799916788257849,0.44315906778270375,0.1768492533915114,0.0035834046196170674,248507111.9074408
2025-12-19,0.3799916788257849,0.44315906778270375,0.1768492533915114,0.0028661480330472006,249219370.07743254
2025-12-22,0.3799916788257849,0.44315906778270375,0.1768492533915114,0.004052147865028,250229243.81581545
2025-12-23,0.3799916788257849,0.44315906778270375,0.1768492533915114,0.0028256318487600756,250936299.53663257
2025-12-24,0.3799916788257849,0.44315906778270375,0.1768492533915114,0.002240230959493507,251498454.80371526
2025-12-25,0.3799916788257849,0.44315906778270375,0.1768492533915114,0.0,251498454.80371526
2025-12-26,0.3799916788257849,0.44315906778270375,0.1768492533915114,0.0010316051321017376,251757901.90040645
2025-12-29,0.3799916788257849,0.44315906778270375,0.1768492533915114,-0.0035357549392468837,250867747.65526766
2025-12-30,0.3799916788257849,0.44315906778270375,0.1768492533915114,7.200428456584167e-05,250885811.20795822
2025-12-31,0.3799916788257849,0.44315906778270375,0.1768492533915114,-0.004601232007010449,249731427.38332337
2026-01-01,0.35627169039849665,0.448180116830134,0.19554819277136942,0.0,249731427.38332337
2026-01-02,0.35627169039849665,0.448180116830134,0.19554819277136942,0.0001750695104856677,249775147.74206826
2026-01-05,0.35627169039849665,0.448180116830134,0.19554819277136942,0.005644534763609193,251185012.24658397
2026-01-06,0.35627169039849665,0.448180116830134,0.19554819277136942,0.0031471274917579603,251975523.50414276
2026-01-07,0.35627169039849665,0.448180116830134,0.19554819277136942,-0.0014477088271693454,251610736.3145352
2026-01-08,0.35627169039849665,0.448180116830134,0.19554819277136942,-0.0010042528255370417,251358055.52165586
2026-01-09,0.35627169039849665,0.448180116830134,0.19554819277136942,0.0032685052191246296,252179620.63799742
2026-01-12,0.35627169039849665,0.448180116830134,0.19554819277136942,0.002294240674635276,252758181.3809792
2026-01-13,0.35627169039849665,0.448180116830134,0.19554819277136942,-0.00034506038131775906,252670964.5465307
2026-01-14,0.35627169039849665,0.448180116830134,0.19554819277136942,-0.0004740400830331395,252551188.38151696
2026-01-15,0.35627169039849665,0.448180116830134,0.19554819277136942,-7.671406038751153e-05,252531814.15440053
2026-01-16,0.35627169039849665,0.448180116830134,0.19554819277136942,-0.001846087896852738,252065618.22871986
2026-01-19,0.35627169039849665,0.448180116830134,0.19554819277136942,0.0010330180774359718,252326006.5690502
2026-01-20,0.35627169039849665,0.448180116830134,0.19554819277136942,-0.006392059371982863,250713123.7539655
2026-01-21,0.35627169039849665,0.448180116830134,0.19554819277136942,0.0065758202460053285,252361768.18908605
2026-01-22,0.35627169039849665,0.448180116830134,0.19554819277136942,0.0037087243419588775,253297708.4217487
2026-01-23,0.35627169039849665,0.448180116830134,0.19554819277136942,0.002192097850740756,253852961.78397757
2026-01-26,0.35627169039849665,0.448180116830134,0.19554819277136942,0.004149927063617694,254906433.06026438
2026-01-27,0.35627169039849665,0.448180116830134,0.19554819277136942,0.0032040152464458383,255723157.15820658
2026-01-28,0.35627169039849665,0.448180116830134,0.19554819277136942,0.0028577347140712967,256453946.1016095
2026-01-29,0.35627169039849665,0.448180116830134,0.19554819277136942,-0.00014353314072583989,256417136.461274
2026-01-30,0.35627169039849665,0.448180116830134,0.19554819277136942,-0.007431312624034809,254511620.55807045
2026-02-02,0.30347483345341714,0.3909515716053145,0.3055735949412683,-0.007082752690740235,252708977.69273812
2026-02-03,0.30347483345341714,0.3909515716053145,0.3055735949412683,0.005553742148891263,254112458.19355354
2026-02-04,0.30347483345341714,0.3909515716053145,0.3055735949412683,-0.0013221724418923824,253776477.70418847
2026-02-05,0.30347483345341714,0.3909515716053145,0.3055735949412683,-0.006292994398361119,252179463.75156018
2026-02-06,0.30347483345341714,0.3909515716053145,0.3055735949412683,0.010267481541444743,254768711.7407608
2026-02-09,0.30347483345341714,0.3909515716053145,0.3055735949412683,0.0050379407031346,256052221.40352476
2026-02-10,0.30347483345341714,0.3909515716053145,0.3055735949412683,-0.0008755358018354971,255828038.51654643
2026-02-11,0.30347483345341714,0.3909515716053145,0.3055735949412683,0.001223072259095898,256140934.6935549
2026-02-12,0.30347483345341714,0.3909515716053145,0.3055735949412683,-0.005903411911566253,254628829.24864525
2026-02-13,0.30347483345341714,0.3909515716053145,0.3055735949412683,0.0015097889072907633,255013265.03052127
2026-02-16,0.30347483345341714,0.3909515716053145,0.3055735949412683,-0.0004976241829075874,254886364.2628799
2026-02-17,0.30347483345341714,0.3909515716053145,0.3055735949412683,-0.0027969153194364973,254173468.68595758
2026-02-18,0.30347483345341714,0.3909515716053145,0.3055735949412683,0.004573538464901758,255335940.82175028
2026-02-19,0.30347483345341714,0.3909515716053145,0.3055735949412683,9.155528243878384e-05,255359318.175929
2026-02-20,0.30347483345341714,0.3909515716053145,0.3055735949412683,0.005167361135098724,256678851.9921566
2026-02-23,0.30347483345341714,0.3909515716053145,0.3055735949412683,0.00016591418072203377,256721438.65359357
2026-02-24,0.30347483345341714,0.3909515716053145,0.3055735949412683,0.0009065584169860505,256954171.63462576
2026-02-25,0.30347483345341714,0.3909515716053145,0.3055735949412683,0.0038652382729633516,257947360.7332255
2026-02-26,0.30347483345341714,0.3909515716053145,0.3055735949412683,-0.0008209819135749097,257735590.6154091
2026-02-27,0.30347483345341714,0.3909515716053145,0.3055735949412683,0.0026197117659724207,258410783.57465413
2026-03-02,0.29232531717427557,0.3385630938770817,0.36911158894864277,-0.001061726442189773,258136422.01278594
2026-03-03,0.29232531717427557,0.3385630938770817,0.36911158894864277,-0.009170984055765274,255769057.0022944
2026-03-04,0.29232531717427557,0.3385630938770817,0.36911158894864277,0.0055333586464738835,257184318.9253585
2026-03-05,0.29232531717427557,0.3385630938770817,0.36911158894864277,-0.003422655398886437,256304065.62767968
2026-03-06,0.29232531717427557,0.3385630938770817,0.36911158894864277,0.00048401494636485243,256428120.62625754
2026-03-09,0.29232531717427557,0.3385630938770817,0.36911158894864277,0.00539605914809407,257811821.93239143
2026-03-10,0.29232531717427557,0.3385630938770817,0.36911158894864277,-0.0001196422730017604,257780976.74000874
2026-03-11,0.29232531717427557,0.3385630938770817,0.36911158894864277,-0.00039295548353165195,257679680.2916486
2026-03-12,0.29232531717427557,0.3385630938770817,0.36911158894864277,-0.00667535940036164,255959575.81553158
2026-03-13,0.29232531717427557,0.3385630938770817,0.36911158894864277,-0.005539950100203823,254541572.5378442
2026-03-16,0.29232531717427557,0.3385630938770817,0.36911158894864277,0.0031535484591456355,255344281.7217094
2026-03-17,0.29232531717427557,0.3385630938770817,0.36911158894864277,0.003909078988999124,256342442.6883488
2026-03-18,0.29232531717427557,0.3385630938770817,0.36911158894864277,-0.008376115060987281,254195288.89337668
2026-03-19,0.29232531717427557,0.3385630938770817,0.36911158894864277,-0.0055749982409522576,252778150.60493776
2026-03-20,0.29232531717427557,0.3385630938770817,0.36911158894864277,-0.010534724869960606,250115202.33517727
2026-03-23,0.29232531717427557,0.3385630938770817,0.36911158894864277,-0.000746126942479268,249928584.64399138
2026-03-24,0.29232531717427557,0.3385630938770817,0.36911158894864277,0.0003251239458555977,250009842.41161287
2026-03-25,0.29232531717427557,0.3385630938770817,0.36911158894864277,0.003842995727292113,250970629.16778165
2026-03-26,0.29232531717427557,0.3385630938770817,0.36911158894864277,-0.00912814377234853,248679733.1821014
2026-03-27,0.29232531717427557,0.3385630938770817,0.36911158894864277,-0.0010709610046732406,248413406.8852108
2026-03-30,0.29232531717427557,0.3385630938770817,0.36911158894864277,0.0010396140532305614,248671660.95401955
2026-03-31,0.29232531717427557,0.3385630938770817,0.36911158894864277,0.009161158410823423,250949781.43230188
2026-04-01,0.29393268345205487,0.3392949684942199,0.3667723480537252,0.003979904307234222,251948537.54832378
2026-04-02,0.29393268345205487,0.3392949684942199,0.3667723480537252,0.002293867302266837,252526474.0604598
2026-04-03,0.29393268345205487,0.3392949684942199,0.3667723480537252,-0.0007546912170157193,252335894.54842243
2026-04-06,0.29393268345205487,0.3392949684942199,0.3667723480537252,0.002353821778640892,252929848.27254337
2026-04-07,0.29393268345205487,0.3392949684942199,0.3667723480537252,0.000727253410105692,253113792.3672171
2026-04-08,0.29393268345205487,0.3392949684942199,0.3667723480537252,0.0062567714671663555,254697467.5212466
2026-04-09,0.29393268345205487,0.3392949684942199,0.3667723480537252,0.0028829812428390524,255431755.54270893
2026-04-10,0.29393268345205487,0.3392949684942199,0.3667723480537252,0.0001387636043543144,255467200.1737746
2026-04-13,0.29393268345205487,0.3392949684942199,0.3667723480537252,0.004641395879357972,256652924.58397228
2026-04-14,0.29393268345205487,0.3392949684942199,0.3667723480537252,0.004733366644618372,257867756.97644183
2026-04-15,0.29393268345205487,0.3392949684942199,0.3667723480537252,0.0018838103255779393,258353530.91966772
2026-04-16,0.29393268345205487,0.3392949684942199,0.3667723480537252,0.0005563349123659379,258497262.0086513
2026-04-17,0.29393268345205487,0.3392949684942199,0.3667723480537252,0.003529027003998952,259409505.8267396
2026-04-20,0.29393268345205487,0.3392949684942199,0.3667723480537252,0.00017012346427008516,259453637.47053546
2026-04-21,0.29393268345205487,0.3392949684942199,0.3667723480537252,-0.001997992962102958,258935250.9288773
2026-04-22,0.29393268345205487,0.3392949684942199,0.3667723480537252,0.004512886308750394,260103796.27764708
2026-04-23,0.29393268345205487,0.3392949684942199,0.3667723480537252,-0.0007042725788746069,259920612.30626753
2026-04-24,0.29393268345205487,0.3392949684942199,0.3667723480537252,0.0015169129826817177,260314889.2575415
2026-04-27,0.29393268345205487,0.3392949684942199,0.3667723480537252,0.002158308055268808,260876728.97993243
2026-04-28,0.29393268345205487,0.3392949684942199,0.3667723480537252,-0.0021870560376295862,260306176.9547398
2026-04-29,0.29393268345205487,0.3392949684942199,0.3667723480537252,0.00013328595941530775,260340872.11327696
2026-04-30,0.29393268345205487,0.3392949684942199,0.3667723480537252,0.0045383000912636645,261522377.11694834
2026-05-01,0.27751665758868477,0.34781644007559226,0.374666902335723,0.0017461222852930868,261979027.16773504
2026-05-04,0.27751665758868477,0.34781644007559226,0.374666902335723,-0.0009966088962028695,261717936.5386411
2026-05-05,0.27751665758868477,0.34781644007559226,0.374666902335723,0.0025457425137603465,262384203.01630116
2026-05-06,0.27751665758868477,0.34781644007559226,0.374666902335723,0.0038822821871710308,263402852.53386644
