Dates,trend_ret,bench_ret,mix10_ret,trend_nav,bench_nav,mix10_nav
2002-01-02,0.0,0.000797034390101,0.0007173309510909,100000000.0,100079703.4390101,100071733.09510909
2002-01-03,0.0,0.0063165948515539,0.005684935366398511,100000000.0,100711866.378498,100640634.42975825
2002-01-04,0.0,0.003284430994284,0.0029559878948556,100000000.0,101042647.55392374,100938126.9268632
2002-01-07,0.0,-0.0013257297181448,-0.0011931567463303201,100000000.0,100908692.31326148,100817691.91975844
2002-01-08,0.0,-0.0020768116441231,-0.00186913047971079,100000000.0,100699123.96607205,100629250.49889712
2002-01-09,0.0,-0.0025959009042383,-0.00233631081381447,100000000.0,100437719.01911251,100394149.2927705
2002-01-10,0.0,0.0032765168803175,0.00294886519228575,100000000.0,100766804.90089922,100690198.1051291
2002-01-11,0.0,-0.003736684003837,-0.0033630156034533,100000000.0,100390271.19290827,100351575.39778674
2002-01-14,0.0,-0.0038494295947027,-0.00346448663523243,100000000.0,100003825.91195804,100003908.70599657
2002-01-15,0.0,0.005041132767946,0.0045370194911514,100000000.0,100507958.4756828,100457628.38898702
2002-01-16,0.0,-0.0100311820759576,-0.00902806386836184,100000000.0,99499744.84413043,99550690.5038271
2002-01-17,0.0,0.0042010201043453,0.0037809180939107705,100000000.0,99917745.27259785,99927083.51081432
2002-01-18,0.0,-0.0048109408119247,-0.00432984673073223,100000000.0,99437046.91403042,99494414.55496342
2002-01-21,0.0,0.0,0.0,100000000.0,99437046.91403042,99494414.55496342
2002-01-22,0.0,-0.0045948583082384,-0.00413537247741456,100000000.0,98980147.7728708,99082968.09135635
2002-01-23,0.0,0.0024129553116287,0.00217165978046583,100000000.0,99218982.44618514,99298142.58808953
2002-01-24,0.0,0.0016929338703094,0.0015236404832784602,100000000.0,99386953.62214592,99449437.25805108
2002-01-25,0.0,0.000158101532824,0.0001422913795416,100000000.0,99402666.85185629,99463588.05567317
2002-01-28,0.0,0.0001662254249406,0.00014960288244654,100000000.0,99419190.10239397,99478468.09514478
2002-01-29,0.0,-0.014796811645106,-0.0133171304805954,100000000.0,97948103.07253987,98153700.355512
2002-01-30,0.0,0.0070865933946004,0.00637793405514036,100000000.0,98642221.45278737,98779718.18364747
2002-01-31,0.0,0.0079608991477973,0.007164809233017569,100000000.0,99427502.2294877,99487456.02052455
2002-02-01,0.0,-0.0032128520930002,-0.0028915668837001802,100000000.0,99108056.37084791,99199781.38735202
2002-02-04,0.0,-0.0129665073511896,-0.01166985661607064,100000000.0,97822971.02935319,98042134.16221607
2002-02-05,0.0,-0.002455004013953,-0.0022095036125577,100000000.0,97582815.24281931,97825509.71260178
2002-02-06,0.0,-0.0040641809140462,-0.0036577628226415805,100000000.0,97186221.02757055,97467687.20006907
2002-02-07,0.0,-0.0023664135606524,-0.00212977220458716,100000000.0,96956238.23622234,97260103.22902495
2002-02-08,0.0,0.0100972060611229,0.00908748545501061,100000000.0,97935225.35260479,98143953.00247155
2002-02-11,0.0,0.0082890089946306,0.0074601080951675405,100000000.0,98747011.31644371,98876117.50075704
2002-02-12,0.0,-0.0039084503816628,-0.0035176053434965203,100000000.0,98361063.5223759,98528310.34149218
2002-02-13,0.0,0.0057389610427871,0.00516506493850839,100000000.0,98925553.83405793,99037215.4626875
2002-02-14,0.0,4.258908850771634e-05,3.833017965694471e-05,100000000.0,98929766.98322584,99041011.57694891
2002-02-15,0.0,-0.0048741887992284,-0.00438676991930556,100000000.0,98447564.62108593,98606541.44658557
2002-02-18,0.0,0.0,0.0,100000000.0,98447564.62108593,98606541.44658557
2002-02-19,0.0,-0.0115080188004965,-0.010357216920446851,100000000.0,97314628.19656338,97585252.10704824
2002-02-20,0.0,0.0081905869618624,0.00737152826567616,100000000.0,98111692.12146865,98304604.55126847
2002-02-21,0.0,-0.0088626499748275,-0.00797638497734475,100000000.0,97242162.53575802,97520489.18032192
2002-02-22,0.0,0.0057449610841052,0.00517046497569468,100000000.0,97800814.97526017,98024715.45404139
2002-02-25,0.0,0.0104737381329865,0.00942636431968785,100000000.0,98825155.10050371,98948732.13424492
2002-02-26,0.0,-0.0014568983388579,-0.00131120850497211,100000000.0,98681176.89620042,98818989.7151143
2002-02-27,0.0,0.0024443529746356,0.0021999176771720402,100000000.0,98922388.5244872,99036383.35742886
2002-02-28,0.0,-0.0026407824113489,-0.0023767041702140103,100000000.0,98661156.0207831,98801003.17210035
2002-03-01,0.0,0.0113388597716677,0.01020497379450093,100000000.0,99779861.03381339,99809264.82034203
2002-03-04,0.0,0.0114451280263996,0.01030061522375964,100000000.0,100921854.31780174,100837361.6530227
2002-03-05,0.0,-0.0038312284650672,-0.00344810561856048,100000000.0,100535199.636792,100489663.77974612
2002-03-06,0.0,0.0080360255990663,0.00723242303915967,100000000.0,101343103.0746805,101216447.53926416
2002-03-07,0.0,-0.0063181320493993,-0.005686318844459371,100000000.0,100702803.96715878,100640898.5462524
2002-03-08,0.0,0.0016837001185804,0.0015153301067223602,100000000.0,100872357.29013966,100793402.72978711
2002-03-11,0.0,0.0019541491618504,0.0017587342456653599,100000000.0,101069476.92259207,100970671.53890513
2002-03-12,0.0,-0.0011230026053675,-0.00101070234483075,100000000.0,100955975.63668488,100868620.24442163
2002-03-13,0.0,-0.0049032820250062,-0.004412953822505581,100000000.0,100460960.01602855,100423491.68114313
2002-03-14,0.0,-0.0033532228098312,-0.00301790052884808,100000000.0,100124092.03340526,100120423.57248983
2002-03-15,0.0,0.0079310221165263,0.00713791990487367,100000000.0,100918178.42171931,100835075.13679229
2002-03-18,0.0,0.0007150739959092,0.0006435665963182801,100000000.0,100990342.3868232,100899969.22288758
2002-03-19,0.0,0.0020160418967947,0.0018144377071152298,100000000.0,101193943.14824668,101083045.93169235
2002-03-20,0.0,-0.0110352247498189,-0.00993170227483701,100000000.0,100077245.24228539,100079119.21446511
2002-03-21,0.0,0.0014808108991176,0.00133272980920584,100000000.0,100225440.71779382,100212497.63992128
2002-03-22,0.0,-0.0030131374748982,-0.00271182372740838,100000000.0,99923447.68642886,99940739.01103848
2002-03-25,0.0,-0.0086799478653748,-0.00781195307883732,100000000.0,99056117.36998214,99160006.64721993
2002-03-26,0.0,0.0051658797294981,0.00464929175654829,100000000.0,99567829.35878651,99621030.44870412
2002-03-27,0.0,0.003488484788391,0.0031396363095519,100000000.0,99915170.21691774,99933804.25309587
2002-03-28,0.0,6.549008696810077e-05,5.894107827129069e-05,100000000.0,99921713.67010467,99939694.45927428
2002-03-29,0.0,0.0,0.0,100000000.0,99921713.67010467,99939694.45927428
2002-04-01,0.0047927783927461,-0.0004157105092216,0.00010513838097516999,100479277.83927462,99880175.16363257,99950201.95694487
2002-04-02,0.0093288377432918,-0.0031386299513405,-0.0018918831818772698,101416632.71880035,99566688.25431886,99761107.85083729
2002-04-03,-0.0093247297023863,-0.0044176770948779,-0.00490838235562874,100470950.03137134,99126834.77620491,99271442.18928427
2002-04-04,-0.0064888252460334,0.0007362509495215,1.3743329966009899e-05,99819011.59431481,99199817.00243194,99272806.50947048
2002-04-05,-0.0019240052863634,-0.0005214890086218,-0.00066174063639596,99626959.28832778,99148085.38820788,99207113.65931408
2002-04-08,0.0001505414007105,0.0010611060121477,0.00097004955100398,99641957.27032757,99253292.01770625,99303349.4753757
2002-04-09,-0.0024529342415656,-0.0033375854247705,-0.00324912030645001,99397542.10144258,98922025.67690746,98980700.94609675
2002-04-10,0.0048815758094945,0.0065303566758924,0.006365478589252611,99882758.73848818,99568021.78767945,99610760.47871834
2002-04-11,-0.0005983703796436,-0.0135416854206593,-0.01224735391655773,99822991.85422197,98219702.95867334,98390792.24123801
2002-04-12,-0.0069331793360211,0.0049001909931136,0.0037168539602001295,99130901.14983848,98700998.26245774,98756496.44702709
2002-04-15,-0.0007205346448745,-0.0037252568037233,-0.00342478458783842,99059473.9011824,98333311.69714624,98418276.72004639
2002-04-16,0.0012599285640182,0.0132346199773973,0.01203715083605939,99184281.76188712,99634715.70857693,99602952.36195062
2002-04-17,0.0105095042630601,-0.0023113769198578,-0.00102928880156601,100226659.39389221,99404422.32627153,99500432.15848155
2002-04-18,-0.0001196099167898,-0.0004008332407811,-0.00037271090838197,100214671.29150198,99364577.72952251,99463347.26202737
2002-04-19,0.0014012720637318,0.000770258492933,0.0008333598500128801,100355099.31075883,99441114.13941538,99546236.02218345
2002-04-22,-0.0003192277112217,-0.0086750893404905,-0.007839503177563621,100323063.18209642,98578453.59013803,98765842.98857304
2002-04-23,-0.0004349233666485,-0.0035341255939902,-0.00322420537125603,100279430.3377048,98230064.95428915,98447401.62711266
2002-04-24,-0.0007174467195097,-0.0025360919698022,-0.0023542274447729498,100207485.1893747,97980944.47536543,98215634.05233552
2002-04-25,0.0011291494954897,-0.00063858147116,-0.00046180837449502995,100320634.42072056,97918375.6596967,98170277.2500238
2002-04-26,0.0052048033406343,-0.0075606897054659,-0.00628414040085588,100842783.59388807,97178045.20487049,97553361.4445937
2002-04-29,-0.0019719670450517,-0.0064657707260012,-0.00601639035790625,100643924.94790965,96549714.24497482,96966442.3414171
2002-04-30,0.0011403093195427,0.0070054447959085,0.0064189312482719205,100758690.15348314,97226087.93817873,97588863.26819618
2002-05-01,-0.0020501976826655,0.0061095186947044,0.00529354705696741,100552114.92042206,97820092.54005001,98105454.50814234
2002-05-02,-0.0065711347793578,-0.0019624285512466,-0.00242329917405772,99891373.42093049,97628127.59756383,97867715.6412622
2002-05-03,0.0033081543164097,-0.0049323665644058,-0.00410831447632425,100221829.49908505,97146589.88525607,97465644.28832844
2002-05-06,-0.0040933769611977,-0.0116283962826814,-0.010874894350533031,99811583.7712044,96016930.84055918,96405715.70388623
2002-05-07,0.0041175615575701,-0.0015795289492302,-0.00100981989855017,100222564.11154091,95865269.31868029,96308363.29383448
2002-05-08,-0.000693021148868,0.019584472643806,0.0175567232645386,100153107.75501782,97742740.06314306,97999222.57624497
2002-05-09,0.0021596595217028,-0.0077296959714943,-0.00674076042217459,100369404.36780907,96987218.39903417,97338633.29529914
2002-05-10,0.0038333148526503,-0.0088068905641336,-0.00754287002245521,100754151.89632386,96133062.58047415,96604420.63618925
2002-05-13,0.002888417333349,0.0094690584689691,0.00881099435540709,101045171.93506809,97043352.17084973,97455601.64112209
2002-05-14,6.9520380481497e-05,0.0108995812141331,0.00981657513076794,101052196.63386682,98101084.06912762,98412281.87654635
2002-05-15,-0.0021123968521046,-0.0025090912761913,-0.00246942183378263,100838734.29179919,97854939.49490488,98169260.43896805
2002-05-16,0.0006800709860255,0.0052362268277234,0.00478061124355361,100907311.78925858,98367330.15431333,98638569.50919391
2002-05-17,0.0018551816522474,0.0033327272685747,0.00318497270694197,101094513.18266763,98695161.63785551,98952730.66093248
2002-05-20,0.0034990838386431,-0.006566658974315,-0.0055600846930191905,101448251.35992058,98047064.16896483,98402545.09785219
2002-05-21,-0.0017988148950195,-0.0055908822142427,-0.0052116754823203805,101265764.73430067,97498894.58174385,97889702.9661678
2002-05-22,0.0034972949791033,0.0045844945699053,0.0044757746108251,101619920.98486099,97945877.73452564,98327835.21336497
2002-05-23,0.0032457040885885,0.0052402373014847,0.0050407839801950806,101949749.1778836,98459137.37655674,98823484.58991577
2002-05-24,-0.0034871035473286,-0.006995922117283,-0.00664504026028756,101594239.84587614,97770324.91973549,98166798.55615386
2002-05-27,0.0001004710189128,0.0,1.004710189128e-05,101604447.12266912,97770324.91973549,98167784.8479813
2002-05-28,0.0046856401660051,-0.0049493180086955,-0.00398582219122544,102080529.00115183,97286428.48989423,97776505.51267077
2002-05-29,0.0041356806007217,-0.0025313020788804,-0.0018646038109201902,102502701.46465333,97040167.1512109,97594191.06787339
2002-05-30,-0.0044757367785857,-0.000637438715816,-0.00102126852209297,102043926.35380359,96978309.99167947,97494521.19259664
2002-05-31,0.0053285072159759,0.0010279613283943,0.00145801591715246,102587668.15172635,97077999.94404395,97636669.7563306
2002-06-03,0.0022526717665617,-0.014537143858157,-0.01285816229568513,102818764.49536914,95666763.09339522,96381241.61059348
2002-06-04,0.0033746000431345,0.0006312760490475,0.0009056084484562,103165736.70247024,95727155.22962599,96468525.27726874
2002-06-05,-0.0078328629894798,0.0047707035964644,0.00351034693786998,102357653.62167104,96183841.11335926,96807163.26957662
2002-06-06,0.0038424757763295,-0.010992820058101,-0.009509290474657952,102750960.42623425,95126509.45550312,95886595.83401857
2002-06-07,-0.0039780511142891,-0.0018688089460738,-0.0020797331628953303,102342211.85361639,94948736.18362391,95687177.30078542
2002-06-10,-0.0080133390896238,0.0025342191694592,0.0014794633435509,101522109.00685124,95189357.09097639,95828742.97204979
2002-06-11,0.0014549916213957,-0.0087331904399238,-0.00771437223379185,101669822.82484263,94358050.30764697,95089484.37806702
2002-06-12,2.9042035177478945e-05,0.0048367829597281,0.004356008867273038,101672775.52341358,94814439.71748817,95503695.0152023
2002-06-13,-0.0020717796486107,-0.0054232599415138,-0.00508811191222349,101462131.9362664,94300236.36469124,95017761.52693409
2002-06-14,-0.0025540983734898,0.0009559559041843,0.00060495047641689,101202987.67011717,94390383.23241003,95075242.56703788
2002-06-17,-0.0032323621562024,0.016134550485825,0.01419785922162226,100875862.96267767,95913329.63604973,96425107.47646628
2002-06-18,0.0055930286655433,0.0008449567162661,0.00131976391119382,101440064.55588934,95994372.24810514,96552365.8534467
2002-06-19,0.0011780090046938,-0.0075145676158192,-0.0066453099537679,101559561.8653729,95273016.04710864,95910745.45558096
2002-06-20,0.0050415597123547,-0.0100198666588421,-0.00851372402172242,102071580.46087776,94318393.13013089,95094187.83805446
2002-06-21,0.0019171419139606,-0.0087699192628371,-0.00770121314515733,102267266.1660035,93491228.4373791,94361847.22864798
2002-06-24,-0.0022821100291487,0.0007271134556714,0.00042619110718939,102033881.01223245,93559207.16756317,94402063.4087948
2002-06-25,-0.0020552189374016,-0.009964538970698,-0.00917360696736836,101824179.04771954,92626932.80167438,93536055.98217392
2002-06-26,-0.0051614644994364,0.0012054959896176,0.0005687999407121999,101298617.16238049,92738594.19769737,93589259.28527105
2002-06-27,0.0001691596041181,0.0082376361655654,0.0074307885094206695,101315752.79635738,93502540.995204,94284701.27777323
2002-06-28,-0.0032737755567107,-0.0006218532085397,-0.0008870454433568,100984067.76134293,93444396.14007953,94201066.46312653
2002-07-01,-0.0001663599525462,-0.0124860333542061,-0.01125406601404011,100967268.05662222,92277646.29311085,93140921.44255753
2002-07-02,-0.001347454113277,-0.0109243057618481,-0.00996662059699099,100831219.29597299,91269577.07002124,92212621.21648541
2002-07-03,-0.0026154348751115,0.0037893439483406,0.0031488660659953903,100567501.80852628,91615428.88955912,92502986.41029048
2002-07-04,-0.0017378172802118,0.0,-0.00017378172802118,100392733.86605567,91615428.88955912,92486911.08146498
2002-07-05,0.0011622120526479,0.0197334345602429,0.0178763123094834,100509411.51135309,93423315.96025981,94140235.98849666
2002-07-08,0.0006946489646534,-0.0060186467489626,-0.005347317177601,100579230.26999736,92861034.02337828,93636838.28749196
2002-07-09,0.0072695454034102,-0.013131647157516,-0.01109152790142338,101310395.55108514,91641615.68990119,92598262.68302517
2002-07-10,-0.0004362872740006,-0.0181264315297629,-0.01635741710418667,101266195.11478223,89980480.21782134,91083594.27719589
2002-07-11,-0.0030267362010269,0.0050304015222598,0.00422468774993113,100959689.05608808,90433118.16248274,91468394.02215844
2002-07-12,-5.628248597217e-05,-0.0034096344308353,-0.003074299236348987,100954006.79380502,90124774.28910814,91187192.80826606
2002-07-15,0.0025719648867119,-0.0026406966154485,-0.0021194304652324605,101213656.95445158,89886782.10267483,90993927.8937892
2002-07-16,0.0011772340425109,-0.0130644328962473,-0.01164026620237148,101332809.11698537,88712462.26963484,89934734.3503061
2002-07-17,-0.0033043662304223,0.0044676064866503,0.00369040921494304,100997968.40450537,89108794.64151737,90266630.32269591
2002-07-18,0.0011024898423939,-0.0151156466703272,-0.013493833019055091,101109317.63877375,87761857.58649746,89048587.48592867
2002-07-19,0.0072450102491867,-0.0219358693548357,-0.01901778139443346,101841855.68135495,85836724.94414236,87355080.91563821
2002-07-22,-0.0050186348853531,-0.0176945968634879,-0.016427000665674422,101330748.59164342,84317878.70017366,85920098.94328699
2002-07-23,-0.0076391653551343,-0.0155736006340978,-0.01478015710620145,100556666.24759232,83004745.73098285,84650186.38232483
2002-07-24,0.0011251482459438,0.034431657403253,0.03110100648752208,100669807.40423875,85862736.69883618,87282892.37817147
2002-07-25,-0.0022412281407358,-0.0027798201914636,-0.00272596098639082,100444183.3989619,85624053.72966644,87044962.61876923
2002-07-26,-0.0019160372879017,0.0101950431693466,0.00898393512362177,100251728.59821665,86496994.65377483,87826968.91577435
2002-07-29,-0.0019540954978866,0.0296094785300892,0.02645312112729162,100055827.14670753,89058125.55989301,90150266.3627462
2002-07-30,0.0033557323616668,0.0023169376117155,0.00242081708671063,100391587.72383709,89264467.68063161,90368503.66792864
2002-07-31,0.0012222216573203,0.0086230085170529,0.007882929831079641,100514288.49656594,90034195.9457119,91080872.24128257
2002-08-01,-0.0022883584632835,-0.0166076369986091,-0.01517570914507654,100284275.7738039,88538940.70198385,89698655.41546899
2002-08-02,0.0009910979895161,-0.0109089293089327,-0.00971892657908782,100383667.31790338,87573075.65677813,88826880.76924315
2002-08-05,-0.0036857935975929,-0.0197142557213392,-0.01811140950896457,100013673.83960016,85846637.64897622,87218100.75622742
2002-08-06,0.0019677784029609,0.0155021377254116,0.01414870179316653,100210478.58698249,87177444.04907416,88452123.65479364
2002-08-07,-0.0015224399193221,0.0138569561875534,0.01231901657686585,100057914.1540473,88385458.07180507,89541766.83235604
2002-08-08,0.0003444867688223,0.018189861256703,0.016405323807914932,100092382.78158931,89993177.29124135,91010728.51157364
2002-08-09,0.0015175670348829,0.0047001691375847,0.00438190892731452,100244279.68214153,90416160.44573882,91409529.23531991
2002-08-12,0.0055663879679064,-0.0021719962438787,-0.0013981578227001902,100802278.23441565,90219776.88486476,91281724.2869502
2002-08-13,0.0011460705865399,-0.0110498674707766,-0.00983027366504495,100917804.76055631,89222860.30704395,90384399.95659229
2002-08-14,0.0002669681680305,0.0249669824022121,0.022496980978793938,100944746.60201491,91450485.89020495,92417776.08319546
2002-08-15,0.0042522566091207,0.0049640050381488,0.00489283019524599,101373989.56790935,91904446.56290509,92869960.56859282
2002-08-16,-0.0006942066279854,-0.0035607367039361,-0.00327408369634103,101303615.07244599,91577199.02677362,92565896.54481535
2002-08-19,-2.0604557335629492e-05,0.014770132060909,0.013291058399084536,101301527.75630093,92929806.35016721,93796195.2815561
2002-08-20,-0.0022816521899543,-0.0057970583464431,-0.00544551773079422,101070392.90365003,92391086.84063163,93285426.43706936
2002-08-21,0.0018310429616748,0.0072208968019122,0.00668191141788846,101255457.13520996,93058233.34412435,93908751.3931018
2002-08-22,0.0022372623753567,0.0065496573880907,0.006118417886817299,101481992.1597581,93667732.88966937,94483324.37735403
2002-08-23,-0.0005188511028874,-0.0119485926858248,-0.01080561852753106,101429338.1162028,92548535.30156608,93462373.61691937
2002-08-26,0.0024998144850104,0.0050394394414858,0.00478547694583826,101682892.6448307,93014928.04061654,93909635.65116645
2002-08-27,-0.001128896760204,-0.0100037979177016,-0.009116307801951842,101568103.15675578,92084425.49716866,93053526.50700127
2002-08-28,-0.0018662369166765,-0.009409641965838,-0.00865530146092185,101378553.01308782,91217944.02261043,92248120.1830813
2002-08-29,-0.000354920802028,0.0013445646532796,0.00117461610774884,101342571.65574399,91340592.44588807,92356476.3109579
2002-08-30,0.0012737505486925,-0.0005473049250286,-0.00036519937765649004,101471656.81199642,91290601.2897874,92322747.78328659
2002-09-02,0.0,0.0,0.0,101471656.81199642,91290601.2897874,92322747.78328659
2002-09-03,-0.0032567010590675,-0.0212576691576094,-0.01945757234775521,101141193.95979144,89349975.89036988,90526371.23894972
2002-09-04,0.003215730237198,0.0111631363283531,0.010368395719237592,101466436.75543426,90347401.85216913,91464984.47898176
2002-09-05,0.003455495442081,-0.0084822720444709,-0.00728849529581571,101817053.56516683,89581050.6111479,90798342.36987485
2002-09-06,0.002303677612101,0.0071105208816344,0.00662983655468106,102051607.231995,90218018.54211722,91400320.5392231
2002-09-09,0.0039522141167455,0.0059826242199426,0.00577958320962289,102454937.03473385,90757759.04492252,91928576.29716574
2002-09-10,0.0005284717993561,0.0053630294386049,0.00487957367468002,102509081.57966152,91244495.57846224,92377148.5580162
2002-09-11,0.000112353028195,-0.001451436923429,-0.0012950579282666002,102520598.78539447,91112059.94852002,92257514.79938547
2002-09-12,-0.0024381353283259,-0.0127669279912248,-0.01173404872493491,102270639.69161467,89948838.8400251,91174960.62548809
2002-09-13,0.0013573589409907,0.0034722717952463,0.0032607805098207403,102409457.65880094,90261165.65614447,91472262.16007936
2002-09-16,3.407384012649173e-05,0.0015766587992689,0.0014224003033546592,102412947.14228866,90403476.7172085,91602372.3335244
2002-09-17,0.000511171694536,-0.0115938785170697,-0.01038337349590913,102465297.74202181,89355349.79062843,90651230.68847409
2002-09-18,0.0031411374463073,-0.0026880684853934,-0.0021051478922233303,102787155.3257063,89115156.49085493,90460396.4412628
2002-09-19,0.0015873446227281,-0.0165926500228467,-0.014774650558289222,102950313.96399808,87636499.88747096,89123875.69447884
2002-09-20,-0.0021454151991076,0.0011743059355433,0.00084233382207821,102729442.7956668,87739411.94945906,89198947.749331
2002-09-23,0.0007996096019139,-0.0063502672195308,-0.00563527953738633,102811586.24452546,87182243.2378955,88696286.74432279
2002-09-24,0.0019978307633452,-0.0096368322988017,-0.00847336599258701,103016986.3943531,86342082.58037856,87944730.6445547
2002-09-25,-0.0046706117210095,0.012646510165939,0.01091479797724415,102535834.05023657,87434008.60547966,88904629.61270317
2002-09-26,-0.0004463055643444,0.010964433436042,0.00982335953600336,102490071.73695524,88392672.97288077,89777971.75380397
2002-09-27,0.0004156683921507,-0.0177490164828993,-0.0159325479953943,102532673.62028556,86823789.96331757,88347579.90990733
2002-09-30,0.002017110104149,-0.0069701328232566,-0.0060714085305160394,102739493.31225045,86218616.61505471,87811185.65959187
2002-10-01,-0.0018863413947273,0.0221142519892167,0.0197141926508223,102545691.55314223,88125276.8290417,89542312.29058218
2002-10-02,0.0035269175144437,-0.0137834720232353,-0.0120524330694674,102907361.74871175,86910604.54132874,88463109.5648146
2002-10-03,-0.0063483009963977,-0.0064167542067902,-0.00640990888575095,102254074.84158576,86352920.55402349,87896069.09275393
2002-10-04,0.0001226105160861,-0.0134232904110798,-0.01206870031836321,102266612.26647398,85193780.22358193,86835277.77571136
2002-10-07,0.0023034280046494,-0.0105450136048559,-0.00926016944390537,102502176.04510921,84295410.65207516,86031168.38979967
2002-10-08,-0.00353219501552,0.0100642120541345,0.00870457134716905,102140118.36980273,85143777.54006799,86780032.83312899
2002-10-09,0.0016314293877126,-0.0148196282563509,-0.01317452249194455,102306752.76057565,83881978.40858275,85636747.33871725
2002-10-10,-0.0052293822787971,0.0198089666303174,0.01730513173940595,101771751.64068824,85543593.71976337,87118702.53314799
2002-10-11,0.003979558863565,0.0207833978485813,0.019103013950079673,102176758.31699046,87321480.26143862,88782932.32295154
2002-10-14,0.0023296083959256,0.0043970049386648,0.00419026528439088,102414790.1510342,87705433.24139969,89154956.36211082
2002-10-15,-0.0005102203834585,0.0242887410439574,0.02180884490121581,102362536.03753151,89835687.79754813,91099322.97758676
2002-10-16,0.0010056734852889,-0.0150240386562695,-0.01342106744211366,102465479.32591137,88485992.95136522,89876672.81997366
2002-10-17,-0.000494936999817,0.0115509878625125,0.010346395376279549,102414765.36898899,89508093.5819488,90806572.41207363
2002-10-18,-0.0001873198251488,0.0034542031714359,0.00309005087177743,102395581.05304742,89817272.72266875,91087169.34031868
2002-10-21,-0.0023582400345536,0.0090133960697759,0.007876232459342951,102154107.69444674,90626831.37562524,91804593.06010656
2002-10-22,-0.0005147366742109,-0.0068335046114343,-0.00620162781771196,102101525.22879513,90007532.50550023,91235255.14199127
2002-10-23,0.0006985625769437,0.0041379714382206,0.0037940305520929103,102172849.53336884,90379981.1042327,91581404.48742798
2002-10-24,0.0012262213755939,-0.0073043166681804,-0.006451262863802969,102298136.065472,89719817.10178322,90990588.77364331
2002-10-25,-0.000516153259842,0.0115822090725402,0.010372372839301982,102245334.54906604,90758970.78140613,91934377.08527115
2002-10-28,0.0031830271100951,-0.0044539794255949,-0.0036902787720259,102570784.22081645,90354732.19285758,91595113.60509394
2002-10-29,-0.0015178066687838,-0.0023274213757616,-0.00224645990506382,102415101.60050371,90144438.65775071,91389348.85488033
2002-10-30,-0.0010172024163406,0.0055800487655572,0.004920323647367421,102310924.7116859,90647449.02140474,91839014.0291685
2002-10-31,0.0032422597267169,-0.0021777077941102,-0.00163571104202749,102642643.30248179,90450045.36515462,91688791.93983208
2002-11-01,0.0015447074217189,0.0093221584085119,0.008544413309832601,102801196.15537597,91293235.0161057,92472218.87404527
2002-11-04,-0.0015918226863648,0.0037460537386424,0.0032122660961416798,102637554.8791504,91635224.38045053,92769264.24756937
2002-11-05,-0.0012955455322485,0.0041489681400473,0.0036045167728177203,102504583.25348581,92015416.0069111,93103652.6165517
2002-11-06,-0.0003666837358703,0.0064378956005552,0.00575743766691265,102466996.48995459,92607801.64880526,93639691.09305339
2002-11-07,0.0004704528750186,-0.010447907873027,-0.009356071798222442,102515202.3830478,91640243.86885498,92763591.42002341
2002-11-08,-0.0010530552420165,-0.003996603012087,-0.0037022482350799503,102407248.21179196,91273994.19418032,92420157.57740894
2002-11-11,-0.0013752374086966,-0.0124415531612116,-0.011334921585960101,102266413.93312943,90138403.94317731,91372582.33830693
2002-11-12,-0.0008673179751314,0.0048712021564136,0.0042973501432591,102177716.434073,90577486.330841,91765242.31810841
2002-11-13,-0.0003334543361601,0.0003419718509102,0.00027442923220316997,102143644.83146913,90608461.28149235,91790425.3831007
2002-11-14,0.0014539732569359,0.0113562364599185,0.010366010139620241,102292158.95942006,91637432.39307433,92741925.86334197
2002-11-15,0.0002882810484633,0.0033024421569617,0.00300102604611186,102321647.85025443,91940059.71296495,93020246.79842444
2002-11-18,-0.0012112907298335,-0.0054296830271535,-0.0050078437974215,102197706.58675213,91440854.33122599,92554415.93246034
2002-11-19,-0.0024752755542469,-0.0016027382544175,-0.00168999198440044,101944739.10193785,91294298.5759727,92397999.71141362
2002-11-20,-3.512309465664165e-05,0.0096581989487763,0.008688866744433007,101941158.4872166,92176037.07450844,93200833.61835825
2002-11-21,0.0010303720677375,0.0113861801971892,0.01035059938424403,102046195.80947465,93225570.0425016,94165518.10941947
2002-11-22,0.0032771922298529,-0.002744361463229,-0.00214220609392081,102380620.80946751,92969725.3806894,93963796.16268826
2002-11-25,-0.004008514562124,0.0016046662970049,0.0010433482110920101,101970226.60007347,93118910.76564959,94061833.12132202
2002-11-26,0.0003390988631247,-0.010358884708641,-0.00928908635146443,102004804.58798611,92154302.70483398,93188084.63108103
2002-11-27,-0.0027294517236387,0.013151867885092,0.011563735924218931,101726387.39828399,93366303.91905074,94265687.0330386
2002-11-28,0.0026468968985595,0.0,0.00026468968985595,101995646.65759018,93366303.91905074,94290638.18850344
2002-11-29,-0.0033140285342869,-0.0005752108821944,-0.0008490926474036501,101657630.17419389,93312598.60500623,94210576.70089859
2002-12-02,0.0017382616389521,-0.001137406802051,-0.00084983995795069,101834337.73303248,93206464.22063586,94130512.78835657
2002-12-03,-0.0007969204921288,-0.0089774608520045,-0.008159406816016929,101753183.86249065,92369706.83694135,93362463.64071609
2002-12-04,-0.0006011138545459,-0.0005845164623537,-0.00058617620157292,101692018.61392675,92315715.22267237,93307736.78640969
2002-12-05,-0.0025994785292143,-0.0059635982191422,-0.005627186250149409,101427672.39494741,91765181.3877716,92782676.77293263
2002-12-06,0.0046258058572671,0.0043002774724137,0.00433283031089904,101896857.11600092,92159797.13004538,93184688.36718075
2002-12-09,-0.0022413402120576,-0.0121488222719271,-0.011158074065940151,101668471.59266454,91040164.13409561,92144926.7125682
2002-12-10,-0.0043820695659705,0.0087166692549632,0.0074067953728698295,101222953.27747959,91833731.13377006,92827425.32937628
2002-12-11,0.0031276010235281,0.0017797489914083,0.00191453419462028,101539538.28975478,91997172.12413265,93005146.60936792
2002-12-12,0.0054417863302763,-0.0022366257042393,-0.0014687845007877402,102092094.76120251,91791408.88424249,92868542.0915346
2002-12-13,0.0077290725060977,-0.0094059437035849,-0.00769244208261664,102881171.96391125,90928024.05980456,92154156.21019842
2002-12-16,0.0154778094857384,0.012751449552594,0.01302408554590844,104473547.14323816,92087488.1715202,93354379.82409106
2002-12-17,-0.0009466801997675,-0.004462137691239,-0.00411059194209185,104374644.10475816,91676581.11965853,92970638.06262718
2002-12-18,0.0091704979373904,-0.0064079029080617,-0.00485006282351649,105331811.5632367,91089126.48890072,92519724.62728103
2002-12-19,0.0058426848287393,-0.0024713026940143,-0.00163990394173894,105947232.14064085,90864017.68521328,92368001.16617614
2002-12-20,-0.0041509358356322,0.0078878482144274,0.00668396980942144,105507451.97806221,91580739.26486729,92985386.09732746
2002-12-23,0.0040027364430986,0.0008548112969514,0.00116960381156612,105929770.50111328,91659023.51537405,93094142.15932684
2002-12-24,0.0027721619526702,-0.0020947359259893,-0.00160804613812335,106223424.98055156,91467022.0658753,92944442.48354562
2002-12-25,-0.0019477708844322,0.0,-0.00019477708844322001,106016526.08612977,91467022.0658753,92926339.0356517
2002-12-26,-0.0007315096319815,-0.001474141411327,-0.0013998782333924501,105938973.97614856,91332186.74087724,92796253.47632684
2002-12-27,0.0006235776904689,-0.0073146237818788,-0.0065208036346440295,106005035.15687123,90664126.15569143,92191147.32937706
2002-12-30,-0.0082402876511357,0.003438555141306,0.0022706708620618306,105131523.17470986,90975879.7528161,92400483.08135793
2002-12-31,0.0010149250179045,-0.0002964647062585,-0.00016532573384219997,105238223.78775029,90948908.61534856,92385206.90368514
2003-01-01,0.0,0.0,0.0,105238223.78775029,90948908.61534856,92385206.90368514
2003-01-02,0.0063955645418194,0.0155552956680372,0.01463932255541542,105911281.6402513,92363645.7795456,93737663.74689697
2003-01-03,0.0158927298422106,-0.0002729960297966,0.0013435765574041202,107594501.0266021,92338430.87095025,93863607.47445314
2003-01-06,0.0040339039451365,0.0130248291451885,0.012125736625183299,108028526.90876833,93541123.15657917,95001772.85737793
2003-01-07,1.3382093872194023e-06,-0.0030860068282763,-0.0027772723245099483,108028671.47355713,93252454.61179332,94737927.06284176
2003-01-08,0.00424968583546,-0.007141441552168,-0.0060023288134051994,108487759.38854185,92586497.65758699,94169278.87351018
2003-01-09,0.003795093668402,0.0080721048156425,0.00764440370091845,108899480.59729642,93333865.57119228,94889146.85744366
2003-01-10,0.0026284905920262,0.0001037314762145,0.00035620738779567,109185721.85752295,93343547.23084877,94922947.0725759
2003-01-13,-0.0003831285903469,-2.1432779418817296e-05,-5.7602360511625566e-05,109143889.68582167,93341546.61919081,94917479.2867578
2003-01-14,0.0009889865898025,0.0043876812486206,0.00404781178273879,109251831.52907982,93751099.57300907,95301687.3778026
2003-01-15,-0.002917087882143,-0.0080607616934537,-0.007546394312322631,108933134.33522442,92995394.30085179,94582503.26622
2003-01-16,0.0104894549724964,-0.0022180086410141,-0.0009472622796630498,110075783.54284666,92789129.712718,94492908.82855982
2003-01-17,-0.0039217784256553,-0.0072940532044763,-0.0069568257265941996,109644090.70976122,92112320.86379637,93835538.12944058
2003-01-20,-0.0025037552401842,0.0,-0.00025037552401842,109369568.74309143,92112320.86379637,93812044.00740987
2003-01-21,-0.0053750919863618,-0.0086299012361996,-0.00830442031121582,108781697.2505886,91317400.63210468,93032989.36371806
2003-01-22,0.0013338751972511,-0.0049509314807967,-0.0043224508129919206,108926798.45846604,90865294.43857066,92630858.84320779
2003-01-23,0.0011006837885839,0.0054036252112758,0.0049733310690066096,109046692.41967162,91356296.43442893,93091542.77144149
2003-01-24,-0.0003686755721339,-0.0163291432621953,-0.01473309649318916,109006489.5679545,89864526.38204756,91720016.08908999
2003-01-27,-0.0018885681428655,-0.0105733508926271,-0.00970487261765094,108800623.38439085,88914357.21181042,90829885.01645647
2003-01-28,-0.0003846253297516,0.0076447377149241,0.0068418014104565305,108758775.90874445,89594084.15178578,91451325.05187367
2003-01-29,0.004590469283802,0.0030084195767533,0.0031666245474581698,109258029.72889744,89863620.74850929,91740917.0626805
2003-01-30,0.0064210237527449,-0.0125816533215257,-0.01068138561409864,109959578.13296479,88732987.82603449,90760996.95094298
2003-01-31,0.0026992486010004,0.0084131970438504,0.007841802199565399,110256386.3704068,89479515.93690449,91472726.73646763
2003-02-03,-0.0004580736311804,0.0031653744280763,0.00280302962215063,110205880.82714127,89762752.10848781,91729127.49912883
2003-02-04,0.00662564158634,-0.0072352384557141,-0.00584915045150869,110936065.4942088,89113297.19254176,91192590.0316008
2003-02-05,-0.0066123649153249,-0.0047832520335656,-0.00496616332174153,110202515.74689071,88687045.83252782,90739712.73577125
2003-02-06,-0.001175302605835,-0.0022663644489265,-0.00215725826461735,110072994.44296381,88486048.66477266,90543963.74054302
2003-02-07,0.0042885361513081,-0.0054191235349472,-0.00444835756632167,110545046.45891519,88006531.8359389,90141191.81435302
2003-02-10,-0.006865936782392,0.0034214199445056,0.0023926842718158398,109786051.1583217,88307639.13920914,90356871.22624996
2003-02-11,0.0031232450825489,-0.0045261168298041,-0.0037611806385688,110128939.90273438,87907948.4475009,90017022.71163213
2003-02-12,-0.012081534079588,-0.006554319069792,-0.0071070405707716,108798413.3621506,87331771.70460515,89377268.0791605
2003-02-13,0.0016422927971245,0.0004894192017398,0.0006047065612782701,108977092.21275382,87374513.55059934,89431315.09959708
2003-02-14,-0.0040660185559374,0.011099997967452,0.009583396315113062,108533989.33364466,88344370.47341809,90288370.83517827
2003-02-17,-0.0047509295554828,0.0,-0.00047509295554827997,108018351.99594498,88344370.47341809,90245475.46622655
2003-02-18,-0.0022044020110274,0.0120989610524978,0.01066862474614528,107780236.12357725,89413245.5709834,91208270.5790132
2003-02-19,0.0073458910240824,-0.0027627179093871,-0.00175185701604015,108571977.99269094,89166221.99610803,91048486.73027846
2003-02-20,0.0028909082379644,-0.0049772743769868,-0.004190456115491679,108885849.6182821,88722417.24407408,90666952.0422533
2003-02-21,0.002583113896742,0.0068515807315179,0.00642473404804031,109167114.16958964,89330306.04851726,91249463.0960712
2003-02-24,0.0139164410766319,-0.0099691876845511,-0.007580624808432801,110686331.88143669,88439755.4616012,90557735.15236896
2003-02-25,-0.0110484954955662,0.005122496394459,0.00350539720545648,109463414.44222389,88892787.79008009,90875175.98410453
2003-02-26,0.007199389046556,-0.0067770753454678,-0.00537942890626542,110251484.14915787,88290354.66955803,90386319.43555367
2003-02-27,-0.0102359375572598,0.0074966676446313,0.005723407124442191,109122956.84181185,88952238.11474234,90903637.14016321
2003-02-28,0.0049080598197918,0.0040644251478035,0.004148788615002331,109658538.84170403,89313777.8282893,91280777.11499262
2003-03-03,0.0005931760524562,-0.0041538628818547,-0.00367915898842361,109723585.66089226,88942780.64173014,90944940.62339969
2003-03-04,0.004112135004476,-0.0087065247160907,-0.007424658744034032,110174783.85830504,88168398.12375508,90269705.47477451
2003-03-05,-0.0005166723255811,0.0065869824802554,0.00587661699967175,110117859.59650858,88749161.81750844,90800185.96052293
2003-03-06,0.0029805175288848,-0.0061496154305677,-0.00523660213462245,110446067.80727923,88203388.60254554,90324701.51289795
2003-03-07,-0.0013207997533814,0.0057077406915077,0.00500488664701879,110300190.66815744,88706830.67280115,90776766.4053958
2003-03-10,-0.0012359521667821,-0.0144091474733963,-0.013091827942734882,110163864.90850465,87428640.86773917,89588332.59841853
2003-03-11,-0.0073043877732696,-0.0053502301557492,-0.00554564591750124,109359185.32061084,86960877.51689242,89091507.42748836
2003-03-12,-0.0042283465511672,0.0028705604518533,0.00216066975155125,108896776.78652199,87210503.97275087,89284004.75270703
2003-03-13,-0.0054551205973372,0.0174782137107723,0.015184880279961354,108302731.73649019,88734787.79901077,90639771.6757924
2003-03-14,-0.0002375113677613,0.0015815600051471,0.00139965286785626,108277008.60654317,88875127.19045891,90766635.89216025
2003-03-17,-0.0048032883700898,0.0192107800690954,0.01680937322517688,107756922.91035524,90582487.7125277,92292366.15126531
2003-03-18,-0.0042217522954541,0.0009362948598932,0.00042049014435847,107301999.87370737,90667299.63016929,92331174.18163143
2003-03-19,-0.0019075306573084,0.0041044905305524,0.00350328841176632,107097318.01935776,91039442.70293209,92654636.91418672
2003-03-20,-0.0012757014049456,0.0002580745913252,0.00010469699169812004,106960693.82029456,91062937.66990212,92664337.57593851
2003-03-21,-0.005144253715305,0.0119054903435591,0.010200515937672692,106410460.8737179,92147086.59498727,93609561.62823576
2003-03-24,0.0051582981337006,-0.0185222802095424,-0.0161542223752181,106959357.75544903,90440312.43658195,92097371.95324655
2003-03-25,5.262021809726569e-05,0.0074279896071169,0.006690452668214936,106964985.98018166,91112102.13742529,92713545.06116675
2003-03-26,0.0008476467992711,-0.0028509586257951,-0.00248109808328848,107055654.50818184,90852345.30392227,92483513.66222061
2003-03-27,0.0046859259415941,-0.0004362972403309,7.59250778616e-05,107557309.37683608,90812706.67638858,92490535.48019633
2003-03-28,0.0002913972077119,-0.0026955376035035,-0.0023968441223819596,107588651.27645749,90567917.61066644,92268850.08385468
2003-03-31,0.0050313318708457,-0.0087756945160851,-0.007394991877392021,108129965.48656604,89773121.23275727,91586522.68694827
2003-04-01,0.0002664544992848,0.0072957386453448,0.006592810230738801,108158777.20237744,90428082.46264832,92190335.25071658
2003-04-02,0.0017905645134036,0.0136836402413192,0.01249433266852764,108352442.47064912,91665467.81077954,93342191.96816212
2003-04-03,0.0024995224550352,-0.0027610209870081,-0.00223496664280377,108623271.83366242,91412377.53037006,93133575.28274709
2003-04-04,0.0016680117329062,0.00118027436079,0.00122904809800162,108804456.72554764,91520269.21582802,93248040.92630845
2003-04-07,0.0035713269843839,-0.0003786524980183,1.634545022192004e-05,109193033.01787283,91485614.83727014,93249565.10751972
2003-04-08,0.0013886788717222,0.0009035781440779,0.00095208821684233,109344667.075764,91568279.23933461,93338346.91968426
2003-04-09,0.0019380173353086,-0.0077280503908681,-0.006761443618250431,109556578.93608037,90860634.96316795,92707244.9495661
2003-04-10,-0.0022566761106801,0.003212610301418,0.00266568166020819,109309345.22162747,91152534.77504401,92954372.9521966
2003-04-11,-0.0001027676395186,-0.0029776385088558,-0.00269015142192208,109298111.75824173,90881115.47731803,92704311.61362536
2003-04-14,0.0024958714150279,0.0109883862714838,0.01013913478583821,109570905.79109566,91879752.27896613,93644253.12430425
2003-04-15,0.0070059014440864,0.0048613524428179,0.005075807342944751,110338548.75820735,92326412.13715298,94119573.31193717
2003-04-16,0.0064926091029336,-0.0066954970639522,-0.00537668644726362,111054933.82427935,91708240.91576342,93613521.87768863
2003-04-17,0.0040370821376854,0.0091835727621966,0.00866892369974548,111503271.71392319,92550450.21910639,94425050.35611077
2003-04-18,0.0,0.0,0.0,111503271.71392319,92550450.21910639,94425050.35611077
2003-04-21,-0.0007475297091331,-0.001284153004324,-0.0012304906748049102,111419919.70565148,92431601.28040597,94308861.2121796
2003-04-22,0.0018144119590056,0.013052194986413,0.01192841668367226,111622081.34043685,93638036.56322423,95433816.60568108
2003-04-23,0.0026956233581859,0.0050991869594036,0.0048588305992818305,111922972.43018745,94115514.41817158,95897513.35401101
2003-04-24,0.0019162725027949,-0.0029556247593886,-0.00246843503317025,112137447.34468646,93837344.27351464,95660796.57245405
2003-04-25,-0.002434570383183,-0.0078425029996476,-0.00730170973800114,111864440.83653535,93101424.61957064,94962309.20257603
2003-04-28,0.004567612032448,0.0107356677903563,0.01011886221456547,112375394.20250338,94100930.58509524,95923219.72497384
2003-04-29,0.0066886885703,0.0014275235521017,0.00195364005392153,113127038.2172886,94235261.87978016,96110619.16912967
2003-04-30,0.0041882365689493,0.0012877154315417,0.00157776754528246,113600841.0156872,94356610.08069812,96262259.38481171
2003-05-01,0.0024255875937918,-0.0001780289217117,8.233272983865003e-05,113876389.80629915,94339811.87514909,96270184.91940731
2003-05-02,-0.0021004428722673,0.0078687227781722,0.0068718062131282506,113637198.95501098,95082145.70173955,96931734.97427551
2003-05-05,-0.005900150831753,-0.0015299582175305,-0.0019669774789527503,112966722.34107849,94936673.99158274,96741072.43458529
2003-05-06,0.0007231334248364,0.0067727687784376,0.00616780524307748,113048412.35389753,95579658.13312164,97337752.52836826
2003-05-07,0.0031667694100926,-0.0009876956273718,-0.00057224912362536,113406410.60799938,95485254.52271786,97282051.08478825
2003-05-08,0.0085458312449427,-0.0054403153099727,-0.00404170065448116,114375562.65515003,94965784.6306613,96888866.15524958
2003-05-09,0.0034147027971498,0.0086244222412403,0.00810345029683125,114766121.20887415,95784809.65578681,97674000.266455
2003-05-12,0.0016939872121252,0.0085565360790144,0.00787028119232548,114960533.55058718,96604395.83542806,98442722.11373128
2003-05-13,-0.0004170334514752,-0.0013698395813032,-0.0012745589683204003,114912591.16249715,96472063.31028481,98317251.05939534
2003-05-14,-0.0015685590560969,0.0003629752871177,0.00016982185279624,114732343.97696966,96507080.2851637,98333947.47713208
2003-05-15,-0.0049422680130242,0.0047302690891359,0.0037630153789198896,114165305.98327298,96963584.74391937,98703979.63375843
2003-05-16,0.0038856893270277,0.0001209736133891,0.00049744518475296,114608916.89424904,96975314.779133,98753079.45314321
2003-05-19,0.0056751561740133,-0.0147885376801869,-0.012742168294766881,115259340.39655843,95541191.68247381,97494751.09512477
2003-05-20,0.0016361948464459,0.0013584926536309,0.0013862628729124,115447927.13532002,95670983.6894936,97629904.44887178
2003-05-21,0.0042509846959683,0.0021273547838159,0.00233971777503114,115938694.50675353,95874509.81431781,97858330.87168539
2003-05-22,-0.0015179202317766,0.0066668582736272,0.00584838042308682,115762708.81671597,96513691.58330335,98430643.6181913
2003-05-23,0.0069995059858877,0.0010184679097376,0.0016165717173526103,116572990.59002115,96611987.68103124,98589763.8127853
2003-05-26,0.0031462767554995,0.0,0.00031462767554995,116939761.4806336,96611987.68103124,98620782.88100672
2003-05-27,-0.0158311579351219,0.0103095125794296,0.007695445527974451,115088469.64773822,97608010.18335254,99379713.74359371
2003-05-28,-0.0036690377643033,0.0005549357707706,0.00013253841726321007,114666205.70636481,97662176.35971703,99392885.37356135
2003-05-29,0.0121360654515973,-0.0004797615436457,0.0007818211558786,116057802.28390358,97615321.80323088,99470592.83409022
2003-05-30,-0.0041596408685367,0.0085847280166421,0.007310291128124221,115575043.5064109,98453322.7911686,100197751.82639453
2003-06-02,0.0064316863803736,0.0007154711293291,0.00128709265443355,116318385.93964216,98523763.3012122,100326715.61676103
2003-06-03,0.0006693640597295,0.004916328515642,0.00449163207005075,116396245.28667592,99008138.48819831,100777346.31010813
2003-06-04,0.0015411522298288,0.0100985658297289,0.00924282446973889,116575629.61964317,100007978.69240032,101708813.63257855
2003-06-05,0.0102923375096244,0.0013159670866733,0.00221360412896841,117775465.3450855,100139585.90076426,101933956.68238811
2003-06-06,-0.0026736536337313,-0.0015624874153897,-0.0016736040372238603,117460574.54420123,99983119.05801198,101763359.60095426
2003-06-09,-0.0034813468869942,-0.0055358294818467,-0.00533038122236145,117051653.53866722,99429629.55984364,101220922.09981292
2003-06-10,-0.0049052621811725,0.0076213135545382,0.00636865598096713,116477484.4893203,100187413.9433308,101865563.33074291
2003-06-11,0.0048254897171795,0.0078847668347108,0.0075788391229576705,117039545.39300644,100977368.34204662,102637586.04739606
2003-06-12,-0.0031849124505942,0.0013404999158378,0.0008879586791946,116666784.68767238,101112728.49581066,102728723.98273842
2003-06-13,0.0008946712904923,-0.0045585891835561,-0.00401326313615126,116771163.11048648,100651797.1053698,102316446.58175465
2003-06-16,0.001884675722535,0.0119342096384449,0.01092925624685391,116991238.88669299,101852996.75251152,103434689.2447142
2003-06-17,0.0046842258847656,-0.0015170191858505,-0.00089689467878889,117539252.27617683,101698483.8023016,103341919.22232842
2003-06-18,-0.0071684971026064,-0.002801627523432,-0.0032383144813494403,116696672.48679253,101413562.53098977,103007265.5887803
2003-06-19,0.0045365270101732,-0.0088447654517837,-0.00750663620558801,117226070.09352621,100516583.35677336,102234027.51947294
2003-06-20,-0.0034339807433826,-0.0004641794927255,-0.0007611596177912101,116823518.0262026,100469925.6201003,102156211.10616098
2003-06-23,-0.0064570337654036,-0.0066832058851045,-0.0066605886731344105,116069184.62571418,99798464.42192005,101475790.60357694
2003-06-24,-0.0035014360134182,0.0022748701657886,0.00169723954786792,115662775.80261761,100025492.97122498,101648019.32854049
2003-06-25,0.0063370539116554,-0.007466086758445,-0.00608577269143496,116395737.04845051,99278693.96264559,101029412.5883724
2003-06-26,-0.0124500802163685,0.0034408841269043,0.0018517876925770202,114946600.78535397,99620300.44484144,101216497.61119182
2003-06-27,0.0047813161064367,-0.0064260391255247,-0.00530530360232856,115496196.81906913,98980136.49648637,100679513.36180007
2003-06-30,0.0040719635212611,0.0001393213748101,0.0005325855894552001,115966493.11936077,98993926.54518196,100733133.81976992
2003-07-01,0.0082669618999861,0.0045128194542362,0.00488823369881119,116925183.69965352,99440668.26274627,101225540.91909456
2003-07-02,0.0057128231317488,0.0074375519587104,0.007265079076014241,117593156.59377687,100180263.39975934,101960952.4783841
2003-07-03,-0.0019764675348096,-0.0069575121896061,-0.00645940772412645,117360737.53745349,99483257.99599756,101302345.11438593
2003-07-04,-0.0013523361467219,0.0,-0.00013523361467219,117202026.36987564,99483257.99599756,101288645.63208136
2003-07-07,-0.0043348997689369,0.0104206382352955,0.00894508443487226,116693967.33284594,100519937.03804243,102194681.11955416
2003-07-08,-0.0094221970423287,0.001743532919219,0.00062695992306423,115594453.77898479,100695196.85730608,102258753.08896643
2003-07-09,0.0040598749730636,-0.0028176145546003,-0.00212986560183391,116063752.80890703,100411476.6050626,102040955.68827583
2003-07-10,-0.0044543112153823,-0.0075151941582244,-0.007209105863940191,115546768.73307097,99656864.86266154,101305331.6362614
2003-07-11,-0.0003960436061047,0.0065800127263309,0.00588240709308734,115501007.17410818,100312608.3017241,101901250.83764611
2003-07-14,0.003143429190348,0.0017351954118749,0.00187601878972221,115864076.41157389,100486670.27940245,102092419.49891375
2003-07-15,0.0005045583970949,-0.0057944448013799,-0.00516454448153242,115922536.60424899,99904405.815194,101565158.65718435
2003-07-16,-0.0005656047425799,-0.0041643891287229,-0.0038045106901085997,115856970.26777373,99488364.99370569,101178752.92533052
2003-07-17,-0.0002841898924339,-0.0074773491347319,-0.006758033210502099,115824044.8878556,98744455.75380412,100494983.55286394
2003-07-18,-0.0027696922444164,0.0067546797620139,0.005802242561370871,115503247.92901279,99411442.93069541,101078079.82363863
2003-07-21,0.0008259533958598,-0.0126081857268999,-0.01126477181462393,115598648.2288726,98158044.99484609,99939458.318965
2003-07-22,2.2256104079659833e-05,0.0064198153382175,0.005780059414803716,115601221.00441906,98788201.51767346,100517114.3259319
2003-07-23,0.002570726565208,0.0011206598052962,0.00126566648128738,115898400.13422559,98898909.48435181,100644335.46832998
2003-07-24,0.0028129128004178,-0.0053055666812728,-0.00449371873310374,116224412.2275111,98374194.72537743,100192068.13265517
2003-07-25,-0.0005864329185129,0.0101287244221658,0.00905720868809793,116156254.40624607,99370599.83400325,101099528.60262476
2003-07-28,6.57554320624143e-05,-0.0034107103556963,-0.003063063776920429,116163892.31094131,99031675.50009766,100789854.29869834
2003-07-29,-0.0007495925247332,-0.0063709364274863,-0.00580880203721099,116076816.72562112,98400750.9911791,100204385.98771785
2003-07-30,-0.0073536420122774,0.0004809421561584,-0.00030251626068518005,115223229.36949617,98448076.0605284,100174072.53156461
2003-07-31,-0.0034833205631591,-0.001698047375222,-0.0018765746940157101,114821869.92527978,98280906.56337817,99986088.40205538
2003-08-01,-0.0026150233075149,-0.0059058525276804,-0.0055767696056638495,114521608.05921271,97700474.02292812,99428489.02326557
2003-08-04,-0.0081387605563696,0.0036689665101209,0.00248819380347185,113589544.11268838,98058933.79014117,99675886.37354182
2003-08-05,0.0,-0.0131573679844211,-0.011841631185978991,113589544.11268838,96768736.3141043,98495561.28897078
2003-08-06,0.0,0.0044686540099755,0.004021788608977951,113589544.11268838,97201162.31567457,98891689.61539766
2003-08-07,0.0,0.0052664132090141,0.0047397718881126896,113589544.11268838,97713063.80082536,99360413.66580468
2003-08-08,0.0,0.0021538799585874,0.0019384919627286601,113589544.11268838,97923526.01063813,99553023.02910922
2003-08-11,0.0,0.0007003438537955,0.00063030946841595,113589544.11268838,97992106.15022168,99615772.2421339
2003-08-12,0.0,0.0065158084909653,0.0058642276418687704,113589544.11268838,98630603.94752286,100199941.80728231
2003-08-13,0.0,-0.0075855096831404,-0.00682695871482636,113589544.11268838,97882440.54622495,99515880.94133599
2003-08-14,0.0,0.0037897069021926,0.00341073621197334,113589544.11268838,98253386.30676644,99855303.36012903
2003-08-15,-0.0015029375597759,0.0010309762690077,0.00077758488612934,113418826.12044361,98354683.21639836,99932949.33482172
2003-08-18,-0.0037113402061855,0.0064605381964238,0.0054433503561628705,112997890.27092443,98990107.40411505,100476919.39017582
2003-08-19,0.0025812752895214,0.0038515805600755,0.0037245500330200902,113289568.93284883,99371375.77743253,100851150.70360826
2003-08-20,0.0029001519127192,-0.0023037807821405,-0.00178338751265453,113618125.89288056,99142445.91162162,100671294.02080661
2003-08-21,-0.0022088526177931,0.0003266522920071,7.310180102708001e-05,113367160.19807331,99174831.01881383,100678653.27371126
2003-08-22,0.0025213765910739,-0.0049715803400397,-0.0042222846469283405,113653001.50199327,98681775.37869394,100253559.34172024
2003-08-25,-0.0027386955021989,-0.00078110972233,-0.00097686830031689,113341740.53796835,98604694.08452885,100155624.81760538
2003-08-26,0.0021838429373584,0.0027939669711106,0.0027329545677353805,113589261.0975501,98880192.34299749,100429345.58993506
2003-08-27,0.004395971348182,-0.000940406826028,-0.00040676900860699995,114088596.2347961,98787204.73515916,100388494.04459438
2003-08-28,-0.0010953260953076,0.0060577447177238,0.00534243763642066,113963632.01816311,99385632.40282227,100924813.31344181
2003-08-29,0.0050361958040542,0.0028816215246139,0.00309707895255793,114537575.18354775,99672024.18039161,101237385.4285457
2003-09-01,0.0,0.0,0.0,114537575.18354775,99672024.18039161,101237385.4285457
2003-09-02,-0.0067751617959877,0.0052579256514633,0.0040546169067182,113761564.5799591,100196092.27306296,101647864.24309622
2003-09-03,0.0028924225050188,0.0028396312202154,0.0028449103486957402,114090611.08955634,100480612.22482514,101937043.30400424
2003-09-04,-0.0008389660389656,0.0027385559764935,0.00238080377494759,113994892.94148737,100755784.00595514,102179735.4015094
2003-09-05,0.0033634488080687,-0.000212322215418,0.00014525488693067,114378308.92827734,100734391.31467883,102194577.50742176
2003-09-08,-0.0014725709037758,0.0056217894280279,0.00491235339484753,114209878.75852649,101300698.85081053,102696593.38717537
2003-09-09,0.0057388172290203,-0.0044703415073592,-0.00344942563372125,114865308.37847023,100847850.13201325,102342349.12544979
2003-09-10,-4.546938410812662e-05,-0.0050097287373734,-0.004513302802046873,114860085.52364287,100342629.75910458,101880447.11437385
2003-09-11,-0.0003113082000904,0.0021129118374707,0.00187048983371459,114824328.63715626,100554644.88932553,102071013.45495558
2003-09-12,-0.0051244412301529,0.0025866475616975,0.0018155386825124595,114235918.11326338,100814744.31634587,102256327.3282463
2003-09-15,-0.0017768863175248,-0.0016093780387021,-0.0016261288665843701,114032933.87339805,100652495.28086577,102090045.36258693
2003-09-16,-0.003477196652518,0.0077110378693242,0.00659221441713998,113636418.93745667,101428630.4836185,102763044.83147265
2003-09-17,0.0020981066833168,4.682435131551097e-05,0.0002519525845156399,113874840.26749752,101433379.81344572,102788936.24621063
2003-09-18,-0.0007847991663176,0.0078623387875066,0.00699762499212418,113785471.38779105,102230883.40990086,103508214.67540099
2003-09-19,0.0046156591400483,-0.0014938829441193,-0.0008829287357025401,114310666.33880682,102078162.43681256,103416824.2982828
2003-09-22,0.0049658667476539,-0.0091016797284502,-0.00769492508083979,114878317.87568088,101149079.69504397,102621039.58320914
2003-09-23,-0.0035730969081179,0.0044284427936302,0.00362828882345539,114467846.51326948,101597012.60810181,102993378.35418025
2003-09-24,0.0069801173456018,-0.0098226533822226,-0.008142376309440159,115266845.51423046,100599060.36858313,102154767.51023997
2003-09-25,-0.0029768171315706,-0.0028659706899156,-0.0028770553340811003,114923717.19380158,100310746.4101337,101860862.59147282
2003-09-26,-0.0065045840800558,-0.0021576830596695,-0.0025923731617081298,114176186.21252194,100094307.61190176,101596801.22506225
2003-09-29,0.0037713731097122,0.004928284929478,0.0048125937475014206,114606787.21097335,100587600.87963203,102085745.35540414
2003-09-30,0.0061045308578708,-0.0032810020892868,-0.00234244879457104,115306407.88002418,100257572.75098962,101846614.72425349
2003-10-01,0.0022100751431263,0.0135696208859441,0.01243366631166232,115561243.705923,101618030.0041655,103112941.54670732
2003-10-02,0.00280853459516,-8.49204480113388e-05,0.0002044250563057951,115885801.4567308,101609400.55553152,103134020.41558886
2003-10-03,-0.0095990270657822,0.0015911840105892,0.00047216290295205984,114773410.51200777,101771079.80902103,103182716.47406138
2003-10-06,0.0061280733172118,0.003922565084119,0.00414311590742828,115476750.3864918,102170283.493253,103610214.42805673
2003-10-07,0.0079962923021524,0.0009538986743593,0.00165813803713861,116400136.23668489,102267743.59123611,103782014.46563597
2003-10-08,-0.0002890991335214,-0.0028885787371952,-0.0026286307768278202,116366485.05815707,101972335.16159754,103509209.8683304
2003-10-09,0.0018097342463933,0.0017198992333276,0.00172888273463417,116577077.47129922,102147717.30266258,103688165.1541474
2003-10-10,0.0078900780031853,0.0007107977527442,0.00142872577778831,117496879.70593113,102220323.67056929,103836307.10855472
2003-10-13,0.0029375658001717,0.0042147117296222,0.00408699713667715,117842034.52138215,102651152.86774942,104260685.7983905
2003-10-14,-0.0013673529974585,0.0005798390538744,0.00038511984874111,117680902.86225274,102710674.01510738,104300838.6579348
2003-10-15,-0.0007081959339325,-0.0025144588126632,-0.0023338325247901303,117597561.7253442,102452412.25567552,104057417.96831203
2003-10-16,-0.0036049391224013,0.0004470438254969,4.184553070707994e-05,117173629.6743815,102498212.97398168,104061772.30619094
2003-10-17,-0.0028068045008039,-0.0046894989753668,-0.004501229527910509,116844746.20323591,102017547.70926325,103593366.38395959
2003-10-20,-0.0021166241065887,0.0035986672329814,0.0030271380990243898,116597429.79669389,102384674.9153937,103906957.81014667
2003-10-21,0.0094945717043005,0.0009517526126077,0.0018060345217769801,117704472.45443574,102482119.7972354,104094617.36300462
2003-10-22,0.0075945881485519,-0.0069770879379924,-0.005519920329337969,118598389.44596976,101767093.03533822,103520023.36844791
2003-10-23,-0.0002795906810732,0.0012665711697844,0.00111195498469864,118565230.44149038,101895988.30140953,103635132.97444859
2003-10-24,0.0012659369101958,-0.0006276995805809,-0.00043833593150323,118715326.54297212,101832028.23228985,103589705.97189978
2003-10-27,0.0013899344367251,0.000366946693604,0.00046924546791611,118880333.06350127,101869395.15835269,103638314.97194985
2003-10-28,-0.0023022363069968,0.0107818391299923,0.00947343158629339,118606642.4445346,102967734.58921966,104620125.45855534
2003-10-29,0.0048927790431233,-0.0008134992980414,-0.00024287146392493002,119186958.53906243,102883970.40941042,104594716.21552923
2003-10-30,-0.0034018203489876,-0.0018214462142736,-0.001979483627745,118781505.91817029,102696572.79099876,104387672.68723194
2003-10-31,0.0012227603380344,0.0030971643345083,0.00290972393486091,118926747.23249903,103014640.95352328,104691411.99695443
2003-11-03,-0.0092933026983779,0.0036283338105166,0.0023361701596271503,117821524.97153392,103388412.45827317,104935988.94963095
2003-11-04,0.0023179890081193,-0.0020477109715185,-0.00161114097355472,118094633.9713378,103176702.87175448,104766922.27823369
2003-11-05,0.0080756902014276,-0.0018825370532064,-0.0008867143277430001,119048329.6497413,102982468.90557075,104674023.94717604
2003-11-06,-0.004764327769662,0.0022583553847779,0.0015560870693339102,118481144.38685918,103215039.91876137,104836905.84233539
2003-11-07,0.0056042272588285,-0.0032962703920828,-0.00240622062699167,119145139.64588922,102874815.23865952,104584645.11702757
2003-11-10,0.0027878407298971,-0.003637133253168,-0.00299463585486149,119477297.3189633,102500645.82724148,104271452.18889216
2003-11-11,0.0014745801237244,-0.0003109705693254,-0.00013241550002042,119653476.16682616,102468771.14305235,104257645.03241271
2003-11-12,0.0057585369978283,0.0083093472329388,0.00805426620942775,120342505.1362516,103320219.7430125,105097363.85987179
2003-11-13,-3.710774416021412e-05,0.0029493939069493,0.0026507437418383487,120338039.4973594,103624951.76958722,105375950.03940704
2003-11-14,0.0043505959657543,-0.0031005422826992,-0.00235542845785385,120861581.6865234,103303658.22508293,105127744.52791084
2003-11-17,-0.0101474831726087,-0.0028359502656275,-0.00356710355632562,119635140.82014452,103010694.18809922,104752742.97653686
2003-11-18,0.0107743188872963,-0.0050862006342009,-0.00350014868205118,120924127.97746737,102486761.12999025,104386092.80126627
2003-11-19,-0.0062038623709886,0.0034286297548051,0.0024653805422257297,120173931.33016334,102838150.28867413,104643444.24333747
2003-11-20,-0.0012794663513366,-0.0035089316018367,-0.0032859850767866902,120020172.82871857,102477298.25325178,104299587.44717029
2003-11-21,0.0029898624539138,0.0011964191866029,0.00137576351333399,120379016.6371714,102599904.0590732,104443079.01403591
2003-11-24,-0.0084064829853675,0.0081712396882989,0.006513467420932261,119367052.48201576,103438272.46713635,105123365.60653567
2003-11-25,0.0003790137062782,0.0019373954755414,0.0017815572986150802,119412294.23098448,103638673.30821201,105310648.90578699
2003-11-26,0.006981051275921,0.0015616325952519,0.00210357446331881,120245917.57998633,103800518.83857878,105532177.69754073
2003-11-27,-0.001004242495438,0.0,-0.0001004242495438,120125161.51964958,103800518.83857878,105521579.70779273
2003-11-28,0.00252042728138,-0.0016638044401608,-0.00124538126800672,120427928.25392388,103627815.07444414,105390165.10905415
2003-12-01,0.0093157264944386,0.0055626982007072,0.00593800103008034,121549801.8958293,104204265.33490197,106015972.01803203
2003-12-02,0.0061044421726272,-0.0015671948146722,-0.0008000311159422601,122291795.63259672,104040956.95060238,105931155.94163074
2003-12-03,0.0043873947600956,-0.0016305264330863,-0.00102873431376811,122828338.01595785,103871315.42017083,105822180.92661646
2003-12-04,-8.98501224927406e-06,0.0038356908313308,0.0034512232469727923,122827234.4018362,104269733.67236625,106187396.89747576
2003-12-05,0.0010032756008074,-0.0011238498065181,-0.0009111372657855499,122950463.96922623,104152550.15235285,106090645.60300572
2003-12-08,0.0076767643280405,0.0031677698310347,0.0036186692807352798,123894325.7051412,104482481.4585508,106474552.56322266
2003-12-09,8.893396596629244e-05,-0.006588745768874,-0.005920977795389971,123905344.11888687,103794072.95091932,105844119.10172173
2003-12-10,-0.001372850466748,0.0003708347648175,0.00019646624166095,123735240.6093807,103832563.40155151,105864913.89800356
2003-12-11,-0.0033803701906763,0.0087150295863883,0.007505489608681841,123316969.69048859,104737467.26362656,106659481.90918903
2003-12-12,0.009559878781297,0.001612791318558,0.0024075000648319,124495864.97240655,104906386.9415571,106916264.61880033
2003-12-15,0.0008418667987377,-0.0038085974301921,-0.0033435510072991202,124600673.90770695,104506840.74584073,106558784.63453747
2003-12-16,-0.0025953457634795,0.0048882890604606,0.00413992557806659,124277292.0765539,105017700.39220193,106999930.07261369
2003-12-17,0.0047949552482357,0.0017529387976915,0.00205714044274592,124873196.1304329,105201789.99366376,107220043.95613702
2003-12-18,-0.0010800433359094,0.0081758421123101,0.00725025356748815,124738327.66711852,106061903.21858437,107997416.46233623
2003-12-19,-0.0031180726555903,-0.0001450644863717,-0.00044236530329356,124349384.49851562,106046517.40307036,107949642.15244795
2003-12-22,-0.0055822150703818,0.0019253735612173,0.0011746146980573901,123655239.49037531,106250696.5639374,108076441.38877027
2003-12-23,0.0009708307021116,-0.0003309176455454,-0.0002007428107797,123775287.79334955,106215536.3335929,108054745.8201468
2003-12-24,0.0046805003385075,0.0005403237019548,0.0009543413656100699,124354618.06976518,106272927.10538977,108157866.93383345
2003-12-25,0.0005460502366217,0.0,5.460502366217e-05,124422521.93838717,106272927.10538977,108163772.89671664
2003-12-26,-0.0004235634151521,0.0021093805888591,0.00185608618845798,124369821.1100731,106497097.15494713,108364534.18168175
2003-12-29,0.0025736701488168,0.0062235384369272,0.00585855160811616,124689908.0060778,107159885.9325121,108999393.39767462
2003-12-30,0.0044516309777147,-0.0007042770434129,-0.00018868624130014,125244981.46316604,107084415.6848751,108978826.7118304
2003-12-31,-0.0003351427582319,0.0015305558978774,0.0013439860322664702,125203006.51462379,107248314.36887231,109125292.73274389
2004-01-01,0.0002407028523288,0.0,2.407028523288e-05,125233143.23541202,107248314.36887231,109127919.40966609
2004-01-02,0.001989103820412,-0.0040799753620163,-0.0034730674437734705,125482244.9590638,106810743.88862954,108748910.78555764
2004-01-05,0.0177024015878509,0.0073985072682652,0.00842889670022377,127703582.05147421,107600983.95361839,109665544.12083095
2004-01-06,-0.0004019608100683,0.0030038792648238,0.0026632952573345903,127652250.21618418,107924204.31819129,109957615.84438099
2004-01-07,-0.0033167153275953,0.0022022414387328,0.00165034576209999,127228864.04129015,108161879.47318308,110139083.9297004
2004-01-08,0.0074305775896593,0.0030085731043074,0.00345077355284259,128174247.98719317,108487292.39467745,110519148.96765932
2004-01-09,0.0063473116608409,-0.0018836695242366,-0.00106057140572885,128987809.88606177,108282938.18822666,110401935.51847875
2004-01-12,0.0036630299604354,0.0030927662009036,0.00314979257685678,129460296.09820537,108617831.99958974,110749678.71544547
2004-01-13,-0.0050168019962504,-0.0020827054625958,-0.0023761151159612604,128810819.42630473,108391613.04754888,110486524.72976185
2004-01-14,-0.0035254297942894,0.0057918200745124,0.00486009508763222,128356705.92567241,109019397.76790646,111023499.74585053
2004-01-15,-0.0137332171388342,0.0009690919103191,-0.0005011389945962301,126593955.41196965,109125047.5843512,110967861.54081133
2004-01-16,0.0001402005765465,0.0035146066688255,0.0031771660595976002,126611703.95750572,109508579.20432703,111320424.86420493
2004-01-19,-0.0038974221464684,0.0,-0.00038974221464684,126118244.69849963,109508579.20432703,111277038.59528293
2004-01-20,0.0124600912080392,-0.0012653456372497,0.00010719804727918987,127689689.53044075,109370013.00138944,111288967.27652735
2004-01-21,-0.0006759084844703,0.005118473055624,0.00453903490161457,127603382.98590775,109929820.4660303,111794111.78316015
2004-01-22,0.0009617592596432,-0.0005168295011481,-0.00036897062506897,127726106.72105622,109873005.49175756,111752863.03985648
2004-01-23,-0.0038358824618155,-0.0032584608868055,-0.0033162030443065005,127236164.38836893,109514988.6008469,111382267.85523373
2004-01-26,-0.0045926793855669,0.0060171572761829,0.00495617361000792,126651809.47908388,110173957.51135756,111934297.71180068
2004-01-27,0.0029264902473034,-0.0047032950782964,-0.003940316545736421,127022454.76432773,109655776.87923798,111493241.14649148
2004-01-28,-0.0026696691909126,-0.0106188188182438,-0.00982390385551068,126683346.83028932,108491362.0521836,110397942.2649291
2004-01-29,-0.0193542976468929,0.0033223312515809,0.0010546683617335202,124231479.62883134,108851806.29485613,110514375.48183641
2004-01-30,0.0045573041811838,-0.0003768848478755,0.00011653405503042993,124797640.27037846,108810781.69839972,110527254.17015046
2004-02-02,-0.00378617205446,0.0019818726815598,0.00140506820795782,124325134.9323242,109026430.81410694,110682552.50109781
2004-02-03,0.0053219657763989,0.0015089140330387,0.00189021920737472,124986789.04558021,109190942.32553448,110891766.78775665
2004-02-04,-0.0020198685238359,-0.0051712203663739,-0.0048560851821201,124734332.1644917,108626291.90075712,110353266.9222395
2004-02-05,-0.0012311859631848,2.9332204832366315e-05,-9.671961196935031e-05,124580761.00560354,108629478.14940134,110342593.59708323
2004-02-06,0.0049078183798868,0.0094146373222695,0.00896395542803123,125192180.75424711,109652185.28868535,111331699.68790084
2004-02-09,0.0061231754003495,-0.0008521685279616,-0.00015463413513048998,125958754.43575764,109558743.14736012,111314484.00680698
2004-02-10,0.0024201052118653,0.0022066363629418,0.00222798324783415,126263587.87384768,109800499.4538673,111562490.81241547
2004-02-11,0.0050777880511403,0.0084567664535669,0.00811886861332424,126904727.61164762,110729056.63423365,112468252.01749666
2004-02-12,0.0034374616087322,-0.0036511641799895,-0.00294230160111733,127340957.74077927,110324766.66896671,112137336.49951072
2004-02-13,0.0003740711450146,-0.0024744700198362,-0.00218961590335112,127388592.31864864,110051771.34139892,111891798.80415197
2004-02-16,0.0010211348408501,0.0,0.00010211348408501001,127518673.24859208,110051771.34139892,111903224.4655684
2004-02-17,0.0031056824028187,0.0059699973154274,0.00568356582416653,127914705.74813099,110708780.1208651,112539233.80775492
2004-02-18,-0.0037515805586766,-0.0025509304852989,-0.00267099549263667,127434823.42487746,110426369.71866456,112238642.02150962
2004-02-19,0.0014199237421384,-0.0023438610016479,-0.00196748252726927,127615771.15623365,110167545.65712743,112017814.45444785
2004-02-20,-0.0078337057758233,-0.0026282775637791,-0.00314882038498352,126616066.75264092,109877994.7686202,111665090.47681239
2004-02-23,0.0018273994908076,-0.0004576573803279,-0.00022915169321435,126847444.88855276,109827708.29337871,111639502.2322567
2004-02-24,0.0048572236354398,-0.0005429036626773,-2.890932865590027e-06,127463571.29596058,109768082.42828278,111639179.4899506
2004-02-25,-0.0011904200784297,0.0028112609004769,0.00241109280258624,127311836.10142149,110076669.14653373,111908351.91210544
2004-02-26,0.0030881076340407,0.0002620977883058,0.00054469877287929,127704988.75439005,110105519.99806114,111969308.2540669
2004-02-27,0.0021646272927819,0.0014438095069794,0.00151589128555965,127981422.45847222,110264491.39460523,112139041.5526994
2004-03-01,0.0040179900859331,0.0056736499153866,0.00550808393244125,128495650.54509397,110890093.5168764,112756712.80567518
2004-03-02,-0.0071036955269883,-0.0047136775465893,-0.0049526793446292,127582856.56707932,110367393.37292671,112198264.96319422
2004-03-03,-0.0098007563721463,0.0008894358559833,-0.00017958336682966016,126332448.07260291,110465558.089924,112178116.02101968
2004-03-04,0.0029542471912535,0.0026878394722491,0.00271448024414954,126705665.3524856,110762471.77728213,112482621.30078463
2004-03-05,0.0050557080846715,0.0050922910739251,0.005088632774999741,127346252.20918186,111326506.52363947,113055004.0541537
2004-03-08,-0.0047491309962077,-0.0037658179645282,-0.00386414926769615,126741468.17556435,110907271.16544457,112618142.64302845
2004-03-09,0.0031307044315277,-0.002353400168634,-0.0018049897086178297,127138258.25163992,110646261.97478107,112414868.05455412
2004-03-10,-0.0051709569450963,-0.0090257973840506,-0.008640313340155172,126480831.79214615,109647591.23289411,111443568.37047058
2004-03-11,0.0010550828236924,-0.0090659442243532,-0.008053841519548641,126614279.54529639,108653532.28644201,110546019.53244182
2004-03-12,-0.0032632641608684,0.0071764799471296,0.0061325055363298,126201103.70460205,109433282.18208046,111223943.60924375
2004-03-15,0.0053117104684459,-0.0086871165578237,-0.0072872338551967395,126871447.4282792,108482622.5044595,110413428.72186597
2004-03-16,0.001650970115637,0.0051063796916705,0.00476083873406715,127080908.39651091,109036575.96491545,110939089.2500862
2004-03-17,0.0015945840749938,0.007154801419305,0.006598779684873881,127283549.58927575,109816711.0133854,111671151.85848808
2004-03-18,0.0015656723670809,-0.0019779965429141,-0.0016236296519146001,127482833.92565165,109599493.93864672,111489839.26506718
2004-03-19,0.0001650527441093,-0.0074522868657659,-0.0066905529047783805,127503875.3172179,108782727.06947313,110743910.597119
2004-03-22,0.0007057216673409,-0.0063343205888032,-0.0056303163631887905,127593857.56469919,108093662.40169081,110120387.34516054
2004-03-23,-0.0004093859474482,-0.0006073057567694,-0.0005875137758372801,127541622.4324315,108028016.49824396,110055690.10059473
2004-03-24,-0.0022683571686095,-0.0012963838210136,-0.00139358115577319,127252312.47889082,107887970.72543946,109902318.56478494
2004-03-25,-0.0040013500537422,0.0093288152016654,0.00799579867612464,126743131.43151459,108894437.66681977,110781075.37806827
2004-03-26,0.0006814355620988,-0.0027537105036905,-0.00241019589711157,126829498.70852378,108594573.91002317,110514071.28471445
2004-03-29,-0.0001126166434904,0.007039897447822,0.00632464603869076,126815215.59608367,109359068.57373968,111213033.6678849
2004-03-30,0.0040754516830853,0.0021993705247696,0.0023869786406011703,127332044.87992553,109599589.68577701,111478496.80380662
2004-03-31,0.0007022252479311,0.0009384613098144,0.00091483770362607,127421460.65671092,109702444.66026866,111580481.5358263
2004-04-01,-0.001766038760053,0.0020136303422605,0.0016356634320291502,127196429.4183286,109923344.83145672,111762989.64920264
2004-04-02,-0.0028916664984541,0.0002735162119703,-4.300205907214002e-05,126828619.76465665,109953410.64834212,111758183.61051966
2004-04-05,-0.0053238339188844,0.0031336377439684,0.00228789057768312,126153405.25686829,110297964.80602783,112013874.10578114
2004-04-06,0.0040430150204497,-0.0001592493253995,0.00026097710918541995,126663445.36920269,110280399.92953953,112043107.16283394
2004-04-07,0.0040791971879669,-0.003893656502768,-0.00309637113369451,127180130.53937095,109851005.93322603,111696180.12008551
2004-04-08,-0.00061904058813,-0.0012272437806182,-0.00116642346136938,127101400.87656341,109716191.96939984,111565895.0750481
2004-04-09,0.0,0.0,0.0,127101400.87656341,109716191.96939984,111565895.0750481
2004-04-12,-0.0009848168670049,0.0027177676688605,0.00234750921527396,126976229.27316022,110014375.08868477,111827797.0418471
2004-04-13,-0.0118973485844943,-0.010410968774296,-0.01055960675531583,125465548.81155276,108869018.86491278,110646939.48077191
2004-04-14,-0.0016915595479128,-0.0016870780454422,-0.00168752619568926,125253316.36452645,108685348.33335695,110460219.87192526
2004-04-15,-0.0060622966690131,-4.40390956131687e-05,-0.0006458648529531619,124493993.60194694,108680561.92890996,110388877.49826051
2004-04-16,0.00281273923292,0.0041227949536855,0.00399178938160895,124844162.74201402,109128629.60119419,110829526.64730582
2004-04-19,-0.0001595269657025,0.0002131300554759,0.00017586435335806,124824246.7315461,109151888.1920751,110849017.6103426
2004-04-20,-0.0058901543629568,-0.0101602784684707,-0.00973326605791931,124089012.6500575,108042874.61268425,109770094.62968215
2004-04-21,-0.0093560806138918,0.0028066664140726,0.0015903917112761604,122928025.84440532,108346114.92013952,109944672.0783272
2004-04-22,0.0040735063685918,0.0096330659801405,0.00907711001898563,123428773.9405609,109389820.1938571,110942651.96278349
2004-04-23,0.0030736902276574,-0.0015004583339794,-0.00104304347781572,123808155.75683375,109225685.32649472,110826933.95324212
2004-04-26,0.0030602917763241,-0.0021307163134643,-0.00161161550448546,124187044.83773823,108992956.37692024,110648323.5481685
2004-04-27,0.0043951573055502,0.0020760583047433,0.00230796820482399,124732866.43511152,109219232.10916507,110903696.36083475
2004-04-28,-0.0126912736122082,-0.0095518493256719,-0.009865791754325531,123149847.49874848,108175986.46059275,109809543.58775379
2004-04-29,0.0009141746022944,-0.0056497370343278,-0.00499334587066558,123262427.96160829,107564820.58366139,109261226.55672021
2004-04-30,0.0026156145080567,-0.0027196607811929,-0.00218613325226794,123584834.95648296,107272280.75968395,109022366.95616099
2004-05-03,0.0026600549767542,0.0056394897677814,0.00534154628867868,123913577.4117603,107877241.68939477,109604714.97575866
2004-05-04,0.0025087753121219,0.0004813274510924,0.00068407223719535,124224448.73560761,107929165.96716799,109679692.51833926
2004-05-05,0.0007189095085614,0.0006757548853752,0.0006800703476938201,124313754.87299943,108002099.62834479,109754282.42496517
2004-05-06,-0.0022693353740014,-0.0046858411773328,-0.00444419059699966,124031645.27159119,107496018.94266789,109266513.47503169
2004-05-07,0.0003755332472764,-0.0117282863574354,-0.01051790439696422,124078223.27810505,106235274.85022399,108117258.7325117
2004-05-10,-0.0048987481821891,-0.0062482445225712,-0.006113294888532989,123470395.30737218,105571490.87603724,107456306.04734005
2004-05-11,0.0031133409916148,0.0050694590708403,0.00487384726291775,123854800.75033353,106106681.22808088,107980031.67045212
2004-05-12,-0.0004740321648979,0.0008492273396198,0.00071690138916803,123796089.59100084,106196789.9226961,108057442.70515908
2004-05-13,0.0003936634699657,-0.0014685345218556,-0.00128231472267347,123844823.58919741,106040836.27058437,107918879.0554838
2004-05-14,-0.0016133321248198,0.0010802777909483,0.0008109167993714901,123645020.75680833,106155389.83094107,108006392.28747924
2004-05-17,-0.0014287793729872,-0.0043715707299353,-0.0040772915942404895,123468359.30157842,105691324.03593124,107566018.73208125
2004-05-18,-0.0022342526258835,0.003441769206886,0.00287416702360905,123192499.79559535,106055089.18043311,107875181.4359819
2004-05-19,0.0063147712482369,-0.0026327046822768,-0.00173795708922543,123970432.25130302,105775877.45056851,107687698.99965376
2004-05-20,-0.0037282836317376,0.0018480224946164,0.001290391881981,123508235.31792106,105971353.65148495,107826658.33223213
2004-05-21,-6.301978686504284e-05,0.0015858898842922,0.0014209989171764757,123500451.85525525,106139412.5492656,107979879.89696498
2004-05-24,0.0055548926134996,0.0016177222155753,0.00201143925536773,124186483.60302986,106311116.63489465,108197074.86617962
2004-05-25,-0.0003564727336281,0.0100055751472018,0.00896937035911881,124142214.50774021,107374820.50136805,109167534.50242768
2004-05-26,-0.000496670261802,0.0023320180521594,0.0020491492207632598,124080556.76155998,107625220.5211246,109391235.07068598
2004-05-27,-0.0025045083797957,0.0051208923083983,0.0043583522395788995,123769795.96738094,108176357.68508089,109868000.6050466
2004-05-28,0.0014084817742993,-0.0014793168433472,-0.0011905369815825501,123944123.46920973,108016330.5771054,109737198.68723375
2004-05-31,0.0,0.0,0.0,123944123.46920973,108016330.5771054,109737198.68723375
2004-06-01,0.0075741259601227,-0.0006804623944735,0.00014499644098612,124882891.87238252,107942829.52615866,109753110.19048719
2004-06-02,-0.0062599116612105,0.0015772135858163,0.0007935010611136201,124101136.00126491,108113078.42337877,109840199.39988385
2004-06-03,-0.0035585905136017,-0.0041001289877421,-0.00404597514032806,123659510.87596361,107669800.85658102,109395788.68370326
2004-06-04,-0.0013372520008431,0.0017872648938468,0.00147481320437781,123494146.94762143,107862235.31177947,109557127.03735732
2004-06-07,0.0006761025178618,0.0100969559113637,0.009154870572013508,123577641.65131393,108951315.54622366,110560108.35562596
2004-06-08,-0.0039426894829978,0.0009038981586773,0.00041923939450979003,123090413.38324162,109049796.43973136,110606459.50850989
2004-06-09,-0.0011468776137285,-0.0065494217690621,-0.00600916735352874,122949243.7436678,108335583.32901718,109941806.78294197
2004-06-10,0.0003826803149108,0.0030430284073575,0.00277699359811283,122996293.99898167,108665251.58661503,110247114.47654314
2004-06-11,0.0,0.0,0.0,122996293.99898167,108665251.58661503,110247114.47654314
2004-06-14,0.0,-0.0074008289176295,-0.006660746025866551,122996293.99898167,107861038.65033132,109512786.44693026
2004-06-15,0.0,0.0074714167757028,0.00672427509813252,122996293.99898167,108666913.42394814,110249180.54976244
2004-06-16,0.0,-9.055777991395795e-05,-8.150200192256216e-05,122996293.99898167,108657072.78951837,110240195.02083732
2004-06-17,0.0,0.0001298339213021,0.00011685052917189,122996293.99898167,108671180.16335584,110253076.64596154
2004-06-18,0.0,0.0012407646640109,0.00111668819760981,122996293.99898167,108806015.52369888,110376194.95540226
2004-06-21,0.0,-0.0020105964388185,-0.0018095367949366502,122996293.99898167,108587250.53636491,110176465.16934533
2004-06-22,0.0,0.0019976258909551,0.0017978633018595899,122996293.99898167,108804167.23946398,110374547.39280193
2004-06-23,0.0,0.0053704227297659,0.00483338045678931,122996293.99898167,109388491.61230004,110908029.57309724
2004-06-24,0.0,-0.0004912357466266,-0.00044211217196394,122996293.99898167,109334756.07495052,110858995.78325444
2004-06-25,0.0,-0.0032287048353057,-0.00290583435177513,122996293.99898167,108981746.41934435,110536857.90510418
2004-06-28,0.0,-0.0023715376275315,-0.0021343838647783497,122996293.99898167,108723292.10699679,110300929.81912823
2004-06-29,0.0,0.0024460701195107,0.00220146310755963,122996293.99898167,108989236.90311453,110543753.24685454
2004-06-30,0.0,0.0042919580975041,0.00386276228775369,122996293.99898167,109457014.14098163,110970757.48804323
2004-07-01,0.0,-0.005017374435939,-0.0045156369923451,122996293.99898167,108907827.31639646,110469653.83046168
2004-07-02,0.0,0.000238710352494,0.0002148393172446,122996293.99898167,108933824.74224448,110493387.05546685
2004-07-05,0.0001884658876743,0.0,1.884658876743e-05,123019474.60471083,108933824.74224448,110495469.47889419
2004-07-06,-0.0034526051475204,-0.0050394431261636,-0.00488075932829928,122594736.93344536,108384858.92794047,109956167.68550028
2004-07-07,0.0061744112030553,0.0013934332979626,0.00187153108847187,123351687.25060284,108535885.99936566,110161954.07169291
2004-07-08,0.0034165734873897,-0.00472930207466,-0.00391471451845503,123773127.35488804,108022587.0085338,109730701.47070707
2004-07-09,-0.0001838460595661,0.0021547263310723,0.0019208690920084598,123750372.15314366,108255346.12111165,109941479.78360656
2004-07-12,0.0001839813565558,0.0013337783159765,0.0012187986200344302,123773139.91448669,108399734.75435653,110075476.30745135
2004-07-13,-0.0038607672508886,-0.0002616408082261,-0.00062155345249235,123295280.62936519,108371372.96014392,110007058.51511772
2004-07-14,0.0023652433710942,-0.0019842667592088,-0.0015493157461785,123586903.97456098,108156335.24712929,109836622.84716946
2004-07-15,-0.0008632383771118,-0.0027186906600987,-0.00253314543180001,123480219.0161417,107862291.6286624,109558390.70775981
2004-07-16,0.0068958552992122,-0.0003563286292048,0.0003688897636369001,124331720.73879205,107823857.2061435,109598805.67661244
2004-07-19,3.0694684878429523e-05,-0.0002306425432556,-0.00020450882044219706,124335537.06178051,107798988.43749385,109576391.75414164
2004-07-20,-0.003981484896737,0.0023460816135224,0.0017133249624964597,123840496.99884135,108051893.66222337,109764131.72143431
2004-07-21,-0.0110934451742805,-0.0086861516196213,-0.008926880975087221,122466679.23502906,107113338.53108609,108784280.38222328
2004-07-22,-0.0006649290992088,0.002090602761345,0.0018150495752896202,122385247.57632221,107337269.97239606,108981729.24412921
2004-07-23,-0.0056152715439509,-0.0052864812214663,-0.00531936025371476,121698021.17820749,106769833.51032352,108402016.16520688
2004-07-26,-0.002876640078685,-0.0018533342154203,-0.00195566480174677,121347939.77298962,106571953.32470411,108190018.1577542
2004-07-27,-0.0041065008256302,0.0036692587042041,0.00289168275122067,120849624.3581233,106962993.39206481,108502869.36711521
2004-07-28,0.001380623507623,0.0007696666438873,0.0008307623302608702,121016472.19039953,107045319.24020901,108593009.46371062
2004-07-29,0.0021395807984173,0.003310282656846,0.0031932124710031297,121275396.71059032,107399669.50398643,108939770.01579392
2004-07-30,0.0045654044117649,0.002717835398551,0.00290259229987239,121829067.94177137,107691564.12755705,109255977.75339164
2004-08-02,0.0003580209750933,0.0031711862225166,0.0028898696977742704,121872685.3034706,108033074.13199961,109571713.29280187
2004-08-03,0.0006490068488245,-0.003179950676616,-0.0027970549240719502,121951781.51091719,107689534.28481665,109265235.19259723
2004-08-04,-0.0017542010475324,-0.0005097874006683,-0.0006342287653547101,121737853.5680423,107634635.51705441,109195936.03738484
2004-08-05,0.0002192775419989,-0.0092588652262068,-0.00831105094938623,121764547.94534093,106638060.9331301,108288403.04951222
2004-08-06,0.0094314065002613,-0.0053562881471072,-0.0038775186823703507,122912958.89433397,106066876.75132349,107868512.74360369
2004-08-09,0.0018525107391855,0.0003218955235676,0.00047495704512939005,123140656.4706708,106101019.20414855,107919745.6536789
2004-08-10,0.0004985451760578,0.0068503571559906,0.00621517595799732,123202047.65093084,106827849.08031158,108590485.86225884
2004-08-11,-0.004139770807656,-0.0011887836223254,-0.0014838823408584601,122692019.41062206,106700853.88291666,108429350.35790257
2004-08-12,-5.2499262669480906e-05,-0.0065070542589325,-0.005861598759306199,122685578.17006758,106006545.63722609,107793781.01237231
2004-08-13,0.0054844455477355,0.0019338515022031,0.00228891090675634,123358440.54303375,106211546.55475,108040511.37341204
2004-08-16,0.0035939460592506,0.0075127212326028,0.00712084371526758,123801784.12429869,107009484.29569945,108809850.9698197
2004-08-17,0.0003217869474509,0.0024193438107134,0.00220958812438715,123841621.92250103,107268377.02921787,109050275.92433894
2004-08-18,0.0009341044780678,0.0072444360510174,0.006613402893722441,123957302.93611,108045475.92690246,109771469.33469819
2004-08-19,0.0042707279084658,-0.0017638826040471,-0.00116042155279581,124486690.8492174,107854896.39146899,109644088.15580013
2004-08-20,0.0001861182476232,0.0034949558581099,0.00316407209706123,124509860.09397067,108231844.49343818,109991009.95574163
2004-08-23,-0.0032467934438414,-0.0022375449770712,-0.0023384698237482204,124105602.29652396,107989670.87343274,109733799.29807654
2004-08-24,-0.0074702461160384,0.0003456088176307,-0.00043597667573621007,123178502.90298975,108026993.05589965,109685957.92104265
2004-08-25,0.0031234255141979,0.0051524954265609,0.004949588435324601,123563241.78175764,108583601.64356531,110228858.26988614
2004-08-26,-0.0015672033401922,0.0007693679586068,0.0005357108287269,123369593.0565123,108667142.38749999,110287909.06289952
2004-08-27,-0.001759222739028,0.0015475931524867,0.00121691156333523,123152558.46310264,108835314.91295917,110422119.69473422
2004-08-30,0.0031832954467747,-0.003763437889555,-0.0030687645559220305,123544589.44171691,108425719.96509409,110083260.20762524
2004-08-31,0.0042752650730105,0.0040770464154033,0.00409686828116402,124072775.3099165,108867776.6580153,110534256.82465698
2004-09-01,-0.0005194610212085,0.001305853496447,0.0011233220446814501,124008324.33934984,109009942.02481458,110658422.3920406
2004-09-02,-0.005243495095946,0.0055310798663497,0.00445362237012013,123358087.29881996,109612884.72037998,111151253.21744798
2004-09-03,-0.0036305157377892,-0.0046746681343246,-0.00457025289467106,122910233.82149804,109100480.86106622,110643263.88068464
2004-09-06,0.0025396111073098,0.0,0.00025396111073098,123222378.01651314,109100480.86106622,110671362.9668747
2004-09-07,-0.0023198854799865,0.0052291936456507,0.00447428573308698,122936516.21094324,109670988.40232237,111166538.26725869
2004-09-08,0.0039526133453385,-0.0008163793510618,-0.00033948008142177,123422436.72554803,109581455.27198018,111128799.44179635
2004-09-09,-0.0009331123415492,0.0005408973839821,0.00039349641142896996,123307269.72661534,109640727.59446973,111172528.2255831
2004-09-10,0.0024519433981783,0.0033658631642464,0.00327447118763959,123609612.17256889,110009763.28078112,111536559.46611482
2004-09-13,0.0005303613899077,0.0017623727259587,0.0016391715923536,123675169.93828669,110203641.48717634,111719387.02590054
2004-09-14,0.0004669916543773,0.0018460533399626,0.0017081471714040701,123732925.21050157,110407083.28761978,111910220.18083982
2004-09-15,0.0007444300936664,-0.0049387152968969,-0.004370400757840571,123825035.72360563,109861814.13650145,111421127.66975139
2004-09-16,0.0010237820579897,0.0037692953679041,0.00349474403691266,123951805.5735094,110275915.7636357,111810515.99126133
2004-09-17,0.0022161647229579,0.0014899689501679,0.0015625885274469001,124226503.19236834,110440223.45407484,111985229.82079719
2004-09-20,0.0007821748199716,-0.0018273810498465,-0.0015664254628646901,124323670.03513853,110238407.08259407,111809813.30534114
2004-09-21,0.001413665713777,0.0040659307412842,0.0038007042385334805,124499422.14487815,110686628.81082138,112234769.3366804
2004-09-22,-0.0004975404842955,-0.0073312643190344,-0.0066478919355605105,124437478.64208966,109875155.8784264,111488644.71871758
2004-09-23,0.0018075364222261,-0.0035956133689241,-0.0030552983898090805,124662403.91702524,109480087.29903731,111148013.64202648
2004-09-24,-0.0008541006480668,0.0008141391848322,0.0006473152015423001,124555929.67705014,109569219.32806632,111219961.4408782
2004-09-27,0.0001961803406806,-0.0027637752530645,-0.0024677796936899902,124580365.10176797,109266394.63118981,110945495.07850142
2004-09-28,0.0029636500572527,0.0034459743088057,0.0033977418836504,124949577.7079344,109642923.81990473,111322459.23393197
2004-09-29,0.0014163058758877,0.0010691540742527,0.0011038692544162,125126544.52903183,109760148.99861975,111445344.67400633
2004-09-30,0.0027132347369108,-0.0005537415019495,-0.0002270438780634701,125466042.2161576,109699370.24885905,111420041.69075944
2004-10-01,0.0030377373949346,0.0079071675775237,0.00742022455926479,125847175.10439207,110566781.5525656,112246803.4205075
2004-10-04,-0.0036751738628398,0.0023438443803271,0.0017419425560104103,125384664.85573618,110825932.88215846,112442330.9041618
2004-10-05,0.0074428742217738,-0.0002673875732486,0.00050363860625364,126317887.14559668,110796299.40491207,112498961.20298228
2004-10-06,-1.8572629898488957e-05,0.0031751446353907,0.0028557729088617813,126315541.09022918,111148093.6805887,112820232.68866086
2004-10-07,4.035057764029127e-07,-0.0063795301453511,-0.005741536780238349,126315592.05927965,110439021.06635508,112172471.17312385
2004-10-08,0.0106712702317179,-0.0021973916270196,-0.0009105254411458498,127663539.87662366,110196343.28616764,112070335.28432453
2004-10-11,-0.0010847059859097,0.0012039698465209,0.0009751022632778401,127525062.47073707,110329016.36068104,112179615.32190657
2004-10-12,-0.0101759561675845,-0.0005742218104625,-0.0015343952461747002,126227373.02476639,110265663.03315985,112007487.45343894
2004-10-13,-0.0060776511104208,-0.0037260163688985,-0.0039611798430507295,125460207.09093693,109854811.36777087,111563805.65186761
2004-10-14,0.0024359850416243,-0.0043429021108478,-0.0036650133956005896,125765826.27872951,109377722.675595,111154922.80968934
2004-10-15,0.004057652548055,0.0018427660034047,0.00206425465786973,126276140.30418764,109579280.2244714,111384374.8768444
2004-10-18,-0.0058349499284168,0.0033474440163281,0.00242920462185361,125539325.34835896,109946090.73037235,111654950.31509751
2004-10-19,0.0036099262016958,-0.0055820112822858,-0.00466281753388764,125992513.04827721,109332370.41147222,111134323.65502292
2004-10-20,0.0069776033421675,0.0012842509734346,0.00185358621030789,126871638.82841097,109472780.61460106,111340320.70484176
2004-10-21,0.0050111160417307,0.001517200644604,0.0018665921843166698,127507407.33298469,109638872.78791612,111548147.67726873
2004-10-22,0.0028182208677368,-0.0055365225009175,-0.004701048164052069,127866751.3691215,109031854.7017506,111023754.4624271
2004-10-25,0.0005647248378607,-8.994651519131917e-05,-2.4479379886117247e-05,127938960.8995562,109022047.66637534,111021036.66976522
2004-10-26,0.0031740054642868,0.0086819769925572,0.008131179839730161,128345039.86054657,109968574.57589628,111923768.68492036
2004-10-27,-0.0055885641090635,0.0059039687632845,0.0047547154760497,127627775.3772056,110617825.60513529,112455934.36002435
2004-10-28,-0.0024359724896957,0.0015375604780502,0.0011402071812756098,127316877.62746567,110787907.20195358,112584157.4239587
2004-10-29,0.0064996430873702,0.0025997347630223,0.0029897255954570903,128144391.89104259,111075926.37562898,112920753.16105211
2004-11-01,-0.0054190298596188,-0.0010181326287826,-0.00145822235186622,127449973.60504234,110962836.35071369,112756089.59480308
2004-11-02,-0.0035991364037099,0.0003320439643655,-6.107407244203999e-05,126991263.76538856,110999680.89079282,112749203.12121888
2004-11-03,0.0106718872319123,0.0071081513248659,0.0074645249155705405,128346500.21173082,111788683.41957639,113590822.35712793
2004-11-04,0.000340947076028,0.0097134275750204,0.008776179525121159,128390259.57569645,112874534.69967934,114587715.80654024
2004-11-05,0.0042262845187153,-0.0002964597954156,0.00015581463599749002,128932873.34209506,112841071.93821464,114605570.2497684
2004-11-08,-0.0058370188877341,-0.001029208106682,-0.00150998918478721,128180289.72514744,112724934.99220915,114432517.0781749
2004-11-09,0.0015903472974303,-0.0001803600635181,-3.2893274232599883e-06,128384140.90249565,112704603.91577388,114432140.67215836
2004-11-10,0.0033145885752287,-0.0012603943882922,-0.00080289609194011,128809681.5091716,112562551.66546375,114340263.55362035
2004-11-11,0.0001416424673258,0.0054508408458961,0.00491992100803907,128827926.430276,113176112.21980014,114902808.61834252
2004-11-12,0.0063938922805588,0.0066725350167237,0.00664467074310721,129651638.31459896,113931283.79164341,115666299.94906968
2004-11-15,0.0014605107070216,0.0001059303909115,0.00024138842252251002,129840995.92054032,113943352.57707252,115694220.4547534
2004-11-16,0.0002897352849134,-0.0044252225415486,-0.0039537267589023995,129878615.4384868,113439127.88478883,115236797.11949109
2004-11-17,0.012814434665943,0.0047557407479609,0.00556161013975911,131542936.47052641,113978614.96768364,115877699.25882421
2004-11-18,-0.0059288410208616,0.0012825294363325,0.00056139239061309,130763039.31277537,114124795.89649211,115942752.11742985
2004-11-19,0.0066024943030097,-0.008298647576159,-0.00680853338824213,131626401.5348822,113177714.43564606,115153352.01851365
2004-11-22,0.0022790159331407,0.0043149419951112,0.00411134938891415,131926380.20120217,113666069.70857513,115626787.6819664
2004-11-23,0.002909770146802,-0.0003417415085141,-1.6590342982489986e-05,132310255.64388728,113627225.29444607,115624869.39390078
2004-11-24,0.0059948572965294,0.0021897891249648,0.00257029594212126,133103436.7453397,113876044.95669577,115922059.52651222
2004-11-25,0.0038783626050625,0.0,0.00038783626050625,133619660.13701814,113876044.95669577,115967018.30458918
2004-11-26,0.0009167030759956,-0.0001967715971565,-8.542412984128998e-05,133742149.69047922,113853637.38545178,115957111.92296024
2004-11-29,-0.0044049793736702,-0.003591817205851,-0.0036731334226329203,133153018.27970234,113444695.931742,115531185.97956403
2004-11-30,-0.0053284423968519,-0.002615671615175,-0.00288694869334269,132443520.09183198,113147961.8607012,115197653.37315999
2004-12-01,-0.0008280499871105,0.0089251845105588,0.007949861060791869,132333850.23672706,114157828.29730164,116113458.71200587
2004-12-02,-0.0129489538800875,-0.0009695374776576,-0.0021674791179005903,130620265.31323726,114047148.00439939,115861785.21494037
2004-12-03,0.007435861021668,0.0029869056238921,0.0034318011636696906,131591539.45271991,114387796.07216258,116259399.82426582
2004-12-06,-0.0041434979541313,0.0002752696061582,-0.00016660714987075007,131046290.17821659,114419283.55573665,116240030.17701542
2004-12-07,-0.0036689656482995,-0.0064665538493898,-0.006186795029280771,130565485.84121561,113679385.09721489,115520876.93611282
2004-12-08,-0.0125255214519418,0.0051143914234729,0.00335040013593143,128930085.04742827,114260785.96938173,115907918.09790249
2004-12-09,-0.005233350454332,0.002672598965626,0.0018820040236302003,128255348.72826825,114566159.22777513,116126057.26613334
2004-12-10,-0.0014422109125386,-0.00050646473647,-0.00060003935407686,128070377.4647409,114508135.50813346,116056377.06173988
2004-12-13,0.0063921232065527,0.005675086480818,0.00574679015339147,128889019.09660524,115157979.07989933,116723328.70667657
2004-12-14,-0.0031287239508074,0.0028105723968053,0.00221664276204403,128485760.93556161,115481638.91717318,116982062.62841591
2004-12-15,0.0095559735860615,0.0023490987972129,0.00306978627609776,129713567.47324684,115752916.69625367,117341172.55882224
2004-12-16,-0.0060776156634496,-0.0032755892036966,-0.0035557918496719005,128925218.26380952,115373757.69202702,116923931.77380662
2004-12-17,0.0079540057453579,-0.0048979576391244,-0.00361276130067617,129950690.1906014,114808661.91418488,116501513.5179713
2004-12-20,0.0046497100878549,0.0003816946382241,0.00080849618318718,130554923.22570434,114852483.7648592,116595704.54698612
2004-12-21,-0.0024231516867738,0.0060671156323651,0.00521808890045121,130238568.84327336,115549307.06452493,117204111.29872304
2004-12-22,-0.0016795488506182,0.0018095049974637,0.00146059961265551,130019826.80466649,115758394.11311166,117375299.57828759
2004-12-23,0.0029108202223596,3.576661143092074e-05,0.0003232719725237887,130398291.14583719,115762534.3986138,117413243.72290783
2004-12-24,0.0021134833691937,0.0,0.00021134833691937002,130673885.76554517,115762534.3986138,117438058.81670095
2004-12-27,0.0045426286249673,-0.0038514313115011,-0.00301202531785426,131267488.69955944,115316682.94893225,117084332.41026539
2004-12-28,8.22076533670002e-05,0.0043177145993154,0.0038941639047205597,131278279.89176883,115814587.47444549,117540277.99134575
2004-12-29,-0.0046104855440411,-0.0005292934435149,-0.00093741265356752,130673023.28008126,115753287.57263188,117430094.24745281
2004-12-30,0.0048601893732953,0.0011840737023099,0.0015516852694084401,131308118.91920349,115890347.99640255,117612308.79488182
2004-12-31,0.0006708240812801,0.00016536120989,0.00021590749702901,131396203.56744209,115909511.76456179,117637702.17409353
2005-01-03,-0.0068562265798094,-0.0048587284948143,-0.005058478303313811,130495321.42405693,115346338.91693132,117042634.40999418
2005-01-04,-0.006434354822433,-0.008370811777226,-0.0081771660817467,129655668.22334711,114380796.42466557,116085557.3497785
2005-01-05,-0.0019906624958339,-0.0018558099595655,-0.00186929521319234,129397567.54724261,114168527.40347765,115868559.1731038
2005-01-06,-0.0059944145989038,0.0024635771622338,0.0016177779861200397,128621904.87927479,114449790.38023473,116056008.77741748
2005-01-07,-0.0014206078795181,-0.0010751516336339,-0.00110969725822232,128439183.58772466,114326739.50113836,115927221.74267696
2005-01-10,0.0020252731314736,0.0023168835482301,0.00228772250655445,128699308.01527327,114591621.24301134,116192431.05698
2005-01-11,-0.0003944172092631,-0.0028822035260007,-0.00263342489432694,128648546.79337178,114261344.86821459,115886447.01650219
2005-01-12,0.0036233196480362,0.0027205778235049,0.00281085200595803,129114681.6006595,114572201.74914691,116212186.66856188
2005-01-13,9.29812897897675e-05,-0.0041049286899668,-0.003685137691991143,129126686.85028554,114101891.03111416,115783928.75920086
2005-01-14,-0.0024844138739261,0.0030206701367101,0.0024701617356464797,128805882.7179806,114446555.20589402,116069933.78962465
2005-01-17,-0.0002055090118223,0.0,-2.055090118223e-05,128779411.94830634,114446555.20589402,116067548.44788511
2005-01-18,-0.0018220453180692,0.0064553427888482,0.0056276039781564605,128544770.02370222,115185346.95075092,116720730.6452653
2005-01-19,0.0015755444560778,-0.0054789505576568,-0.00477350105628334,128747298.02347086,114554252.12984121,116163564.11423996
2005-01-20,-0.0005236346328482,-0.0040968328201405,-0.00373951300141127,128679881.47934015,114084942.51002903,115729168.9559445
2005-01-21,0.0062339566201886,-0.0032845121787328,-0.0023326652988406604,129482066.27837336,113710229.1269448,115459211.53945729
2005-01-24,0.0007132277060886,-0.0016867291841461,-0.00144673349512263,129574416.47548468,113518430.76494044,115292172.83080271
2005-01-25,-0.0004547367548454,0.0011990519056078,0.00103367303956248,129515494.22582564,113654545.25567074,115411347.24153051
2005-01-26,0.0022846145860783,0.00278210600193,0.00273235686034483,129811387.2130571,113970744.24817315,115726692.22792754
2005-01-27,0.0001786372765154,0.0001044229306193,0.00011184436520891001,129834576.36572951,113982645.40729241,115739635.60635747
2005-01-28,0.0018578453738107,-0.0002915883497919,-7.664497743163997e-05,130075788.93279126,113949409.3958132,115730764.74459846
2005-01-31,0.0036309834502191,0.0052812082609846,0.00511618577990805,130548091.9696804,114551199.95804867,116322864.83748266
2005-02-01,0.0001017377425362,0.0041038945812318,0.0037036788973622402,130561373.63784981,115021306.00683011,116753687.37726197
2005-02-02,-0.0004253459802871,0.0019387911156441,0.00170237740605098,130505839.8823922,115244308.29302594,116952446.21672615
2005-02-03,0.0013293411782022,-0.0017788804331357,-0.00146805827200191,130679326.66934372,115039302.44797322,116780753.21062684
2005-02-04,-0.0009458831543411,0.0085276319199546,0.00758028041252503,130555719.29562655,116020315.27557786,117665984.06674929
2005-02-07,0.0009912447140705,1.7365941396897157e-06,0.00010068740613277076,130685131.96227,116020516.75577745,117677831.54947501
2005-02-08,-0.0026703750929353,0.0007209937796128,0.00038185689235799,130336153.64086099,116104166.82666585,117722767.64052992
2005-02-09,0.0028985710403003,-0.0037034363231742,-0.0030432355868267504,130713942.24130853,115674182.4379681,117364509.52466653
2005-02-10,-0.001140519904632,0.0007525125386847,0.0005632092943530301,130564860.38836938,115761228.71065478,117430610.30725801
2005-02-11,0.0014272533860049,0.0037029997276526,0.0034754250934878298,130751209.52745193,116189892.50904305,117838731.59706344
2005-02-14,0.0024799584751139,0.0010173390278295,0.0011636009725579399,131075467.09765092,116308097.0213318,117975848.85975479
2005-02-15,-0.0002394135090341,0.0015492046299492,0.00137034281605087,131044085.8601248,116488282.06373782,118137516.21670727
2005-02-16,-0.0009277603846309,-0.0009261905932862,-0.00092634757242067,130922508.3486236,116380391.71266232,118028079.8153481
2005-02-17,0.0037518467050539,-0.0051498023718714,-0.004259637464178871,131413709.53018878,115781055.69538113,117525322.98474157
2005-02-18,-0.0011657457525644,-0.0010606979080214,-0.0010712026924757,131260514.55647522,115658246.97181652,117399429.54232623
2005-02-21,0.0002366178152677,0.0,2.3661781526770002e-05,131291573.1326605,115658246.97181652,117402207.42197943
2005-02-22,-0.000342352768857,-0.0090125764121412,-0.00814555404781278,131246625.09907095,114615868.18328872,116445901.39609116
2005-02-23,-0.0007589413397988,0.0036563481097519,0.00321481916479683,131147016.60957417,115034943.69626826,116820253.91156137
2005-02-24,-0.0041585293048801,0.0046271130434595,0.0037485488086255406,130601637.89775565,115567223.38469887,117258160.33518489
2005-02-25,0.0012174543290515,0.0058210601000639,0.00536069952296266,130760639.42719549,116239947.13761872,117886746.09935719
2005-02-28,0.0088785017355264,-0.0052977569527964,-0.0038801310839641197,131921597.9912884,115624136.1494777,117429330.07142968
2005-03-01,-0.0058435451423341,0.0032141466772133,0.00230837749525856,131150708.17817745,115995769.08248821,117700401.29424986
2005-03-02,4.677869515723465e-05,-2.3768113653366293e-05,-1.67134327723062e-05,131156843.23717496,115993012.08186534,117698434.11650556
2005-03-03,-0.0036418692865692,0.0001001522565283,-0.00027404989778145004,130679187.15806612,116004629.04376686,117666178.87266688
2005-03-04,0.007032782506074,0.007210354003458,0.0071925968537196,131598225.45941935,116841063.48521224,118512504.26061563
2005-03-07,-0.0011434083346859,0.0019426932862811,0.0016340831241844001,131447754.95159917,117068049.83480692,118706163.54383275
2005-03-08,0.0025022243650728,-0.0041317868176773,-0.00346838569940229,131776666.72677317,116584349.60972828,118294444.7837664
2005-03-09,-5.128171362833722e-07,-0.0085162491658969,-0.0076646755310208385,131776599.1494403,115591488.23960781,117387756.24737659
2005-03-10,-0.0035251976114277,0.0020077481916783,0.0014544536113677,131312060.59687664,115823566.84109427,117558491.29338092
2005-03-11,0.0072997836484278,-0.00578604656043,-0.004477463539544219,132270610.22966309,115153406.29055661,117032127.43485096
2005-03-14,-0.0095423023056473,0.0038199387527745,0.00248371464693232,131008444.08069918,115593285.2497599,117322801.84392254
2005-03-15,0.0032920770207576,-0.0048873408355473,-0.00406939904991681,131439733.96898246,115028341.46644367,116845368.5455653
2005-03-16,0.0062672611772419,-0.0042694083189084,-0.0032157413692933704,132263501.11083324,114537238.50847659,116469624.060123
2005-03-17,-0.0030990930095394,0.0019365663535365,0.0014330004172289099,131853604.21912347,114759047.47079907,116636525.07999565
2005-03-18,0.0002484340039757,-0.0009969721413665,-0.00087243152683228,131886361.13795824,114644635.89750093,116534767.6983357
2005-03-21,-0.010028123317615,-0.0030912355425805,-0.00378492432008395,130563788.44455527,114290242.32424839,116093692.42193894
2005-03-22,-0.0018139686984264,-0.0077135848620138,-0.00712362324565506,130326949.81916888,113408654.84118016,115266684.6959281
2005-03-23,-0.0117564942172608,0.0004410676598146,-0.0007786885278929402,128794761.78726658,113458675.73117368,115176927.85090712
2005-03-24,0.0004212650144309,-0.0003225894597792,-0.00024820401235819,128849018.51444952,113422075.15826228,115148340.47528344
2005-03-25,-9.998823667803358e-05,0.0,-9.998823667803359e-06,128836135.12829058,113422075.15826228,115147189.12733139
2005-03-28,-0.0007010119468723,0.0009993716341962,0.0008293332760893501,128745819.45837678,113535425.96286713,115242684.52292286
2005-03-29,0.0022431021351546,-0.0037725236197417,-0.00317096104425207,129034609.48089609,113107110.88674477,114877254.45966564
2005-03-30,0.0021176474807129,0.0090720974929786,0.008376652491752032,129307859.29658811,114133229.62385845,115839541.29948084
2005-03-31,0.0043329878551397,0.0010257168567483,0.00135644395658744,129868148.68049432,114250298.00139877,115996671.14521037
2005-04-01,-0.0013900684320447,-0.0030241431150537,-0.0028607356467528,129687623.06668548,113904788.74930501,115664835.33316061
2005-04-04,-0.0041068554418406,0.0018391999131414,0.0012445943776432,129155014.7461547,114114282.42687911,115808791.13690728
2005-04-05,-0.0007918768100583,0.0024330138845598,0.00211052481509799,129052739.88507447,114391924.06045029,116053208.4644082
2005-04-06,0.0005586300828615,0.0020625199733292,0.0019121309842824298,129124832.62784997,114627859.68861254,116275117.40013838
2005-04-07,-0.0031705478773991,0.0029211816293368,0.0023120086786632098,128715436.16384222,114962708.4865451,116543946.4806801
2005-04-08,-0.00047936910035,-0.005239787005626,-0.0047637452150984,128653733.96100721,114360328.38048573,115988760.81328407
2005-04-11,0.0018094391407058,0.0009041928212082,0.00099471745315796,128886525.0628342,114463732.16843837,116104136.8580352
2005-04-12,-0.002787969461052,0.0050064668607527,0.0042270232285722305,128527193.3670179,115036791.05029774,116594911.74146743
2005-04-13,-0.0030068025339027,-0.0071044899612241,-0.00669472121849196,128140737.47632656,114219513.32310946,115814341.31186363
2005-04-14,-0.0003719676093535,-0.0056699262285986,-0.00514013036667409,128093073.2725467,113571897.10870099,115219040.49919017
2005-04-15,-0.0007536842983905,-0.0082346604552076,-0.00748656283952589,127996531.53448857,112636671.09875706,114356445.9121831
2005-04-18,-0.0015101279136393,0.0024094556479393,0.00201749729178144,127803240.39936934,112908064.16210105,114587159.7321087
2005-04-19,0.0062012662467779,0.0045846767716235,0.004746335719138939,128595782.3202868,113425711.141194,115131028.86129987
2005-04-20,0.0041682504023387,-0.0081431337540242,-0.0069119953383879095,129131801.74168237,112502070.40422595,114335243.72650677
2005-04-21,0.0010679925327172,0.0101555530111245,0.00924679696328377,129269713.54167882,113644591.14407735,115392478.51099332
2005-04-22,0.0033564577996243,-0.0031280961931828,-0.00247964079390209,129703601.879951,113289099.93114373,115106346.61396798
2005-04-25,0.0008743476307927,0.0054581166567605,0.00499973975416372,129817007.91696,113907445.05450732,115681848.3910904
2005-04-26,-0.0016799349821907,-0.0055586101533038,-0.00517074263619249,129598923.78407697,113274277.97389042,115083687.32538104
2005-04-27,-0.0027007413082432,0.0030499097436274,0.00247484463844034,129248910.61710946,113619754.29798535,115368501.5719302
2005-04-28,-0.0024058004994057,-0.0053310380923717,-0.0050385143330751005,128937963.52339917,113014043.05977687,114787215.72317463
2005-04-29,-0.0008149416539091,0.0066567303783595,0.00590956317513264,128832886.60615376,113766347.07339412,115465558.02618831
2005-05-02,-0.0001651207110332,0.0029559402626989,0.00264383416532569,128811613.62831289,114102633.59924854,115770829.81341635
2005-05-03,-0.0037000000768443,-0.0007269971750537,-0.00102429746523276,128335010.64798969,114019681.30695572,115652246.04589057
2005-05-04,0.0041264247596442,0.0077832518215098,0.00741756911532324,128864575.41345675,114907125.19917606,116510104.57427835
2005-05-05,-0.0005348715060214,-0.0008544923069596,-0.00082253022686578,128795649.42393255,114808937.94467853,116414271.49153072
2005-05-06,-0.0005028201595581,-0.0027158412973015,-0.00249453918352716,128730888.37493883,114497135.08970904,116123871.52977332
2005-05-09,0.0015093212329601,0.0037842375091775,0.00355674588155576,128925184.63810092,114930419.44300888,116536894.63158716
2005-05-10,-0.0016564282426611,-0.0052162739638468,-0.00486028939172823,128711629.32107607,114330910.88841432,115970491.5988643
2005-05-11,-0.0018500327439423,0.0032552244118831,0.00274469869630056,128473508.59230591,114703083.66057111,116288795.65596502
2005-05-12,0.0026057018972035,-0.0054752338731591,-0.00466714029612284,128808272.25738527,114075057.45155695,115746059.53177147
2005-05-13,3.615829046410557e-05,-0.0016995100000988,-0.0015259431710425097,128812929.74430771,113881185.75065617,115569437.62265389
2005-05-16,-0.0012095480586507,0.0062092385159484,0.00546735985848849,128657124.31520638,114588301.19546103,116201297.32678007
2005-05-17,0.0001290907846814,0.0044812306935303,0.00404601670264541,128673732.76433906,115101797.80789763,116671449.71663328
2005-05-18,0.002058569918757,0.0070485283025643,0.00654953246418357,128938616.6399419,115913096.08742262,117435593.16419572
2005-05-19,0.0018762001597182,0.002020359451096,0.00200594352195822,129180531.2930756,116147282.20660864,117671162.33155075
2005-05-20,-0.0006711782057955,-0.0011745885530881,-0.00112424751835884,129093828.13585861,116010856.93845648,117538870.8193171
2005-05-23,0.0022726292068521,0.0035866452221553,0.0034552436206249804,129387210.5401045,116426946.72421294,117944996.252891
2005-05-24,0.0001587992363842,0.0008123216318046,0.00074696939226256,129407757.13033614,116521522.851562,118033097.55506244
2005-05-25,0.0026153363683044,-0.0026354412952809,-0.0021103635289223704,129746201.94389981,116214437.21844995,117784004.81077652
2005-05-26,3.0865397536106176e-05,0.0036997245852846,0.0033328386665097505,129750206.61200161,116644398.62899205,118176559.89630622
2005-05-27,0.000107077772564,0.0006920217188322,0.0006335273242053799,129764099.97511533,116725119.08622342,118251427.97608112
2005-05-30,0.0036143728201618,0.0,0.00036143728201618,130233115.81109816,116725119.08622342,118294168.45080334
2005-05-31,-0.0036514009189151,-0.0018988487237388,-0.0020741039432564303,129757582.49235232,116503475.7428183,118048814.04955527
2005-06-01,-0.0031111793088162,0.0076440844725816,0.006568558094441821,129353883.3865401,117394038.15274577,118824224.54261974
2005-06-02,0.0024005974820399,0.0014062429613892,0.00150567841345427,129664409.9932899,117559122.6926071,119003135.612509
2005-06-03,0.0009309280141616,-0.0056859989245961,-0.005024306230720329,129785118.2249924,116890681.64740048,118405227.4167758
2005-06-06,-0.0059023419238858,0.0012727364327664,0.0005552285971011801,129019082.08059654,117039452.67658405,118470969.38508385
2005-06-07,0.001244782000878,0.0009711728933071,0.00099853380406419,129179682.71174027,117153118.22047102,118589266.6528151
2005-06-08,0.0012992086338429,-0.0018677527591585,-0.00155105661985836,129347514.07083644,116934305.16067071,118405327.98572911
2005-06-09,-0.0038520849137555,0.0026463320846962,0.0019964903848510305,128849256.46325238,117243752.16421905,118641723.08456776
2005-06-10,0.0016097161173703,-0.0030232864745736,-0.00255998621537921,129056667.18809246,116889290.7140727,118338001.90890242
2005-06-13,0.0012842752281296,0.0009005979169887,0.00093896564810279,129222411.4687871,116994560.9658081,118449117.22756
2005-06-14,-0.0005030728892095,0.0007868750083603,0.00065788021860332,129157403.17689888,117086621.06194618,118527042.55869502
2005-06-15,0.0023452829178885,0.0014648213191114,0.00155286747898911,129460313.82828848,117258132.04066043,118711099.34846517
2005-06-16,0.0038817726595401,0.0030822400199349,0.0031621932838954204,129962849.33500262,117619549.74789895,119086486.78954874
2005-06-17,0.0016805839495248,0.0029039918930676,0.00278165109871332,130181262.81362954,117961115.9668331,119417743.8463688
2005-06-20,0.0012111882610549,-0.0007403743531421,-0.0005452180917224,130338936.8309587,117873780.58190323,119352635.1319511
2005-06-21,0.0007922825512838,-0.0001290821647262,-3.6945693125199996e-05,130442202.09636274,117858565.17914127,119348225.56611982
2005-06-22,-0.0007166499276025,0.0022739065228874,0.0019748508778384103,130348720.70167409,118126564.53928025,119583920.51414752
2005-06-23,-0.0011310271617602,-0.0065938452608449,-0.006047563450936429,130201292.7580598,117347656.25151302,118860729.16712649
2005-06-24,0.0014447932025095,-0.0036591393599441,-0.00314874610369874,130389406.70079459,116918264.82372591,118486466.9092787
2005-06-27,-0.0027670612401863,9.453128228298358e-05,-0.00019162796996394476,130028611.22738194,116929317.257222,118463761.58815669
2005-06-28,-0.0060426475750208,0.0043080145389628,0.0032729483275644403,129242894.15506546,117433050.45599712,118851487.35852362
2005-06-29,0.0031706977698522,-0.0011865569464643,-0.00075083147483265,129652684.3113322,117293709.45423408,118762249.92098416
2005-06-30,-0.004487845030005,-0.0033814990690816,-0.00349213366517394,129070823.15641879,116897080.88490544,118347516.26988329
2005-07-01,-0.0005304118274771,-0.000284152783233,-0.00030877868765741,129002362.4652344,116863864.25402018,118310973.07912195
2005-07-04,-0.0023052874365733,0.0,-0.00023052874365733002,128704974.93975501,116863864.25402018,118283698.99913713
2005-07-05,0.004734143938002,0.0041362121153722,0.00419600529763518,129314282.81665675,117347237.98519689,118780018.0267614
2005-07-06,0.0003208167481938,-0.0041451020070375,-0.0036985101315143705,129355769.00436501,116860821.71350414,118340708.92666794
2005-07-07,-0.0005695037243005,0.0022252770060742,0.0019457989330367302,129282100.41215727,117120869.41297413,118570976.15183227
2005-07-08,-0.0005010618794213,0.0056564602556536,0.00504070804214611,129217322.0799492,117783358.95591623,119168657.82488595
2005-07-11,0.0032551333197835,0.0040917636461794,0.00400810061353981,129637941.69054483,118265300.62221695,119646297.79542859
2005-07-12,0.0049034149686472,0.0006223151700186,0.00105042514988146,130273610.31433484,118338898.91288099,119771977.27572313
2005-07-13,-0.0020484304453277,0.0002636180461371,3.241319699062001e-05,130006753.88474421,118370095.18219441,119775859.46841654
2005-07-14,-0.0026936196945965,0.0012722568180184,0.0008756691667569101,129656565.13204971,118520692.34283943,119880743.49547485
2005-07-15,0.0011220407147306,0.0008631264213101,0.0008890178506521499,129802045.07705997,118622990.68387252,119987319.61639178
2005-07-18,-0.0007349598568121,-0.0041438343411661,-0.0038029468927307,129706645.78459623,118131436.66142488,119531014.21208951
2005-07-19,-0.004073516579993,0.0046370259204596,0.0037659716704143403,129178283.6124574,118679215.19524503,119981164.62534814
2005-07-20,-0.0010169307492952,0.0034721607508511,0.00302325160083647,129046918.24371071,119091288.50818776,120343897.87337194
2005-07-21,7.091957103716462e-05,-0.0060220817198195,-0.005412781590733834,129056070.1957962,118374111.03667283,119692502.63840578
2005-07-22,-0.0011076257443567,0.004322867946988,0.0037798185778535305,128913124.36998184,118885826.68702647,120144918.5835082
2005-07-25,-0.0040796901163801,-0.0026112943257436,-0.0027581339048072502,128387198.77061795,118575380.8023873,119813542.8100727
2005-07-26,-0.0009942120207397,0.0011556829618394,0.00094069346358149,128259554.6742911,118712416.34967422,119926250.62664266
2005-07-27,0.0010280707096333,0.0023872694742041,0.0022513495977470204,128391414.56568235,118995814.87743482,120196246.54275025
2005-07-28,0.0063429517846701,0.0048585976505071,0.0050070330639234,129205795.11783805,119573967.66401851,120798073.1233493
2005-07-29,0.0043224708677762,-0.0060903601426665,-0.00504907704162223,129764283.40318277,118845719.13725708,120188154.34566998
2005-08-01,0.0032347304965637,-4.430123813490292e-05,0.00028360193533495746,130184035.88807179,118840454.12475225,120222239.93884675
2005-08-02,0.00559734914717,0.0039025970425126,0.00407207225297834,130912721.39032504,119304240.52955037,120711793.58629262
2005-08-03,0.0023121090458038,0.0013689999277662,0.0014633108395699602,131215405.8776624,119467568.02621752,120888432.46231136
2005-08-04,0.0019148052287452,-0.0047856726547475,-0.00411562486639823,131466657.82292888,118895835.35278527,120390901.02360956
2005-08-05,0.0005335481201211,-0.0059970488134133,-0.00534398912005986,131536801.6110689,118182811.22446306,119747533.35838519
2005-08-08,-0.0009608774120035,-0.0019537085973013,-0.00185442547877152,131410410.86955366,117951916.4501206,119525470.48150535
2005-08-09,-0.0031645048373104,0.0045565711096032,0.0037844635149118407,130994561.988684,118489372.74493954,119977810.26364526
2005-08-10,0.0108086958133118,-0.0007667138238178,0.00039082713989515986,132410442.3624177,118398525.30488048,120024700.8480815
2005-08-11,0.0054055228466798,0.0055039679787975,0.00549412346558573,133126190.03374673,119050186.9968954,120684131.37346083
2005-08-12,-0.0059834428955824,-0.0019409141771005,-0.00234516704894869,132329637.07777335,118819120.80116665,120401106.9252328
2005-08-15,-0.0015805589103037,0.0012377113833638,0.0009558843539970499,132120482.29079281,118966184.57954353,120516196.45954654
2005-08-16,0.0031374174629094,-0.0060599210720771,-0.00514018721857845,132534999.39913993,118245258.89074536,119896720.64687349
2005-08-17,-0.0102965428424645,-0.0002661807651049,-0.00126921697284086,131170347.09970067,118213784.27726379,119744545.69404052
2005-08-18,-0.0064643922789592,0.0006667562633033,-4.6358590922950037e-05,130322410.52068096,118292604.05833946,119738994.50563143
2005-08-19,-0.0082322419240205,0.0004358926884019,-0.00043092077284034,129249564.90915321,118344166.9395405,119687396.48557994
2005-08-22,0.0104651106948909,0.0011230854822203,0.0020572880034873597,130602175.91319399,118477077.55533576,119933627.93053834
2005-08-23,0.0009662964193898,-0.0016319499501828,-0.00137212531322554,130728376.3281434,118283728.89452152,119769063.96374789
2005-08-24,-0.0018735374649831,-0.0036388344515891,-0.0034623047529285,130483451.81735621,117853313.98675771,119354386.9643324
2005-08-25,0.0017441395122796,0.0018912084941606,0.0018765015959725001,130711033.16136952,118076199.17523447,119578355.6619573
2005-08-26,-0.0020105250541958,-0.0042900667086174,-0.0040621125431752406,130448235.35433877,117569644.40407272,119092614.92353058
2005-08-29,0.0059607339112361,0.0040961453807682,0.00428260423381499,131225802.57447629,118051226.75991702,119602641.46041816
2005-08-30,0.0029437491597873,-8.172730565558762e-05,0.00022082034088870115,131612098.4205473,118041578.75122459,119629052.15647663
2005-08-31,0.0054120524803898,0.0077121795954362,0.00748216688393156,132324390.00425354,118951936.60628285,120524136.68887794
2005-09-01,0.0114937771642166,0.0010037213374911,0.00205272692016365,133845297.0563533,119071331.20319046,120771539.82878868
2005-09-02,0.0008348140529441,-0.0019767433540023,-0.00169558761330766,133957032.99125643,118835957.74058235,120566761.10181488
2005-09-05,0.0018474205963612,0.0,0.00018474205963612002,134204507.97303192,118835957.74058235,120589034.8535845
2005-09-06,-0.0021034309137351,0.006697689267977,0.00581757724980579,133922218.06219883,119631884.05939123,121290570.87932473
2005-09-07,-0.0032352008837108,0.0003479782190309,-1.0339691243270032e-05,133488952.7839755,119673513.34934554,121289316.77227111
2005-09-08,0.0030775519405711,-0.0023186687425198,-0.0017790466742107097,133899771.96966061,119396030.11463487,121073537.4166501
2005-09-09,0.0004571191718414,0.0051063117971393,0.004641392534609511,133960980.12253314,120005703.47174083,121635487.22935452
2005-09-12,-0.0017538373419805,-0.0011607317719017,-0.0012200423289095799,133726034.35322595,119866409.03891177,121487086.78623717
2005-09-13,-0.0035382069588664,-0.0036543246628099,-0.0036427128924155497,133252883.96789575,119428378.2641184,121044544.20893893
2005-09-14,0.0051820368736719,-0.0025246327870569,-0.0017539658209840196,133943405.32614051,119126865.46464777,120832236.21557985
2005-09-15,0.0010113976683554,-0.0005897059632481,-0.0004295956000877501,134078875.37397896,119056615.64170021,120780327.2185529
2005-09-16,0.0008244547119277,0.0039857438383325,0.00366961492569202,134189417.33455099,119531144.8139068,121223544.51004407
2005-09-19,0.0159731860678188,-0.0028550710963398,-0.0009722453799239402,136332849.86596793,119189874.89723623,121105685.47895618
2005-09-20,-0.0032332401396916,-0.0047424890115057,-0.00459156412432429,135892053.02342275,118624618.22525334,120549620.9582593
2005-09-21,0.0090424120017916,-0.0043976637673443,-0.0030536561904307103,137120844.95462984,118102947.03976908,120181503.86196603
2005-09-22,-0.005264612688283,0.0026380267982449,0.00184776284959211,136398956.8144536,118414505.7790117,120403570.78001027
2005-09-23,-0.0054439388705374,-0.0010559981537712,-0.0014947922254478201,135656409.23155063,118289460.27952933,120223592.45849217
2005-09-26,0.007627225985069,-0.0005797647089428,0.0002409343604583801,136691091.32108268,118220880.22501938,120252558.45285316
2005-09-27,-0.0046867407251085,-0.0001786719850785,-0.0006294788590815001,136050455.61662862,118199757.46567184,120176862.00955664
2005-09-28,0.0138088358991511,0.0014758098487705,0.0027091124538085602,137929154.0322434,118374197.83186199,120502434.64308636
2005-09-29,0.0056588804314877,0.0047520913100353,0.00484277022218054,138709678.6229281,118936722.8287112,121086000.24527615
2005-09-30,-0.0011086867865944,-0.0002672736041497,-0.00035141492239417003,138555893.03506613,118904934.18213502,121043448.81789695
2005-10-03,-0.0023346375118521,-0.0019835659347301,-0.0020186730924423,138232415.24969828,118669078.40522,120799101.66475186
2005-10-04,-0.0029055675044493,-0.0056694633328425,-0.00539307375000318,137830771.63588724,117996288.41645941,120147623.20053971
2005-10-05,-0.0052718499341533,-0.0083493304605389,-0.00804158240790034,137104148.4915143,117011098.41135333,119181446.1874592
2005-10-06,-0.0014389956486344,-0.0024400082102097,-0.0023399069540521703,136906856.21842527,116725590.37054397,118902572.69273117
2005-10-07,0.0045331524914673,0.0024048460063363,0.0026176766548493997,137527475.8747908,117006297.44038384,119213821.18147045
2005-10-10,7.07601461358287e-05,-0.0043016365766836,-0.0038643969044016577,137537207.33908138,116502978.87161197,118753131.65993488
2005-10-11,0.003516825518759,-0.0014411531120536,-0.0009453552489723401,138020901.69963032,116335080.24104762,118640867.76358826
2005-10-12,-0.0006348891137957,-0.0046761940924266,-0.004272063594563511,137933273.73166496,115791074.82608247,118134026.43158801
2005-10-13,-0.0065228439719604,-0.0010493258981105,-0.00159667770549549,137033556.5085716,115669572.2524974,117945404.46532427
2005-10-14,0.0005211986716657,0.0047157579499393,0.00429630202211194,137104978.21619752,116215041.9574132,118452133.54502743
2005-10-17,0.0085742819464529,0.001840738200821,0.00251409257538419,138280554.95568547,116428963.42465422,118749933.17451142
2005-10-18,-0.0051475548980693,-0.0057966523379646,-0.00573174259397507,137568748.2077156,115754065.20161189,118069289.12450339
2005-10-19,-0.0070109518714539,0.0093465464888209,0.007710796652793419,136604260.33501515,116835965.95328875,118979697.4038823
2005-10-20,-0.0047035804065222,-0.0089142713232474,-0.00849320223157488,135961731.2126559,115794458.45246746,117969178.77237953
2005-10-21,0.0005074493417669,0.0022885441670285,0.0021104346845023402,136030724.90366527,116059459.18493305,118218145.01896304
2005-10-24,-0.0016808441648023,0.0091588441852125,0.00807487535021102,135802078.45347714,117122429.68782787,119172741.80412434
2005-10-25,0.012487283071961,-0.0025863850589668,-0.0010790182458740199,137497877.44888636,116819505.98561338,119044152.24130687
2005-10-26,-0.0060810661726536,-0.0041233248530099,-0.00431909898497427,136661743.75752026,116337821.21326655,118529988.76419431
2005-10-27,-0.0007501625676337,-0.0055539519123513,-0.0050735729778795405,136559225.23292583,115691686.54866034,117928618.21613193
2005-10-28,-0.0024600612645136,0.0098392570062626,0.00860932517918498,136223281.17261833,116830006.78610058,118943904.03828657
2005-10-31,-0.0055943528496264,0.0046165134780848,0.0035954268453136807,135461200.07140484,117369354.08707336,119371558.14395224
2005-11-01,-0.0035476894627642,-0.0024274180507706,-0.0025394451919699603,134980625.79929814,117084449.59835511,119068420.61456561
2005-11-02,0.0017857059662506,0.0054847124774185,0.005114811826301711,135221661.50811616,117726624.13997887,119677433.18046406
2005-11-03,0.0048509065931871,0.0018816567101721,0.0021785816984736,135877609.1574676,117948145.23225777,119938160.24611132
2005-11-04,-0.0029511877802948,-0.0001215634852778,-0.00040452591477950007,135476608.81770644,117933807.04464127,119889642.15212078
2005-11-07,0.0038329000574662,0.0018001944875999,0.00200346504458653,135995877.11942914,118146110.8339847,120129836.85938057
2005-11-08,0.0017055388223167,-0.0003838167918635,-0.00017488123044548,136227823.36753133,118100764.37275325,120108828.40569739
2005-11-09,0.0046616178367909,-0.0002062162082517,0.00028056719625256,136862865.4188086,118076410.08093268,120142527.00292833
2005-11-10,0.0012436386237128,0.006739733522997,0.00619012403306858,137033073.36439544,118872213.62023029,120886224.14672276
2005-11-11,0.0019680552249695,0.0018288545425169,0.0018427746107621602,137302762.02042386,119089613.60808867,121108990.21137124
2005-11-14,-0.0061025830305731,-0.0013702756902624,-0.00184350642429347,136464860.51486722,118926428.00559875,120885725.00987689
2005-11-15,0.0009449962007594,-0.0012589027342103,-0.00103851284071333,136593819.28959092,118776711.20021264,120760183.63219519
2005-11-16,0.0059592587841134,0.0026421350535489,0.00297384742660535,137407817.20704803,119090535.31241998,121119305.99352618
2005-11-17,0.0053336210782036,0.0063420280863846,0.006241187385566501,138140698.43721348,119845810.83219393,121875234.27824156
2005-11-18,-0.0043980788042834,0.0018990315637404,0.0012693205269380201,137533144.75940785,120073401.80974633,122029933.01483631
2005-11-21,0.0038328774132923,0.0040076126048046,0.00399013908565337,138060292.44353527,120554609.48834082,122516849.42017846
2005-11-22,-0.0008328297089327,0.0037769485416854,0.0033159707166235904,137945311.73036435,121009938.04484126,122923111.70514874
2005-11-23,-0.000441587761044,0.0011369110923654,0.0009790612070244601,137884396.76901084,121147515.58569089,123043460.95526597
2005-11-24,0.0005076142131979,0.0,5.076142131979e-05,137954388.848589,121147515.58569089,123049706.81622818
2005-11-25,0.0022379601438639,0.0022521233372408,0.00225070701790311,138263125.27250323,121420354.73279016,123326655.65491039
2005-11-28,0.0050337871773659,-0.0043538460912441,-0.003415082764383099,138959112.41960245,120891709.19593932,122905484.91879429
2005-11-29,0.0022995136154632,-0.0013612373302021,-0.00099516223563557,139278650.790604,120727146.88846989,122783174.02165064
2005-11-30,-0.005415848396165,-0.0039129357559691,-0.00406322701998869,138524338.73309967,120254749.31869386,122284278.11136588
2005-12-01,0.0040895149071521,0.0068585152975166,0.00658161525848015,139090836.08135206,121079518.35649516,123089106.18205589
2005-12-02,0.0014601018082965,0.0003353498009132,0.00044782500165153,139293922.86263192,121120122.34887066,123144228.56123514
2005-12-05,0.0045233903349486,-0.0020554735166405,-0.0013975871314815898,139924003.64702582,120871163.1450503,122972123.77208173
2005-12-06,0.0033222376932932,0.0022972390895281,0.00239973894990461,140388864.44613844,121148833.10582384,123267224.76725009
2005-12-07,-0.000269294846855,-0.0032888303664644,-0.0029868768145034598,140351058.4483873,120750395.14464368,122899040.7516046
2005-12-08,-0.000127984340654,0.0005429109019162,0.00047582137765918005,140333095.7107117,120815951.85057838,122957518.74248804
2005-12-09,-0.0005117397775733,0.0002917897283598,0.00021143677776649003,140261281.68352652,120851204.7043504,122983516.48405312
2005-12-12,0.0001375886165907,0.0004464504637539,0.00041556427903758004,140280580.03923458,120905158.78073587,123034624.04041432
2005-12-13,-0.0050108813984897,0.0036830071671191,0.00281361831055822,139577650.69014663,121350453.34706698,123380796.51144709
2005-12-14,-0.0075042524895743,0.0042713446595718,0.0030937849446571897,138530224.75746617,121868782.9579076,123762510.16215403
2005-12-15,-0.0034674381343109,-0.0010556284000031,-0.00129680937343388,138049879.77338746,121740134.80954342,123602013.77889603
2005-12-16,-0.0039987816935474,-0.0012237559120953,-0.0015012584902405102,137497848.44135323,121591154.59983097,123416455.20629965
2005-12-19,-0.0043832721356475,-0.00332316126468,-0.0034291723517767504,136895157.95356876,121187087.58473709,122993238.9103519
2005-12-20,-0.0057314410480349,-0.0005327573677911,-0.0010526257358154801,136110551.42599645,121122524.27094516,122863773.06174356
2005-12-21,0.0026364580868434,0.001163781022317,0.0013110487287696401,136469401.19000825,121263484.36606681,123024853.45522802
2005-12-22,0.00116744712801,0.0038407053812394,0.0035733795559164602,136628722.0004888,121729221.68301943,123464467.95143455
2005-12-23,-0.0025618814818957,0.0015231492499572,0.00111464617677191,136278695.40770066,121914633.45572379,123602087.1486038
2005-12-26,0.0011585123309467,0.0,0.00011585123309467,136436575.9567758,121914633.45572379,123616406.60281304
2005-12-27,-0.0029052928636043,-0.0047358322423449,-0.0045527783044708395,136040187.746314,121337266.20379053,123053608.50875509
2005-12-28,0.0082025661918053,0.0002713339125848,0.00106445714050685,137156066.39104873,121370189.11897194,123184593.80099738
2005-12-29,-0.0015513704508288,-0.001650722302931,-0.00164078711772078,136943286.52249777,121169840.64088231,122982474.10638703
2005-12-30,0.0019416568442658,-0.0031775376315761,-0.0026656181839919096,137209183.39205045,120784818.91243385,122654649.78709672
2006-01-02,-5.8027079303690776e-05,0.0,-5.802707930369078e-06,137201221.54388455,120784818.91243385,122653938.0579877
2006-01-03,0.0093461413702724,0.0104897746942799,0.010375411361879151,138483523.55660775,122051824.44931465,123926523.12049377
2006-01-04,0.0001170083309931,0.0026567164133632,0.00240274560512619,138499727.28256917,122376081.53461008,124224287.0292801
2006-01-05,-0.008564830796815,7.0993123941764935e-06,-0.0008500936985267411,137313500.55298895,122376950.32064246,124118684.74567254
2006-01-06,0.0091736496577435,0.0052840470726719,0.00567300733117906,138573166.50034043,123023595.88674676,124822810.95417103
2006-01-09,0.002380752247923,0.0023658159322461,0.00236730956381379,138903074.87798792,123314647.06993784,125118305.18832494
2006-01-10,-0.0037548208674585,-0.0011003667932321,-0.00136581220065474,138381518.7138819,123178955.72718294,124947417.08057348
2006-01-11,0.0013947971733839,0.0015351768313161,0.00152113886552288,138574532.8650326,123368057.20612103,125137479.45284146
2006-01-12,-0.0019360323690226,-0.0026750141669961,-0.00260111598719875,138306248.08388373,123038045.90533987,124811982.35443893
2006-01-13,0.0062975991032867,0.0020775736123694,0.00249957616146113,139177245.38779575,123293666.50283031,125123959.41019681
2006-01-16,0.0021754732214945,0.0,0.00021754732214945003,139480021.75817826,123293666.50283031,125151179.79250324
2006-01-17,-0.000723707869826,-0.0017086608182987,-0.00161016552345143,139379078.96874836,123082999.44573253,124949665.67758209
2006-01-18,-0.0086567500196348,-0.0024153198541856,-0.00303946287073052,138172509.12414896,122785714.63345852,124569885.80804487
2006-01-19,0.009147129157903,0.0026785678859786,0.00332542401317104,139436390.9111791,123114604.50553264,124984133.49762891
2006-01-20,0.0006755433643057,-0.0106441308348167,-0.00951216341490446,139530586.23980188,121804156.54749903,123795263.99552922
2006-01-23,0.0031725576991428,0.0013753849837521,0.0015551022552911702,139973255.07544288,121971684.15537305,123987778.28976303
2006-01-24,-0.0005814470696262,0.0008743740942177,0.0007287919778333099,139891868.03645322,122078333.03622662,124078139.58793
2006-01-25,0.0030647247838561,-0.0027533328818234,-0.00217152711525545,140320598.11148444,121742210.74771978,123808700.54340434
2006-01-26,-0.0017955344827245,0.003505867152156,0.00297572698866795,140068647.63893875,122169022.76541106,124177121.43504325
2006-01-27,0.0006465155248158,0.0050671684257224,0.00462510313563174,140159204.1941773,122788073.78016931,124751453.42876619
2006-01-30,0.0036951881277936,0.0003415746714269,0.0006769360170635701,140677118.8215166,122830015.0761259,124835902.18077314
2006-01-31,0.0031212603825624,-0.0021678179801274,-0.0016389101438584201,141116208.73922724,122563741.96094455,124631307.35437135
2006-02-01,-0.0010451619714294,0.0004869296098195,0.00033372045169461,140968719.44430068,122623421.87599562,124672899.37055695
2006-02-02,0.0016017417886993,-0.0051582297429599,-0.004482232589793979,141194514.93313405,121990902.09409134,124114086.43793413
2006-02-03,-0.0032520955227411,-0.0024707897482855,-0.0025489203257310603,140735336.88328442,121689488.22381316,123797729.52030295
2006-02-06,0.000630374478495,0.0005450912864224,0.0005536196056296599,140824052.847878,121755820.10349317,123866266.37049782
2006-02-07,-0.0091438888462358,-0.0052471535087689,-0.0056368270425155905,139536373.3617606,121116948.62482409,123168053.65056516
2006-02-08,0.0008159969634841,0.0049061414147223,0.00449712696959848,139650234.61871934,121711165.50249712,123721956.02643009
2006-02-09,0.0075470325352793,-0.000501547526404,0.00030331047976433,140704179.48294622,121650121.56850359,123759482.19226985
2006-02-10,-0.0060028896726787,0.0008642654272729,0.00017754991727774003,139859547.81702533,121755259.56279878,123781455.67809542
2006-02-13,-0.0030067801144768,-0.0017035901793977,-0.00183390917290561,139439020.90982938,121547838.49831758,123554451.73109177
2006-02-14,0.0052059242754961,0.0056043980618631,0.0055645506832264,140164929.89373526,122229040.96882121,124241976.73988768
2006-02-15,-0.003390660869143,0.0024659379922909,0.0018802781061475103,139689678.1507184,122530450.2047075,124475586.20861618
2006-02-16,0.0064783411290306,0.0046706147905739,0.00485138742441957,140594635.53798324,123102742.7377293,125079465.50219592
2006-02-17,0.0010637807912858,0.0001388625737572,0.00023135439551006,140744197.41062638,123119837.10142244,125108403.18632792
2006-02-20,0.0033468604544112,0.0,0.00033468604544112005,141215248.59912783,123119837.10142244,125150275.2230418
2006-02-21,-0.0029977608433257,-0.0022365874863143,-0.0023127048220154397,140791919.05639687,122844468.81444435,124860839.57805692
2006-02-22,-0.001408020305991,0.0052464905328702,0.004581039448984079,140593681.17544603,123488971.1570948,125432832.00979728
2006-02-23,-0.0025611473919474,-0.0028235289200222,-0.00279729076721472,140233600.03557926,123140296.47572894,125081959.90691067
2006-02-24,0.0052998755510885,0.0008593599377151,0.00130341149905244,140976820.66384897,123246118.31323855,125244993.17177735
2006-02-27,-0.0041062122146066,0.0019525091596602,0.00134663702223352,140397939.92086264,123486757.4881377,125413652.71643186
2006-02-28,0.0067883062459634,-0.0051870129666017,-0.00398948104534519,141351004.13334784,122846230.07584314,124913317.32609214
2006-03-01,0.0011804477462257,0.0043509224821909,0.0040338750085943805,141517861.6076038,123380724.50013253,125417202.0350945
2006-03-02,0.0033611283727891,-0.0018683513498409,-0.0013454033775779002,141993521.30750954,123150205.95696837,125248465.3078701
2006-03-03,-0.0018314270216689,-0.0017398615537945,-0.00174901810058194,141733470.53568503,122935941.64828196,125029403.47497652
2006-03-06,-0.0054020474081301,-0.0050457040891729,-0.0050813384210686196,140967819.60853246,122315643.2648009,124394086.76333584
2006-03-07,-0.0070615101850122,-0.0010199045589869,-0.00162406512158943,139972373.91460785,122190892.98259974,124192062.66569154
2006-03-08,-0.0050522120242037,0.0014453733987397,0.0007956148564453599,139265203.8040601,122367504.44888502,124290871.71580096
2006-03-09,0.0031368969278887,-0.0027519916140664,-0.00216310275987089,139702064.39403486,122030750.10280746,124022017.78816575
2006-03-10,0.001195700774059,0.0040361482109162,0.00375210346723048,139869106.26056844,122523284.29651166,124487361.23112164
2006-03-13,0.0033744359796641,0.0011692047120049,0.00138972783877082,140341085.60517758,122666539.09784147,124660364.78259967
2006-03-14,0.0038958947141911,0.0078843106661035,0.00748546907091226,140887839.69877064,123633680.20042458,125593506.08754846
2006-03-15,0.0009078728032214,0.0020587500358784,0.0019436623126127,141015747.93673778,123888211.04397298,125837617.45203973
2006-03-16,0.003586490674877,0.0027916511164215,0.0028711350722670503,141521499.6017237,124234063.70664534,126198914.2489168
2006-03-17,-0.0022936127858582,0.0004375814850074,0.00016446205792083998,141196904.08076334,124288426.2327306,126219669.18206155
2006-03-20,-0.0027937489685446,-0.0005160932446902,-0.00074385881707564,140802435.37562606,124224281.81555872,126125779.5682521
2006-03-21,-0.0028990479009933,-0.0048606826095732,-0.00466451913871521,140394242.3708956,123620467.00925112,125537463.45557062
2006-03-22,-1.7084954426843657e-05,0.0038486694459033,0.003462094005870286,140391843.7416629,124096241.3235179,125972085.95531231
2006-03-23,-0.0002147209864314,-0.0021307223190242,-0.00193912218576492,140361698.66648775,123831826.69242288,125727810.68864927
2006-03-24,0.0044913061103442,0.0019385683543203,0.00219384212992269,140992106.02136683,124071883.15290648,126003637.65664098
2006-03-27,-0.0017853816917012,-0.001033818859974,-0.00110897514314672,140740381.29660192,123943615.3001105,125863902.7545337
2006-03-28,-0.0040875447013161,-0.005334693689651,-0.00520997879081751,140165098.69677177,123282414.07769649,125208154.49065305
2006-03-29,0.0050833986351097,0.0040049835180541,0.00411282502975966,140877613.76817697,123776158.11414358,125723113.72237223
2006-03-30,0.0098354854199197,-0.0020150054223289,-0.00082995633810404,142263213.48438695,123526748.48438855,125618769.02729219
2006-03-31,0.0001858194092721,-0.0023788873062766,-0.0021224166347217303,142289648.75067776,123232892.27043341,125352153.66227542
2006-04-03,0.0045536749818417,0.0011640292638872,0.0015029938356826502,142937589.56436878,123376338.96330966,125540557.17651938
2006-04-04,0.0017989332890461,0.003987649788368,0.0037687781384358097,143194724.75249213,123868320.59526631,126013691.6838933
2006-04-05,0.0013035892921408,0.0032704086355374,0.0030737267011977398,143381391.86237052,124273420.62061058,126401023.33273858
2006-04-06,0.0022634169658036,-0.001938615032992,-0.00151841183311244,143705923.73729235,124032502.29919411,126209094.52319263
2006-04-07,-0.005126051902055,-0.0074706351344527,-0.00723617681121293,142969279.71358222,123105900.72970366,125295823.20003971
2006-04-10,0.0054617321921543,0.0007055517629605,0.0011811698058798801,143750139.63108304,123192758.31499436,125443818.84320645
2006-04-11,-0.0018329519320466,-0.003914409036133,-0.0037062633257243602,143486652.53491426,122710531.46866,124978891.01798907
2006-04-12,0.0030246591744804,-7.164314214693781e-05,0.000237987089515796,143920650.7549195,122701740.10061106,125008634.38051336
2006-04-13,-0.0010943236027903,-0.0005446469261737,-0.0005996145938353601,143763154.98986945,122634910.9750291,124933677.37898335
2006-04-14,0.002732698497854,0.0,0.0002732698497854,144156016.347557,122634910.9750291,124967817.98623385
2006-04-17,0.0089009048228977,-0.0009350690876625,4.85283033935201e-05,145439135.3287147,122520238.8607081,124973882.4624195
2006-04-18,0.0093637749396772,0.0112293731306394,0.011042813311543179,146800994.659354,123896064.33893009,126353945.71527074
2006-04-19,0.0112524342509595,0.0002308703965528,0.0013330267819934702,148452863.19973385,123924668.27243534,126522378.90891975
2006-04-20,-0.0150901596913224,0.0006076109642266,-0.0009621661013283,146212685.78741583,123999966.25961581,126400643.36487418
2006-04-21,0.0132961941258848,0.0003714614619126,0.0016639347283098202,148156758.0413123,124046027.46835971,126610965.78504969
2006-04-24,-0.0081819466948721,-0.000716130475056,-0.0014627120970376098,146944547.34453323,123957194.32777998,126425770.39377826
2006-04-25,0.0047092946198692,-0.0044136482472431,-0.0035013539605318698,147636552.51076198,123410090.87430201,125983109.02189673
2006-04-26,0.0034819870507633,0.0011176184736074,0.0013540553313229902,148150621.07482377,123548016.27169272,126153697.12232447
2006-04-27,-0.0061551431452812,0.0028099989939867,0.0019134847800599101,147238732.7950459,123895186.07312521,126395090.30171631
2006-04-28,0.0141851036222097,0.0010530056123959,0.00236621541337728,149327329.47694647,124025648.39940904,126694168.31256343
2006-05-01,0.0044551751629097,-0.0036771835987404,-0.00286394772257539,149992608.88637578,123569583.31929159,126331322.83776109
2006-05-02,0.0082583738280957,0.0040995071317773,0.00451539380140914,151231303.9220108,124076157.70737979,126901758.50982653
2006-05-03,0.0004254791917523,-0.0029596232633038,-0.00262111301779819,151295649.6949712,123708939.02460767,126569134.65861492
2006-05-04,0.0067011835956801,0.0019545748060168,0.00242923568498313,152309509.6208049,123950737.40010422,126876600.91714506
2006-05-05,0.004536940520641,0.0070453401733083,0.006794500208041569,153000528.8066825,124824012.50982039,127738664.0084722
2006-05-08,-0.0050924888165254,-0.000454781618993,-0.00091855233874624,152221375.324812,124767244.84332195,127621329.3598989
2006-05-09,0.0135895664637976,0.000185842832262,0.0015262151954155603,154289997.8219992,124790431.94147718,127816106.97202712
2006-05-10,0.0083877315829566,-0.0007736710489288,0.00014246921425974015,155584140.90966508,124693885.19710074,127834316.83235717
2006-05-11,0.0045403672709728,-0.0079912337459306,-0.006738073644240261,156290550.05093372,123697427.21380249,126972959.7912796
2006-05-12,-0.0110978492675092,-0.007611632414372,-0.007960254099685721,154556061.08453238,122755887.86724748,125962222.76755184
2006-05-15,-0.0267032108527137,0.0023877859795326,-0.0005213137036920302,150428917.99682721,123049002.65520197,125896556.9346756
2006-05-16,0.0112228112575863,-0.0001265103752554,0.00100842178802877,152117153.3511885,123033435.67970127,126023513.76572636
2006-05-17,-0.0088956008676832,-0.0107466535330874,-0.01056154826654698,150763979.8698482,121711237.97346613,124692510.3423698
2006-05-18,-0.0032883798193816,-0.0024144678962198,-0.00250185908853598,150268210.64095455,121417370.09677003,124380547.25209737
2006-05-19,-0.0165970086505185,0.0028723076461068,0.0009253760164442703,147774207.84904867,121766118.13726917,124495646.02743667
2006-05-22,-0.0111762219482451,-0.0019390425500992,-0.00286276048991379,146122650.50390163,121530008.45304058,124139244.81082305
2006-05-23,0.0155047888128356,-0.0030615648501909,-0.0012049294838882498,148388251.34073642,121157936.45091735,123989665.77464287
2006-05-24,-0.0320409709861483,0.0015603656294238,-0.0017997680321334098,143633747.68484262,121346987.13068728,123766513.13786678
2006-05-25,0.0083382635437097,0.006242685164537,0.00645224300245427,144831403.7268095,122104518.16700926,124565084.75619873
2006-05-26,0.0040256427524316,0.0039104598905739,0.00392197817675967,145414443.21754685,122582002.9877592,125053626.30019876
2006-05-29,-0.0019662234522898,0.0,-0.00019662234522897998,145128525.92899084,122582002.9877592,125029037.96291623
2006-05-30,0.0026975796451521,-0.0098740383952824,-0.008616876591238951,145520021.6864678,121371623.58368745,123951678.17246844
2006-05-31,-0.0092748464267821,0.0044017207754882,0.00303406405526117,144170345.8333038,121905867.58077051,124327755.50380082
2006-06-01,-0.0101464942012744,0.0075860835291472,0.00581282575610504,142707522.25531048,122830655.67493139,125050451.08319204
2006-06-02,0.0106323777852331,0.0036228459747436,0.00432379915579255,144224842.5447235,123275652.22141843,125591144.11801702
2006-06-05,-0.0013558202577964,-0.0111097466596353,-0.01013435401945141,144029299.58152387,121906090.95593716,124318359.00181709
2006-06-06,-0.0105412664733073,-0.0003125337608166,-0.0013354070320656703,142511048.3546712,121867991.18686424,124152343.3909912
2006-06-07,-0.001799926898601,-0.0038971693863809,-0.00368744513760291,142254538.8853898,121393050.98243107,123694538.43603209
2006-06-08,-0.0096507234828805,0.0015529344781531,0.0004325686820497401,140881679.66642225,121581566.43670988,123748044.8195001
2006-06-09,-0.0010699224412472,-0.0024232019172921,-0.0022878739696876103,140730947.19578654,121286949.75181307,123464924.88895781
2006-06-12,-0.0029575989953525,-0.0075335226614628,-0.00707593029485177,140314721.48774526,120373231.76731808,122591295.68658444
2006-06-13,-0.0274155017026633,-0.0054734091829202,-0.00766761843489451,136467923.00188926,119714379.81518507,121651312.40782039
2006-06-14,-0.0003831325803893,0.0014199466823506,0.00123963875607661,136415637.6944092,119884367.8516333,121802116.08940873
2006-06-15,0.0126954743085603,0.0119001350909876,0.011979669012744871,138147498.91804442,121311008.02436538,123261265.12521176
2006-06-16,0.0036004916887946,-0.002754905023688,-0.0021193653524397404,138644897.83972663,120976807.71893041,123000029.4706075
2006-06-19,-0.0051073074539986,-0.0056512479818975,-0.00559685392910761,137936795.7195309,120293137.77845238,122311616.27238458
2006-06-20,-0.0004176643503035,-0.0001635698872279,-0.00018897933353546,137879184.43736377,120273461.44347169,122288501.90465778
2006-06-21,-9.819212409528656e-05,0.0058977460095405,0.0052981521961769215,137865645.78737536,120982803.77075352,122936404.99959116
2006-06-22,-0.0016495421878464,-0.0037519897693543,-0.00354174501120351,137638230.58839437,120528877.52873784,122500995.60048854
2006-06-23,0.0,-0.0010396418103703,-0.00093567762933327,137638230.58839437,120403570.66830197,122386374.15933414
2006-06-26,0.0,0.0028987462770016,0.00260887164930144,137638230.58839437,120752590.0705144,122705664.5011392
2006-06-27,0.0,-0.0048477728502965,-0.00436299556526685,137638230.58839437,120167208.94276758,122170300.23108761
2006-06-28,0.0,0.0027332329896107,0.00245990969064963,137638230.58839437,120495653.92251937,122470828.13653564
2006-06-29,0.0,0.0139582968166019,0.01256246713494171,137638230.58839437,122177568.02508044,124009363.88998997
2006-06-30,0.0,0.0001192849194329,0.00010735642748961,137638230.58839437,122192141.96643881,124022677.09227246
2006-07-03,0.0,0.0047121233834078,0.0042409110450670195,137638230.58839437,122767926.41586755,124548646.23339185
2006-07-04,0.0,0.0,0.0,137638230.58839437,122767926.41586755,124548646.23339185
2006-07-05,0.0,-0.0056105875112942,-0.00504952876016478,137638230.58839437,122079126.22113122,123919734.26219675
2006-07-06,0.0,0.0024630477120314,0.0022167429408282598,137638230.58839437,122379812.93365696,124194432.45835178
2006-07-07,0.0,-0.0029860129623326,-0.00268741166609934,137638230.58839437,122014385.22590922,123860670.89169861
2006-07-10,0.0,0.0011087063640466,0.00099783572764194,137638230.58839437,122149663.35131443,123984263.49436404
2006-07-11,0.0,0.0030677972435421,0.00276101751918789,137638230.58839437,122524393.75184318,124326586.21797559
2006-07-12,0.0,-0.0064349150724015,-0.00579142356516135,137638230.58839437,121735959.6837526,123606558.29677674
2006-07-13,0.0,-0.0071414042995377,-0.00642726386958393,137638230.58839437,120866593.9778587,122812106.33059224
2006-07-14,0.0,-0.0026377745579465,-0.00237399710215185,137638230.58839437,120547775.15135826,122520550.74605426
2006-07-17,0.0,-0.0007978841565277,-0.00071809574087493,137638230.58839437,120451591.99146034,122432569.26039387
2006-07-18,0.0,-3.627564709067781e-05,-3.264808238161003e-05,137638230.58839437,120447222.53201777,122428572.07178648
2006-07-19,0.0,0.0127186446382152,0.01144678017439368,137638230.58839437,121979147.95306253,123829985.02335711
2006-07-20,0.0,-0.0043550171150072,-0.00391951540350648,137638230.58839437,121447926.67605296,123344631.4896421
2006-07-21,0.0001948134590349,-0.0044798592154677,-0.00401239194801744,137665044.36819074,120903857.0625338,122849724.48342189
2006-07-24,0.0007577663983343,0.0100925528101619,0.009159074168979141,137769362.31303814,122124085.62488967,123974914.2216042
2006-07-25,-0.0009191966511372,0.0034092383582237,0.00297639485728761,137642725.17657068,122540435.74206503,124343912.51872605
2006-07-26,-0.0006950420691871,0.0004294595357435,0.00031700937525044003,137547057.6920554,122593061.90070862,124383330.70474981
2006-07-27,0.0026280031231615,-0.0023625301010034,-0.00186347677858691,137908531.7892518,122303432.10179402,124151545.25633821
2006-07-28,0.0009810851492014,0.0085283705933102,0.00777364204889932,138043831.8017384,123346481.09559186,125116654.92897873
2006-07-31,-0.0001933381832186,-0.0006230943581619,-0.00058011874066757,138017142.6580933,123269624.59912208,125044072.41268478
2006-08-01,0.0017553541888371,-0.0026066521310202,-0.0021704514990344703,138259411.62758952,122948303.5694707,124772670.31827128
2006-08-02,0.0052831852735962,0.0041054855793309,0.00422325554875743,138989861.71503648,123453066.05677837,125299617.1905262
2006-08-03,-0.0078830385158312,0.0011332110588613,0.00023158610139205013,137894199.28182676,123592964.43648425,125328634.84037726
2006-08-04,0.0043629327056522,0.0007316212024838,0.0010947523528006399,138495822.3937932,123683387.66974378,125465838.65824206
2006-08-07,-0.0009300121154944,-0.0019248607148057,-0.00182537585487457,138367019.6010216,123445314.37574422,125236816.34574373
2006-08-08,-0.0041675130350827,-0.0018644131671039,-0.00209472315390178,137790373.2432088,123215161.3062048,124974479.88682336
2006-08-09,0.0096471015319638,-0.0026304072857558,-0.00140265640398384,139119650.96401325,122891055.24818937,124799183.63227555
2006-08-10,-0.0081643087491953,0.0027719585723573,0.0016783318402020402,137983835.18046275,123231704.16225062,125008638.07579683
2006-08-11,-0.0049205696697675,-0.0030070640816569,-0.00319841464046796,137304876.10615557,122861138.53094296,124608808.61759023
2006-08-14,-0.0064157837791953,0.0002301572850425,-0.00043443682138128,136423957.7092293,122889415.91702446,124554673.96285829
2006-08-15,0.0023543569586065,0.0096932085525432,0.00895932339314953,136745148.40338263,124080608.6544084,125670599.56701982
2006-08-16,0.005180942957128,0.0059478132982794,0.00587112626416426,137453617.21692455,124818616.94862169,126408427.52477102
2006-08-17,-0.0125195781486219,0.0009689589132963,-0.00037989479289551994,135732755.9143665,124939561.06005938,126360405.62137625
2006-08-18,-0.0011147367724087,0.0028685492702991,0.00247022066602832,135581449.6201284,125297956.34676972,126672543.70670988
2006-08-21,0.0108947540454032,-0.001812711408566,-0.0005419648631690801,137058576.1668589,125070827.31182992,126603891.6388926
2006-08-22,-0.0001452555255311,0.0007639696124512,0.00067304709865297,137038667.65134925,125166377.6233003,126689102.02083834
2006-08-23,-0.0025645577291866,-0.0026519348738718,-0.00264319715940328,136687224.07702655,124834444.54144485,126354237.7462495
2006-08-24,-0.0021968929159484,0.0015967623755467,0.00121739684639719,136386936.88275108,125033775.4856609,126508060.99681069
2006-08-25,-0.0002914561963817,-5.613448012269372e-05,-7.966665174859435e-05,136347186.06489107,125026756.77967626,126497982.52317186
2006-08-28,-0.0043613036647218,0.0031044610549008,0.0023578845829385396,135752534.58263177,125414897.4769193,126796250.16593608
2006-08-29,-0.0011782330314507,0.0014539015055321,0.00119068805183382,135592586.46228337,125597238.38517715,126947224.94602597
2006-08-30,0.0041795343962313,0.0007066990946383,0.0010539826247976001,136159300.34127644,125685997.83983304,127081025.11538535
2006-08-31,0.0056766027712913,0.0005655903113023,0.0010766915573012,136932222.6029308,125757084.62247759,127217852.18222028
2006-09-01,-0.0020264659588413,0.0035398814017015,0.0029832466656472202,136654734.11515749,126202249.7874649,127597374.41555367
2006-09-04,0.0026296287723548,0.0,0.00026296287723548,137014085.3358652,126202249.7874649,127630927.78825769
2006-09-05,0.005431089345726,0.0002814658466657,0.0007964281965717301,137758221.0749472,126237771.41055244,127732576.65790288
2006-09-06,-0.0060952725673162,-0.0062052768118095,-0.006194276387360169,136918547.16910678,125454431.09484403,126941365.77441415
2006-09-07,-0.0091883430651343,-0.0026339249968637,-0.00328936680369076,135660492.58573726,125123993.53281601,126523809.05982064
2006-09-08,-0.0043743893006209,0.0027731046954902,0.00205835529587909,135067060.77845326,125470975.46680035,126784240.0122537
2006-09-11,-0.0118731172084109,-9.417042293815576e-05,-0.0012720651014854303,133463393.73483512,125459159.81197417,126622962.20511575
2006-09-12,0.0007012363656042,0.0069049461374079,0.00628457516022753,133556983.11999893,126325448.55292031,127418733.72810446
2006-09-13,0.0012151510867183,0.0026705426997412,0.0025250035384389103,133719275.033176,126662806.05734484,127740466.48163134
2006-09-14,0.001743878199431,-0.0012777266821464,-0.00097556619398866,133952465.16175008,126500965.61040983,127615847.20092751
2006-09-15,-0.0003811395201229,0.0014927186394815,0.0013053328235210601,133901410.58345906,126689795.9596889,127782428.35508034
2006-09-18,0.0020809374937633,0.0004623896657768,0.00062424444857545,134180051.04920998,126748376.01210003,127862195.82660647
2006-09-19,-0.0026246436747592,0.0002654636095016,-2.3547118924480056e-05,133827876.2269448,126782023.09349467,127859185.04027541
2006-09-20,-0.0010092814527605,0.0032914027306067,0.00286133431226998,133692806.23360662,127199313.79049645,128225032.91357002
2006-09-21,-0.003260191998442,-0.0014223646430516,-0.0016061473785906402,133256942.01647456,127018389.98394042,128019084.61308618
2006-09-22,-0.002365242094589,-0.0004722093340905,-0.0006615126101403501,132941757.08782099,126958410.71458884,127934398.374276
2006-09-25,-0.0005919707360516,0.006198510088111,0.005519462005694741,132863059.45802572,127745363.70417376,128640527.42532422
2006-09-26,0.0032192715108125,0.004080936197219,0.00399476972857835,133290781.72017834,128266684.38294102,129154416.71015124
2006-09-27,0.001044990565441,0.0001011513109208,0.00019553523637282002,133430069.32953618,128279658.72621383,129179670.94955125
2006-09-28,0.0008487918857764,0.0006810186526542,0.0006977959759664201,133543323.68970168,128367019.56656252,129269812.00411652
2006-09-29,0.0011950901166809,-0.0015110296480953,-0.00124041767161768,133702919.99599196,128173053.19415979,129109463.4448999
2006-10-02,0.001363093466202,-0.0015945327956552,-0.00129877016946948,133885169.5726506,127968677.05732244,128941779.92518148
2006-10-03,0.0,0.001371085746861,0.0012339771721749,133885169.5726506,128144133.08648038,129100891.13814875
2006-10-04,0.0,0.0084301629567216,0.0075871466610494395,133885169.5726506,129224409.01034725,130080398.53328608
2006-10-05,0.0,0.0005992615166611,0.00053933536499499,133885169.5726506,129301848.22568041,130150555.49250771
2006-10-06,0.0,-0.0033495206127341,-0.00301456855146069,133885169.5726506,128868749.01978387,129758207.72096486
2006-10-09,0.0,0.0004809154776561,0.00043282392989049,133885169.5726506,128930723.99577367,129814370.17836621
2006-10-10,0.0,0.0003847946510918,0.00034631518598262,133885169.5726506,128980335.84872863,129859326.86611775
2006-10-11,0.0,-0.0021961849063257,-0.00197656641569313,133885169.5726506,128697071.18192483,129602651.28186965
2006-10-12,0.0,0.0059287087347373,0.00533583786126357,133885169.5726506,129460078.63197622,130294190.0154996
2006-10-13,0.0,0.0007572777975666,0.00068155001780994,133885169.5726506,129558115.87519543,130382992.02302518
2006-10-16,0.0,0.0020160581296432,0.0018144523166788802,133885169.5726506,129819312.56796686,130619565.7449569
2006-10-17,0.0,-0.001895201158855,-0.0017056810429695,133885169.5726506,129573278.85634628,130396770.42782481
2006-10-18,0.0,0.0011362259099855,0.00102260331898695,133885169.5726506,129720503.37302463,130530114.59804946
2006-10-19,0.0,0.0001771915681568,0.00015947241134112001,133885169.5726506,129743488.75243938,130550930.55017705
2006-10-20,0.0,0.0007735838795317,0.00069622549157853,133885169.5726506,129843856.22381248,130641823.43597539
2006-10-23,0.0006009649412238,0.0030060035951279,0.00276549972973749,133965629.86571357,130234167.32242651,131003113.36338
2006-10-24,-0.0008213604028799,0.0002006423105247,9.844203918424e-05,133855595.801995,130260297.80666734,131016009.57699896
2006-10-25,-0.0002010581247317,0.0031199157496467,0.00278781836220886,133828683.0469182,130666698.96134804,131381258.41424105
2006-10-26,0.0018554516298687,0.0041726989062162,0.00394097417858145,134076995.6950008,131211931.75318295,131899028.56120111
2006-10-27,-3.800259390099314e-05,-0.0040218382276734,-0.0036234546642961592,134071900.42138195,130684218.59013113,131421098.4109449
2006-10-30,-0.0012355920117408,0.0004853599130136,0.00031326472053816,133906242.25222239,130747647.4710983,131462268.0046114
2006-10-31,0.000503250745166,0.0014339179099263,0.00134085119345027,133973630.66841821,130935128.86448784,131638539.34355907
2006-11-01,0.0001200087279075,-0.0033783040322099,-0.00302847275619816,133989708.67340787,130492790.190687,131239875.6134914
2006-11-02,0.0,-0.0006442585766473,-0.0005798327189825701,133989708.67340787,130408719.09141603,131163778.4395755
2006-11-03,5.6380109259901445e-05,-0.0036016529123565,-0.0032358496101948598,133997263.02782258,129939032.14850375,130739352.1782401
2006-11-06,0.0017842102499495,0.0071326202600379,0.006597779259029061,134236342.317982,130865837.92177588,131601941.56438059
2006-11-07,0.0019928345852505,0.0023176181699342,0.00228513981146583,134503853.14355078,131169134.96556705,131902670.40031555
2006-11-08,-0.0024214406087617,0.0019881462424376,0.00154718755731767,134178160.05151406,131429918.38837263,132106748.5707359
2006-11-09,0.0025791345517027,-0.0029999599458427,-0.0024420504960881604,134524223.58018684,131035633.89752215,131784137.21985213
2006-11-10,-0.0096526799766545,0.0018427358902495,0.0006931943035591002,133225704.30085936,131277097.9630067,131875489.2330724
2006-11-13,-0.0060695011162022,0.0014537781409443,0.0007014502152296499,132417090.73989847,131467945.73843193,131967993.32337846
2006-11-14,0.0023976042499691,0.0046685977607379,0.004441498409661021,132734574.519425,132081716.69551519,132554128.9558504
2006-11-15,0.0021848930357236,0.0005975767355246,0.0007563083655445001,133024585.36689223,132160645.65660058,132654380.75246716
2006-11-16,-0.0055649244975094,0.0006485704647016,2.7220968480500115e-05,132284313.59301297,132246361.14796935,132657991.7331844
2006-11-17,0.0020065455541075,0.0017873133942922,0.00180923661027373,132549748.0943312,132482726.84059553,132898001.42847347
2006-11-20,0.0020702216107996,2.916533346049028e-05,0.00023327096119440125,132824155.44734211,132486590.7435016,132929002.67300749
2006-11-21,0.0051552620364683,0.0013930231572953,0.0017692470452126,133508898.77344576,132671147.6324384,133164186.91820978
2006-11-22,0.0014550400745729,0.0016821930744043,0.0016594777744211601,133703159.57147323,132894326.11815897,133385169.92674941
2006-11-23,-0.0002698744852601,0.0,-2.6987448526009998e-05,133667076.50010623,132894326.11815897,133381570.20134187
2006-11-24,0.0039183919098107,-0.0016345319916026,-0.00107923960146127,134190836.4912723,132677106.09061638,133237619.5286755
2006-11-27,0.0039564267253407,-0.0077718013032451,-0.0065989785003865205,134721752.7030622,131645965.98459055,132358387.3419631
2006-11-28,0.001157937308881,0.0028312617956885,0.00266392934700775,134877752.04683492,132018690.17863923,132710980.73432596
2006-11-29,0.0026556120005058,0.0055253321061617,0.005238360095596111,135235935.02377176,132748137.28609666,133406168.64005208
2006-11-30,0.0096249726386915,0.0017941188965383,0.00257720427075362,136537577.19814342,132986303.2276819,133749983.58761612
2006-12-01,-0.0019239727895236,-0.000828277906729,-0.00093784739500846,136274882.6148667,132876153.61082086,133624546.51392606
2006-12-04,-0.0039817337603944,0.005456016640143,0.004512241600089261,135732272.31406534,133601128.11599968,134227492.75149927
2006-12-05,-0.0011061550664846,0.0023280676592146,0.0019846453866446804,135582131.37335965,133912160.58160114,134493886.72574943
2006-12-06,-0.0078151934272219,-0.0014383136231727,-0.0020760016035776202,134522530.79140183,133719552.89672813,134214677.20123541
2006-12-07,0.0018263184584283,-0.0023881975966511,-0.00196674599114316,134768211.77246067,133400204.1818749,133950711.0228973
2006-12-08,-0.0058200826024688,-0.000303567830183,-0.0008552193074115801,133983849.64775796,133359708.17134544,133836153.78858902
2006-12-11,0.0022082616162625,0.0021499642517574,0.00215579398820791,134279721.04013416,133646426.77653864,134124676.96433134
2006-12-12,-0.0019273848163581,6.441797936482816e-05,-0.00013476230020746465,134020912.3446566,133655036.0093009,134106602.01434906
2006-12-13,-1.267890434725194e-06,-0.000896161288314,-0.0008066719485260725,134020742.42082378,133535259.54004115,133998421.98039192
2006-12-14,5.8454655608886075e-05,0.0048740705273258,0.004392508940154108,134028576.55716643,134186119.81292407,134587011.24690732
2006-12-15,-0.0066201670196302,0.0007324810510049,-2.78375605861005e-06,133141284.99495468,134284408.60299492,134586636.58949935
2006-12-18,-0.0029276877140045,-0.0017272709782894,-0.0018473126518609101,132751488.89064819,134052463.04117821,134338012.9929562
2006-12-19,0.005820428503668,0.0012296734707192,0.0016887489740140802,133524159.44049168,134217303.7986645,134564876.1745691
2006-12-20,-0.0020069103578956,-0.0007704679313982,-0.0008941121740479401,133256188.42188124,134113893.67024888,134444560.0805822
2006-12-21,-0.0024042615769692,-0.0011163752663959,-0.00124516389745323,132935805.68816516,133964172.23647536,134277154.56816086
2006-12-22,0.0017995714533186,-0.0044703585172641,-0.0038433655202058303,133175033.16920549,133365304.3581098,133761078.38214226
2006-12-25,-0.0001046682018003,0.0,-1.0466820180030001e-05,133161093.97795896,133365304.3581098,133759678.32898775
2006-12-26,9.197415934528164e-05,0.0031999494438296,0.002889151915381168,133173341.35763508,133792066.58961669,134146130.35983269
2006-12-27,0.001278657756953,0.0033216128194871,0.00311731731323369,133343624.48358136,134236472.0331464,134564306.4145067
2006-12-28,0.0066523910745249,-0.0015202853706069,-0.0007030177260937199,134230678.42094073,134032394.28851254,134469705.32179782
2006-12-29,0.0011189291440397,-0.0027186949568344,-0.00233493254674699,134380873.03905016,133668001.09410793,134155727.63029046
2007-01-01,3.926495994971413e-05,0.0,3.926495994971413e-06,134386149.49864802,133668001.09410793,134156254.39221773
2007-01-02,0.0043852304507754,0.000488940468751,0.00087856946695344,134975463.73359194,133733356.78921987,134274119.98112756
2007-01-03,-0.0075151979360705,-9.62597372017981e-05,-0.0008381535570886684,133961096.4071211,133720483.65144022,134161577.64984043
2007-01-04,-0.0039930867890378,0.0016980333514114,0.00112892133736648,133426178.12281281,133947545.49244723,134313035.51750407
2007-01-05,-0.0093772096956908,-0.0041825319593174,-0.0047019997329547395,132175012.8716606,133387305.60255294,133681495.66036843
2007-01-08,0.0020518492642992,0.0014910882712998,0.0015471643705997399,132446216.07458004,133586197.84947719,133888322.90746263
2007-01-09,0.0015019040148154,-0.0002536812571997,-7.812272999818996e-05,132645137.57824956,133552309.53486219,133877863.18616222
2007-01-10,-0.001895336585425,0.0008320175094866,0.00055928209999544,132393730.39611878,133663427.39482757,133952738.67862786
2007-01-11,0.0022601249433387,0.0027588769866453,0.00270900178231464,132692956.7685287,134032188.34862329,134315616.8864542
2007-01-12,0.0075717462017504,0.002299988559418,0.00282716432365124,133697674.15993983,134340460.8484189,134695349.20662478
2007-01-15,-0.000153504889675,0.0,-1.53504889675e-05,133677150.9132181,134340460.8484189,134693281.5671528
2007-01-16,-0.0008849043255013,0.0010754048536955,0.00087937393577582,133558859.42415431,134484931.23206297,134811727.32828707
2007-01-17,0.0046939621115213,-0.0011731036066918,-0.0005863970348704902,134185779.64994931,134327166.47418892,134732674.131116
2007-01-18,-0.0009449534138129,-0.0011041592740947,-0.00108823868806652,134058980.33938394,134178847.88756359,134586052.82257986
2007-01-19,0.0043214477557955,0.0014156255525222,0.0017062077728495302,134638309.21911582,134368794.8932412,134815684.59202293
2007-01-22,-0.0013091353046647,-0.002763742167653,-0.00261828148135417,134462049.4551567,133997434.18877806,134462699.18165955
2007-01-23,0.0017873220849441,0.0013685376270933,0.0014104160728783803,134702376.44573474,134180814.71939935,134652347.53378794
2007-01-24,-0.0017458301093833,0.0050933329866556,0.00440941667705171,134467208.9811303,134864242.289186,135246085.84060758
2007-01-25,-0.0031311689333518,-0.0077702252245119,-0.00730631959539589,134046169.43381406,133816316.75186588,134257934.71342975
2007-01-26,-0.0017446999101388,-0.0009004539757206,-0.0009848785691624201,133812299.09404844,133695821.31743036,134125706.9507905
2007-01-29,-0.0011110797476611,-0.000665211522991,-0.0007097983454580099,133663622.95853707,133606885.31651425,134030504.74591343
2007-01-30,0.0020386650405668,0.0037915017034932,0.00361621803720056,133936118.31385814,134113456.04979026,134515188.27471069
2007-01-31,0.0038636167053277,0.0051097530323626,0.00498513939965911,134453596.1380223,134798742.68852127,135185765.23963153
2007-02-01,0.0043331618477613,0.0031268778250894,0.0032475062273565904,135036205.3311019,135220241.88788396,135624781.85409722
2007-02-02,-0.0037367136665582,0.0012392858632564,0.0007416859102749402,134531613.697161,135387818.4220817,135725372.8438825
2007-02-05,0.0023325519698228,-6.154850468487161e-06,0.00022771583156064158,134845415.67769375,135386985.13030407,135756279.66002354
2007-02-06,0.0029109455060702,0.0012680145679768,0.00143230766178614,135237943.33447492,135558657.79976377,135950724.41951618
2007-02-07,-0.0016213107664805,0.0015452609078275,0.0012286037403967,135018680.60091004,135768131.2943793,136117753.98804763
2007-02-08,0.0034495241451854,-0.0005078067592994,-0.00011207366885091998,135484430.79969394,135699187.31961057,136102498.77196246
2007-02-09,0.0006573438557938,-0.0051617120097452,-0.0045798064231913,135573490.65783584,134998747.19471025,135479175.67387423
2007-02-12,-0.0027382537046449,-0.002126668814536,-0.0021878273035468897,135202256.0447904,134711649.56904984,135182770.63427287
2007-02-13,0.0018980856959137,0.004486361606186,0.004227534015158771,135458881.51304427,135316014.74158242,135754260.39539266
2007-02-14,0.0038216957932929,0.0063459554725775,0.006093529504649041,135976564.15068683,136174724.14585915,136581482.98649383
2007-02-15,0.0001197393284627,0.0012520755419096,0.00113884192056491,135992845.89316487,136345225.18738845,136737027.70489174
2007-02-16,-4.7223992564959794e-05,-0.000227752661516,-0.00020969979462089598,135986423.76802152,136314172.19946703,136708353.978265
2007-02-19,0.0006352290561243,0.0,6.352290561243001e-05,136072806.2956374,136314172.19946703,136717038.0901312
2007-02-20,-0.0050316809541557,0.0021713121741777,0.0014510128613443602,135388131.34782112,136610152.8210767,136915416.27076486
2007-02-21,0.0101092973599563,-0.0010431195758913,7.21221176934601e-05,136756810.22662508,136467652.09640354,136925290.90053117
2007-02-22,0.0024347487145022,-0.0010986308622826,-0.0007452929046041202,137089778.69452378,136317724.52210718,136823241.45276216
2007-02-23,0.0029394090611022,-0.0010078545368177,-0.00061312817702571,137492741.63220295,136180336.0849989,136739351.2681555
2007-02-26,0.001438206224662,0.0004109442588221,0.0005136704554060899,137690484.54906422,136236298.6122775,136809590.23299333
2007-02-27,-0.0132113419520862,-0.0182941356108413,-0.017785856244965793,135871408.4741381,133743973.29034545,134376314.52817664
2007-02-28,-2.057270492905605e-05,0.002825451215018,0.0025408488230232945,135868613.23174328,134121860.36218,134717744.42878774
2007-03-01,-0.0033058308286381,-0.0015307932497504,-0.00170829700763917,135419454.58147746,133916547.52369359,134487606.50910413
2007-03-02,-0.0117943975303144,-0.006003785865382,-0.0065828470318752405,133822263.70080517,133112541.24853009,133602295.16777167
2007-03-05,-0.0104827619660572,-0.0054942263134631,-0.00599307987872251,132419436.76467067,132381190.82175048,132801605.94085056
2007-03-06,0.0097210785155034,0.0091220199603728,0.009181925815885861,133706696.50643876,133588774.68680441,134020980.43482995
2007-03-07,0.0052147286671687,-0.0006853699138508,-9.536005574885004e-05,134403940.64970332,133497216.95980588,134008200.18666418
2007-03-08,0.0023700422268007,0.004183315952329,0.00400198857977617,134722483.66449153,134055677.99710536,134544499.47340757
2007-03-09,-0.0006976960622104,-0.0012389765219559,-0.00118484847598135,134628488.31814763,133889586.15943207,134385084.62825483
2007-03-12,0.0012410474790773,0.0024813742506405,0.00235734157348418,134795568.66418684,134221816.330957,134701876.17510518
2007-03-13,-0.0046714318988504,-0.0107630690462441,-0.010153905331504731,134165880.34490529,132777177.65427461,133334126.0764471
2007-03-14,-0.0003915713085046,0.0035878799879657,0.00318993485831867,134113344.83558194,133253566.23283894,133759453.2530218
2007-03-15,0.0039664326169209,0.0020358665885775,0.00222892319141184,134645296.38090214,133524852.71614118,134057592.80044805
2007-03-16,0.0055053031491966,-0.0024317401289154,-0.0016380358011042,135386559.55509242,133200154.97358382,133838001.66403106
2007-03-19,0.0021627462312621,0.0061804870640261,0.0057787129807497,135679366.32653373,134023396.8083243,134611413.0615646
2007-03-20,0.0033618918740253,0.0042553763260069,0.00416602788080874,136135505.68565983,134593716.79823348,135172207.96145412
2007-03-21,0.0035541328133449,0.0110487550374978,0.01029929281508251,136619349.3534785,136080809.80472353,136564386.11171037
2007-03-22,0.0064269448187977,-0.0016223196989437,-0.0008173932471695598,137497394.37295336,135860043.22632912,136452759.30469877
2007-03-23,-0.0046228594077584,0.0002645429155504,-0.00022419731678048,136861763.2498341,135895984.038271,136422166.96219537
2007-03-26,0.0053657684239575,0.0011648110121945,0.0015849067533707998,137596131.77752715,136054277.1769918,136638383.37592325
2007-03-27,-0.0002604118640856,-0.0040235985288618,-0.00364727986238418,137560300.11236,135506849.3874971,136140024.9518075
2007-03-28,0.0010103039778283,-0.0047123961683025,-0.00414012615368942,137699277.83075476,134868287.4296647,135576388.0739406
2007-03-29,0.0031259302622734,0.0020368205561096,0.0021457315267259802,138129716.17041913,135142989.92986876,135867298.60411048
2007-03-30,-4.171608036390717e-05,-0.0008894851968472,-0.0008047082851988707,138123953.9400787,135022782.24086845,135757965.06323615
2007-04-02,0.0034071378443658,0.0017061490235187,0.00187624790560341,138594561.2907614,135253151.22894147,136012680.66085503
2007-04-03,-0.0011439938226033,0.0053113710202433,0.004665834535958639,138436009.96879834,135971530.89677545,136647293.32361075
2007-04-04,0.0096786187215576,0.0009878981750062,0.00185697022966134,139775879.3266201,136105856.92400116,136901043.2792765
2007-04-05,0.0010383699491937,0.0016153230825556,0.00155762776921941,139921018.39933497,136325711.8563615,137114284.14592338
2007-04-06,0.0002036873883033,0.0,2.036873883033e-05,139949518.54614148,136325711.8563615,137117076.99096704
2007-04-09,-0.0031341180128161,-0.0008924027345014,-0.00111657426233287,139510900.2391811,136204054.41831803,136963975.5918726
2007-04-10,0.0074411879861706,0.0020683133290082,0.0026056007947244404,140549027.07398075,136485767.0795364,137320849.03552338
2007-04-11,-0.0008600098088919,-0.0040644980904533,-0.00374404926229716,140428153.5320669,135931020.9398676,136806713.0119939
2007-04-12,-0.0002749607956928,0.0037735443455505,0.00336869383142617,140389541.29523405,136443962.67532012,137267572.94221509
2007-04-13,0.008067029265206,0.0016651599472672,0.0023053468790610802,141522067.83339158,136671163.6970135,137584022.31309372
2007-04-16,-0.0028302625784955,0.0071133571349315,0.0061189951635888,141121523.22077143,137643354.49443704,138425898.28021464
2007-04-17,-0.0006432089083037,0.0023064330087461,0.00201146881704112,141030752.59988245,137960819.67067754,138704337.6580762
2007-04-18,0.0002329259839366,0.0011357232266624,0.00104544350238982,141063602.3266971,138117504.97794694,138849345.20663413
2007-04-19,-0.0019475055917085,-0.0008424358989151,-0.00095294286819444,140788880.1723793,138001149.83348492,138717029.713366
2007-04-20,0.0054936899826228,0.0055710141002496,0.00556328168848692,141562330.63304698,138769956.18505794,139488751.62465167
2007-04-23,-0.0004506716463118,-0.0008179747819386,-0.00078124446837592,141498532.50444487,138656445.86040783,139379776.80904424
2007-04-24,-0.0076190736555774,0.0003658135283295,-0.00043267519006119,140420444.7631374,138707168.26409367,139319470.6376227
2007-04-25,0.0074634499151635,0.0057260677530464,0.0058998059692581106,141468465.71969208,139501414.90740708,140141428.48212442
2007-04-26,-0.0089919572140131,-0.0011725889762423,-0.00195452580001938,140196387.32880852,139337837.08611643,139867518.44450453
2007-04-27,0.0052265778662824,-0.0002139131397344,0.00033013596086728,140929134.66375402,139308030.89190155,139913693.74210033
2007-04-30,-0.0011542705252232,-0.0030963853871253,-0.0029021739009350896,140766464.31746644,138876679.54073867,139507639.87173858
2007-05-01,-0.0031917955088263,0.001398951265208,0.0009398765878045699,140317166.5488646,139070961.24729007,139638759.8362739
2007-05-02,-0.0009208949943085,0.0038864771387622,0.0034057399254551297,140187949.1725742,139611457.35884336,140114333.13578933
2007-05-03,0.0053322806274783,0.0021702147158973,0.0024864213070554,140935470.65815303,139914444.1981114,140462716.39912203
2007-05-04,0.0012490284659626,0.0020617206088962,0.0019804513946028402,141111503.07286888,140202908.6911969,140740895.98170438
2007-05-07,0.0001068085137273,0.0017917298915556,0.00162323775377277,141126574.98278192,140454114.43358195,140969351.9175617
2007-05-08,-0.0014655048540132,-0.0006268564592671,-0.0007107212987417101,140919753.3021144,140366069.86471862,140869161.99668407
2007-05-09,-0.0012521039964163,0.0012726777178428,0.0010201995464168899,140743307.1158308,140544710.6341766,141012876.65185723
2007-05-10,-0.0065023798545709,-0.0077462880979392,-0.00762189727360237,139828140.67097512,139456010.8149628,139938090.9917616
2007-05-11,0.0062471628648736,0.0054376701486668,0.00551861942028748,140701669.83883917,140214326.60202345,140710356.0583467
2007-05-14,-0.0001724752347618,-0.0012342453010112,-0.00112806829438626,140677402.28530234,140041267.72828048,140551625.16698545
2007-05-15,0.0055750169104961,-0.0010735689491832,-0.00040871036321527,141461681.18196756,139890923.77164313,140494180.26121294
2007-05-16,-0.0045530638298869,0.005500406496621,0.0044950594639702095,140817597.11806297,140660380.717575,141125709.95582882
2007-05-17,8.285192764112548e-05,-0.0013454925557446,-0.0012026581074060275,140829264.12743,140471123.2224313,140955983.97658703
2007-05-18,0.0007354003987027,0.0031370339161655,0.00289687056441922,140932830.02441832,140911785.90022194,141364315.21744755
2007-05-21,0.0043539601080242,0.0013817688249911,0.0016789879532944103,141546445.94425562,141106493.4130527,141601664.19972336
2007-05-22,-0.0052864225929201,-0.0011271360804761,-0.0015430647317205,140798171.61446834,140947447.19313738,141383163.66574383
2007-05-23,0.0010818203757201,-0.0011440058980412,-0.00092142327066507,140950489.945385,140786202.4822346,141252889.92866197
2007-05-24,-0.0079216556346119,-0.0056716825986671,-0.005896679902261581,139833928.70250785,139987707.82748365,140419966.8514833
2007-05-25,0.003981529008012,0.0032298574504867,0.00330502460623923,140390681.54594117,140439848.16858682,140884058.29713473
2007-05-28,0.0018436550466303,0.0,0.00018436550466303,140649513.53447324,140439848.16858682,140910032.45764163
2007-05-29,-0.0033474634382005,0.0008057148461225,0.0003903970176902,140178694.4303159,140553002.63924345,140965043.31407574
2007-05-30,0.0013767657209155,0.0050765239883848,0.00470654816163787,140371687.65161026,141266523.32878107,141628502.07954082
2007-05-31,0.0065516840423759,1.1712616395032034e-05,0.0006657097589931189,141291358.59759867,141268177.92937827,141722785.55552673
2007-06-01,0.0054193120961308,0.0011045646478507,0.0015360393926787102,142057060.5663254,141424217.76458535,141940477.33698016
2007-06-04,0.0021037534156898,0.0018264187626259,0.00185415222793229,142355913.59271464,141682517.60940024,142203656.5892683
2007-06-05,-0.0036676022943527,-0.0040115188029838,-0.00397712715212069,141833808.71740735,141114155.52595606,141638094.5655163
2007-06-06,-0.0036372951894494,-0.0049753273768423,-0.0048415241581030105,141317917.2872582,140412066.4047078,140952350.30896968
2007-06-07,-0.0005402098923041,-0.0126401377279072,-0.01143014494434689,141241575.95037982,138637238.54669222,139341244.5146918
2007-06-08,-0.0040364109844376,0.0066245410453932,0.00555844584241012,140671466.90175444,139555646.62386474,140115765.27594072
2007-06-11,0.0068707417285115,0.0005124129103694,0.0011482457921836102,141637984.21940723,139627156.73890975,140276652.61383742
2007-06-12,-0.0013076265058321,-0.0083362555165598,-0.0076333926154870295,141452774.63700932,138463189.08328345,139205865.84964973
2007-06-13,-0.0002211391084776,0.010161467219409,0.00912320658662034,141421493.8965344,139870178.24024808,140475869.72186542
2007-06-14,0.004350662045217,0.0026015313136158,0.0027764443867759198,142036771.02240792,140234054.8887811,140865893.16183215
2007-06-15,0.0072122885285152,0.0048591843424106,0.00509449476102106,143061181.1966802,140915478.01256943,141583533.71655166
2007-06-18,0.0002852305772857,-9.658153334997084e-05,-5.840032228640376e-05,143101986.6199801,140901868.17963022,141575265.19255218
2007-06-19,-0.0017234333578141,0.0022269014274192,0.0018318679488958701,142855359.88266975,141215642.75100547,141834612.38321483
2007-06-20,-0.0024351019322523,-0.0088395424260371,-0.008199098376658621,142507492.51978686,139967361.08568785,140671696.44306958
2007-06-21,-0.0017457448261753,0.0032701613590859,0.0027685707405597803,142258710.80202922,140425076.9414435,141061155.98586679
2007-06-22,-0.00389583790168,-0.0070570508475954,-0.00674092955300386,141704493.92464256,139434090.03319022,140110272.67070076
2007-06-25,-0.0006292409084267,-0.0005632723669804,-0.00056986922112503,141615327.66015726,139355550.66325948,140030428.1387423
2007-06-26,-0.0044661097766352,-0.0023666092936953,-0.00257655934198929,140982858.0607728,139025750.52193177,139669631.43095866
2007-06-27,-0.0025107984131067,0.0061892778806222,0.0053192702512493105,140628878.52447858,139886219.52447408,140412571.9464323
2007-06-28,0.0060937055259345,-0.0010720736300069,-0.0003554957144127599,141485829.49864915,139736251.19732055,140362655.87885565
2007-06-29,-0.000637168907117,0.000829334775815,0.0006826844075218,141395679.127295,139852139.3298805,140458479.2754225
2007-07-02,0.005023737527116,0.0071297925498281,0.00691918704755689,142106013.90669882,140849256.0709522,141430337.76594454
2007-07-03,-0.0002880343053936,0.001373912715351,0.00120771801327654,142065082.49969095,141042770.6548158,141601145.73248824
2007-07-04,0.0014949837829466,0.0,0.00014949837829466,142277467.49415097,141042770.6548158,141622314.87413993
2007-07-05,-0.0018176928933168,-0.0014446270759455,-0.00148193365768263,142018850.7526077,140839016.4494615,141412439.999049
2007-07-06,0.0028886545155547,0.0013618868151005,0.00151456358514592,142429094.14712813,141030823.24901572,141626618.1311582
2007-07-09,0.0005459252158029,0.0013478906460044,0.00126769410298425,142506849.781087,141220917.37647137,141806157.3597887
2007-07-10,0.0021818433929303,-0.0061383205437544,-0.00530630415008593,142817777.40972918,140354058.11813152,141053690.7584827
2007-07-11,0.0001846790554256,0.0028372838926098,0.0025720234088913805,142844152.8619592,140752282.42649254,141416484.15302402
2007-07-12,0.0029501413280904,0.0106977509217924,0.0099229899624222,143265563.30079332,142258015.28556493,142819758.5057955
2007-07-13,0.0020119334453955,0.0021245931325443,0.00211332716382942,143553804.0791716,142560255.68789002,143121583.38097736
2007-07-16,0.0008020132329885,0.0002721094359621,0.00032509981566474,143668936.12968892,142599047.67865586,143168112.18135217
2007-07-17,0.0007429194851613,-0.0007490985961195,-0.0005998967879914201,143775670.58175206,142492226.9322318,143082226.09071177
2007-07-18,0.0017580432649681,0.0002176158893934,0.00037165862695087,144028434.4310846,142523235.5049273,143135403.83440173
2007-07-19,0.0016942294133561,0.0023861178737899,0.00231692902774652,144272451.64105737,142863312.74459597,143467038.4064439
2007-07-20,-0.0009629661378537,-0.0059649557516243,-0.00546475679024724,144133522.1555019,142011139.405544,142683025.9341356
2007-07-23,0.0038875961400908,0.0029374247709074,0.0030324419078257402,144693855.07989132,142428286.44417864,143115703.92151368
2007-07-24,-0.0009160229153066,-0.0114737458413068,-0.010417973548706782,144561312.1929341,140794100.4849053,141624728.3036548
2007-07-25,-0.0030210462672544,0.003626619467096,0.0029618528936609604,144124585.78034422,141304707.11057612,142044199.91499493
2007-07-26,-0.0101890130554175,-0.0114004761985408,-0.011279329884228471,142656098.49422166,139693766.1604202,140442036.52601242
2007-07-27,-0.0094350959602201,-0.0097104327491437,-0.00968289907025134,141310124.51561806,138337279.23864484,139082150.46111047
2007-07-30,0.0054156759826626,0.0059457444870389,0.00589273763660127,142075414.36306438,139159797.35402998,139901725.08371213
2007-07-31,0.0048475768578638,-0.0069314348199376,-0.00575353365215746,142764135.85380217,138195220.2891148,139096795.80044812
2007-08-01,-0.003645792841457,0.0045378065246312,0.00371944658802238,142243647.38928956,138822323.46141556,139614158.90299293
2007-08-02,0.0030710532206124,0.0028459861631524,0.0028684928688984,142680485.2007161,139217409.87312344,140014641.12220344
2007-08-03,0.0006782154630371,-0.0147370655917656,-0.013195537486285332,142777253.31205288,137165753.77230752,138167072.67664662
2007-08-06,-0.0022832711369377,0.0139297216721444,0.01230842239123619,142451254.13055423,139076434.54530564,139867691.3677114
2007-08-07,-0.0015949245811633,0.0034790735807208,0.0029716737645323903,142224055.12372386,139560291.69443303,140283332.51665455
2007-08-08,0.0059145555843345,0.0064599584932044,0.00640541820231741,143065247.20318258,140461845.38607857,141181905.92823848
2007-08-09,-0.0116605812561096,-0.0163849030411306,-0.0159124708626285,141397023.26324448,138160391.6684494,138935352.96382502
2007-08-10,-0.0008988622493856,0.0005999703453337,0.00045008708586177,141269926.81685767,138243283.80635017,138997885.97196367
2007-08-13,-0.00152969950006,-6.249435954064136e-07,-0.00015353239924186578,141053826.2804324,138243197.41209534,138976545.29304084
2007-08-14,-0.0062472714593851,-0.009842182386003,-0.00948269129334121,140172624.73727357,136882582.64954126,137658673.61701187
2007-08-15,-0.0073944996181136,-0.0076049104557184,-0.00758386937195792,139136118.31718385,135841602.86554402,136614688.21838346
2007-08-16,-0.033582983817614,0.0044992409357919,0.0006910184604513106,134463512.30729222,136452786.96594027,136709091.4899112
2007-08-17,0.0198941808904297,0.0134748203761591,0.014116756427586162,137138553.744296,138291463.76013258,138638980.43591085
2007-08-20,-0.0002934493668596,0.0008145108476314,0.0007037148261823001,137098310.52252772,138404103.65750006,138736542.74193043
2007-08-21,0.0001903166869671,0.0016107397260372,0.00146869742213019,137124402.61877513,138627036.64550775,138940304.74461076
2007-08-22,0.0013312034078807,0.006362126429908,0.00585903412770527,137306943.09084487,139508999.37924996,139754360.73182318
2007-08-23,-0.0002648305084745,-0.0006333521674573,-0.0005965000015590201,137270580.02328902,139420641.05211332,139670997.25542876
2007-08-24,0.0030677170125738,0.0064952075132228,0.0061524584631579005,137691687.31695232,140326207.04737332,140530317.26455063
2007-08-27,-0.0002244836875187,-0.0042412440294434,-0.00383956799525093,137660777.77924272,139731049.3595592,139990741.55601922
2007-08-28,-0.0019098262432594,-0.0125671536544484,-0.011501420913329499,137397869.6131724,137975027.79196033,138380649.1134143
2007-08-29,0.0018867924528301,0.0128784349378541,0.011779270689351699,137657110.8765935,139751930.2104277,140010672.23748943
2007-08-30,-0.0008239700374532,-0.0012620848797647,-0.00121827339553355,137543685.54178882,139575551.4123912,139840100.9604117
2007-08-31,0.0030061626333984,0.0060101072089089,0.00570971275135785,137957164.22972444,140414415.44012225,140638547.76801655
2007-09-03,-0.0003713055101737,0.0,-3.713055101737e-05,137905939.974478,140414415.44012225,140633325.78124362
2007-09-04,0.0035326491149784,0.0064141443577614,0.0061259948334830994,138393113.27127907,141315053.77066588,141494844.80839506
2007-09-05,0.0,-0.0047322212902885,-0.00425899916125965,138393113.27127907,140646319.6645741,140892218.38303357
2007-09-06,0.0049867996479906,0.0020838827853595,0.00237417447162261,139083251.99982464,140939410.10894725,141226721.09116882
2007-09-07,0.0019413287316651,-0.0072792496280578,-0.00635719179208551,139353258.31302533,139913476.96033302,140328915.7390249
2007-09-10,0.0008204908675799,0.0003305708813847,0.00037956288000422,139467596.38883868,139959728.28172943,140382179.38643068
2007-09-11,0.0033778978808135,0.0073795873452517,0.006979418398807879,139938703.6871227,140992573.32140216,141361965.3521051
2007-09-12,-0.0003508279539713,-0.000543644260021,-0.0005243626294160299,139889609.27802673,140915923.51821038,141287840.42025366
2007-09-13,-0.0011593591905565,0.0036197831556008,0.0031418689209850702,139727426.9738469,141426008.60451755,141731748.29498315
2007-09-14,-0.0002470704503741,0.0005353349654088,0.00045709442383051003,139692904.45553488,141501718.89194176,141796533.08680853
2007-09-17,0.0036390616167326,-0.0030671265677827,-0.00239650774933117,140201255.54226887,141067715.21054134,141456716.5964377
2007-09-18,0.0019501323304081,0.0176762283397632,0.01610361873882769,140474666.54346564,143561260.35597154,143734681.62855315
2007-09-19,-0.0007601935038009,0.0028964006998859,0.00253074127951722,140367878.61451072,143977071.2909431,144098436.92064878
2007-09-20,0.0043324552890613,-0.0064820493257632,-0.00540059886428075,140976016.17262846,143043804.81305626,143320219.0658705
2007-09-21,-0.0007835922594712,0.0035944906758513,0.00315668238231905,140865548.4575845,143557974.43569508,143772635.47642583
2007-09-24,0.0005364070840959,-0.0028095413474219,-0.00247494650427012,140941109.7356822,143154642.37076586,143416805.89484373
2007-09-25,-0.0011750396800253,0.0001415595579108,9.899634117189985e-06,140775498.33919597,143174907.27865276,143418225.66874832
2007-09-26,0.0019475895310093,0.0034038618855324,0.0032582346500800896,141049671.225984,143662254.8885032,143885515.90107524
2007-09-27,0.0071170920758898,0.003340772153503,0.00371840414574168,142053534.72337332,144142197.74914417,144420540.39991397
2007-09-28,0.0019481137723365,-0.0017345835072274,-0.0013663137792710102,142330271.17077702,143892171.070233,144223216.62555578
2007-10-01,0.0042856179172701,0.0082289492811119,0.00783461614472772,142940244.3310764,145076252.447919,145353150.16697493
2007-10-02,-0.0105216221981062,0.0004847674605179,-0.00061587150534451,141436281.08331984,145146580.69439963,145263631.30357504
2007-10-03,-9.37730778558521e-05,-0.0029382812456659,-0.0026538304288848953,141423018.16792217,144720099.21847275,144878126.2586113
2007-10-04,0.00472336394518,0.0016743933923087,0.00197929044759583,142091010.5529551,144962417.59633842,145164882.14998055
2007-10-05,0.0055352248490628,0.0036462705002843,0.00383516593516215,142877516.24539623,145490989.78326982,145721613.560984
2007-10-08,-0.0109560778554916,-0.0019292366825998,-0.00283192079988898,141312139.0536124,145210303.2287922,145308941.49254724
2007-10-09,0.0063563593437574,0.0048012150827958,0.00495672950889196,142210369.7890722,145907489.12683162,146029198.6107492
2007-10-10,0.0044573659412716,-0.0009806040961711,-0.0004368070924268301,142844253.44786566,145764411.64533183,145965412.02109462
2007-10-11,0.0089743851560296,-0.0032544922316177,-0.00203160449285297,144126192.79563233,145290022.49998578,145668868.03423145
2007-10-12,-0.0021577417258435,0.0022249716636639,0.0017867003247131602,143815205.69565022,145613288.68306133,145929134.64804882
2007-10-15,0.0047440276113022,-0.0046107788969728,-0.0036752982461453,144497469.0023955,144941898.0044827,145392801.55541533
2007-10-16,-0.0068590746252582,-0.0034524824713219,-0.0037931416867155302,143506350.07934713,144441488.64226207,144841306.05888715
2007-10-17,0.0012752043672465,0.0035433262611895,0.0033165140717952,143689350.00369594,144953291.9621735,145321674.28860864
2007-10-18,0.0089362398160682,0.0005492878447589,0.00138798304188983,144973392.4943439,145032913.0435061,145523378.30814028
2007-10-19,-0.0026084535390845,-0.0133515556719266,-0.01227724545864239,144595236.13561895,143096498.03074405,143736752.07268038
2007-10-22,-0.0117596446543638,0.0024982175785029,0.0010724313552162301,142894847.53995025,143453984.21754664,143890899.87250006
2007-10-23,0.0072489159278474,0.0051580295924394,0.0053671182259802,143930680.27628994,144193924.1132941,144663179.34375846
2007-10-24,0.001950844631313,5.4476985357365714e-05,0.00024411374995292914,144211466.67118818,144201779.36358663,144698493.61494818
2007-10-25,0.0097415757176645,-0.0009256723338255,0.00014105247132349989,145616313.593121,144068295.76594135,144718903.69506934
2007-10-26,0.0123112677261398,0.0077337364214042,0.00819148955187776,147409035.01505944,145182481.99207607,145904367.08264673
2007-10-29,0.0089278407516726,0.0025132566120023,0.00315471502596933,148725079.40503162,145547362.82488957,146364653.7818369
2007-10-30,-0.0063644330681193,-0.0039539118674608,-0.00419496398752665,147778528.59160757,144971881.37973863,145750659.33017528
2007-10-31,0.0136849604501601,0.0054271794096588,0.00625295751370893,149800871.91076657,145758669.78934222,146662032.01056194
2007-11-01,-0.0080872407996127,-0.0133006245334222,-0.01277928616004125,148589396.1876323,143819988.44998312,144787795.93468586
2007-11-02,0.007902512880279,0.0021903608431197,0.00276157604683563,149763625.80487794,144135006.12114188,145187638.4438132
2007-11-05,-0.0018898573646556,-0.0032811190357161,-0.0031419928686100503,149480593.91369307,143662082.00884476,144731459.9192124
2007-11-06,0.0129229729019197,0.0065949557341346,0.00722775745091311,151412327.5782026,144609527.08036673,145777543.80702502
2007-11-07,0.0025010810123336,-0.0166276154308769,-0.01471474578655585,151791022.07574168,142205015.4764334,143632464.30851611
2007-11-08,-0.0018164296310402,0.00087272294016,0.00060380768303998,151515304.3655174,142329121.05564547,143719190.69399956
2007-11-09,-0.0033982360960551,-0.0075268137684513,-0.00711395600121168,151000419.58911774,141257836.26763228,142696778.6948727
2007-11-12,-0.0288601623480828,-0.005991406957026,-0.00827828249613168,146642522.9651472,140411503.08468392,141515494.44954854
2007-11-13,0.0053539085807803,0.0170150201619972,0.01584890900387551,147427633.62715757,142800607.64064616,143758360.64371789
2007-11-14,0.0144159603683177,-0.0042505970928857,-0.00238394134676536,149552944.55072153,142193619.79294652,143415649.14383614
2007-11-15,-0.0154548450510773,-0.0054992119511992,-0.006494775261187011,147241626.96575776,141411666.93959686,142484196.73370966
2007-11-16,0.0005301496603374,0.0034313248691066,0.00314120734822968,147319687.06428117,141896896.30914852,142931769.1394962
2007-11-19,-0.0074736863100848,-0.0087838513479945,-0.00865283484420353,146218665.93586287,140650495.06522718,141695004.14714232
2007-11-20,0.0122812152599481,0.0031059165257866,0.00402344639920275,148014408.84724364,141087343.76221034,142265106.4013632
2007-11-21,-0.0096060633582179,-0.0086008723411216,-0.008701391442831231,146592573.05792785,139873869.52956364,141027202.02190888
2007-11-22,0.0014710670199663,0.0,0.00014710670199663003,146808220.55752537,139873869.52956364,141047948.06849015
2007-11-23,0.0060042136869883,0.0103432349810048,0.00990933285160315,147689688.48475924,141320617.82981032,142445639.13393643
2007-11-26,-0.0009875692306078,-0.0105867456042866,-0.009626827966918721,147543834.69273362,139824492.4002055,141074339.47135627
2007-11-27,-0.0094585654523836,0.0070747505363175,0.0054214189374473904,146148281.67519674,140813715.80280417,141839162.56695414
2007-11-28,0.0029988768009378,0.0158139396074581,0.014532433326806071,146586562.36660942,143040535.4004115,143900430.7400884
2007-11-29,-0.0043948740277213,0.001926887435191,0.00129471128889977,145942332.89085147,143316158.41079754,144086740.25224513
2007-11-30,-0.0043350396886535,0.0042903163947292,0.00342778078639093,145309667.08551493,143931030.07485697,144580638.0120555
2007-12-03,0.0025143301138542,-0.0016627094833683,-0.0012450055236460501,145675023.55730218,143691714.58620054,144400634.3191182
2007-12-04,-0.0028196372057604,-0.0037081668060408,-0.0036193138460127597,145264272.84092999,143158881.7398689,143878003.103954
2007-12-05,-0.0017605313147059,0.0090515073761759,0.00797030350708772,145008530.53968555,144454685.41390243,145024754.4566862
2007-12-06,0.007722321820932,0.0072427440531017,0.0072907018298847305,146128333.07929343,145500933.72762665,146082086.69938213
2007-12-07,0.0003186920550558,-0.0034874272859019,-0.00310681535180613,146174903.01806432,144993509.80122072,145628236.62980062
2007-12-10,0.0030101337662568,0.0040619573607169,0.00395677500127089,146614909.0294183,145582467.25561395,146204454.79597658
2007-12-11,-0.0003354945478925,-0.0117753812895621,-0.010631392615395141,146565720.52679917,143868178.1946039,144650097.83492076
2007-12-12,0.0083118273686918,0.0019344078215485,0.00257214977626283,147783949.49398583,144146477.92377546,145022159.55170324
2007-12-13,-0.0095499128966708,-0.0009548675775348,-0.0018143721094484003,146372625.64879227,144008837.1255902,144759035.39016065
2007-12-14,-0.0030772079043198,-0.0095569955390903,-0.00890901677561325,145922206.6481698,142632545.31159136,143469374.7154481
2007-12-17,-0.0035934253677209,-0.0079448595253619,-0.0075097161095978,145397846.08908644,141499349.77534592,142391960.4409136
2007-12-18,0.0024049789328436,0.0053704762166641,0.00507392648828205,145747524.84581152,142259268.66798788,143114446.7807131
2007-12-19,0.0021535100178553,0.0001514448502707,0.00035165136702916,146061393.6006446,142280813.10163093,143164773.1715652
2007-12-20,-0.0026299268753376,0.0042138604106366,0.00352948168203918,145677262.816165,142880364.58715305,143670070.61598754
2007-12-21,0.0079143337237765,0.0073358615349163,0.00739370875380232,146830201.29005843,143928515.15782276,144732325.27476037
2007-12-24,0.0,0.0040148003456651,0.0036133203110985898,146830201.29005843,144506359.41022944,145255289.5253482
2007-12-25,-0.0014781966001478,0.0,-0.00014781966001478001,146613157.38571244,144506359.41022944,145233817.93783522
2007-12-26,0.0054213135068153,-0.0008119566483275,-0.00018862963281321996,147407993.27612445,144389026.51098073,145206422.53608555
2007-12-27,0.0005872036171616,-0.0067815365873629,-0.00604466256691045,147494551.78297475,143409847.04488277,144328698.70930666
2007-12-28,0.0034365236919343,0.0030019881073243,0.0030454416657853004,148001420.30460817,143840361.7001847,144768243.34192455
2007-12-31,-0.0017599816472086,-0.0027682892750225,-0.00266745851224111,147740940.52111125,143442169.96957472,144382080.05891994
2008-01-01,0.0,0.0,0.0,147740940.52111125,143442169.96957472,144382080.05891994
2008-01-02,0.0133779391268659,-0.0054518992404529,-0.003568915403721021,149717409.82994857,142660137.71206868,143866792.62937635
2008-01-03,0.0039283086701274,-1.750328186531647e-05,0.0003770779133339552,150305546.0290526,142657640.69146734,143921041.61933908
2008-01-04,-0.0029541287796137,-0.0135267757701267,-0.0124695110710754,149861524.0897926,140727942.77393857,142126416.59750602
2008-01-07,-0.0032545690092701,0.0023537927953952,0.0017929566149286701,149373789.417808,141059187.19175065,142381243.09630063
2008-01-08,0.0099334541342722,-0.0109016103699233,-0.008818103919503748,150857587.1038522,139521414.8938881,141125710.49848932
2008-01-09,-0.0007744196966875,0.0093210488937263,0.00831150203468492,150740760.01700425,140821900.8238359,142298677.12844387
2008-01-10,0.0028799315697221,0.0030032077484487,0.00299088013057604,151174883.0906211,141244818.2475413,142724275.41447458
2008-01-11,0.0020732287724302,-0.006473349036428,-0.005618691255542181,151488303.20791337,140330491.23943815,141922351.7762497
2008-01-14,0.0053813324139087,0.0069681370794473,0.00680945661289344,152303512.12429413,141308333.33882073,142888765.87306985
2008-01-15,-0.0101439114820547,-0.013350524598017,-0.01302986328642077,150758558.77889925,139421792.958676,141026944.7885784
2008-01-16,-0.0091779522400342,-0.0034242276246757,-0.00399960008621155,149374903.92665014,138944381.00374508,140462893.40804383
2008-01-17,-0.0013447663486059,-0.0159050314539872,-0.01444900494344907,149174029.58252332,136734466.25352573,138433344.36681986
2008-01-18,0.0021552672032832,-0.0035438508281135,-0.00297393902497383,149495539.47606415,136249899.70206153,138021652.04164973
2008-01-21,-0.0114064753625728,0.0,-0.00114064753625728,147790322.28821588,136249899.70206153,137864217.98429826
2008-01-22,0.0094782975302517,-0.0030734227579439,-0.00181825072912434,149191122.93495536,135831146.15954965,137613546.26942816
2008-01-23,-0.0103991433198338,0.0140164247497111,0.011574867942756611,147639663.0655078,137735013.19836202,139206404.8946312
2008-01-24,0.0175846968208392,0.0017150764769331,0.00330203851132371,150235861.77924562,137971239.2795486,139666069.80461618
2008-01-25,0.0031146284601869,-0.0083174504018612,-0.007174242515656389,150703790.67008394,136823670.33995762,138664071.54862928
2008-01-28,0.0066655301630525,0.0107055850451221,0.01030157955691514,151708311.33248174,138288447.7789678,140092530.51337326
2008-01-29,0.001546726785987,0.002470054770369,0.0023777219719308003,151942962.64127657,138630027.81909117,140425631.6012783
2008-01-30,0.0017245301928076,-0.0041911644609446,-0.00359959499556938,152204992.86793604,138049006.57327604,139920156.20051667
2008-01-31,0.0037590480671165,0.0120743893193148,0.01124285519409497,152777138.75218174,139715864.0237864,141493258.25541425
2008-02-01,-0.0043869530693282,0.008448410521287,0.00716487416222548,152106912.6144097,140896240.99939567,142507039.64561757
2008-02-04,0.004438965433258,-0.0068475688102426,-0.00571891538589254,152782109.94166464,139931444.29404777,141692053.94399026
2008-02-05,-0.0098772219017107,-0.0177116598730989,-0.01692821607596008,151273047.13915926,137453026.14716014,139293460.23857978
2008-02-06,0.0035194429357282,-0.0047360366170175,-0.00391048866174293,151805443.99627924,136802043.58220732,138748754.74166188
2008-02-07,0.0040351004920296,0.0027808142923477,0.00290624291231589,152417994.21804142,137182464.6602231,139151992.32672247
2008-02-08,0.0083074285498312,-0.0010776892103162,-0.0001391774343014599,153684195.81471637,137034624.5982142,139132625.50945252
2008-02-11,0.0044029766230515,0.0044353241383087,0.00443208938678298,154360863.73622105,137642417.57647872,139749273.74232823
2008-02-12,-0.0045193336432678,0.0032198182461983,0.00244590305725169,153663255.49153405,138085601.1440423,140091086.91822326
2008-02-13,-0.0023808841343834,0.0083444687232458,0.007271933437482881,153297401.08449656,139237852.1239194,141109819.97747722
2008-02-14,0.0070748350364712,-0.0100399520412044,-0.00832847333343684,154381954.90868914,137839910.76627493,139934590.60470873
2008-02-15,-0.0015590246785345,0.0011413897090982,0.0008713482703349299,154141269.63106608,137997239.82192656,140056522.36819214
2008-02-18,0.0046114535805247,0.0,0.00046114535805247004,154852084.9408129,137997239.82192656,140121108.78334722
2008-02-19,0.0162840748108716,-0.0022910422298594,-0.0004335305257862996,157373707.87660855,137681082.31789052,140060362.0053826
2008-02-20,0.0032802712317898,0.0042076666243585,0.004114927085101631,157889936.3231963,138260398.41276506,140636700.1825477
2008-02-21,0.0074309388437904,-0.0047709149006122,-0.00355072952617194,159063206.7840639,137600769.817813,140137337.2987461
2008-02-22,0.0007638129306129,0.0046803956356629,0.0042887373651579,159184701.3181903,138244795.86033216,140738349.53347299
2008-02-25,0.0020437768942935,0.006181088542801,0.00576735737795025,159510039.33266944,139099299.18412635,141550037.8920154
2008-02-26,0.0097350439641484,0.0049180358548862,0.00539973666581242,161062876.57829604,139783394.52490342,142314370.82166806
2008-02-27,0.0089845423818444,-1.7534931202245452e-05,0.000882672800102419,162509952.81905553,139780943.43269718,142439987.845856
2008-02-28,0.0092124411575027,-0.0026869490281245,-0.0014970100095617798,164007066.1969096,139405359.16259035,142226753.7582889
2008-02-29,-0.0052909163131662,-0.0124148891836957,-0.011702491896642749,163139318.53489384,137674657.0769735,140562346.32494673
2008-03-03,0.0082464143015525,0.0004873269761427,0.00126323570868368,164484632.94440553,137741749.6512983,140739909.70012075
2008-03-04,-0.01324658138493,-0.0027418142682167,-0.0037922909798880303,162305773.86753714,137364087.35677522,140206183.01005474
2008-03-05,0.0160612727484407,0.0014209237126656,0.0028849586162431103,164912611.17027038,137559271.24576914,140610672.04578018
2008-03-06,-0.0063240514573312,-0.0117709080635189,-0.011226222402900131,163869695.33126673,135940073.71065053,139032145.369173
2008-03-07,-0.005543774166041,-0.0038348985138819,-0.00400578607909781,162961238.74769226,135418757.32400057,138475212.33670604
2008-03-10,-0.00631001727714,-0.0071966142692716,-0.00710795457005844,161932950.51569018,134444200.76271564,137490936.81833756
2008-03-11,0.0050936020345667,0.0187855371873704,0.017416343672090027,162757772.5219003,136969807.29576993,139885526.22576332
2008-03-12,0.0083385790739187,-0.0026567148510185,-0.0015571854585247802,164114941.07796904,136605917.57458612,139667698.5184665
2008-03-13,0.0045844458705182,0.002578948413687,0.0027794981593701204,164867317.14188427,136958217.18901536,140055904.62942204
2008-03-14,-0.004943445290524,-0.0095113560460499,-0.00905456497049731,164052304.5793979,135655558.8218984,138787759.34145316
2008-03-17,-0.0183700180134257,-0.0032269828568727,-0.004741286372528001,161038660.78913036,135217800.65914065,138129726.82941383
2008-03-18,0.0071444810965717,0.0227815579564124,0.02121785027042833,162189198.45695555,138298272.82159546,141060542.6911755
2008-03-19,-0.0239333573904214,-0.0127079324775611,-0.01383047496884713,158307466.40541923,136540787.7088153,139109608.3863932
2008-03-20,-0.0239982400498571,0.0149467386894778,0.01105224081554431,154508365.8249373,138581627.1831544,140647081.27803567
2008-03-21,0.0024992590979384,0.0,0.00024992590979384005,154894522.26393288,138581627.1831544,140682232.62778395
2008-03-24,0.0048463552969218,0.0051023047864638,0.005076709837509599,155645196.15237087,139288712.88284695,141396435.5021282
2008-03-25,0.0126055712218665,0.0017198266719635,0.0028084011269538,157607192.75781095,139528265.32636636,141793533.41093963
2008-03-26,0.0100810403322817,-0.0050955241034003,-0.0035778676598320997,159196037.22466013,138817295.68729022,141286214.9133753
2008-03-27,-0.0001288185434699,-0.0074893068339442,-0.00675325800489677,159175529.82301867,137777650.36602974,140332072.65152997
2008-03-28,-0.0089463876961103,-0.0037914209905649,-0.00430691766111944,157751483.82148817,137255277.29040125,139727673.96940562
2008-03-31,-0.0099242047042875,0.0043385779849987,0.00291229971607008,156185925.80363864,137850770.0147783,140134602.83463383
2008-04-01,-0.0136476800558021,0.0190022975847926,0.015737299820733134,154054350.25905135,140470251.3688919,142339943.09470183
2008-04-02,0.0152901853618684,-0.0019895177132385,-0.00026154740572781007,156409869.83031443,140190783.3156104,142302714.451854
2008-04-03,0.0007051540164659,0.0005744780793771,0.0005875456730859799,156520162.87824017,140271319.8475559,142386323.79599857
2008-04-04,0.0091811292733934,0.0026408879894336,0.00329491211782958,157957194.7275179,140641760.69140333,142855474.2196872
2008-04-07,0.0076711058332118,-0.0006319193491234,0.00019838316911012011,159168901.0853899,140552886.44152763,142883814.34138763
2008-04-08,-0.0023499858182528,-0.0027329105458923,-0.00269461807312835,158794856.42513236,140168767.97591597,142498797.03290582
2008-04-09,0.012786628578323,-0.0026791435000121,-0.00113256629217859,160825307.27438864,139793235.7322886,142337407.69871035
2008-04-10,0.0006511117135066,0.0015314937546515,0.00144345555053701,160930022.5157833,140007328.19975513,142542865.4199021
2008-04-11,-0.0036279389951819,-0.0108884418923901,-0.010162391602669279,160346178.2116028,138482866.54214332,141094289.00133845
2008-04-14,0.0002940163572728,-0.0024575199335451,-0.0021823663044633103,160393322.61082318,138142542.1371615,140786369.5792697
2008-04-15,0.0031454326871316,0.0013435904520792,0.00152377467558444,160897829.01056093,138328149.13780293,141000896.28390208
2008-04-16,0.0091931121896101,0.0110895660208523,0.010899920637728079,162376980.80371973,139862148.28020892,142537794.86324513
2008-04-17,-0.0003947134528848,-0.000602729131625,-0.00058192756375098,162312888.4249577,139777849.2890288,142454848.19153792
2008-04-18,-0.0034052855399848,0.010313964758651,0.00894203972878742,161760166.693051,141219513.10063586,143728685.10362503
2008-04-21,0.0015414431016748,-0.0001373128377367,3.056275620445001e-05,162009510.78612578,141200121.84854823,143733077.84838745
2008-04-22,0.0058020211864998,-0.0055080297531611,-0.00437702465919501,162949493.40012136,140422387.37625647,143103954.62230304
2008-04-23,0.0007423719237213,0.0016163260074537,0.00152893059908046,163070462.52900624,140649355.73300144,143322750.63737452
2008-04-24,-0.0075423847640261,0.001705356994256,0.0007805828184277899,161840522.35696477,140889213.0955383,143434625.91401187
2008-04-25,-0.0002729395581884,0.003134653677624,0.00279389435404276,161796349.67629567,141330851.9855058,143835367.10552728
2008-04-28,0.0016961945495865,0.0002217600366434,0.00036920348793771,162070787.7627596,141362193.52042094,143888471.62475142
2008-04-29,-0.0115790900719529,-0.0019810409541257,-0.0029408458659084206,160194155.51322225,141082149.22569194,143465317.8078219
2008-04-30,0.0038731300496059,-0.0010578725493535,-0.0005647722894575601,160814608.31071177,140932902.2928223,143384292.57182583
2008-05-01,-0.0029486621421404,0.0103650106197146,0.0090336433435291,160340420.36328283,142393673.32175457,144679575.13198394
2008-05-02,0.008446191186813,0.0001442508442238,0.00097444487848272,161694686.20864508,142414213.72934338,144820557.40299237
2008-05-05,0.0044320969653125,-0.0024533001134749,-0.00176476040559616,162411332.73669755,142064828.92264074,144564983.81737122
2008-05-06,0.0028719672922792,0.0039350226188546,0.0038287170861970605,162877772.77221283,142623857.23779505,145118482.2409786
2008-05-07,-0.0023321108650484,-0.0099555037445848,-0.00919316445663116,162497923.7486559,141203964.89299706,143784384.16804054
2008-05-08,-0.0003703063172921,0.0038995056002905,0.00347252440853224,162437749.74094492,141754590.54488048,144283678.95162985
2008-05-09,0.0008455665417486,-0.0032059693990928,-0.00280081580500866,162575101.6672428,141300129.66541266,143879566.94321734
2008-05-12,0.0034890786222443,0.0064530726913095,0.00615667328440298,163142338.97897917,142211949.67343503,144765386.4291881
2008-05-13,0.0011765324849082,-0.0029802127358732,-0.00256453821379506,163334281.24045184,141788127.8098249,144394130.06365564
2008-05-14,-0.0033769270676367,0.0017099345587502,0.00120124839611151,162782713.285058,142030576.2295874,144567583.28080252
2008-05-15,0.0016781597029729,0.0082822555633983,0.007621845977355761,163055888.67483357,143206909.75973758,145669455.13388735
2008-05-16,0.0069434174985916,0.0006854314326495,0.00131123003924371,164188053.7855068,143305068.2770595,145860461.2992592
2008-05-19,-0.0018144033509161,0.0010757401705778,0.0007867258184284101,163890150.430538,143459227.29565254,145975213.49005118
2008-05-20,0.0034637439378895,-0.0041920518292239,-0.00342647225251256,164457823.94557157,142857838.77944872,145475033.47147292
2008-05-21,0.0065093125750772,-0.0105960947396929,-0.008885554008215888,165528331.32705033,141344103.58543393,144182407.20471513
2008-05-22,-0.0060395108688947,-0.0004204231683559,-0.00098233193840978,164528621.1708906,141284679.2495761,144040772.22116113
2008-05-23,0.002897253216766,-0.0061262907916926,-0.005223936390846741,165005302.24782804,140419128.2200822,143288312.38938934
2008-05-26,-0.0003418595557426,0.0,-3.4185955574260005e-05,164948893.6085064,140419128.2200822,143283413.9415077
2008-05-27,-0.004430876853758,0.0024084402930161,0.0017245085783386903,164218025.3737635,140757319.30639762,143530507.41798347
2008-05-28,0.001328853172045,0.0007744112782525,0.00082985546763175,164436247.0176884,140866323.36196506,143649616.99433625
2008-05-29,-0.0053085652500598,0.0019757540066256,0.00124732208095706,163563326.47092006,141144640.56474608,143828794.3335343
2008-05-30,0.0063640917972406,0.0017868718147418,0.00224459381299168,164604258.495243,141396847.94477308,144151631.55542538
2008-06-02,0.0013109311279483,-0.0045660771051919,-0.003978376281877881,164820043.34149724,140751219.03462616,143578142.1234513
2008-06-03,-0.001031455317206,-0.0017697049957136,-0.0016958800278628402,164650038.83141053,140502130.8991478,143334650.81978646
2008-06-04,0.0004033087344031,-0.0006941851328547,-0.0005844357461289199,164716443.63019103,140404596.4087432,143250880.9261885
2008-06-05,0.0034602166578255,0.0102634839084382,0.009583157183376932,165286398.21225798,141845636.7246551,144623676.63476136
2008-06-06,0.0098486069367882,-0.0166747128198575,-0.01402238084419293,166914238.98024797,139480401.46752164,142595708.36190134
2008-06-09,-0.0047563089686077,-0.0013665985653332,-0.0017055696056606502,166120343.28839788,139289787.750984,142352501.45582163
2008-06-10,-0.0055523223785472,-0.0039048409691121,-0.004069589110055611,165197989.58882576,138745883.28119504,141773185.26610786
2008-06-11,0.0063766364951895,-0.0092465708614547,-0.00768425012579028,166251397.11816984,137462959.63970035,140683764.64939308
2008-06-12,-0.0025653779994347,-0.0006658661253222,-0.00085581731273345,165824899.4416276,137371427.71138975,140563365.0479856
2008-06-13,0.0028646364934712,0.0080742625895762,0.007553299979965701,166299927.5000943,138480600.6910365,141625082.31038645
2008-06-16,0.0035087195258559,0.0005422421772097,0.00083888991207432,166883427.3028623,138555690.7134565,141743890.16323334
2008-06-17,0.0039220189641049,-0.0034361685009586,-0.00270034975445225,167537947.2695389,138079590.01339835,141361132.08423597
2008-06-18,0.0039922176226864,-0.0042413544966515,-0.00341799728471771,168206795.21509707,137493945.52339923,140877960.1186074
2008-06-19,-0.0013819067782663,0.0013118152045153,0.00104244300623714,167974349.10463887,137674312.1716656,141024817.362866
2008-06-20,0.0036856400421427,-0.0095138280097581,-0.00819388120456802,168593442.0917518,136364502.44430265,139869276.7624988
2008-06-23,-0.0021885552891691,-0.0006182426607318,-0.00077527392357553,168224466.02234268,136280196.0914821,139760839.75951546
2008-06-24,0.0025592875485604,-0.0001419943637182,0.00012813382750966003,168655000.8035969,136260845.0717507,139778747.8508498
2008-06-25,-0.0013980373428722,0.0035485912372842,0.00305392837926856,168419214.8144113,136744379.11255723,140205622.13573015
2008-06-26,0.0078895006952417,-0.0153064620168528,-0.012986865745643351,169747958.32678166,134651306.46765277,138384790.544269
2008-06-27,0.0002376806693173,-0.0013152575799268,-0.00115996375500239,169788304.13513204,134474205.31617412,138224269.20299405
2008-06-30,-0.0001648930653684,0.0010960016947213,0.0009699122187123299,169760307.2211995,134621589.27309695,138358334.61061662
2008-07-01,-0.0008459319883563,0.002293234006364,0.00197931740689197,169616701.5469679,134930308.07960877,138632189.6707
2008-07-02,0.0064961066876084,-0.0099630000359127,-0.00831708936356059,170718549.73621723,133585997.41536592,137479173.3605427
2008-07-03,-0.0015822158987905,0.0007246948224798,0.00049400375035277,170448436.13260615,133682806.49604863,137547088.5877782
2008-07-04,0.0003158638273247,0.0,3.1586382732470003e-05,170502274.6280045,133682806.49604863,137551433.2027621
2008-07-07,-0.0096735070900234,-0.0039617230409607,-0.00453290144586697,168852919.66552538,133153192.24137294,136927926.11231622
2008-07-08,-0.009536178086534,0.0113822362994925,0.009290394860889851,167242708.1531637,134668773.339496,138200040.61338237
2008-07-09,0.0038985220442076,-0.0127093815271706,-0.01104859117003278,167894707.5376318,132957216.51932825,136673124.8649632
2008-07-10,0.0111445811153075,0.0044452368424098,0.005115171269699571,169765823.72461578,133548242.83666421,137372231.30661252
2008-07-11,0.0077086132215211,-0.0094764984700273,-0.00775798730087246,171074482.79794177,132282673.11774772,136306499.2806433
2008-07-14,0.0036500168654052,-0.0037443637788439,-0.00300492571441899,171698907.54539475,131787358.667957,135896908.37591246
2008-07-15,-0.0013892452695275,-0.0056988518332864,-0.005267891176910511,171460375.65030426,131036322.03740811,135181018.25130957
2008-07-16,-0.0093552955767791,0.0134746138736852,0.01119162292863877,169856313.1563901,132801985.88029006,136693913.23468766
2008-07-17,-0.0053922341723754,0.0051393749568698,0.00408621404394528,168940408.1401945,133484505.0807458,137252473.8226691
2008-07-18,-0.0052451249702874,-0.0006620965789601,-0.0011203994180928301,168054294.58696783,133396125.44658765,137098696.23086637
2008-07-21,0.0044611161144265,-4.611175353315118e-05,0.0004046110332628139,168804004.30864835,133389974.31732878,137154167.87600732
2008-07-22,-0.0089352174460479,0.0074382705592809,0.00580092175874802,167295703.82438695,134382165.0361966,137949788.47274223
2008-07-23,-0.0139865270607756,0.0012742445512265,-0.00025183260997371,164955817.93569568,134553400.77777597,137915048.21746582
2008-07-24,0.0001160610245411,-0.010992872425762,-0.00988197908073169,164974962.8769293,133074272.40857346,136552174.5960627
2008-07-25,-0.000537830244426,0.0007695344258215,0.00063879795879675,164886234.35232106,133176677.642383,136639403.84646392
2008-07-28,0.0017428859267043,-0.008968633440292,-0.007897481503592369,165173612.249681,131982264.83781253,135560296.68192458
2008-07-29,-0.005952205342987,0.013586927687105,0.0116330143840958,164190464.99232796,133775498.32614422,137137271.56313768
2008-07-30,-0.0038760622282331,0.0099058509021892,0.00852765958914697,163554052.53273517,135100658.46692908,138306731.53201255
2008-07-31,0.000988325731086,-0.0061904890729791,-0.00547260759257259,163715697.2112767,134264319.31693724,137549833.06292653
2008-08-01,-0.0021381473616995,-0.0026822426820602,-0.0026278331500241303,163365648.9252156,133904189.8289876,137188375.0518235
2008-08-04,-0.0051652234890561,-0.0056817090099565,-0.00563006045786646,162521828.8380822,133143385.1871653,136415996.20616525
2008-08-05,-0.0105068454360673,0.0167610041149506,0.01403421915984881,160814237.10249346,135375002.01416585,138330488.19383168
2008-08-06,-0.0014683827768422,0.0014781212678443,0.0011834708633756499,160578100.24646115,135575102.68377745,138494198.29612562
2008-08-07,-0.0045136662660145,-0.0079563029309174,-0.007612039264427111,159853304.29231802,134496426.09693506,137439975.02080014
2008-08-08,-0.0073381801626863,0.0138927783470438,0.01176968249607079,158680271.94582027,136364955.13316932,139057599.88906285
2008-08-11,-0.0105767126131673,0.0033219977485241,0.00193212671235496,157001956.31207007,136817959.20709932,139326276.79236448
2008-08-12,-0.0041852027162632,-0.0053245415698817,-0.0052106076845198504,156344871.29805416,136089466.29579473,138600302.22385463
2008-08-13,0.0008821009343884,-0.0022485835068982,-0.00193551506276954,156482783.25511304,135783457.7664194,138332039.25119594
2008-08-14,-0.0005752500245788,0.0044928064629416,0.00398600081418956,156392766.53019935,136393506.56303298,138883430.8722797
2008-08-15,-0.0020710461338259,0.0033531649722253,0.00281074386162018,156068869.89571863,136850856.49167913,139273796.62308472
2008-08-18,0.0012639133534013,-0.0080917277673578,-0.0071561636552818905,156266127.4244301,135743496.6162187,138277130.5415575
2008-08-19,-0.0003563716909407,-0.0058081671821874,-0.00526298763306273,156210438.60036314,134955075.69397703,137549379.71358186
2008-08-20,0.0015535620808674,0.004727199835899,0.0044098360603958405,156453121.2144083,135593035.30565134,138155949.9283279
2008-08-21,0.0017176420179672,0.000701550276694,0.00080315945082132,156721851.6692483,135688160.63708782,138266911.18520004
2008-08-22,-0.0009208388721703,0.0061939354130225,0.005482457984503221,156577536.09611276,136528604.34038576,139024953.7164199
2008-08-25,-0.0013351048936454,-0.0100519727446797,-0.009180285959576269,156368488.6614359,135156222.53068703,137748664.88578632
2008-08-26,-0.0013256630675724,0.0022255542767186,0.0018704325422895002,156161196.7310853,135457020.03976536,138006314.47124562
2008-08-27,0.0023088115921852,0.0053217657002234,0.00502047028941958,156521743.51234755,136177890.56286746,138699171.07280084
2008-08-28,0.0,0.0085794301925914,0.00772148717333226,156521743.51234755,137346219.26872593,139770134.9431913
2008-08-29,0.0,-0.0085578316515502,-0.00770204848639518,156521743.51234755,136170833.44624728,138693618.58690882
2008-09-01,0.0,0.0,0.0,156521743.51234755,136170833.44624728,138693618.58690882
2008-09-02,0.0,-0.0007201671811034,-0.00064815046299306,156521743.51234755,136072767.6809758,138603724.25380754
2008-09-03,0.0,4.625410919469888e-05,4.162869827522899e-05,156521743.51234755,136079061.60563055,138609494.14642432
2008-09-04,0.0,-0.0169332594797031,-0.01523993353173279,156521743.51234755,133774799.5457079,136497094.6687657
2008-09-05,0.0,0.0022442307923322,0.0020198077130989802,156521743.51234755,134075021.07008646,136772792.55339327
2008-09-08,0.0,0.0122107882806621,0.01098970945259589,156521743.51234755,135712182.7660986,138275885.80457523
2008-09-09,0.0,-0.0189168817589828,-0.01702519358308452,156521743.51234755,133144931.45145884,135921712.08087987
2008-09-10,0.0,0.0029935676940366,0.00269421092463294,156521743.51234755,133543509.81687666,136287913.84246296
2008-09-11,0.0,0.0089974823796896,0.008097734141720641,156521743.51234755,134745065.19337592,137391537.13548896
2008-09-12,0.0,-0.0006589525739668,-0.00059305731657012,156521743.51234755,134656274.58583742,137310056.07915595
2008-09-15,0.0,-0.022307144993407,-0.0200764304940663,156521743.51234755,131652477.54437912,134553360.28214642
2008-09-16,0.0,0.0100092114130653,0.00900829027175877,156521743.51234755,132970215.02517463,135765456.00860852
2008-09-17,0.0,-0.026083749698282,-0.0234753747284538,156521743.51234755,129501853.21913123,132578311.05362703
2008-09-18,0.0,0.0259085368360065,0.02331768315240585,156521743.51234755,132857056.75359021,135669730.1036566
2008-09-19,0.0,0.0165260831876346,0.01487347486887114,156521743.51234755,135052663.52556434,137687610.42481986
2008-09-22,0.0,-0.0238182061405221,-0.02143638552646989,156521743.51234755,131835951.34588586,134736085.725535
2008-09-23,0.0,-0.0094269918758423,-0.008484292688258071,156521743.51234755,130593134.90360424,133592945.33856933
2008-09-24,0.0,0.0006809378671795,0.00061284408046155,156521743.51234755,130682060.7143538,133674816.98431149
2008-09-25,0.0,0.0099166623107065,0.008924996079635851,156521743.51234755,131977990.58052528,134867864.20184252
2008-09-26,0.0,0.0031153299397906,0.00280379694581154,156521743.51234755,132389145.56597419,135246006.30757976
2008-09-29,0.0,-0.0476258991220504,-0.04286330920984536,156521743.51234755,126083993.47439465,129448914.91982126
2008-09-30,0.0,0.0277882387044906,0.02500941483404154,156521743.51234755,129587645.58187656,132686356.53286764
2008-10-01,0.0,-0.0007790384902123,-0.00070113464119107,156521743.51234755,129486691.8181123,132593325.53188902
2008-10-02,0.0,-0.0213619247847936,-0.01922573230631424,156521743.51234755,126720606.84686203,130044121.74960895
2008-10-03,0.0,-0.0079271532468997,-0.00713443792220973,156521743.51234755,125716073.17684683,129116330.03583808
2008-10-06,0.0,-0.01815885861732,-0.016342972755588003,156521743.51234755,123433212.77810381,127006185.37176087
2008-10-07,0.0,-0.0362075006896553,-0.032586750620689775,156521743.51234755,118964004.64131425,122867466.48176618
2008-10-08,0.0,-0.0104911066295186,-0.009441995966566741,156521743.51234755,117715940.58354768,121707352.35882309
2008-10-09,0.0,-0.0481161495661527,-0.043304534609537426,156521743.51234755,112051902.78010935,116436872.10636526
2008-10-10,-0.0172871612373391,-0.0065927625942603,-0.007662202458568181,153815926.89510018,111313171.18684494,115544709.21864389
2008-10-13,-0.0050082343253734,0.0694868296486049,0.062037323251207074,153045580.690235,119047970.55075122,122712793.69440761
2008-10-14,0.0011343584572724,-0.0063264900022526,-0.0055804051563001,153219189.23903915,118294814.75527343,122028006.58773136
2008-10-15,0.0031158511083228,-0.0537227174055295,-0.048038860554144275,153696597.41964594,111939695.85163644,116165920.19556314
2008-10-16,-0.0125932395430082,0.0265140722402652,0.02260334106193786,151761059.35139504,114907673.03400004,118791658.1095173
2008-10-17,-0.0066026597066865,-0.0045608774686192,-0.004765055692425931,150759032.71977153,114383593.21708782,118225609.24282983
2008-10-20,0.004333950341482,0.0293026671227723,0.02680579544464327,151412414.8811089,117735337.57343473,121394740.74051145
2008-10-21,-0.0079304330367786,-0.0151632538584993,-0.014439971776327231,150211648.86395732,115950086.76169263,119641804.1104239
2008-10-22,-0.0133318214216289,-0.0351725158299906,-0.03298844638915443,148209053.98585463,111871830.49957821,115695006.86962546
2008-10-23,-0.0031245722108144,0.0093397154144752,0.008093286651946242,147745964.09437934,112916681.55934067,116631359.72442025
2008-10-24,0.0046196819939836,-0.0230300753590845,-0.02026509962377769,148428503.4643899,110316201.8737313,114267813.60034823
2008-10-27,0.0,-0.0194971450709399,-0.01754743056384591,148428503.4643899,108165350.88212407,112262707.07551365
2008-10-28,0.0,0.0633043859610944,0.05697394736498496,148428503.4643899,115012692.00198326,118658756.63948469
2008-10-29,0.0,-0.0073611803468607,-0.00662506231217463,148428503.4643899,114166062.8339787,117872634.98286293
2008-10-30,0.0,0.0146620462673623,0.013195841640626071,148428503.4643899,115839970.9294131,119428063.60786012
2008-10-31,0.0,0.0084569014566018,0.007611211310941621,148428503.4643899,116819618.14829876,120337055.83643612
2008-11-03,0.0,0.0002210045384882,0.00019890408463938002,148428503.4643899,116845435.81409399,120360991.36837547
2008-11-04,0.0,0.0272114457683963,0.02449030119155667,148428503.4643899,120024969.05403383,123308668.29870133
2008-11-05,0.0,-0.030057871502988,-0.027052084352689198,148428503.4643899,116417273.95705757,119972911.80246708
2008-11-06,0.0,-0.029938787388859,-0.0269449086499731,148428503.4643899,112931881.94366665,116740252.65347831
2008-11-07,0.0,0.0163480322415844,0.014713229017425961,148428503.4643899,114778095.99078453,118457878.7263211
2008-11-10,0.0,-0.0062501228286217,-0.0056251105457595305,148428503.4643899,114060718.79280679,117791540.06346937
2008-11-11,0.0,-0.0132179065532331,-0.01189611589790979,148428503.4643899,112553074.8704089,116390278.25108103
2008-11-12,0.0,-0.0290129114466044,-0.02611162030194396,148428503.4643899,109287582.47615066,113351139.4985512
2008-11-13,0.0,0.0404324988142124,0.03638924893279116,148428503.4643899,113706352.52502577,117475902.33057949
2008-11-14,0.0,-0.0234961023456762,-0.02114649211110858,148428503.4643899,111034696.42874421,114991699.08870055
2008-11-17,0.0,-0.0143964992641877,-0.01295684933776893,148428503.4643899,109436185.50330849,113501768.96851419
2008-11-18,0.0,0.0082952046098295,0.00746568414884655,148428503.4643899,110343981.0537777,114349137.32596846
2008-11-19,0.0,-0.0341836476246702,-0.030765282862203182,148428503.4643899,106572021.28793208,110831153.77108613
2008-11-20,0.0,-0.0360107855636544,-0.03240970700728896,148428503.4643899,102734279.08224715,107239148.55008543
2008-11-21,0.0,0.0375620030969841,0.03380580278728569,148428503.4643899,106593184.39130095,110864454.05704604
2008-11-24,0.0,0.0359477288609819,0.03235295597488371,148428503.4643899,110424967.28222808,114451246.85833317
2008-11-25,0.0,0.0076050847674937,0.00684457629074433,148428503.4643899,111264758.51885715,115234617.14902583
2008-11-26,0.0,0.0227220975775265,0.02044988781977385,148428503.4643899,113792927.21886253,117591152.142678
2008-11-27,0.0,0.0,0.0,148428503.4643899,113792927.21886253,117591152.142678
2008-11-28,0.0,0.0072086768842315,0.00648780919580835,148428503.4643899,114613223.66289419,118354061.10089494
2008-12-01,0.0,-0.0489594692803698,-0.04406352235233282,148428503.4643899,109001821.05984657,113138964.2840863
2008-12-02,0.0,0.0246882794450193,0.022219451500517372,148428503.4643899,111692888.47818805,115652850.01381533
2008-12-03,0.0,0.0165291962980294,0.01487627666822646,148428503.4643899,113539082.15693793,117373333.80808975
2008-12-04,0.0,-0.0156161163443363,-0.01405450470990267,148428503.4643899,111766042.64034602,115723709.73526698
2008-12-05,0.0,0.0197803748601669,0.01780233737415021,148428503.4643899,113976816.86040945,117783862.25816244
2008-12-08,0.0,0.0222171152335634,0.01999540371020706,148428503.4643899,116509052.93455194,120138998.1345618
2008-12-09,0.0,-0.0120775642064538,-0.010869807785808419,148428503.4643899,115101907.36710177,118833110.31725954
2008-12-10,0.0,0.0068249064468429,0.00614241580215861,148428503.4643899,115887467.11673541,119563032.69189192
2008-12-11,0.0,-0.0157847027304417,-0.014206232457397532,148428503.4643899,114058217.8981139,117864492.45615949
2008-12-12,0.0,0.0049084423446672,0.00441759811020048,148428503.4643899,114618066.08460228,118385170.41529354
2008-12-15,0.0,-0.0064274190688244,-0.00578467716194196,148428503.4643899,113881367.74101834,117700350.42367959
2008-12-16,0.0,0.0340467703099788,0.030642093278980917,148428503.4643899,117758660.511083,121306935.54033072
2008-12-17,0.0,-0.0033909720960831,-0.0030518748864747903,148428503.4643899,117359344.1792178,120936721.95019998
2008-12-18,-0.0042775665399239,-0.0103142874402733,-0.00971061535023836,147793590.66439962,116148866.16955137,119762351.96162286
2008-12-19,-0.0043373776449211,0.0005978134150726,0.00010429430907323001,147152554.04818922,116218301.519893,119774842.49337369
2008-12-22,0.0029227557411273,-0.0115161617180229,-0.01007226997210788,147582645.0203551,114879912.76499596,118568437.94391374
2008-12-23,-0.0023141324214373,-0.0060460741454728,-0.00567287997306925,147241119.23667204,114185340.29459335,117895813.42686361
2008-12-24,0.002320875981909,0.0031854685855169,0.00309900932515611,147582847.61385784,114549074.10902832,118261173.65207034
2008-12-25,-0.0017688679245282,0.0,-0.00017688679245282,147321793.04850316,114549074.10902832,118240254.81239131
2008-12-26,0.008105700712589,0.0041413777055733,0.00453781000627487,148515939.4113963,115023465.0907375,118776806.62382348
2008-12-29,0.0031577131024962,-0.0014748956866689,-0.0010116348077523901,148984910.1392052,114853817.47820947,118656647.87188914
2008-12-30,-0.0026336027567323,0.0150671847890192,0.01329710603444405,148592543.06915107,116584341.16987793,120234437.90033334
2008-12-31,0.0046020641193798,0.0055238347729773,0.00543165770761755,149276375.480017,117228333.80761674,120887510.21167575
2009-01-01,-0.0001700583867127,0.0,-1.7005838671270002e-05,149250989.78042856,117228333.80761674,120885454.4181797
2009-01-02,0.0014113160119914,0.0156510666540927,0.014227091589882569,149461630.09211123,119063082.27378799,122605302.85007171
2009-01-05,-0.000973949764221,-0.0041396783219271,-0.0038231054661564904,149316061.97272292,118570199.41315736,122136569.84656584
2009-01-06,0.0008651403212898,0.0043296057710192,0.00398315922604626,149445241.31855172,119083561.63280746,122623059.25158782
2009-01-07,-0.0055953804116423,-0.0173225666914296,-0.016149848063450867,148609038.34266475,117020728.69457018,120642715.47559915
2009-01-08,0.0024480007457117,0.0028708003254874,0.0028285203675098296,148972833.3793471,117356671.84059533,120983955.85351358
2009-01-09,-0.0028533076633062,-0.0121599485374128,-0.01122928445000214,148547768.05224136,115929620.75049165,119625392.59934796
2009-01-12,-0.0168480667633367,-0.0116110376631671,-0.01213474057318406,146045025.33855253,114583557.55768101,118173769.49418959
2009-01-13,-0.0065394257373483,0.0009562224738945,0.0002066576527702199,145089974.7410419,114693124.93055646,118198191.00801225
2009-01-14,-0.0051589846854318,-0.0181450524190359,-0.016846445645675494,144341457.78334317,112612012.16658847,116206971.6077786
2009-01-15,0.0004993295233548,0.0008823111254197,0.00084401296521321,144413531.73465848,112711370.99777895,116305051.79846373
2009-01-16,0.0137052206401754,0.0029682029971095,0.004041904761416091,146392751.05050892,113045921.22698288,116775145.7411047
2009-01-19,-0.0032774577836658,0.0,-0.00032774577836658,145912954.98910618,113045921.22698288,116736873.18006991
2009-01-20,0.0018779060671753,-0.0323492984315683,-0.02892657798169394,146186965.8125597,109388964.98473965,113360074.9146875
2009-01-21,-0.0040991271312719,0.0224218919893711,0.0197697900773068,145587726.85475913,111841672.54245657,115601179.79889864
2009-01-22,0.0028825783641843,-0.0102237062973356,-0.00891307783118361,146007394.88628143,110698236.1305797,114570817.4859744
2009-01-23,0.0115546453587488,0.0023396708102191,0.0032611682650720702,147694458.55394718,110957233.56239715,114944452.20006302
2009-01-26,0.006666900019212,0.0027416826271114,0.00313420436632146,148679122.742518,111261443.08200751,115304711.60403289
2009-01-27,-0.0023203059784605,0.0089254171435074,0.00780084483131061,148334141.6851463,112254497.87350303,116204185.76757498
2009-01-28,0.0049381796741264,0.0173998179939513,0.016153654161968813,149066642.32859486,114207705.70550439,118081307.99663758
2009-01-29,0.00085145827051,-0.022354685223406,-0.020034070874014404,149193566.35406268,111654628.39437044,115715658.70333663
2009-01-30,-0.0063321700632439,-0.0141551389984866,-0.013372842104962332,148248847.31956688,110074141.60962375,114168211.4704252
2009-02-02,-0.0079830170888653,0.0022857794832439,0.0012588998260329798,147065374.2380102,110325746.82415071,114311937.81198381
2009-02-03,0.0041585592267977,0.0070942695374164,0.00680069850635453,147676954.30699012,111108427.40903799,115089338.83672026
2009-02-04,0.002533130927658,-0.0050702738702465,-0.0043099333904560505,148051039.3672475,110545077.25278178,114593311.45238236
2009-02-05,0.0051273558013184,0.0104158118121078,0.00988696621102886,148810149.72283834,111696493.97420166,115726291.65072197
2009-02-06,0.0043751152841938,0.0151091083475574,0.01403570904122104,149461211.2833339,113384128.40370017,117350592.208751
2009-02-09,-0.0045830525263545,0.0003577532469882,-0.00013632733034607,148776222.70136982,113424691.94379355,117334594.11580065
2009-02-10,0.0027525770094891,-0.0258003005206754,-0.02294501276765895,149185740.71153623,110498300.80517864,114642350.35572553
2009-02-11,0.0044724498548167,0.0060843676979891,0.00592317591367186,149852966.45592228,111170613.09728035,115321397.16403927
2009-02-12,0.0032644277040273,0.0019685113830144,0.0020981030151156904,150342150.63115165,111389453.71461904,115563353.3351365
2009-02-13,0.0019579030663819,-0.0093723613593978,-0.008239334916819831,150636505.98887885,110345471.5027797,114611188.16289753
2009-02-16,-0.0021256704137687,0.0,-0.00021256704137687002,150316302.42486477,110345471.5027797,114586825.60172106
2009-02-17,0.0030745042231341,-0.0230875434534142,-0.02047133868575937,150778450.53147593,107797865.6345718,112241079.8859022
2009-02-18,0.0003171602164291,-0.0020608023218778,-0.0018230060680471101,150826271.45747936,107575715.54277863,112036463.71618603
2009-02-19,-0.002072807738576,-0.0093160047640541,-0.008591685061506291,150513637.59482172,106573539.66428557,111073881.70453167
2009-02-20,0.0008916244192798,-0.0049218932249319,-0.00434054146051073,150647839.2295359,106048996.08145493,110591760.91581328
2009-02-23,-0.0003605694063855,-0.0207933170705978,-0.01875004230417657,150593520.22757164,103843885.68091466,108518160.72014841
2009-02-24,-0.0072383327111974,0.0237346804997895,0.02063737917869081,149503474.22401404,106308587.12940782,110757691.15070423
2009-02-25,-0.0027594235342255,-0.0088252095688723,-0.00821863096540762,149090930.8187918,105370391.56902008,109847414.560556
2009-02-26,0.0025775181816949,-0.009796857835887,-0.00855942023412881,149475215.40370306,104338092.82270665,108907184.37769964
2009-02-27,-0.004891398829879,-0.0145500271877036,-0.013584164351921139,148744072.50998148,102819970.73542313,107427771.286008
2009-03-02,-0.0083449703448647,-0.0253521654984391,-0.023651445983081658,147502807.63591132,100213261.82079402,104886949.15635413
2009-03-03,-0.0024639943485965,-0.0045307696443038,-0.00432409211473307,147139361.55149433,99759218.6161797,104433408.32656874
2009-03-04,0.0031648017393957,0.0132266250453809,0.01222044271478238,147605028.45886606,101078696.3956361,105709630.81053305
2009-03-05,0.0068059535186424,-0.0217353671133111,-0.018881235050115748,148609621.42167503,98881713.82214202,103713702.4241384
2009-03-06,0.0018688331188331,0.0005284306258767,0.0006624708751723399,148887348.00396508,98933965.9480648,103782409.73135069
2009-03-09,-0.0045296315615785,-0.0072152600784372,-0.00694669722675133,148212943.1733266,98220131.65315828,103061464.75348434
2009-03-10,-0.0065593321407275,0.0363555716968351,0.03206408131307884,147240765.25149798,101790980.69154726,106366035.93958507
2009-03-11,0.0030896843511662,0.0028637970340652,0.0028863857657753,147695692.73974928,102082489.4001463,106673049.35168302
2009-03-12,0.0049216387132252,0.0253155885748581,0.023276193588694812,148422597.57891384,104666767.70249772,109155991.89908917
2009-03-13,0.0006956803106293,0.0048660598245747,0.00444902187318016,148525852.25770196,105176082.45578294,109641629.2946369
2009-03-16,-0.001790842502662,-0.0032435979343451,-0.00309832239117679,148259865.84873477,104834933.53198685,109301924.17958821
2009-03-17,-0.0021314743193907,0.0182575918706966,0.016218685251687872,147943853.75208187,106748966.96220548,111074657.68526082
2009-03-18,0.0073208041958041,0.021000600598438,0.01963262095817461,149026921.73737356,108990759.38167462,113255344.33765452
2009-03-19,0.0047372611464968,-0.0087224719822092,-0.0073764986693386,149732901.18350205,108040090.53664824,112419916.44085231
2009-03-20,-0.0019846851070479,-0.0121907875473646,-0.01117017730333293,149435728.52448806,106722996.74631794,111164166.04178213
2009-03-23,-0.0033421547315249,0.0419781315129671,0.03744610288851791,148936291.19734108,111203028.73919281,115326830.84089896
2009-03-24,-0.0036588610963278,-0.0118244531551293,-0.011007893949249151,148391353.9956478,109888113.73515773,114057325.31749935
2009-03-25,0.0022819335673778,0.003776781486009,0.00362729669414588,148729973.2074391,110303137.12864512,114471045.07656665
2009-03-26,6.690216227789314e-05,0.0151815277519315,0.01367006519296614,148739923.5642422,111977707.26608878,116035871.72547029
2009-03-27,-0.0030231687088662,-0.0122750360398579,-0.01134984930675873,148290257.68156365,110603176.87373689,114718882.06720781
2009-03-30,-0.0108157815881834,-0.0198209284231128,-0.01892041373961986,146686382.64282444,108410919.22155365,112548353.35474959
2009-03-31,0.0068083240660724,0.0087367440241736,0.00854390202836348,147685071.07193667,109358077.67221774,113509955.45926622
2009-04-01,0.0074509262342698,0.0108884800382964,0.01054472465789374,148785461.6423966,110548820.91797815,114706886.68551396
2009-04-02,0.0068126196202025,0.0153524702814859,0.014498485215357562,149799080.39758247,112246018.40577473,116369962.78622358
2009-04-03,-0.0032488194696701,0.0027516134793674,0.00215157018446365,149312410.22864813,112554876.06302539,116620340.92852156
2009-04-06,-0.00755506900149,-0.0055386345046083,-0.00574027795429647,148184344.66659188,111931475.7428008,115950907.75646703
2009-04-07,0.0028150051318543,-0.0131966381012262,-0.011595473777918149,148601484.3572888,110454356.56528687,114606402.04605113
2009-04-08,0.0015612413978423,0.0080913161681866,0.00743830869115217,148833487.14644825,111348077.68641023,115458879.84245196
2009-04-09,0.0102408476647817,0.0213227880998571,0.020214594056349563,150357668.21573326,113722329.15224399,117792834.22866797
2009-04-10,0.0006538920793767,0.0,6.538920793767e-05,150455985.90405306,113722329.15224399,117800536.60879892
2009-04-13,0.0069966838444288,0.0034611093436405,0.0038146667937193303,151508678.8699256,114115934.56825337,118249906.40408282
2009-04-14,-0.0033016848122321,-0.0110232704794088,-0.01025111191269113,151008444.9659794,112858003.755497,117037713.3798693
2009-04-15,0.0016273983246862,0.007911483730647,0.00728307519005092,151254195.85633048,113750878.01608193,117890107.84648652
2009-04-16,-0.0002179236529753,0.0079957133854698,0.00717434968162529,151221233.98944163,114660397.43404406,118735892.70418172
2009-04-17,-0.0017535883751036,0.0009066902687242,0.00064066240434142,150956054.1914489,114764358.90060557,118811962.32668321
2009-04-20,-0.0197828224584077,-0.0237077151979665,-0.02331522592401062,147969717.37235773,112043558.1649128,116041834.58256154
2009-04-21,0.0036469506552727,0.0115750646016585,0.01078225320701992,148509355.63008934,113340469.58887136,117293027.02563784
2009-04-22,0.0029489268183091,-0.0057437318075269,-0.0048744659449432995,148947298.85167673,112689472.32861373,116721286.15982205
2009-04-23,0.001569279109559,0.0066614726984448,0.006152253339556221,149181038.7361899,113440150.17193294,117439385.0823961
2009-04-24,0.0086161493945177,0.0088397740090235,0.00881741154757292,150466404.85277024,114442935.46300253,118474896.47256151
2009-04-27,-0.0116088379368555,-0.0044403298615848,-0.00515718066911187,148719664.74389315,113934771.07921872,117863900.02669817
2009-04-28,-0.003801513749051,-0.0033362034177286,-0.00338273445086084,148154304.89361498,113554661.50654611,117465197.75156505
2009-04-29,0.0148290760913381,0.0117425578197869,0.012051209646942021,150351296.35414168,114888083.68499309,118880795.47588868
2009-04-30,0.004342254486123,-0.0007228665729164,-0.00021635446701246004,151004159.94522986,114805034.92967078,118855075.08474547
2009-05-01,0.007392963324519,0.0026671299193231,0.0031397132598426905,152120528.16155475,115111234.87322064,119228245.93998864
2009-05-04,0.0147580291561835,0.0206295358928142,0.02004238521915113,154365527.351417,117485926.22470391,121617864.37412159
2009-05-05,-0.002591809260439,-0.0022212284073282,-0.0022582864926392796,153965441.34813502,117224963.14791234,121343216.39374188
2009-05-06,0.0106742549959951,0.0106795560323252,0.010679025928692189,155608907.72965595,118476873.71023771,122639043.74788155
2009-05-07,0.0022838975335865,-0.0101813323092697,-0.00893480932498408,155964302.53022382,117270621.2880304,121543287.27619585
2009-05-08,0.0143654982844012,0.0144916971367892,0.014479077251550398,158204807.4506496,118970071.61477967,123303121.92207529
2009-05-11,0.0009292706780244,-0.0104456529449397,-0.00930816058264329,158351822.53933597,117727351.53585705,122155396.66288337
2009-05-12,0.0010015913646421,-0.0002726955635473,-0.00014526687072836003,158510426.3573667,117695247.80938505,122137651.53066757
2009-05-13,-0.0100866314884427,-0.0146069006661868,-0.01415487374841239,156911590.09962404,115976085.01575114,120408808.49332339
2009-05-14,0.0031528965554756,0.0064263886623072,0.00609903945162404,157406316.11156335,116721392.41359514,121143186.5666472
2009-05-15,-0.0082014218791369,-0.0070870001659183,-0.0071984423372401605,156115360.50669163,115894187.88619377,120271144.32359764
2009-05-18,0.0109670069478212,0.0166236041542951,0.016057944433647713,157827478.75003013,117820766.98939736,122202451.67611721
2009-05-19,0.0088884142553762,-0.0013405629759776,-0.0003176652528422199,159230314.762042,117662820.8313701,122163632.20340759
2009-05-20,0.0053432630950383,-0.0018929811419195,-0.00116935671822372,160081124.22652134,117440087.33043125,122020779.33936793
2009-05-21,-0.0057695541631932,-0.0123070363804082,-0.0116532881586867,159157527.50979155,115994747.90313733,120598836.03637876
2009-05-22,0.0085518395540451,-0.0023833837518219,-0.0012898614212352002,160518617.1488738,115718287.90568832,120443280.25032955
2009-05-25,-0.0007460020383271,0.0,-7.460020383271001e-05,160398869.93329132,115718287.90568832,120434295.1570726
2009-05-26,0.0022779775663903,0.0149142230843376,0.013650598532542869,160764254.96067372,117444136.26645136,122078295.36981156
2009-05-27,-0.002315139728181,-0.0141203693110788,-0.01293984635278902,160392063.24714285,115785781.6889484,120498620.9847158
2009-05-28,0.0096365316896705,0.0095790898026057,0.00958483399131218,161937686.4473956,116894904.08961174,121653580.26303637
2009-05-29,0.0183704503239934,0.0113914400557849,0.012089341082605752,164912554.6718599,118226505.38237527,123124291.88875635
2009-06-01,0.0126398454934833,0.0114639887808359,0.01158157445210064,166997023.88284782,119581852.71367624,124550265.04212816
2009-06-02,0.0080003122997428,0.0022294090502027,0.00280649937515671,168333052.2270382,119848449.57835612,124899815.28314449
2009-06-03,-0.0212338227519997,-0.0067140294977761,-0.00816600882319846,164758698.03274617,119043783.5526243,123879882.28952646
2009-06-04,0.0126330413236579,0.0043585428934348,0.00518599273645711,166840101.47342592,119562640.98943518,124522322.4592731
2009-06-05,-0.0111559550369187,-0.0053548067526471,-0.00593492158107426,164978840.80303344,118922406.15210064,123783292.24038409
2009-06-08,-0.0084178682749775,-0.0010786414297637,-0.0018125641142850801,163590070.65299502,118794131.5178978,123558927.08692111
2009-06-09,0.0122450108490489,0.0030454111562182,0.00396537112550127,165593232.84293762,119155908.49131565,124048884.0886895
2009-06-10,0.0020028325832089,-0.0034146208223936,-0.0028728754818333497,165924888.36523435,118749036.24506998,123692507.09104231
2009-06-11,0.0123296933973582,0.0051748090144649,0.005890297452754229,167970691.36576855,119363539.82829,124421092.75048545
2009-06-12,-0.0100202305818326,0.0020825793920874,0.0008722983946954001,166287586.30729374,119612123.87650299,124529625.06995796
2009-06-15,-0.0165174844991813,-0.0127868364451398,-0.01315990125054395,163540933.67805675,118082663.21163836,122890827.50127003
2009-06-16,-0.0003036830952466,-0.0068860571251993,-0.00622781972220403,163491269.06111786,117269539.24726735,122125485.58207965
2009-06-17,-0.0007899607692223,-0.0001288968522615,-0.00019500324395758,163362117.37244922,117254423.57279223,122101670.71622124
2009-06-18,0.0025698317543699,0.0018524041119238,0.0019241468761684102,163781930.52913404,117471626.14915973,122336612.2645048
2009-06-19,-0.0016714799775828,0.002888661309703,0.0024326471809744204,163508172.31156474,117810961.89060472,122634214.07946
2009-06-22,-0.0218951666654477,-0.0161698202211782,-0.01674235486560515,159928133.62764028,115905979.81674957,120581028.54867709
2009-06-23,0.0100342140221588,0.0022611584751658,0.0030384640298651002,161532886.74862444,116168061.6053346,120947409.66660638
2009-06-24,0.0089567973061607,0.0031332025944796,0.0037155620656477103,162979704.0735109,116532039.6773521,121396797.27390198
2009-06-25,0.0063762718528347,0.0153709613273762,0.014471492379922051,164018906.97317812,118323249.15263297,123153590.10059819
2009-06-26,0.0026201122394074,4.954486917752043e-06,0.00026647026216671687,164448654.91883275,118323835.38362296,123186406.87003906
2009-06-29,-0.0019948808156023,0.0056099969245172,0.00484950915050525,164120599.45198357,118987631.73622215,123783800.47737317
2009-06-30,-0.0055991710521113,-0.0054622905569819,-0.00547597860649484,163201660.1424769,118337686.71899174,123105963.03412844
2009-07-01,0.0084609539585456,0.0027629221647723,0.0033327253441496306,164582501.87490058,118664644.53655551,123516241.3971482
2009-07-02,-0.0148572149873346,-0.0162088616551848,-0.01607369698839978,162137264.26139176,116741225.72990082,121530878.75978442
2009-07-03,0.0024806882949375,0.0,0.00024806882949375005,162539476.2750182,116741225.72990082,121561026.78262568
2009-07-06,-0.0104451007429942,0.0017660917311259,0.0005449724837138902,160841735.0706121,116947401.44334391,121627274.19731423
2009-07-07,-0.0069545682885095,-0.0111081893724328,-0.010692827264040472,159723150.24042118,115648327.5614973,120326734.76372626
2009-07-08,-0.0156498428006054,0.0022873899271089,0.0004936666543374699,157223508.0475411,115912860.38104847,120386136.06030442
2009-07-09,0.0024034230012108,-0.0001897673874073,6.955165145451002e-05,157601382.64311364,115890863.90036705,120394509.11487965
2009-07-10,-0.001322374398459,-0.0003312855588879,-0.0004303944428450101,157392974.60954463,115852470.93074979,120342691.98720755
2009-07-13,0.0044776406041494,0.014328492377994,0.013343407200609541,158097723.7834642,117512462.17745282,121948473.53001039
2009-07-14,0.0104149380629212,0.0014275339480965,0.00232627435957897,159744301.78455782,117680215.20653553,122232159.13717304
2009-07-15,0.0122095126154977,0.0149566297006033,0.01468191799209274,161694701.85245025,119440314.608467,124026761.67362146
2009-07-16,0.0024238292821981,0.0060670402997754,0.00570271919801767,162086622.2055765,120164963.8106144,124734051.46848558
2009-07-17,0.0002953870148874,-0.0016966053697082,-0.00149740613124864,162134500.489063,119961091.28776254,124547273.93504119
2009-07-20,0.0071199754055717,0.0083581849849997,0.0082343640270569,163288894.14493978,120963748.27974807,125572841.52719988
2009-07-21,0.0015107192334608,0.0040937942773781,0.00383548677298637,163535577.8179351,121458948.98022589,126054474.49992378
2009-07-22,-0.0007443040190462,-0.0016715455322753,-0.0015788213809523899,163413857.63010815,121255924.81670313,125855457.00041857
2009-07-23,0.0021029216080089,0.0111295889410309,0.010226922207728702,163757504.1623666,122605453.4165776,127142570.96858002
2009-07-24,-0.0010026414369092,0.0025796956319129,0.00222146192503069,163593314.1030886,122921738.16920504,127425013.34903722
2009-07-27,0.0047766552574816,0.0010761871859526,0.0014462339931055,164374742.96698794,123054024.96869776,127609299.73491451
2009-07-28,0.0015517869292683,-0.0013954252544917,-0.0011007040361157,164629817.54462594,122882312.27458958,127468839.6636504
2009-07-29,-0.0046812737621973,-0.0026067873995988,-0.0028142360358586497,163859140.29927894,122561984.21131861,127110112.26161985
2009-07-30,0.0043745973510758,0.0077064077127313,0.0073732266765657506,164575958.06038174,123506496.83173238,128047323.93220851
2009-07-31,0.0036206163219742,0.0032892768906905,0.0033224108338188703,165171824.46033973,123912743.89761113,128472749.74848238
2009-08-03,0.0078322261192326,0.0067435998799095,0.00685246250384181,166465487.53803927,124748361.8624783,129353104.4488993
2009-08-04,0.00091256275084,0.0012161126289392,0.00118575764112928,166617397.7412669,124900069.92077874,129506485.8809034
2009-08-05,-0.0005549200805037,-0.0028801748939694,-0.00264764941262283,166524938.40149897,124540335.87513788,129163598.10962996
2009-08-06,-0.0032489195714723,-0.0026943477326547,-0.00274980491653646,165983912.26998812,124204780.90354866,128808423.41251057
2009-08-07,0.0002985720417575,0.0060435829446653,0.0054690818543745206,166033470.42557347,124955422.79906322,129512887.22368652
2009-08-10,-0.005832663653354,-0.0001283881348766,-0.0006988156867243401,165065053.037382,124939380.00538734,129422381.58646165
2009-08-11,-0.0052548233377056,-0.00621744700925,-0.00612118464209556,164197665.34444156,124162576.03083529,128630163.29195116
2009-08-12,0.0048102459444631,0.0070503564718308,0.00682634541909403,164987496.49825495,125037966.45231347,129508237.21789648
2009-08-13,0.0092767420348242,0.0061957954825196,0.0065038901377500605,166518042.94224072,125812676.12000215,130350544.56469537
2009-08-14,-0.0139065102716191,-0.0043360855656799,-0.00529312803627382,164202358.06765452,125267141.59109867,129660582.44271643
2009-08-17,-0.0168326969911985,-0.0130076275961647,-0.01339013453566808,161438389.5290614,123637713.26324561,127924409.79983537
2009-08-18,0.0087409784744547,0.0055281910497256,0.005849469792198511,162849519.01688555,124321206.16311604,128672699.77064432
2009-08-19,0.0043007005256508,0.0053792083042957,0.00527135752643121,163549886.02892345,124989955.8277087,129350979.57502653
2009-08-20,-0.0016341251072803,0.0070409157580569,0.00617341167152318,163282625.05387077,125869999.57729486,130149516.42205794
2009-08-21,0.0099975759514691,0.0088517441558525,0.00896632733541416,164915055.49940208,126984168.61045033,131316479.58884399
2009-08-24,-0.0006402186679148,0.0011197533792967,0.00094375617457555,164809473.80225116,127126359.56236903,131440410.32727946
2009-08-25,-0.0058485016987799,0.0021998860687426,0.0013950472919903498,163845585.31474364,127406023.06974027,131623775.91576464
2009-08-26,-0.0034727349204786,0.0005310631366802,0.00013068333096431995,163276593.02905488,127473683.71198364,131640976.9492354
2009-08-27,0.001010511166682,0.001377195596962,0.001340527153934,163441585.84956855,127649239.9079203,131817445.25340624
2009-08-28,0.0064881486811951,-0.0007711804675861,-4.5247552707980074e-05,164502019.15925086,127550799.30740109,131811480.8366043
2009-08-31,-0.0054856990741897,-0.0037160812795862,-0.00389304305904655,163599610.58504662,127076810.1698986,131298333.06603071
2009-09-01,-0.0087799260365719,-0.0125505377479862,-0.012173476576844769,162163218.10449794,125481927.86696762,129699975.88387263
2009-09-02,0.0081905129138896,-0.0003518089780794,0.0005024232111175,163491418.03654072,125437782.19815731,129765140.16223806
2009-09-03,0.0084167966286365,0.0046127158038334,0.00499312388631371,164867492.05268168,126016391.03850055,130413073.58319296
2009-09-04,0.0039085974136437,0.0059610637694613,0.005755817133879541,165511892.7057127,126767582.78147843,131163707.38660501
2009-09-07,0.0035489429246665,0.0,0.00035489429246665,166099284.96627882,126767582.78147843,131210256.63773529
2009-09-08,0.0099604068610628,0.0050915945476731,0.00557847577901207,167753701.42387456,127413031.9147903,131942209.87634686
2009-09-09,-0.0012908635344244,0.0045554224083435,0.00397079381406671,167537154.28794175,127993452.09548992,132466125.18713816
2009-09-10,0.0035714340260844,0.0088593313535349,0.008330541620789852,168135502.18139905,129127388.49868666,133569639.75635439
2009-09-11,-0.0027262680457856,-0.0007286097789104,-0.0009283756055979201,167677119.7344398,129033305.02070133,133445636.96115609
2009-09-14,0.0002491859953649,0.002847688320991,0.00258783808842839,167718902.5244207,129400751.65642767,133790972.66321874
2009-09-15,0.0077868645001412,0.0010581369302969,0.0017310096872813299,169024906.89249077,129537675.3705635,134022566.13296957
2009-09-16,0.0116345987363988,0.0086419422026429,0.00894120785601849,170991443.86064208,130657132.47418065,135220889.75416142
2009-09-17,-0.0010154232066691,-0.0002864244756037,-0.00035932434871024,170817815.1804041,130619709.07352784,135172301.5960185
2009-09-18,-0.0066668353081692,0.000166128995721,-0.00051716743466802,169679000.93889505,130641408.79461761,135102394.8835639
2009-09-21,-0.0096227625138892,-0.0021024235030565,-0.00285445740413977,168046220.2092661,130366745.22629538,134716750.8521715
2009-09-22,0.0154560574237145,0.0046236643451395,0.005706903652997,170643552.2386587,130969517.29799008,135485566.36972967
2009-09-23,-0.0048850600633901,-0.0051327975126819,-0.00510802376775272,169809948.2365426,130297277.28536582,134793502.87652564
2009-09-24,-0.0097623446118611,-0.0050698632949337,-0.00553911142662644,168152205.00333518,129636687.90182695,134046866.64450727
2009-09-25,-0.0007727040085269,-0.002987971305672,-0.0027664445759574903,168022273.12048647,129249337.19821392,133676033.41735445
2009-09-28,0.002075916440615,0.0115438724230919,0.01059707682484421,168371073.3196468,130741375.05759929,135092608.6131186
2009-09-29,0.0013117109717424,-0.0011681141663546,-0.0009201316525449001,168591927.50384423,130588654.20526582,134968305.6279088
2009-09-30,0.0178292288317202,-0.0018965398099339,7.603705423151006e-05,171597791.55849105,130340987.62383986,134978568.22028336
2009-10-01,-0.0106434032461827,-0.0132366021624575,-0.012977282270830021,169771407.0667796,128615715.82520129,133226913.23997624
2009-10-02,-0.0041443431124829,-0.0031983508966377,-0.00329295011822222,169067816.10520586,128204357.63517006,132788203.66027229
2009-10-05,0.0120126327693632,0.0089107259766678,0.00922091665593734,171098765.69319594,129346751.53507178,134012632.6191153
2009-10-06,0.0147995521143354,0.0077355769162863,0.008441974436091211,173630950.79277086,130347323.28044312,135143963.83779916
2009-10-07,0.0007974248310259,0.0034353117571064,0.00317152306449835,173769408.42436767,130795106.97261578,135572576.03613847
2009-10-08,0.0151528695539956,0.0029328444035692,0.0041548469186118405,176402513.60269707,131178708.67011465,136135859.3359305
2009-10-09,-0.0042388259683327,0.0008752645345418,0.0003638554842543499,175654774.0471588,131293524.7415006,136185393.11495358
2009-10-12,0.0073744817077446,0.0026319981793355,0.00310624653217641,176950136.9652476,131639089.05957878,136608418.52005
2009-10-13,0.0038638003259052,0.000136657619585,0.0005093718902170201,177633836.9621229,131657078.54413398,136678003.00841108
2009-10-14,0.0058391764824509,0.0085736788034816,0.00830022857137853,178671072.28539962,132785864.04777613,137812461.67406046
2009-10-15,0.0012690675952365,0.001594753430078,0.00156218484659385,178897817.95344317,132997624.75993218,138027750.21335948
2009-10-16,0.0003315021210518,-0.0039115646779061,-0.003487257998010311,178957122.95954627,132477395.94867583,137546411.83748055
2009-10-19,0.0083407663410646,0.0060579097583137,0.006286195416588791,180449762.507221,133279932.05834931,138411055.46114153
2009-10-20,-0.0089120249214681,-0.0025019144505068,-0.00314292549760293,178841589.72668368,132946477.07036994,137976039.82578257
2009-10-21,0.0105040063437232,-0.0067301418177061,-0.00500672700156317,180720142.9196943,132051728.42552195,137285231.4616181
2009-10-22,-0.0002071604044141,0.0063486910642222,0.00569310591735857,180682704.86180127,132890084.05379215,138066810.82521817
2009-10-23,-0.0014696253602861,-0.0083722944950718,-0.00768202758159323,180417168.9765713,131777489.13461895,137006177.77635625
2009-10-26,-0.0113578880848486,-0.0083219902580833,-0.00862558004075983,178368010.96275017,130680838.15380597,135824420.0238677
2009-10-27,-0.0028478548431513,6.612224588535857e-05,-0.0002252754630183073,177860044.75886664,130689479.0643189,135793822.11475763
2009-10-28,-0.0176086512507299,-0.0106313163991205,-0.01132904988428144,174728169.25926855,129300077.86234987,134255407.1300423
2009-10-29,0.0210232853090825,0.0119169505686963,0.01282758404273492,178401529.41313982,130840940.49876407,135977579.64819452
2009-10-30,-0.0126069566841465,-0.0145264606175703,-0.01433451022422792,176152429.05944288,128940284.7294429,134028407.64246172
2009-11-02,0.0053215634734754,0.0034654328354371,0.0036510458992409303,177089835.39168957,129387118.62595491,134517751.5105665
2009-11-03,0.0110648487542695,0.0006044048893352,0.00165044927582863,179049307.6362171,129465320.83306943,134739766.23613322
2009-11-04,0.0080696227402219,-0.0002303258006746,0.00059966905341505,180494168.0007393,129435501.62938894,134820565.50420943
2009-11-05,-0.0016014677620987,0.012168752106745,0.01079173011986063,180205112.4094393,131010570.16252917,136275512.66173783
2009-11-06,-0.0015246725964398,0.0022161408299841,0.0018420594873417098,179930358.61281025,131300908.03622586,136526540.26272872
2009-11-09,0.0124135213965518,0.013683728617074,0.01355670789502178,182163927.9693396,133097594.02896895,138377390.68898848
2009-11-10,-0.0033481214930535,0.000115887496075,-0.00023051340283785,181554021.0068464,133113018.37587456,138345492.84578493
2009-11-11,0.0033014870347725,0.0030168717634611,0.0030453332905922403,182153419.25331134,133514603.28236182,138766800.98075157
2009-11-12,-0.0092667067173507,-0.0052820474876872,-0.005680513410653551,180465456.93952826,132809372.80752467,137978534.30682692
2009-11-13,0.0065143463163534,0.0037507254499983,0.00402708753663381,181641071.42417133,133307504.30211216,138534185.9426569
2009-11-16,0.016181641806126,0.010738296140284,0.0112826307068682,184580322.1792382,134738999.7610304,140097216.00292456
2009-11-17,-0.0019182666401367,0.0008363463412382,0.0005608850431007101,184226247.9047761,134851688.23050264,140175794.43596065
2009-11-18,-0.000368037698581,-0.000859537751443,-0.0008103877461568,184158445.700479,134735778.1136227,140062197.68984193
2009-11-19,-0.0069287226449721,-0.0074883869005099,-0.00743242047495612,182882462.90749124,133726824.47776663,139021196.5439646
2009-11-20,0.0008989326302045,-0.0019969374685156,-0.00170735045864359,183046861.92089096,133459780.37142137,138783838.6402841
2009-11-23,0.0082831085660164,0.0082541276659356,0.00825702575594368,184563058.9508503,134561374.4368748,139929780.37044567
2009-11-24,-0.0044285687213516,0.0007590140727065,0.00024025579330068999,183745708.7608636,134663508.4137151,139963399.310835
2009-11-25,0.0145442290232464,0.0033872153951571,0.00450291675796603,186418148.43112034,135119642.7225799,140593642.84709364
2009-11-26,-0.0071242589244083,0.0,-0.00071242589244083,185090057.27348825,135119642.7225799,140493480.29561678
2009-11-27,-0.0064154075110709,-0.008846669252076,-0.008603543077975492,183902629.12983137,133924283.93395457,139284738.58571875
2009-11-30,0.0023504550695074,0.0028048819055585,0.0027594392219533904,184334883.99676535,134299925.73467582,139669086.3563917
2009-12-01,0.0125426681138126,0.0061817577662107,0.006817848800970891,186646935.2685349,135130135.34358767,140621329.06933933
2009-12-02,0.004251718602975,-0.0005270963331119,-4.9214839503210065e-05,187440505.51540437,135058908.74475515,140614408.41319844
2009-12-03,-0.0016609524653854,-0.005963360109191,-0.00553311934481044,187129175.74565548,134253503.8359558,139836372.1098483
2009-12-04,-0.017967162042752,0.0011380433322852,-0.0007724772052185203,183766995.52210668,134406290.14083222,139728351.699933
2009-12-07,-0.0016795029406146,-0.0004545965882669,-0.0005770872235016701,183458358.3127394,134345189.4998926,139647716.253406
2009-12-08,-0.0138177413923751,-0.0049628015608578,-0.00584829554400953,180923378.1613043,133678460.98374881,138831015.13671008
2009-12-09,-0.0036934840579535,0.0018069558877636,0.00125691189319189,180255140.54835442,133920012.06589057,139005513.4907793
2009-12-10,0.0052833935976945,0.0024427406136154,0.00272680591202331,181207499.40387914,134247143.9183398,139384554.5467698
2009-12-11,-0.0036162509335757,0.0013968655071642,0.00089555386309021,180552207.61498895,134434669.12311462,139509380.92304927
2009-12-14,0.0074777823214939,0.0039859651897018,0.004335146902881009,181902337.72119904,134970521.03452843,140114174.58368066
2009-12-15,-0.0018688211975809,-0.0043663899172176,-0.00411663304525393,181562394.77657613,134381187.11236164,139537375.942481
2009-12-16,0.0034298950733066,0.0009365927056412,0.00118592294240774,182185134.73991808,134507047.55198652,139702856.5179346
2009-12-17,-0.0184109718046626,-0.0048110771202083,-0.00617106658865373,178830929.36099282,133859923.77300237,138840740.88773727
2009-12-18,0.0041099166168942,0.0024003988680898,0.00257135064297024,179565909.5691882,134181240.98250967,139197749.11608943
2009-12-21,-0.0061559489718156,0.004119013774961,0.00309151750028334,178460510.99280262,134733935.362458,139628081.39348185
2009-12-22,-0.0045492399617866,0.0011694921271172,0.00059761891822682,177648651.3045933,134891505.63911992,139711525.77643833
2009-12-23,0.0054031836425579,0.0012505994533592,0.00166585787227907,178608519.59144476,135060200.88233498,139944265.32150114
2009-12-24,0.0054258812751238,0.001929750870161,0.00227936391065728,179577628.21347353,135320833.4225118,140263249.2293784
2009-12-25,-1.1307100859336838e-05,0.0,-1.1307100859336839e-06,179575597.71111923,135320833.4225118,140263090.63230783
2009-12-28,0.0040272931458485,0.0001535501493014,0.0005409244489561101,180298801.28494287,135341611.9566874,140338962.367317
2009-12-29,-0.0030465626249643,-0.0002148516977832,-0.00049802279050131,179749509.6956223,135312533.58157778,140269070.36566275
2009-12-30,-0.0011929596445429,0.0007426336381491,0.0005490743098798999,179535075.78442904,135413021.22067863,140346088.50867128
2009-12-31,0.0004224426068714,-0.007145682480329,-0.00638886997160896,179610919.04986826,134445402.76733363,139449435.59816548
2010-01-01,8.432241244138439e-05,0.0,8.432241244138439e-06,179626064.27586335,134445402.76733363,139450611.4694478
2010-01-04,0.011045132499042,0.0099945552631859,0.01009961298677151,181610057.9560717,135789124.77517304,140859008.67605785
2010-01-05,-0.0010530792297549,0.0035478136225405,0.00308772433731096,181418808.17612356,136270879.28184325,141293942.4652764
2010-01-06,0.009648136310604,-0.0001886536721618,0.0007950253261147801,183169161.5667141,136245171.28005803,141406274.7279629
2010-01-07,-0.0037632180642741,0.002098875444896,0.00151266609397899,182479856.0690883,136531132.9245434,141620175.20521978
2010-01-08,-0.0007611359669909,0.0022053175284364,0.0019086721788936704,182340964.0873828,136832227.42515916,141890481.69360402
2010-01-11,-0.0007055293559196,0.0010227830197791,0.00084995178220923,182212317.18443248,136972177.10392818,142011081.76139802
2010-01-12,-0.0049952855067534,-0.0038197637913039,-0.00393731596284885,181302114.6372491,136448975.74141052,141451939.26227742
2010-01-13,0.0014791113691462,0.0038506342630292,0.0036134819736409,181570280.6562593,136974390.8425556,141963073.29493824
2010-01-14,-0.0009603928145902,0.0026059048580346,0.00224927509077212,181395901.8633739,137331333.07307857,142282387.29951
2010-01-15,-0.0024570297654473,-0.0053937706051186,-0.00510009652115147,180950206.73316544,136590599.36558726,141556733.39102265
2010-01-18,0.0,0.0,0.0,180950206.73316544,136590599.36558726,141556733.39102265
2010-01-19,0.0007207444035038,0.0070555718366099,0.006422089093299291,181080625.5819812,137554324.15161678,142465823.3446162
2010-01-20,-0.0039024222927475,-0.0053502045804683,-0.00520542635169622,180373972.51192543,136818380.37647757,141724227.99356204
2010-01-21,-0.0012862851995411,-0.0103842791690887,-0.00947447977213394,180141960.1407009,135397620.1191857,140381464.66221577
2010-01-22,-0.0013375470242896,-0.0130023407439928,-0.011835861372022482,179901011.797965,133637134.12647034,138719929.1072723
2010-01-25,6.330212128125012e-05,0.0022766130300605,0.002055281939182575,179912399.91363245,133941374.16732259,139005037.67217118
2010-01-26,-0.0041370142658533,-0.0025265769455572,-0.0026876206775868095,179168099.74858585,133602960.97929518,138631444.8586347
2010-01-27,-0.0055133134097487,0.0026937967401171,0.0018730857251305201,178180289.86164278,133962860.20005119,138891113.43905365
2010-01-28,-0.0014557876827256,-0.0069742900116772,-0.00642243977878204,177920897.1903577,133028564.36222228,137999093.62718335
2010-01-29,-0.0042675514492735,-0.0048019620348446,-0.00474852097628749,177161610.60769698,132389766.24660501,137343802.03638598
2010-02-01,0.002325644217175,0.0077654968260528,0.00722151156516502,177573625.48291218,133417838.55619489,138335631.89119548
2010-02-02,0.003996904711019,0.008143523829757,0.007728861917883201,178283370.3431576,134504329.90379193,139404808.88840568
2010-02-03,-0.0034279637027195,-0.004248456854425,-0.00416640753925445,177672221.42082274,133932894.06146231,138823991.6416447
2010-02-04,0.0,-0.0167917393836207,-0.015112565445258632,177672221.42082274,131683927.80948816,136726004.98258832
2010-02-05,0.0,0.0031048235539639,0.00279434119856751,177672221.42082274,132092783.17022954,137108064.0912267
2010-02-08,0.0,-0.0058689078116149,-0.00528201703045341,177672221.42082274,131317542.80322383,136383856.96168435
2010-02-09,0.0,0.0070108478168477,0.00630976303516293,177672221.42082274,132238190.11149962,137244406.78093415
2010-02-10,0.0,-0.0023631186427645,-0.0021268067784880502,177672221.42082274,131925695.57916169,136952514.44628286
2010-02-11,0.0,0.005531570035815,0.0049784130322335,177672221.42082274,132655451.80378142,137634320.62899938
2010-02-12,0.0,-0.0008110886294125,-0.00072997976647125,177672221.42082274,132547856.4751938,137533850.35976818
2010-02-15,0.0,0.0,0.0,177672221.42082274,132547856.4751938,137533850.35976818
2010-02-16,0.0,0.0115233767603893,0.01037103908435037,177672221.42082274,134075255.36413947,138960219.29727054
2010-02-17,0.0,0.0010860722710072,0.00097746504390648,177672221.42082274,134220870.78121865,139096048.05412722
2010-02-18,0.0,0.0030410569041505,0.00273695121373545,177672221.42082274,134629044.08698896,139476747.15167475
2010-02-19,0.0,0.001565843835147,0.0014092594516323,177672221.42082274,134839852.1457043,139673306.0758812
2010-02-22,0.0,-0.0006244578796817,-0.0005620120917135301,177672221.42082274,134755650.3375368,139594807.98897696
2010-02-23,0.0,-0.0053353434936546,-0.00480180914428914,177672221.42082274,134036682.65527524,138924500.36348018
2010-02-24,0.0,0.0059093139656007,0.0053183825690406306,177672221.42082274,134828747.49599284,139663354.004626
2010-02-25,0.0,5.737220560910741e-05,5.163498504819667e-05,177672221.42082274,134836482.91861624,139670565.5198218
2010-02-26,0.0,0.0019268974654185,0.00173420771887665,177672221.42082274,135096298.99579805,139912783.29264614
2010-03-01,0.0,0.0058787844064798,0.00529090596583182,177672221.42082274,135890501.01170766,140653048.67246535
2010-03-02,0.0,0.0013894563539845,0.00125051071858605,177672221.42082274,136079314.93178454,140828936.81743208
2010-03-03,0.0,0.0002322240681871,0.00020900166136838999,177672221.42082274,136110915.8238941,140858370.29919565
2010-03-04,0.0,0.0024125815975684,0.00217132343781156,177672221.42082274,136439294.51463902,141164219.38003823
2010-03-05,0.0,0.0070214296529291,0.00631928668763619,177672221.42082274,137397293.42296883,142056276.55233705
2010-03-08,0.0,-0.0003134665994639,-0.00028211993951751,177672221.42082274,137354223.960624,142016199.64418805
2010-03-09,-0.0003960378416383,0.0012695791316031,0.00110301743427896,177601856.49773213,137528606.01700196,142172845.98834562
2010-03-10,-0.0029749966573071,0.0023466360639852,0.00181447279185597,177073491.56831986,137851335.60371107,142430814.7491322
2010-03-11,-0.000749042716866,0.002527785728191,0.0022001028836853,176940855.9591106,138199794.24246222,142744177.1953874
2010-03-12,-0.0012680477925611,2.6601035171158776e-05,-0.00010286384760206713,176716486.49729776,138203470.5000495,142729493.98009828
2010-03-15,0.0002703319315895,0.0004807412674848,0.00045970033389527,176764258.6064363,138269910.6116285,142795106.77613765
2010-03-16,0.0052410896725352,0.0057344373651855,0.00568510259592047,177690695.93669185,139062810.7535207,143606911.6083554
2010-03-17,0.0005942906546846,0.003533392576466,0.00323948238428786,177796295.85671142,139554174.25669968,144072123.66877264
2010-03-18,-0.0023871500635941,-0.0007928795961993,-0.00095230664293878,177371869.41775027,139443524.5993671,143934922.82834056
2010-03-19,-0.0067824560239246,-0.0034137479326769,-0.0037506187418016703,176168852.51354307,138967499.55554083,143395077.80918083
2010-03-22,0.0003916838673792,0.0036840140303896,0.00335478101408856,176237855.01100734,139479457.7736716,143876136.8937288
2010-03-23,0.0035247576930338,0.0041978289201613,0.004130521797448551,176859050.74626115,140064968.67528236,144470420.41330105
2010-03-24,-0.0102007314226073,-0.0060256508222571,-0.00644315888229212,175054959.06994128,139220986.0816147,143539574.5407866
2010-03-25,-0.0006366545823786,-0.0020658313645586,-0.0019229136863406,174943509.5280813,138933379.0019625,143263560.32837063
2010-03-26,0.001823824457253,0.0012797807597824,0.0013341851295294602,175262575.7793963,139111183.26730078,143454700.44016418
2010-03-29,0.0071730774901621,0.0036317061422548,0.00398584327704553,176519747.81658733,139616394.20602897,144026488.39347416
2010-03-30,0.0002026242040023,4.4857571581502494e-05,6.0634234823582246e-05,176555514.98997936,139622657.05842602,144035221.32939222
2010-03-31,0.0038592249481817,-0.0011147794808131,-0.0006173790379136201,177236882.43816772,139467008.5852807,143946297.0030222
2010-04-01,0.0058474491191286,0.0040484109151169,0.0042283147355180704,178273266.09025785,140031628.34513605,144554947.2517633
2010-04-02,-0.0006611760947123,-0.0016421033478893,-0.0015440106225716001,178155396.0683927,139801681.9394201,144331752.87766132
2010-04-05,0.0021529937045037,0.0038010684848823,0.00363626100684444,178538963.5145513,140333077.70677358,144856580.80269986
2010-04-06,0.002974958207497,0.0014182109308385,0.0015738856585043501,179070109.46941692,140532099.61153555,145084568.4977652
2010-04-07,8.94317837944747e-05,-0.0012184884974827,-0.0010876964693549826,179086124.02873105,140360862.86463177,144926760.5248523
2010-04-08,0.0003799521008932,0.0016659119784013,0.00153731599065049,179154168.17779657,140594691.70737672,145149558.7512803
2010-04-09,0.0062586749051647,0.0041473966248069,0.00435852445284268,180275435.87432662,141177793.65722963,145782196.65241706
2010-04-12,-0.0001483862906948,0.0020364161578025,0.00181793591295277,180248685.47109383,141465290.39735612,146047219.34318066
2010-04-13,-0.001765757001348,0.0010657288004154,0.00078258022023906,179930410.09273946,141616054.03159174,146161513.00825953
2010-04-14,0.0066986215102831,0.0059414328025968,0.0060171516733654295,181135695.80814075,142457456.30038938,147040989.00083882
2010-04-15,0.000644281081276,0.0008160336862144,0.0007988584257205601,181252398.11009368,142573706.38358292,147158453.9338284
2010-04-16,-0.0105238402970479,-0.0081508653845428,-0.00838816287579331,179344926.8189261,141411607.295475,145924064.85368153
2010-04-19,-0.0052465537239489,0.0020497925067575,0.00132015788368686,178403984.02525294,141701471.74847782,146116707.65831774
2010-04-20,0.006772714389206,0.0048726706946227,0.0050626750640810295,179612263.25495243,142391936.35725152,146856449.07062513
2010-04-21,0.0019339659926735,0.0004520253523866,0.00060021941641529,179959627.26395464,142456301.1224604,146944595.1627831
2010-04-22,-0.0028059342932715,0.0007319492999759,0.00037816094065116004,179454672.37441036,142560571.91234416,147000163.86911345
2010-04-23,0.0047400093792076,0.0033959236473794,0.00353033222056222,180305289.20460773,143044696.72968522,147519123.2840485
2010-04-26,0.0014759863304869,-0.0023567137553014,-0.00197344374672257,180571417.3467882,142707581.32527944,147228002.59268162
2010-04-27,-0.0052801372597113,-0.0115405708917359,-0.01091452752853344,179617975.47801656,141060654.36620688,145621078.5054128
2010-04-28,0.0032784529701738,0.0025008865357699,0.00257864317921029,180206844.56321904,141413431.05743822,145996583.30625004
2010-04-29,0.0042227649864683,0.0088500120194669,0.008387287316167039,180967815.7167625,142664941.62201062,147221098.59761825
2010-04-30,0.0040796778016252,-0.0087425761690159,-0.00746035077195179,181706106.0973508,141417682.503232,146122777.5610479
2010-05-03,0.0013607965545011,0.0071202851638678,0.00654433630293113,181953371.1404599,142424616.72986832,147079054.1589258
2010-05-04,-0.0167771861505007,-0.0125056043586037,-0.0129327625377934,178900705.56212524,140643510.82211882,145176915.67720515
2010-05-05,-0.0078570273341823,-0.0024844901750723,-0.0030217438909833005,177495077.82841915,140294083.40129358,144738228.21914575
2010-05-06,-0.0067604942589547,-0.0159126147919092,-0.01499740273861375,176295123.37376738,138061637.6945448,142567530.71886984
2010-05-07,-0.0013148416663115,-0.0104537783080415,-0.0095398846438685,176063323.19998804,136618371.94124088,141207452.92185065
2010-05-10,0.0163452475772827,0.0246547474685383,0.02382379747941274,178941121.80697098,139986663.401015,144571550.68284452
2010-05-11,0.0026426554140584,-0.0018975004661328,-0.0014434848781136802,179414001.53131184,139721038.64195922,144362863.83562836
2010-05-12,0.0051659530768431,0.0078800944167614,0.00760868028276957,180340845.84455127,140822053.6184658,145461274.71125868
2010-05-13,8.753479865647451e-05,-0.0070298860052093,-0.006318143924822723,180356631.9441818,139832090.63450855,144542229.44214475
2010-05-14,-0.0055092266280825,-0.008852806938443,-0.00851844890740695,179363006.3849236,138594184.13232237,143310953.84567916
2010-05-17,-0.002278180270971,0.0003079778534013,4.9362040964070006e-05,178954385.12243542,138636868.07164532,143318027.9668535
2010-05-18,-0.0022669808468765,-0.0066733177984365,-0.0062326841032805,178548698.9588983,137711700.1924233,142424771.97223097
2010-05-19,-0.0073380508145737,-0.0030104504775394,-0.00344321051124283,177238499.5330619,137297125.93881628,141934373.50031483
2010-05-20,-0.0094864108209046,-0.0215856838886813,-0.02037575658190363,175557142.31321055,134333473.5794765,139042353.25526744
2010-05-21,-0.0011353545604465,0.0098473441837519,0.00874907430933206,175357822.71106625,135656301.52921256,140258845.13604218
2010-05-24,0.0031115132361436,-0.0082313478867247,-0.007097061774437871,175903450.8974931,134539667.31829917,139263419.44770038
2010-05-25,0.0026474117459491,0.0011506657076485,0.00130034031147856,176369139.75955212,134694477.4998008,139444509.2859226
2010-05-26,0.0015257192676547,-0.0046277556844211,-0.004012408189213521,176638229.55430296,134071144.36589096,138885000.99492288
2010-05-27,0.0001918791780143,0.0178962680426858,0.01612582915621865,176672122.75259572,136470517.50225258,141124636.7933283
2010-05-28,0.0004329432720615,-0.0062518310700457,-0.00558335363583498,176748611.7595023,135617326.88078675,140336688.03938234
2010-05-31,0.0003231170712832,0.0,3.231170712832e-05,176805722.25328737,135617326.88078675,140341222.55734566
2010-06-01,0.0019485324344322,-0.0101072463709176,-0.00890166849038262,177150233.93769112,134246609.14583737,139091951.51860514
2010-06-02,-0.0004548124459527,0.0149171079129543,0.0133799158770636,177069663.80649284,136249180.301414,140952990.12910068
2010-06-03,-0.0034734992440031,0.0018402068771845,0.00130883626506574,176454612.4631251,136499906.98001543,141137474.51425108
2010-06-04,0.0027930877294766,-0.0171157459701964,-0.015124862600229102,176947465.67600542,134163609.24719006,139002789.6044797
2010-06-07,0.0041638320369171,-0.0079959229388374,-0.00677994744126195,177684245.20243844,133090847.36645323,138060357.99677253
2010-06-08,-0.0007598661668077,0.0070343631511501,0.006254940219354321,177549228.95613435,134027056.71892314,138923917.282705
2010-06-09,-0.0006429021979976,-0.0038551075858645,-0.00353388704707781,177435082.16658568,133510367.99585494,138432975.85089037
2010-06-10,-0.0034194097616345,0.0153593443750482,0.01348146896137993,176828358.91456884,135560999.71554267,140299255.7180556
2010-06-11,0.0020653004858079,0.0048880212469512,0.004605749170836871,177193562.61013976,136223624.76241016,140945438.8987481
2010-06-14,-0.0011067358019859,-0.0020845031916347,-0.00198672645266982,176997456.15051767,135939666.18181688,140665418.86690477
2010-06-15,0.002681898210703,0.013606538140229,0.012514074147276401,177472145.31146672,137789334.4344898,142425716.34856293
2010-06-16,-0.0010431436094794,0.0002182205854556,9.208416596210001e-05,177287016.37722448,137819402.9037196,142438831.50186446
2010-06-17,0.0032666178504597,0.0024470137514469,0.00252897416134818,177866145.30957705,138156648.8778412,142799055.62630528
2010-06-18,0.0023370490539368,0.0001882234765123,0.00040310603425475,178281827.21620017,138182653.20259628,142856618.78731412
2010-06-21,-0.0046049490770209,-0.0025191280074829,-0.0027277101144367,177460848.4805113,137834553.41076535,142466947.34333372
2010-06-22,0.0012665666923357,-0.0081803237161269,-0.007235634675280641,177685614.48039034,136707022.1445975,141436108.5590549
2010-06-23,-0.0005181869505605,-0.0007632387928394,-0.0007387336086115099,177593540.11366427,136602682.04204318,141331624.95219108
2010-06-24,0.001216328707782,-0.0102790756955368,-0.00912953525520492,177809552.23482114,135198532.73311967,140041332.89951468
2010-06-25,0.0024791892870069,0.0020950354365639,0.0021334508216082,178250375.77184922,135481778.450167,140340104.19624826
2010-06-28,-0.0033328555045871,0.0003764905276758,5.555924449510022e-06,177656293.0257633,135532786.05642617,140340883.91526443
2010-06-29,0.0003309280513987,-0.0174947260149453,-0.0157121606083109,177715084.47663304,133161677.09832679,138135825.40727547
2010-06-30,0.000362733560109,-0.0057505275376794,-0.00513920142790056,177779547.70191035,132395927.20720929,137425917.57609817
2010-07-01,-0.008791593554307,-0.0015583587321021,-0.00228168221432259,176216582.1762466,132189606.85795118,137112355.30417782
2010-07-02,0.0027029507212039,-0.0036778654240041,-0.0030397838094832997,176692886.91412798,131703431.27347563,136695563.38644406
2010-07-05,-0.0005612181735649,0.0,-5.6121817356490006e-05,176593723.65485212,131703431.27347563,136687891.78300226
2010-07-06,-0.0033769531734674,0.004333202259181,0.0035621867159161603,175997374.91934144,132274128.87941177,137174799.57533824
2010-07-07,0.0040400323176027,0.0183402382371813,0.016910217645223442,176708410.00182882,134700067.91567582,139494455.29159713
2010-07-08,2.3512582790985448e-05,0.0050413953975423,0.004539607116067169,176712564.87294886,135379144.21811455,140127705.31349078
2010-07-09,0.0031739168456305,0.0036401249612751,0.00359350414971064,177273435.85943365,135871941.220219,140631254.80402425
2010-07-12,-0.0032234496417627,0.0006855267343123,0.00029462909670479996,176702003.86611852,135965085.06836832,140672688.8635956
2010-07-13,0.0037994869502706,0.0081196452105584,0.0076876293845296205,177373380.8238945,137069073.32014686,141754128.36010417
2010-07-14,-0.0015380729714094,0.0013872627983554,0.00109472922137892,177100567.62100178,137259224.14636892,141909310.74667108
2010-07-15,-2.151425194957257e-05,0.0020877468363366,0.0018768207275079826,177096757.43476957,137545786.65733853,142175649.0825068
2010-07-16,-0.0058578216908417,-0.0165561879387346,-0.015486351313945311,176059356.20769045,135268552.76325852,139973867.0325269
2010-07-19,-0.0035270495185924,0.0032414920767133,0.00256463791718273,175438386.14013442,135707024.7052691,140332849.3193332
2010-07-20,0.0046474090293259,0.0074458360009812,0.00716599330381567,176253720.07997245,136717476.95540562,141338473.57786092
2010-07-21,-0.0023586786792301,-0.0067079270774059,-0.00627300223758832,175837994.1882848,135800386.08978188,140451857.0168497
2010-07-22,0.0033188369285778,0.0128321592726814,0.01188082703827104,176421571.81684393,137542998.27337757,142120541.23727086
2010-07-23,-0.0016690006741609,0.0037457871977474,0.0032043084105565704,176127124.0945451,138058205.07544976,142575939.28287032
2010-07-26,0.0030701134543834,0.0067693773965404,0.0063994510023247,176667854.3479096,138992773.1682945,143488347.02042145
2010-07-27,0.0003740217977385,-0.0016966402681156,-0.0014895740615301898,176733931.97639543,138756952.4323601,143274610.500568
2010-07-28,-0.0004993361308129,-0.0030883994382716,-0.00282949310752573,176645682.338619,138328415.53841174,142869215.9776732
2010-07-29,0.0079343592521863,-0.0020506909193381,-0.0010521859021856601,178047252.6426412,138044746.71278068,142718891.00276515
2010-07-30,0.0060783654489466,0.0020464146751741,0.0024496097525513504,179129488.9113841,138327243.50828442,143068496.59003884
2010-08-02,0.0052114420752179,0.0120980512629071,0.011409390344138178,180063011.86680916,140000733.5913043,144700820.91358358
2010-08-03,-0.0009472770132404,-0.0016876955602472,-0.0016136537055465201,179892442.31473288,139764454.9747909,144467323.89772075
2010-08-04,0.0041506484361317,0.0029947167764714,0.00311030994243743,180639112.59909847,140183009.93285832,144916662.05159715
2010-08-05,-0.0008001771819753,-0.0001059909741412,-0.00017540959492461002,180494569.30302438,140168151.79907748,144891242.27860886
2010-08-06,-0.0030691251312322,-0.0007188606906545,-0.00095388713471227,179940608.88432553,140067390.42466742,144753032.3866668
2010-08-09,0.0013053505735008,0.003155895610888,0.0029708411071492804,180175494.46132877,140509428.48733714,145183070.64566562
2010-08-10,-0.0048772074090642,-0.003024139586323,-0.00320944636859712,179296741.20481017,140084508.36239696,144717113.3668001
2010-08-11,-0.0077574570023895,-0.0149098175517552,-0.01419458149681863,177905854.4442453,137995873.9008863,142662914.50713074
2010-08-12,0.0003964066892263,-0.003645732317552,-0.00324151841687417,177976377.51499954,137492777.883717,142200470.04235092
2010-08-13,-1.5146174464825137e-05,-0.001707392386723,-0.0015381677654971826,177973681.8537351,137258023.76152897,141981741.86309323
2010-08-16,0.0010580173755999,0.0023316934491207,0.00220432584176862,178161981.1015358,137578067.39637297,142294715.88574135
2010-08-17,0.0042454641583645,0.0063855888788754,0.00617157640682431,178918361.4066856,138456584.3735164,143172898.5971176
2010-08-18,-0.0012368865096966,0.0011530892423837,0.0009140916671756701,178697059.69912463,138616237.1714947,143303771.7506906
2010-08-19,-0.0025540646915948,-0.0089983147320623,-0.00835388972801555,178240655.8484553,137368924.6424514,142106627.84387663
2010-08-20,-0.0035307989276803,-0.0028710734510225,-0.00293704599868828,177611323.93191653,136974528.36991495,141689254.14118066
2010-08-23,-0.0011798099723312,-0.002147191381371,-0.00205045324046702,177401776.32074273,136680417.84313172,141398726.95088753
2010-08-24,-0.0052544571550073,-0.0068043632777728,-0.006649372665496251,176469626.2878432,135750394.62716928,140458514.12096432
2010-08-25,-0.0019012502521083,0.0012299795079751,0.00091685653196676,176134113.36637396,135917364.8307602,140587294.4271065
2010-08-26,0.0060470372342779,-0.0038492511585961,-0.0028596223193086997,177199202.90812695,135394184.75671208,140185267.8621515
2010-08-27,0.0061802223138816,0.0073456929021834,0.00722914584335322,178294333.37594178,136388748.85867634,141198687.60861656
2010-08-30,-2.576377058449708e-05,-0.0065703501122293,-0.005915891478064819,178289739.84164017,135492627.02730593,140363371.49587882
2010-08-31,-0.0014570275301294,0.0014386894518844,0.0011491177536830201,178029966.7823513,135687558.8406182,140524665.53803155
2010-09-01,0.0092327882305957,0.0157706453979239,0.015116859681191079,179673679.76435268,137827439.2160035,142648957.18871626
2010-09-02,0.0072377801147413,0.004739108488393,0.00498897565102783,180974118.35089356,138480618.40312552,143360629.36277527
2010-09-03,0.0019051761510358,0.0066536625194069,0.00617881388256979,181318905.9251304,139402021.7034587,144246428.00969595
2010-09-06,0.0021548517486373,0.0,0.00021548517486373,181709621.2866242,139402021.7034587,144277510.97645906
2010-09-07,0.0011948358441628,-0.0048257209009918,-0.00422366522647634,181926734.45536667,138729306.45368382,143668131.07038522
2010-09-08,0.0014657541963822,0.0030292279351917,0.00287288056131075,182193394.32982874,139149549.1442231,144080872.45141718
2010-09-09,0.0001028203475986,0.0007213746776065,0.00065951924460571,182212127.5179639,139249928.1053761,144175896.55957848
2010-09-10,0.0014488020042244,0.0023754651265775,0.00228279881434219,182476116.81350592,139580711.45346883,144505021.1253014
2010-09-13,0.0066690927456884,0.0080730116574406,0.00793261976626538,183693066.96040827,140707548.16418654,145651324.51220456
2010-09-14,0.0078116340144265,0.0009777725236797,0.0016611586727543802,185128009.97049052,140845128.1386558,145893274.4731162
2010-09-15,-0.0021711679940222,0.0012365923563692,0.00089581632133006,184726065.96044558,141019296.14754394,146023968.04956147
2010-09-16,0.0020459065400535,-0.0007456738047412,-0.00046651577026172997,185103998.2269124,140914141.75244367,145955845.56563017
2010-09-17,-4.4752470416853374e-05,0.0008334668200433,0.0007456448909972847,185095714.36570773,141031589.01406923,146064676.79618737
2010-09-20,0.0018264574979232,0.0098648475875998,0.009061008578632141,185433783.82104442,142422844.14473003,147388170.08567277
2010-09-21,0.0032621458062405,0.000529521798491,0.0008027841992659501,186038695.86127156,142498260.14530778,147506490.9797763
2010-09-22,0.0035536546946287,-0.0022852107001164,-0.0017013241606418901,186699813.14620155,142172621.59647575,147255534.62282088
2010-09-23,-0.0005490825327532,-0.004978901426997,-0.00453591953757262,186597299.53993466,141464758.12792915,146587595.36630955
2010-09-24,0.007516367627726,0.0117136635794842,0.01129393398430838,187999833.4416177,143121828.71299282,148243145.99129516
2010-09-27,-0.0002045462818431,-0.0016081161425368,-0.00146775915646743,187961378.7747001,142891672.1898901,148025560.75638288
2010-09-28,0.0037952835033885,0.004126907162347,0.0040937447964511505,188674745.49483788,143481372.8552903,148631539.6254711
2010-09-29,0.0032170175605069,-0.0022754600902582,-0.0017262123251816901,189281715.46431893,143154886.7176626,148374970.02985886
2010-09-30,0.0020034969226277,-0.0018138916325729,-0.0014321527770528402,189660940.7987614,142895219.26648352,148162474.40448546
2010-10-01,0.000161938979774,0.0024572622275938,0.0022277299028118204,189691654.29801732,143246350.2912908,148492540.37919092
2010-10-04,-0.0024533952997985,-0.003998300908166,-0.00384381034732925,189226265.68495157,142673608.27882963,147921763.21598017
2010-10-05,0.0137028762902739,0.0126229128002234,0.012730909149228451,191819209.794503,144474564.79502654,149804941.7446765
2010-10-06,0.0018812185787564,0.0011117557371444,0.0011887020213056001,192180063.65573078,144635185.22130886,149983015.18172994
2010-10-07,-0.0038214577663398,-0.0010489182217679,-0.00132617217622509,191445655.65893793,144483474.74002147,149784111.88008958
2010-10-08,0.0131801876113199,0.0038005198143157,0.00473848659401612,193968945.31789488,145032587.0486121,150493861.88623
2010-10-11,0.0023951990722403,8.92225333046337e-05,0.0003198201871982003,194433539.55576375,145045527.2234403,150541992.86131063
2010-10-12,0.0006090745673363,0.0016042641900941,0.00150474522781832,194551964.07974437,145278218.56869817,150768520.20665494
2010-10-13,0.010089721694027,0.0042255727381374,0.00481198763372636,196514939.2523353,145892102.24852726,151494016.4614446
2010-10-14,0.0019562121979601,-0.003376852675266,-0.00284354618794339,196899364.17358214,145399446.11274913,151063236.2284394
2010-10-15,-0.0068314905133256,6.495093964837824e-05,-0.0006246932056490196,195554248.03515047,145408889.9433985,150968868.05114412
2010-10-18,0.0004840182858372,0.0059131862216479,0.00537026942806683,195648899.86707264,146268719.78791693,151779611.54782903
2010-10-19,-0.0174989590435738,-0.0091418081526502,-0.00997752324174256,192225247.78137845,144931559.21288204,150265226.9459879
2010-10-20,0.0118478301591011,0.0065881741214962,0.00711413972525669,194502699.86938336,145886393.56067646,151334234.7663291
2010-10-21,-0.0093229357589087,0.0002107079699931,-0.00074265640289708,192689363.69356683,145917132.98651323,151221845.42790237
2010-10-22,-0.0016557862741461,0.0011617888542457,0.0008800313414065199,192370311.28998908,146086657.88526046,151354925.39138424
2010-10-25,0.0096821899474081,0.0014655388798629,0.00228720398661742,194232877.18414074,146300753.56222054,151701104.9801336
2010-10-26,-0.0015051863057737,-0.0016230892400363,-0.0016112989466100399,193940520.51727214,146063294.3833045,151456669.14947954
2010-10-27,-0.01170622976407,-0.0026450417686894,-0.00355116056822746,191670208.22353363,145676950.8687883,150918822.19820082
2010-10-28,0.0101078131705375,0.0017123135881517,0.00255186354639028,193607574.87861514,145926395.4912414,151303946.43903258
2010-10-29,0.0050922838399796,0.0009239768000238,0.0013408075040193801,194593479.60346714,146061228.0951864,151506815.90580577
2010-11-01,0.000809259793321,0.0005015257333935,0.00053229913938625,194750956.28255263,146134481.55972722,151587462.8535236
2010-11-02,0.0053912146112483,0.0054787666570516,0.005470011452471271,195800900.48361772,146935118.28474215,152416648.01138344
2010-11-03,-0.0005692412568976,0.0016245594901205,0.0014051794154186902,195689442.53292474,147173823.1255836,152630820.74773613
2010-11-04,0.022295412441086,0.0135269835587333,0.014403826446968571,200052419.36456248,149164641.01127928,154829288.6002449
2010-11-05,0.0004923492511044,0.0011753207517482,0.0011070236016838201,200150915.02341825,149339957.30928692,155000688.2769573
2010-11-08,2.8686837786617847e-05,-0.0015890856680649,-0.0014273084174797482,200156656.72025037,149102643.32345727,154779454.48986447
2010-11-09,0.0018367344259753,-0.0067597569211774,-0.005900107786462131,200524291.34223658,148094745.6982857,153866239.02524444
2010-11-10,-0.0055422682664013,0.0034458976899049,0.00254708109427428,199412931.9256879,148605065.0403745,154258148.81371275
2010-11-11,-0.0014005736155117,-0.0025489927367411,-0.0024341508246181597,199133639.43464094,148226271.80894363,153882661.21357375
2010-11-12,-0.0198162310719815,-0.0089676644898456,-0.01005252114805919,195187561.22139946,146897028.33478037,152335752.50740469
2010-11-15,9.260832281693387e-05,-0.0031679262907381,-0.002841872829382597,195205637.2140789,146431669.3766873,151902833.67141032
2010-11-16,-0.0188699286191884,-0.0082873999785722,-0.00934565284263382,191522120.77378607,145218131.56303266,150483202.52210498
2010-11-17,0.0027677732921547,6.511808569831213e-06,0.00028263795692831813,192052210.58452058,145219077.19570625,150525734.78701785
2010-11-18,0.0132982560398529,0.0086657855076101,0.009129032560834381,194606170.0538933,146477514.5702973,151899889.12113205
2010-11-19,-0.0039140257612866,0.0017672589838537,0.00119913050933967,193844476.49099702,146736378.27385423,152082036.91254255
2010-11-22,0.0029211621601882,0.0004233778329008,0.00067315626562954,194410727.640684,146798503.2036955,152184411.8885799
2010-11-23,-0.0003481787606381,-0.007717934080265,-0.0069809585483023105,194343037.95447934,145665522.03288782,151122018.81748798
2010-11-24,0.0044438101926818,0.0062623176835503,0.00608046693446345,195206661.5274182,146577725.807398,152040911.25597706
2010-11-25,3.194841726475439e-05,0.0,3.1948417264754394e-06,195212898.07129353,146577725.807398,152041397.00262448
2010-11-26,-0.0079539562996928,-0.0032894285090724,-0.00375588128813444,193660183.21089807,146095568.85733214,151470347.56460053
2010-11-29,-0.0004020845963143,0.0001965192897011,0.00013665890109956002,193582315.43430957,146124279.45475245,151491047.33584785
2010-11-30,0.004013206887158,-0.0029143685433032,-0.00222161100025708,194359201.3158425,145698419.45129666,151154493.15864608
2010-12-01,0.00820813736173,0.010065697601297,0.0098799415773403,195954528.33775908,147164975.68248034,152647890.720206
2010-12-02,0.0040659688692328,0.0069451048476071,0.00665719124976967,196751273.3497656,148187051.8684907,153664096.92260435
2010-12-03,0.0123462822318667,0.0017570831090406,0.0028160030213232098,199180420.10002097,148447428.83430734,154096815.4838073
2010-12-06,0.0027188736053215,0.0008948894729871,0.00107728788622054,199721966.48692775,148580272.87566316,154262822.11643317
2010-12-07,-0.0044076696382324,-0.0038293396882373,-0.00388717268323681,198841658.03915524,148011308.53985125,153663175.88826317
2010-12-08,-0.0062364799635675,0.0009378583716362,0.00022042453811583,197601586.02287152,148150122.18466216,153697047.02283376
2010-12-09,0.0020883090473262,0.0023789089906562,0.0023498489963232005,198014239.2027291,148502557.8422941,154058211.87451822
2010-12-10,-0.000277854751063,0.0026882222807394,0.00239161457755916,197959220.0055885,148901765.72703254,154426659.73983
2010-12-13,0.0079959186887456,0.0009508747836672,0.00165537917417504,199542085.83244067,149043352.6613059,154682294.4163007
2010-12-14,0.000812485096429,-0.0023699592621136,-0.00205171482625934,199704210.8032899,148690125.9872098,154364930.459487
2010-12-15,-0.0058158990205178,-0.0039641313768207,-0.00414930814119041,198542751.27928573,148100698.79336044,153724422.79681715
2010-12-16,-0.0037108896714617,0.0044510667323199,0.0036348710919417403,197805981.03421986,148759904.88679293,154283191.25736675
2010-12-17,0.0036761094383997,0.003171857018403,0.0032222822604026703,198533137.46807164,149231750.03516504,154780335.24763367
2010-12-20,0.004672764560273,0.0012459359631075,0.0015886188228240502,199460836.0768723,149417683.2393713,155026222.20161107
2010-12-21,0.0014633532990381,0.0039643538050847,0.00371425375448004,199752717.74937427,150010027.80046824,155602028.92946628
2010-12-22,0.001257070049651,0.0015860952759685,0.00155319275333675,200003820.9081934,150247957.99691045,155843708.873204
2010-12-23,-0.0006253012466949,-0.0018539286748159,-0.0017310659320038,199878758.26963574,149969408.99924743,155573933.1380565
2010-12-24,0.0008423913043478,0.0,8.423913043478e-05,200047134.39752594,149969408.99924743,155587038.55090234
2010-12-27,-0.0002133582025974,0.0011527797973995,0.00101616599739981,200004452.70049614,150142290.70416972,155745140.8091139
2010-12-28,0.0076857547994829,-0.0017098780775715,-0.0007703147898660598,201541637.8827569,149885565.69277832,155625168.02369887
2010-12-29,0.0036583374483368,0.0036073731761756,0.0036124696033917204,202278945.20402253,150426258.86195436,156187359.2127072
2010-12-30,5.080725969511257e-05,-0.0014238446021569,-0.0012763794159716987,202289222.44292238,150212075.2452511,155988004.88237312
2010-12-31,0.0102232049340131,0.0012423493446456,0.0021404349035823505,204357266.61989856,150398691.1184899,156321887.05256352
2011-01-03,-0.0003330913472342,0.0062884954148801,0.00562633673866867,204289196.98264304,151344472.59799248,157201406.62874535
2011-01-04,-0.0145099374112123,-0.0010401678365492,-0.0023871447940155104,201324973.52063808,151187048.94535655,156826144.10929963
2011-01-05,-0.0033917483453972,0.0005056178158359,0.00011588119971259002,200642129.8748123,151263491.81082696,156844317.3110253
2011-01-06,-0.0065654463525,5.31416444985223e-05,-0.0006087171552013299,199324824.7350679,151271530.20153436,156748843.48438224
2011-01-07,-0.0007908590105981,0.0007009618512473,0.0005517797650627601,199167186.90139028,151377565.77338544,156835334.32441393
2011-01-10,-6.404897436906865e-05,-0.0003170097464493,-0.00029171366924127685,199154430.44734126,151329577.6096415,156789583.31357145
2011-01-11,0.0030895080435132,0.0017587461663446,0.00189182235406146,199769719.6621096,151595727.924117,157086201.35216805
2011-01-12,0.0083487224769384,0.0052341245906169,0.00554558437924905,201437541.61086434,152389198.8514771,157957336.1365822
2011-01-13,-0.0020613365239393,-5.020592744580104e-05,-0.00025131898709515095,201022311.04904932,152381548.01041603,157917638.4588601
2011-01-14,-0.0065536952565639,0.0038739130197065,0.00283115219207946,199704872.08266363,152971860.8732166,158364727.3271509
2011-01-17,0.0022898715367467,0.0,0.00022898715367467,200162170.58499536,152971860.8732166,158400990.81530404
2011-01-18,0.0033925880789896,0.0004214295252292,0.00071854538060524,200841238.3787867,153036327.73191783,158514809.11553767
2011-01-19,0.0020132554091328,-0.00538762080935,-0.0046475331875017204,201245583.08832973,152211826.02804285,157778106.27946272
2011-01-20,-0.0106257452635642,-0.002914035057654,-0.0036852060782450206,199107198.7870157,151768275.43080762,157196661.44318765
2011-01-21,0.0020499652337062,0.0022238497453093,0.00220646129414899,199515361.62230974,152105785.27147046,157543509.79223147
2011-01-24,-0.0001379184315003,0.0037949566232248,0.00340166911775229,199487844.77657458,152683020.1287172,158079420.68419403
2011-01-25,-0.0052625770827908,0.0018004029495205,0.00109410494628937,198438024.61635804,152957911.08849865,158252376.16027117
2011-01-26,0.0047772796254955,0.0007856809035268,0.0011848407757236701,199386018.54828134,153078087.1982842,158439880.028401
2011-01-27,-0.0030102313292284,0.0023792206691906,0.0018402754693487003,198785820.5086372,153442293.74734655,158731453.05298382
2011-01-28,0.0017215305700872,-0.0097366746946974,-0.008590854168218939,199128036.37554267,151948276.04872042,157367814.28789616
2011-01-31,0.0075941400860073,0.0038735931579397,0.00424564785074646,200640242.5788301,152536861.8511835,158035942.61040422
2011-02-01,0.0050392583708911,0.0089266996192448,0.00853795549440943,201651320.6007831,153898512.59779122,159385246.45492887
2011-02-02,-0.0002090180457412,-0.0025824906803187,-0.00234514341686095,201609171.83582997,153501071.12329254,159011465.19346035
2011-02-03,-0.0005809780458075,0.0006098196586541,0.0004907398882079399,201492041.33315992,153594679.094088,159089498.46211314
2011-02-04,-0.0001533347858634,-0.0002287176595284,-0.0002211793721619,201461145.5941489,153559549.27856958,159054311.14672574
2011-02-07,-0.0024273379862435,0.0039938093491401,0.00335169461560174,200972131.30269608,154172836.84212807,159587412.62498447
2011-02-08,0.0029677293766484,0.0011045510534897,0.00129086888580557,201568562.20065072,154343128.61148155,159793419.0505083
2011-02-09,0.0007425842956802,-0.0001780061533912,-8.594710848406001e-05,201718243.84944376,154315654.58485505,159779685.26818612
2011-02-10,-0.0035551610938168,-0.0008119875980381,-0.00108630494761597,201001102.99699718,154190352.18714902,159606115.80555075
2011-02-11,-0.0011876284862546,0.0042692906495947,0.0037235987360097703,200762388.36130935,154848635.61599934,160200424.93662375
2011-02-14,0.0004422225065387,0.0021024809800639,0.0019364551327113802,200851170.0079092,155174201.92717078,160510645.87175483
2011-02-15,-0.0029322870705774,-0.0017496066462395,-0.00186787468867329,200262216.71898466,154902708.11215413,160210832.09906837
2011-02-16,0.0002069213091163,0.0036872532098458,0.0033392200197728504,200303655.23903465,155473873.61985445,160745811.31699803
2011-02-17,0.0059117818678783,0.0028679215666993,0.0031723075968172003,201487806.75614652,155919760.49506712,161255746.4753955
2011-02-18,0.0005896650856291,0.0009873108433771,0.0009475462676023001,201606617.08097062,156073701.76530066,161408543.7560977
2011-02-21,-0.0013719351102695,0.0,-0.00013719351102695,201330025.88453463,156073701.76530066,161386399.55127007
2011-02-22,-0.0038747293168758,-0.0098876024680153,-0.00928631515290135,200549926.53087243,154530507.0465338,159887714.5836449
2011-02-23,0.0019786819554869,-0.0039843993099357,-0.00338809118339344,200946751.05167332,153914795.80089357,159346000.42753112
2011-02-24,0.0018388975724257,0.0003748877046756,0.00052128869145061,201316271.54436907,153972496.56540698,159429065.69558185
2011-02-25,0.0066458377121271,0.0068119920342826,0.00679537660206705,202654186.81386346,155021355.98550916,160512446.238299
2011-02-28,0.0016478948552433,0.0039521822942669,0.0037217535503645404,202988139.60570753,155634028.64386833,161109834.0049641
2011-03-01,0.0011549715792988,-0.0092407092890169,-0.008201141202185331,203222585.13788688,154195859.82969183,159788549.50722876
2011-03-02,0.0026369736150723,4.491184067876306e-05,0.00030411801811811674,203758477.73288226,154202785.0495818,159837144.08422285
2011-03-03,-0.0021959659911096,0.0081796620225283,0.007142099221164509,203311031.0453806,155464111.71421996,160978716.82649997
2011-03-04,0.0028759024100456,-0.0027023365468,-0.00214451265111544,203895733.72955284,155043995.36341885,160633495.9317052
2011-03-07,-8.529918875177511e-06,-0.005042345078082,-0.0045389635621613175,203893994.51548514,154262210.03651196,159904386.34680858
2011-03-08,-0.0036748881957362,0.0046368571946287,0.00380568265559221,203144706.88185868,154977501.87497908,160512931.69648173
2011-03-09,-0.0001030229847689,0.0005622271368356,0.00049570212467515,203123778.3078157,155064634.43213215,160592498.29776153
2011-03-10,-0.0106584283353226,-0.0098016982762532,-0.00988737128216014,200958798.0735219,153544737.6721109,159004660.64196187
2011-03-11,0.0005857432874207,0.0044925955032764,0.00410191028169083,201076508.3405416,154234552.07012838,159656883.4942859
2011-03-14,0.002574197893722,-0.0025134505503678,-0.00200468570595882,201594119.0647888,153846891.150342,159336821.62208697
2011-03-15,-0.0189740486401822,-0.0062950620925854,-0.0075629607473450804,197769062.4440788,152878415.41779935,158131763.4945524
2011-03-16,-0.0020309249974765,-0.0097273885706278,-0.00895774221331267,197367408.31143364,151391307.66696858,156715259.92143166
2011-03-17,0.0083947383663764,0.0073464290731689,0.00745126000248965,199024256.06625792,152503493.17103824,157882986.069464
2011-03-18,0.0108211991750141,0.002122812528202,0.00299265119288321,201177937.18180993,152827229.4969363,158355474.77606076
2011-03-21,0.005063127207981,0.0081496637871536,0.007841010129236341,202196526.66920066,154072720.0348585,159597141.65779987
2011-03-22,0.0048533796596494,-0.0022614079795353,-0.0015499292156168304,203177863.17898872,153724298.75634298,159349777.38521552
2011-03-23,0.0025296596330249,0.0015885841639793,0.00168269171088386,203691834.01779684,153968502.74296612,159617913.93475282
2011-03-24,0.0030859360688636,0.0046493087653833,0.00449297149573133,204320413.99532533,154684349.85236195,160335072.67226976
2011-03-25,0.0017347359346874,0.0009258959438509,0.00100677994293455,204674855.9596732,154827571.46446747,160496494.80758515
2011-03-28,-0.0051058750497518,-0.0017258804550965,-0.00206387991456203,203629811.71931717,154560357.5849669,160165249.31559414
2011-03-29,0.0014771948078201,0.0035486869235884,0.00334153771201157,203930612.6199063,155108843.9048338,160700447.53633595
2011-03-30,0.0052156379693068,0.004830011397021,0.00486857405424958,204994240.8661907,155858021.3886729,161482829.56571764
2011-03-31,0.0066178486229609,-0.0010339359889422,-0.00026875752775189004,206350861.72082195,155696874.1711938,161439429.8396692
2011-04-01,0.0048744000636592,0.0029390317444117,0.00313256857633645,207356698.37433,156154472.22688866,161945149.9245666
2011-04-04,0.0017885426747175,0.0008825416508829,0.00097314175326636,207727564.67826104,156292285.0526005,162102745.51169717
2011-04-05,0.0042078622408954,-0.0011799824226629,-0.00064119795630707,208601653.65406385,156107862.9034406,161998805.56256333
2011-04-06,0.002594659813435,0.0005057794094132,0.00071466744981538,209142903.98181614,156186819.04614466,162114580.83580783
2011-04-07,0.0050633979469539,-0.0008337851083869,-0.00024406680285282006,210201877.73245764,156056592.80229768,162075014.0483674
2011-04-08,0.0110504093762909,-0.0027045871219707,-0.00132908747214454,212524694.53306633,155634524.15110594,161859602.17764807
2011-04-11,-0.0052841379999626,-0.0015560547647787,-0.00192886308829709,211401684.7187537,155392348.30823657,161547397.16552114
2011-04-12,-0.0107608187815196,-0.0031375179362494,-0.00389984802077642,209126829.49938723,154904802.02826357,160917386.8684236
2011-04-13,0.0037047824215439,0.000897538098558,0.00117826253085659,209901598.90118977,155043834.98973352,161106989.79593402
2011-04-14,0.0052051573982658,-0.000335643206528,0.00021843685395138,210994169.76161814,154991795.57980517,161142181.4999346
2011-04-15,0.0040902292240012,0.0039386022572803,0.0039537649539523895,211857184.28087097,155602246.6157357,161779299.8097525
2011-04-18,-0.0038301655280252,-0.0057208068639129,-0.005531742730324129,211045736.19677392,154712076.21525612,160884378.34411296
2011-04-19,0.0049415576604053,0.0037676586184584,0.0038850485226530904,212088630.87117296,155294978.50258812,161509421.96051675
2011-04-20,0.0097293776073412,0.0073311947570984,0.00757101304212268,214152121.2471426,156433476.23479,162732211.90060553
2011-04-21,0.0041711944596677,0.003032052997384,0.00314596714361237,215045391.38881475,156907790.82529888,163244162.09245217
2011-04-22,0.000358832597948,0.0,3.58832597948e-05,215122556.68528354,156907790.82529888,163250019.82513052
2011-04-25,-0.0008081602944494,-0.0001508118381406,-0.00021654668377148,214948703.17653006,156884127.27294594,163214668.57471177
2011-04-26,0.0011633059991134,0.0063658063551088,0.00584555631950926,215198754.292437,157882821.2473558,164168749.11203527
2011-04-27,0.002516931951023,0.0031151604592364,0.00305533760841506,215740394.912936,158374651.5692982,164670340.06532374
2011-04-28,0.0027052409206191,0.0033605092342055,0.00329498240284686,216324024.65748498,158906871.0483609,165212925.93810976
2011-04-29,0.0090231164394216,0.0017910002939479,0.00251421190849527,218275941.5206138,159191473.30111888,165628306.2439407
2011-05-02,-0.005291272007541,-0.0007826941095736,-0.00123355189937034,217120984.1413261,159066875.07267174,165423995.132184
2011-05-03,-0.0070600527057628,-0.0014413905242757,-0.00200325674242441,215588098.54976127,158837597.58621585,165092608.39857668
2011-05-04,-0.0155309814313753,-0.0035160593047048,-0.00471755151737185,212239803.79435942,158279115.17328587,164313775.5133191
2011-05-05,-0.0222042779300999,-0.0044646084220824,-0.00623857537288415,207527172.20307958,157572460.90264347,163288691.63997608
2011-05-06,0.0054092905836206,0.0026036006842584,0.00288416967419462,208649746.98152307,157982716.6696699,163759643.932543
2011-05-09,0.0069801958454667,0.0030585877632154,0.00345074857144053,210106163.0785612,158465920.6736753,164324737.28990284
2011-05-10,0.0072960630778691,0.0038824126253085,0.00422377767056456,211639110.8974314,159081150.76477993,165018808.4459893
2011-05-11,-0.0139484324965676,-0.0054696081688377,-0.00631749060161069,208687077.04544502,158211039.20304877,163976303.67454275
2011-05-12,-0.0019137905640466,0.0022799253882261,0.00186055379299883,208287693.68655697,158571748.56802544,164281390.40830636
2011-05-13,-0.0045461785516834,-0.0041052930331772,-0.00414938158502782,207340780.64093956,157920765.0733704,163599724.23218337
2011-05-16,-0.0012047984184268,-0.0027849799975339,-0.00262696183962319,207090976.79634798,157480958.90144584,163169953.99965256
2011-05-17,0.0005359781570246,0.0005545576180477,0.00055269967194539,207201973.0364277,157568291.16690207,163260137.9796995
2011-05-18,0.0102693151474021,0.0043111834846809,0.004906996650953021,209329795.3967023,158247596.98149022,164061254.92999998
2011-05-19,-0.0012467117840078,0.0014627023635304,0.00119176094877658,209068821.47403726,158479066.11561805,164256776.72683287
2011-05-20,0.0029858918592545,-0.0042708311705137,-0.0035451588675368797,209693078.36610055,157802228.78017756,163674460.35826668
2011-05-23,-0.0039243567877445,-0.0066958394020759,-0.006418691140642759,208870167.91067147,156745610.39897585,162623884.5496156
2011-05-24,0.0042407094108037,-0.0003001033569941,0.00015397791978567999,209755925.5973664,156698570.51510105,162648925.03706604
2011-05-25,-0.0019884603985101,0.0019261732753674,0.0015347099079796502,209338834.24596322,157000399.1139155,162898543.95384264
2011-05-26,0.0032316980640558,0.0040001361653409,0.00392329235521239,210015354.1513276,157628422.08838406,163537642.56601197
2011-05-27,0.0085292202751156,0.0024908270170748,0.00309466634287888,211806621.36804068,158021047.22078064,164043737.00425476
2011-05-30,0.0003889646502505,0.0,3.8896465025050004e-05,211889006.65644184,158021047.22078064,164050117.72573373
2011-05-31,0.0011258745910008,0.0069196269719811,0.00634025173388307,212127567.1051487,159114493.92127025,165090236.76908803
2011-06-01,8.53656566016936e-05,-0.0120924853952225,-0.010874700290040082,212145675.51419798,157190404.2273591,163294929.92341244
2011-06-02,0.0004535825650804,-0.0020174860660388,-0.00177037920292688,212241901.09386843,156873274.77711537,163005835.97553262
2011-06-03,0.0023856566399808,-0.0051293836089939,-0.00437787958409643,212748237.39449516,156068611.57278442,162292216.05412677
2011-06-06,-7.549254377395287e-05,-0.0065435131145157,-0.005896711057441525,212732176.48887083,155047374.56619364,161335225.7491837
2011-06-07,0.0008055887672548,-0.00054767125047,-0.00041234524869752004,212903551.14068395,154962459.5766829,161268699.9353985
2011-06-08,-0.0033603854258545,-0.0012002798824155,-0.0014162904367594,212188113.15031815,154776461.25392336,161040296.61793137
2011-06-09,0.0005499324453351,0.0036073257205809,0.0033015863930563197,212304802.2782539,155334790.36354515,161571985.0699789
2011-06-10,-0.005497481896249,-0.0077606470570021,-0.00753433054092679,211137660.4712425,154129291.87986025,160354648.328308
2011-06-13,-7.786338155912897e-05,0.0002510473946738,0.0002181563170505071,211121220.57902375,154167985.6370296,160389630.70780924
2011-06-14,0.0045004559207516,0.0056557735291679,0.00554024176832627,212071362.3261749,155039924.84924063,161278228.03906307
2011-06-15,-0.0019617145407289,-0.0079858519141997,-0.00738343817685262,211655338.8510275,153801798.96860597,160087440.2130643
2011-06-16,-0.0034791950418991,0.0021019923528262,0.0015438736133536702,210918948.64550552,154125089.17388886,160334594.9878386
2011-06-17,0.0042819858969537,0.0011811056454516,0.00149119367060181,211822100.60900584,154307127.18681788,160573684.92106298
2011-06-20,-0.0004721414136034,0.003121147850094,0.00276181892372426,211722090.6229919,154788742.54509124,161017160.36273012
2011-06-21,0.0034592622034721,0.0078271444770378,0.0073903562496812295,212454492.8487241,156000296.39641064,162207134.54012275
2011-06-22,0.0005005751381971,-0.0038078128298124,-0.0033769740330114504,212560842.28584245,155406276.46633786,161659365.25881156
2011-06-23,-0.0081136985600414,-0.0001919926561873,-0.00098416324657271,210836187.6858666,155376439.60253093,161500266.05305958
2011-06-24,-0.0043247902771691,-0.0065516369737017,-0.00632895230404844,209924365.39128736,154358469.57598883,160478138.57211864
2011-06-27,0.0008967341376933,0.004130315533458,0.00380695739388153,210112611.73606735,154996018.76059937,161089072.0083121
2011-06-28,0.0035377465862345,0.0056965090231156,0.0054806327794274905,210855936.91096145,155878954.9800161,161971942.05676842
2011-06-29,0.0032462567091431,0.004205676188992,0.00410973424100711,211540429.41082132,156534531.3893405,162637603.69312152
2011-06-30,-0.0010812309037927,0.0053393067324588,0.0046972529688336494,211311705.36114076,157370317.2666499,163401553.65991303
2011-07-01,-0.0007079228773927,0.0079826871429502,0.0071136261409159105,211162112.97065473,158626555.27497637,164563931.22349447
2011-07-04,0.0019523590360666,0.0,0.00019523590360666002,211574377.2299879,158626555.27497637,164596060.01130792
2011-07-05,0.0014774326148234,0.0005669519416799,0.00065800000899425,211886964.11536846,158716488.90849152,164704364.2202758
2011-07-06,0.0013655403030093,0.001642896903385,0.0016151612433474303,212176304.3045503,158977243.73663545,164970388.32597458
2011-07-07,0.0030568665089522,0.005189615488934,0.00497634059093582,212824898.94317207,159802274.5031191,165791337.16570356
2011-07-08,0.0005293820416676,-0.0014889251957442,-0.00128709447200302,212937564.62269232,159564340.8702742,165577948.0521316
2011-07-11,-0.0004238572153358,-0.0090595491106936,-0.008195979921157821,212847309.49951097,158118759.88784447,164220874.51450983
2011-07-12,0.0018589674607486,-0.0024859604708764,-0.0020514676777139,213242985.72197843,157725682.9010593,163883980.6984374
2011-07-13,0.0030313082250759,0.0022975118010033,0.00237089144341056,213889390.93853718,158088059.5188458,164272531.8259874
2011-07-14,0.0002752690604776,-0.0050683432366576,-0.00453398200694408,213948268.07022697,157286814.97158712,163527723.12245324
2011-07-15,0.0017658929797416,0.0038648811370203,0.0036549823212924304,214326077.81484005,157894709.81587282,164125414.05950698
2011-07-18,0.0019945579714634,-0.0049457450745556,-0.004251714769953701,214753563.6018381,157113802.83250257,163427599.61242542
2011-07-19,-0.0008420030878421,0.0104278623543915,0.009300875810168141,214572740.43816027,158752163.9424149,164947619.42037442
2011-07-20,0.0017300829472889,-0.0012070357552295,-0.0009133238849776599,214943969.07734537,158560544.40431637,164796968.8197876
2011-07-21,0.000605626929871,0.0069604673352219,0.006324983294686811,215074144.933432,159664199.89429763,165839306.89458776
2011-07-22,0.0022885554553198,0.0014073022345104,0.0014954275565913402,215566354.04111764,159888895.6795802,166087307.56408393
2011-07-25,0.0037059487066267,-0.00409545785898,-0.0033153172024193303,216365231.89206854,159234077.44520563,165536675.45621324
2011-07-26,0.0033533027310135,-0.0014503439194865,-0.0009699792544364999,217090770.0150686,159003133.26920795,165376108.3151723
2011-07-27,-0.001551498561488,-0.0126790071453609,-0.01156625628697361,216753953.9976779,156987131.4063529,163463325.86265674
2011-07-28,-0.0014078788573501,-0.0012736657293833,-0.0012870870421799801,216448790.68859756,156787182.27712646,163252934.33406726
2011-07-29,0.0020151105523215,-0.0010992718776932,-0.0007878336346917301,216884958.93075132,156614830.53686646,163124318.18143678
2011-08-01,-0.0045827368870065,-0.0013820775804328,-0.00170214351109017,215891032.2292225,156398376.69081816,162846657.18174323
2011-08-02,0.0048504956165148,-0.0130136987190184,-0.01122727928546508,216938210.7346952,154363055.3364203,161018332.2808594
2011-08-03,-0.0041812100054081,0.0035882486340776,0.00281130277012903,216031146.51741597,154916948.35888326,161471003.56444216
2011-08-04,-0.0163901978757078,-0.025988208742656,-0.025028407655961184,212490353.2786795,150890934.36715734,157429641.46261412
2011-08-05,-0.0003763401419907,-0.0024542127718817,-0.0022464255088925997,212410384.62895495,150520615.90887228,157075987.5001767
2011-08-08,-0.0073010910701712,-0.0364398126622134,-0.03352594050300917,210859557.06652886,145035672.863352,151809867.28879434
2011-08-09,0.0050316624349308,0.0311597501609389,0.02854694138833809,211920531.17886665,149554948.1941977,156143574.67245898
2011-08-10,0.0064303972621043,-0.0256822045772141,-0.02247094439328226,213283264.38234293,145714047.41913965,152634881.08862582
2011-08-11,0.0012232256823305,0.0247588085737726,0.02240525028462839,213544157.9489467,149321753.62569976,156054703.80158097
2011-08-12,0.0015654058921603,0.0048878812974837,0.004555633756951361,213878441.23203644,150051620.6325543,156765631.87815052
2011-08-15,0.0099502861371222,0.0123800379621342,0.012137062779633001,216006592.92085686,151909265.39226505,158668306.19394448
2011-08-16,0.0032627397571676,-0.0042586835083479,-0.0035065411817963503,216711366.21939006,151262331.90897378,158111929.24402952
2011-08-17,0.0035582925405011,0.0017518161737356,0.0019324638104121499,217482488.65725031,151527315.70848888,158417474.82528806
2011-08-18,-0.0014282363737525,-0.0251901649970232,-0.02281397213469613,217171872.25629583,147710317.62423602,154803342.968975
2011-08-19,0.0037547324279438,-0.0086189376693843,-0.007381570659651489,217987294.52749383,146437211.6035078,153660651.15449926
2011-08-22,0.0061269282478524,-9.3250155847846e-05,0.0005287676845221787,219322887.0400073,146423556.3107038,153741901.9412124
2011-08-23,-0.0090687023705374,0.0195753745114848,0.01671096682328258,217333913.05439448,149289852.26278934,156311077.76390037
2011-08-24,-0.0095016487753126,0.005758784527062,0.00423274119682454,215268882.54558733,150149580.35404766,156972702.10227168
2011-08-25,0.0021772125994099,-0.0084522966520039,-0.00738934572686252,215737568.6689265,148880471.55872136,155812776.53675818
2011-08-26,0.0074248358646341,0.0100168906008774,0.00975768512725307,217339384.7061285,150371790.9549321,157333148.54900694
2011-08-29,-0.0053019730180882,0.0156918327889638,0.0135924522082586,216187057.1526487,152731399.9547739,159471691.85143417
2011-08-30,0.006586893312458,0.0033800073667745,0.00370069596134285,217611058.23364747,153247633.21175882,160061848.0974173
2011-08-31,-0.0013579258193863,0.0019867946868089,0.0016523226361893804,217315558.55908802,153552104.79518998,160326321.91221893
2011-09-01,7.531976664565398e-05,-0.0056687720360871,-0.005094362855813825,217331926.71624714,152681652.91744468,159509561.4530601
2011-09-02,0.0077843491594107,-0.0125586186973739,-0.010524321911695441,219023714.31729385,150764182.2563697,157830831.48033473
2011-09-05,0.0022889493138462,0.0,0.00022889493138462003,219525048.49789646,150764182.2563697,157866958.1576768
2011-09-06,-0.0032825492053468,-0.0039578347045678,-0.0038903061546457004,218804446.72439602,150167482.54362968,157252807.35874078
2011-09-07,-0.0076709772030395,0.0160784869744796,0.013703540556727692,217126002.80164945,152581948.45569783,159407727.58204055
2011-09-08,0.0072192483949584,-0.0054749067695668,-0.00420549125311428,218693489.348879,151746576.51318407,158737339.77801546
2011-09-09,-0.0052515864787573,-0.0147284452161124,-0.01378075934237689,217545001.5772222,149511585.37427703,156549818.69988552
2011-09-12,-0.0067840869865412,0.0039093742475778,0.0028400281241659,216069157.36303508,150096082.11585376,156994424.58782625
2011-09-13,0.0032569485856654,0.0044773603649808,0.00435531918704926,216772883.49951452,150768116.36485818,157678185.41749337
2011-09-14,-0.0026914565957036,0.0080876764929402,0.007009763184075819,216189448.6924501,151987480.11546713,158783472.15656477
2011-09-15,-0.0064633031814541,0.0093231259662607,0.007744483051489221,214792150.7409194,153404478.5378782,160013168.0655379
2011-09-16,0.0019045841232035,0.0037120552522845,0.0035313081393763997,215201240.4610093,153973924.4381587,160578223.86833516
2011-09-19,-0.0088857902339927,-0.0032067735056446,-0.00377467517847941,213289007.38017774,153480164.9367103,159972093.23249504
2011-09-20,0.0043687873887679,-0.0012406852411118,-0.0006797379781238301,214220821.7057831,153289744.36126992,159863354.12528494
2011-09-21,-0.0049899878170263,-0.0158762097107188,-0.01478758752134955,213151862.41531786,150856084.23328793,157499360.78470078
2011-09-22,-0.0058786399596027,-0.0156706724218909,-0.01469146917566208,211898819.35945946,148492067.9544189,155185463.78054586
2011-09-23,-0.0120159849229195,0.0018429077393269,0.00045701847310225985,209352646.34085172,148765725.13568076,155256386.40425053
2011-09-26,-0.0045058367637649,0.0119724360149706,0.01032460873709705,208409337.49037763,150546813.2610884,156859347.84780994
2011-09-27,0.0036634539732494,0.0043845991524678,0.00431248463454596,209172835.50586903,151206900.6909197,157535801.37518853
2011-09-28,-0.0062942231268779,-0.0118841984919702,-0.01132520095546097,207856255.00711337,149409927.8697532,155751676.76693493
2011-09-29,0.0008591439011658,0.0060084344496224,0.00549350539477674,208034833.44092187,150307647.6274814,156607299.4434996
2011-09-30,0.0014089391771794,-0.0141790153151643,-0.012620219865929932,208327941.8679748,148176433.18978503,154630880.89191312
2011-10-03,0.0053131870500495,-0.0141090403198584,-0.01216681758286761,209434827.1908712,146085805.91945755,152749515.17142305
2011-10-04,-0.0051980944340589,0.0134512146599492,0.011586283750548392,208346165.18135226,148050837.45365188,154519314.39695787
2011-10-05,0.0026219039056052,0.0088367115509783,0.008215230786440991,208892428.8055591,149359119.99911055,155788726.2256915
2011-10-06,0.0016013042020903,0.0096700747973877,0.00886319773785796,209226929.1295903,150803433.86117396,157169512.51155883
2011-10-07,0.0,-0.0064344470576344,-0.00579100235187096,209226929.1295903,149833097.14988476,156259343.49496198
2011-10-10,0.0,0.020474100799627,0.0184266907196643,209226929.1295903,152900795.08405182,159138686.08960146
2011-10-11,0.0,-0.001281113899677,-0.0011530025097093,209226929.1295903,152704911.75019795,158955198.7851483
2011-10-12,0.0,0.0046621670478566,0.00419595034307094,209226929.1295903,153416847.55780557,159622166.90602374
2011-10-13,0.0,-0.0003442528715689,-0.00030982758441201,209226929.1295903,153364033.36748677,159572711.55563265
2011-10-14,0.0,0.0094212050429221,0.00847908453862989,209226929.1295903,154808907.3720514,160925742.06697127
2011-10-17,0.0,-0.010142283783829,-0.0091280554054461,209226929.1295903,153238791.50121954,159456802.97722143
2011-10-18,0.0,0.0123116083405419,0.01108044750648771,209226929.1295903,155125407.48476052,161223655.71216285
2011-10-19,0.0,-0.0076456639376435,-0.00688109754387915,209226929.1295903,153939370.75094205,160114260.0108267
2011-10-20,0.0,0.0022718721916278,0.00204468497246502,209226929.1295903,154289101.32654777,160441643.2321482
2011-10-21,0.0,0.0107214677739704,0.00964932099657336,209226929.1295903,155943306.95429522,161989796.14891288
2011-10-24,0.0,0.0072389671224063,0.00651507041016567,209226929.1295903,157072175.42629665,163045171.07655147
2011-10-25,0.0,-0.0097033305533283,-0.00873299749799547,209226929.1295903,155548052.18740493,161621298.0054797
2011-10-26,0.0,0.0048486073773072,0.00436374663957648,209226929.1295903,156302243.62076658,162326572.4015351
2011-10-27,0.0,0.017000926307834,0.015300833677050601,209226929.1295903,158959526.5463123,164810304.2872167
2011-10-28,0.0,0.0020785948951006,0.00187073540559054,209226929.1295903,159289939.00671908,165118620.75865293
2011-10-31,0.0,-0.0120800068870381,-0.01087200619833429,209226929.1295903,157365715.44648203,163323450.09030443
2011-11-01,0.0,-0.0133985506813973,-0.012058695613257571,209226929.1295903,155257242.932558,161353982.3191584
2011-11-02,0.0,0.0095192786117794,0.00856735075060146,209226929.1295903,156735179.88452977,162736358.48069298
2011-11-03,0.0,0.0102731740561315,0.00924585665051835,209226929.1295903,158345347.6682026,164240995.5230328
2011-11-04,0.0001989182998407,-0.0033295571509038,-0.00297670960582935,209268548.19461367,157818127.7835616,163752097.77398846
2011-11-07,-0.000405426238613,0.0048006070326472,0.004280003705521181,209183705.23425916,158575750.59767857,164452957.359248
2011-11-08,0.000129298782389,0.005976502859697,0.0053917824519662,209210752.4326416,159523479.02460417,165339651.92891157
2011-11-09,-0.003792370146011,-0.0199637797041157,-0.01834663874830523,208417347.82089153,156338787.43172288,162306225.0642013
2011-11-10,-0.0019896850307877,0.0036978326000177,0.00312908083693716,208002662.94377586,156916902.09653512,162814094.36276528
2011-11-11,0.0038897788813234,0.0116937118719179,0.01091331857285845,208811747.3093536,158751843.13748595,164590936.44269758
2011-11-14,-0.001167003526811,-0.0050480514524392,-0.004659946659876381,208568063.26380402,157950455.66515836,163823951.4581755
2011-11-15,-0.0012191853898112,0.0027146170491153,0.00232123680522265,208313780.12829155,158379230.66502252,164204225.6438772
2011-11-16,-0.0004844768581134,-0.0091765082388934,-0.0083073051008154,208212856.92259327,156925862.34995535,162840131.04261038
2011-11-17,-0.0016869835976778,-0.0088778122458872,-0.00815872938106626,207861605.2481392,155532704.0074885,161511562.48105636
2011-11-18,0.0001284168809143,-0.0011537875706786,-0.00102556712551931,207888298.187147,155353252.30677062,161345921.53218454
2011-11-21,-0.0126858779736732,-0.010196605530219,-0.01044553277456442,205251052.6041903,153769176.4751619,159660577.42077783
2011-11-22,0.0037711717125029,-0.0018318441115442,-0.00127154252913949,206025089.56773263,153487495.31469887,159457562.2063603
2011-11-23,-0.0047394524586343,-0.0119237579324562,-0.01120532738507401,205048643.45044053,151657347.57490742,157670788.01781225
2011-11-24,0.0016298851472628,0.0,0.00016298851472628002,205382849.18886673,151657347.57490742,157696486.54536697
2011-11-25,-0.0020472246114691,-0.0031950707170467,-0.00308028610648894,204962384.36523363,151172791.62464586,157210736.24881917
2011-11-28,0.0042812084204523,0.0179602589509182,0.01659235389787161,205839871.05105406,153887894.1085577,159819232.42120454
2011-11-29,0.0004847139895465,0.0008623139865783,0.00082455398687512,205939644.51615894,154020593.79201257,159951012.0064768
2011-11-30,0.0044705566921377,0.0245944534000959,0.022582063729300078,206860309.37212712,157808646.10868534,163563035.9531731
2011-12-01,-0.000221891373436,-0.0020396238833505,-0.00185785063235905,206814408.85397112,157486775.82508287,163259160.26339692
2011-12-02,0.0002564763869784,0.0014148479158893,0.0012990107629982102,206867451.86632907,157709595.66163912,163471235.66973713
2011-12-05,-0.0034238144040673,0.0060812397648766,0.0051307343479822095,206159176.10489643,158668665.52607927,164309963.15349495
2011-12-06,0.0008533265222009,-0.0001650391907929,-6.320261949352001e-05,206335097.19766182,158642478.97791666,164299578.33341476
2011-12-07,0.0019293627606953,0.002848117740935,0.0027562422429110297,206733192.45041943,159094311.43675956,164752427.77170977
2011-12-08,-0.0048252185844112,-0.0117082311993729,-0.01101992993787673,205735659.608193,157231598.45595294,162936867.56057045
2011-12-09,0.000468310044665,0.0084888326345728,0.00768678037558202,205832007.6841333,158566311.18011189,164189327.47659385
2011-12-12,-0.0065703751745575,-0.0079088699779529,-0.00777502049761336,204479614.17071614,157312230.84210476,162912752.089974
2011-12-13,-0.0052490563999783,-0.0043206616374237,-0.00441350111367916,203406289.14328825,156632537.92120773,162193736.47719234
2011-12-14,-0.0088262335274287,-0.0055846792720529,-0.00590883469759048,201610977.7343619,155757795.43335015,161235360.49936408
2011-12-15,-0.0005368829023445,0.0017155852976966,0.0014903384776924899,201502736.24749136,156025011.21719724,161475655.7610809
2011-12-16,0.0,0.0031864245423566,0.00286778208812094,201502736.24749136,156522173.14216116,161938732.7543401
2011-12-19,0.0,-0.0062770780229095,-0.00564937022061855,201502736.24749136,155539671.24903244,161023880.89995304
2011-12-20,0.0,0.0159504190522609,0.01435537714703481,201502736.24749136,158020594.1847054,163335439.4399511
2011-12-21,0.0,0.0001053075377801,9.477678400209e-05,201502736.24749136,158037234.94439754,163350919.84761477
2011-12-22,0.0,0.0053183412640783,0.00478650713767047,201502736.24749136,158877730.89226314,164132800.19141042
2011-12-23,0.0,0.0036654370002594,0.00329889330023346,201502736.24749136,159460087.2055929,164674256.7863104
2011-12-26,0.0,0.0,0.0,201502736.24749136,159460087.2055929,164674256.7863104
2011-12-27,9.846938980051512e-05,0.000624068723977,0.0005715087905593515,201522578.09897277,159559601.25874054,164768369.5716426
2011-12-28,-0.0011278195488721,-0.0051234498503651,-0.004723886820215801,201295296.99585363,158742105.64354715,163990022.44223467
2011-12-29,0.0,0.0065347128583362,0.00588124157250258,201295296.99585363,159779439.72245538,164954487.37969756
2011-12-30,0.0,-0.001990344172302,-0.0017913097550718003,201295296.99585363,159461423.6457501,164659002.79731143
2012-01-02,0.0,0.0,0.0,201295296.99585363,159461423.6457501,164659002.79731143
2012-01-03,0.0,0.0076628139732778,0.00689653257595002,201295296.99585363,160683346.8710615,165794578.97402653
2012-01-04,0.0,-0.0003683161701339,-0.00033148455312051,201295296.99585363,160624164.59613767,165739620.63210556
2012-01-05,0.0,0.0017962761498568,0.00161664853487112,201295296.99585363,160912689.9520924,166007563.34697056
2012-01-06,0.0,-0.000635908234195,-0.0005723174107755,201295296.99585363,160810364.24756542,165912554.32814667
2012-01-09,0.0,0.0014912496153182,0.0013421246537863802,201295296.99585363,161050172.64138874,166135229.65768313
2012-01-10,0.0,0.0052289406725038,0.00470604660525342,201295296.99585363,161892294.43942708,166917069.79122666
2012-01-11,0.0,0.0014811511818924,0.00133303606370316,201295296.99585363,162132081.4026753,167139576.26490602
2012-01-12,0.0,0.0009644810940959,0.0008680329846863101,201295296.99585363,162288454.72993457,167284658.93015048
2012-01-13,0.0,-0.0015404979534553,-0.00138644815810977,201295296.99585363,162038449.6975537,167052727.42289677
2012-01-16,0.0010756758570858,0.0,0.00010756758570858001,201511825.48697698,162038449.6975537,167070696.88147166
2012-01-17,0.0016488638675581,0.002411497257535,0.0023352339185373104,201844091.05490816,162429204.9746146,167460846.03962296
2012-01-18,-0.0002112720407634,0.005778620753029,0.0051796314736497606,201801447.04187492,163367821.74937892,168328231.50837383
2012-01-19,0.0008090342112875,0.001579887631797,0.00150280228974605,201964711.3164191,163625924.5503944,168581195.56011352
2012-01-20,0.0009417012184401,-0.0006777246295912,-0.0005157820447880701,202154901.73114765,163515031.23128694,168494244.40635473
2012-01-23,0.0023262522362444,-0.0003523525530083,-8.449207408303e-05,202625165.02336752,163457416.2925774,168480007.97817376
2012-01-24,-0.0019789818807659,-0.0005909811081511,-0.0007297811854125801,202224173.49319905,163360816.04756126,168357054.43823314
2012-01-25,0.0003714303436057,0.0062816171170936,0.00569059843974481,202299285.68744504,164386986.145908,169315106.8295394
2012-01-26,0.0080443272415616,-0.0021011062462219,-0.0010865628974435497,203926647.342249,164041591.62251922,169131135.3164817
2012-01-27,-0.0014667893232576,-0.000409354964829,-0.00051509840067186,203627529.9131997,163974440.3825501,169044016.1391764
2012-01-30,-0.0025143640339155,-0.0002888544523952,-0.00051140541054723,203115536.17567086,163927075.63536656,168957566.11470217
2012-01-31,0.0019763862944567,0.0004950521436193,0.00064318555870304,203516970.93755966,164008228.0855571,169066237.18126073
2012-02-01,0.0055029576003542,0.0044409745824351,0.00454717288422701,204636916.19958156,164736584.45779532,169835010.59060967
2012-02-02,0.0012965201943451,0.0009333018253399,0.00096962366224042,204902232.09394282,164890333.41277003,169999686.63555518
2012-02-03,-0.0036639134218408,0.0065393992501293,0.005519067982932289,204151488.0556087,165968617.13544306,170937926.463174
2012-02-06,-0.0001432309233848,0.0008190455031521,0.00072281786049841,204122247.2494641,166104552.9849722,171061483.4494581
2012-02-07,0.0053546504016133,7.800572778462458e-05,0.0006056701951674922,205215250.52267668,166117510.09151617,171165090.2915246
2012-02-08,-0.0012748601190467,0.0013897983456514,0.00112333249918159,204953629.78396514,166348379.93222508,171357365.6001744
2012-02-09,0.000509429974865,6.505614084328817e-06,5.679805016239594e-05,205058039.30643448,166349462.13058847,171367098.3644215
2012-02-10,-0.0079013287903124,-0.0027814216308978,-0.0032934123468392603,203437808.31677756,165886774.13833025,170802715.84682608
2012-02-13,0.0029686822388159,0.0037671698427636,0.00368732108236883,204041750.52503124,166511697.7911775,171432520.30189392
2012-02-14,-0.0021245523244998,0.000667980905004,0.00038872758205362,203608253.14965826,166622924.42576182,171499160.85099623
2012-02-15,0.0019041281605564,-0.0031999258691153,-0.0026895204661481296,203995949.3582022,166089743.4195042,171037910.34796026
2012-02-16,-0.0002323781283796,0.0054402560093935,0.0048729925956161905,203948545.16129333,166993314.1442408,171871376.81865552
2012-02-17,0.0025993639314634,0.0011720444071337,0.00131477635956667,204478681.65346003,167189037.72411227,172097349.24178287
2012-02-20,0.0030640545282799,0.0,0.00030640545282799,205105215.48391697,167189037.72411227,172150080.80800778
2012-02-21,0.0051138307750671,-0.0001625350990744,0.00036510148833974993,206154088.8469854,167161863.63730162,172212933.05872858
2012-02-22,0.0030786713934183,-0.0011024824223672,-0.00068436704078865,206788769.54295483,166977570.62095135,172095076.20334563
2012-02-23,0.0025788611298168,0.0030111805623539,0.00296794861910019,207322049.06281182,167480370.23595423,172605845.5471173
2012-02-24,0.0007493620495174,0.0011899849127964,0.0011459226264685,207477408.33840767,167679669.34972456,172803638.49099046
2012-02-27,-0.000762223749897,0.0020354319719865,0.0017556663997981498,207319264.13020507,168020969.90977108,173107024.03285196
2012-02-28,0.0034121427853149,0.0019611405674228,0.0021062407892120097,208026667.06156373,168350482.65003884,173471629.10776907
2012-02-29,-0.0144600322347196,-0.0034532868831464,-0.00455396141830372,205018594.75017223,167769120.1365321,172681646.00164202
2012-03-01,0.0046192197297287,0.0026922570391357,0.002884953308195,205965620.68800348,168220797.73116928,173179824.48753902
2012-03-02,-0.005209452346015,-0.0009336993294917,-0.00136127463114403,204892652.60211194,168063730.08512115,172944079.18583816
2012-03-05,-0.0061018379727552,-0.0027695243929373,-0.0031027557509190904,203642430.83412582,167598273.48508236,172407475.9495569
2012-03-06,-0.0146285302026908,-0.0080136299194203,-0.00867511994774735,200663441.38411942,166255202.9462391,170911820.4158061
2012-03-07,-0.0010676652016209,0.0036757025575559,0.00320136578163822,200449200.0105161,166866307.62091562,171458971.66936278
2012-03-08,0.0042095490632959,0.00509068318615,0.005002569773864591,201293000.75265875,167715771.12745634,172316707.13849384
2012-03-09,0.0037516000758961,0.0017215300477526,0.00192453705056695,202048171.58955982,168004498.86693424,172648337.02581355
2012-03-12,-0.0110097415165111,0.0003180237435794,-0.0008147527824296501,199823673.44647506,168057928.28660208,172507671.31283993
2012-03-13,0.0023156612578611,0.0096275664573707,0.008896375937419739,200286397.3854786,169675917.15986937,174042364.40892777
2012-03-14,-0.0116928804572474,-0.0038220324404699,-0.00460911724214765,197944472.48363742,169027410.30011788,173240182.74626645
2012-03-15,0.007619837150678,0.0037307824502998,0.00411968792033762,199452777.1288396,169658014.7960852,173953878.2344433
2012-03-16,0.0031690036838005,0.0004374055944188,0.00071056540335697,200084843.71430516,169732224.16089496,174077483.84209648
2012-03-19,0.0011538142370819,0.0010246032750744,0.00103752437127515,200315704.45560703,169906132.3536559,174258093.47407293
2012-03-20,-0.0104590586255435,-0.001743339238643,-0.00261491117733305,198220590.75908878,169609928.3262377,173802424.03770682
2012-03-21,-0.0016442142097884,0.0003619141461012,0.00016130131051224003,197894673.64709002,169671312.5586182,173830458.5964743
2012-03-22,-0.0041618324344417,-0.0038816147849269,-0.00390963654987838,197071069.1757023,169012713.88321272,173150844.6820634
2012-03-23,0.0074907105587477,0.002665672735644,0.0031481765179543703,198547271.51440042,169463246.46658838,173695954.10535544
2012-03-26,0.006629499098876,0.0083006461827978,0.00813353147440562,199863540.47198942,170869900.9164958,175108715.61504826
2012-03-27,-0.0016852382901748,-0.0006477970437696,-0.0007515411684101199,199526722.7807761,170759211.89981288,174977114.2063161
2012-03-28,-0.0056015370555792,-0.0029054650763707,-0.00317507227429155,198409066.44954133,170263076.9731694,174421549.2223641
2012-03-29,-0.0040145161698573,-0.0002804217946703,-0.000653831232189,197612550.04403335,170215331.49555847,174307506.96591574
2012-03-30,0.0,0.0011243493079272,0.00101191437713448,197612550.04403335,170406712.9857241,174483891.23825702
2012-04-02,0.0,0.0049187929019967,0.004426913611797031,197612550.04403335,171244908.31601086,175256316.35141897
2012-04-03,0.0,-0.0038355289734425,-0.0034519760760982504,197612550.04403335,170588093.5086103,174651335.74018875
2012-04-04,0.0,-0.0052590702488234,-0.00473316322394106,197612550.04403335,169690958.74123564,173824682.46085113
2012-04-05,0.0,0.0009425993841015,0.00084833944569135,197612550.04403335,169850909.33443272,173972144.79561743
2012-04-06,0.0,0.0022480554320512,0.00202324988884608,197612550.04403335,170232743.59380084,174324133.91823748
2012-04-09,0.0,-0.0063804238770696,-0.00574238148936264,197612550.04403335,169146586.53191587,173323098.23847622
2012-04-10,0.0,-0.009252861099118,-0.0083275749892062,197612550.04403335,167581496.6613461,171879737.14053375
2012-04-11,0.0,0.003830323593599,0.0034472912342391,197612550.04403335,168223388.0218587,172472256.65172163
2012-04-12,0.0,0.0079107788741658,0.007119700986749221,197612550.04403335,169554166.04596257,173700207.54759175
2012-04-13,0.0,-0.0064860098589005,-0.00583740887301045,197612550.04403335,168454436.05337083,172686248.41480967
2012-04-16,0.0,0.0002707310282033,0.00024365792538297003,197612550.04403335,168500041.89604896,172728324.7878406
2012-04-17,0.0,0.0086403356403586,0.00777630207632274,197612550.04403335,169955938.81344533,174071512.41852808
2012-04-18,0.0,-0.001930447110672,-0.0017374023996048,197612550.04403335,169627847.86242136,173769080.15514928
2012-04-19,0.0,-0.0031337693579461,-0.00282039242215149,197612550.04403335,169096273.31053576,173278983.15827546
2012-04-20,0.0,0.0003981933755853,0.00035837403802677,197612550.04403335,169163606.32640418,173341081.84717506
2012-04-23,0.0,-0.0041889664820021,-0.0037700698338018904,197612550.04403335,168454985.64952826,172687573.86354446
2012-04-24,0.0,0.0016888963211431,0.0015200066890287901,197612550.04403335,168739488.65506995,172950060.1309292
2012-04-25,0.0,0.0078853157664631,0.00709678418981679,197612550.04403335,170070052.8053867,174177449.38329425
2012-04-26,0.0,0.0044480033578048,0.00400320302202432,197612550.04403335,170826524.9713271,174874717.07503393
2012-04-27,0.0,0.0018187400315794,0.0016368660284214601,197612550.04403335,171137214.01074803,175160963.55864385
2012-04-30,0.0,-0.002025806346821,-0.0018232257121389,197612550.04403335,170790523.1564278,174841605.58612072
2012-05-01,0.0,0.0025812361879496,0.00232311256915464,197612550.04403335,171231373.835358,175247782.31766903
2012-05-02,0.0,-0.0007469988144841,-0.00067229893303569,197612550.04403335,171103464.2021005,175129963.4206
2012-05-03,0.0,-0.0044489584244532,-0.00400406258200788,197612550.04403335,170342232.00358543,174428732.08707914
2012-05-04,0.0,-0.0088846722787591,-0.007996205050883191,197612550.04403335,168828797.09700122,173033964.1785453
2012-05-07,0.0,0.0003486282489333,0.00031376542403997,197612550.04403335,168887655.58490267,173088256.25368908
2012-05-08,0.0,-0.0018109827196242,-0.0016298844476617799,197612550.04403335,168581802.95908058,172806142.3967483
2012-05-09,0.0,-0.0039476784246179,-0.0035529105821561105,197612550.04403335,167916296.21275583,172192177.6247653
2012-05-10,0.0,0.001451934973534,0.0013067414761805999,197612550.04403335,168160099.7558534,172417188.28514147
2012-05-11,0.0,-0.001252634034356,-0.0011273706309203998,197612550.04403335,167949456.69167852,172222810.2108029
2012-05-14,0.0,-0.0056208363088932,-0.00505875267800388,197612550.04403335,167005440.28744707,171351577.60843566
2012-05-15,0.0,-0.0032480886215845,-0.0029232797594260502,197612550.04403335,166462991.8171067,170850669.00986722
2012-05-16,0.0,-0.0021974500770985,-0.00197770506938865,197612550.04403335,166097197.70290413,170512776.77565795
2012-05-17,0.0,-0.007796491286459,-0.0070168421578131,197612550.04403335,164802222.3483082,169316315.53513274
2012-05-18,0.0,-0.0043855232303906,-0.00394697090735154,197612550.04403335,164079478.37377968,168648028.96357563
2012-05-21,0.0,0.0094411952245258,0.00849707570207322,197612550.04403335,165628584.76144487,170081044.03268456
2012-05-22,0.0,-0.0009500048307267,-0.0008550043476540299,197612550.04403335,165471236.80581507,169935624.00058305
2012-05-23,0.0,0.0024977085161079,0.00224793766449711,197612550.04403335,165884535.72315586,170317628.6903138
2012-05-24,0.0,0.0001084997232254,9.764975090286e-05,197612550.04403335,165902534.1493692,170334260.16432977
2012-05-25,0.0,-0.0011618264654519,-0.00104564381890671,197612550.04403335,165709784.19450894,170156151.19804087
2012-05-28,0.0,0.0,0.0,197612550.04403335,165709784.19450894,170156151.19804087
2012-05-29,0.0,0.0069339486957599,0.00624055382618391,197612550.04403335,166858807.3364991,171218019.81844854
2012-05-30,0.0,-0.0062971992067428,-0.00566747928606852,197612550.04403335,165808064.18730167,170247645.23772582
2012-05-31,0.0,-0.0005427650576415,-0.0004884885518773501,197612550.04403335,165718069.36378562,170164481.21204314
2012-06-01,0.0,-0.0127208404504314,-0.01144875640538826,197612550.04403335,163609996.24365538,168216309.51779717
2012-06-04,0.0,-0.0008691401259,-0.00078222611331,197612550.04403335,163467796.23092166,168084726.32780772
2012-06-05,0.0,0.0028679601928362,0.00258116417355258,197612550.04403335,163936615.36332262,168518580.6015264
2012-06-06,0.0,0.0123268189702414,0.011094137073217259,197612550.04403335,165957432.3435004,170388148.83410376
2012-06-07,0.0,-0.0002859053668514,-0.00025731483016626,197612550.04403335,165909984.2229245,170344305.43652418
2012-06-08,0.0,0.0049038519240861,0.00441346673167749,197612550.04403335,166723582.21828118,171096114.36149898
2012-06-11,0.0,-0.0067759556745762,-0.00609836010711858,197612550.04403335,165593870.61526355,170052708.6431938
2012-06-12,0.0,0.005856491286518,0.0052708421578662006,197612550.04403335,166563669.6756226,170949029.6289697
2012-06-13,0.0,-0.0029157942502508,-0.00262421482522572,197612550.04403335,166078004.28528178,170500422.6510594
2012-06-14,0.0,0.00635192753167,0.005716734778503,197612550.04403335,167132919.73310626,171475128.3469782
2012-06-15,0.0,0.0067420277238529,0.00606782495146761,197612550.04403335,168259734.5115153,172515609.4093181
2012-06-18,0.0,0.0010087007133711,0.00090783064203399,197612550.04403335,168429458.2257487,172672224.36576906
2012-06-19,0.0,0.0051877946959303,0.00466901522633727,197612550.04403335,169303235.67577064,173478433.61049837
2012-06-20,0.0,-0.0013223626193946,-0.00119012635745514,197612550.04403335,169079355.40557045,173271972.35420847
2012-06-21,0.0,-0.0126851383702051,-0.01141662453318459,197612550.04403335,166934560.3867057,171293791.30371612
2012-06-22,0.0,0.0032481479091071,0.0029233331181963904,197612550.04403335,167476788.5299835,171794540.11677572
2012-06-25,0.0,-0.0081882484799601,-0.00736942363196409,197612550.04403335,166105446.97087425,170528513.37299672
2012-06-26,0.0,0.0025129420926311,0.00226164788336799,197612550.04403335,166522860.34038264,170914188.82432064
2012-06-27,0.0,0.0056797389114632,0.00511176502031688,197612550.04403335,167468666.70990604,171787861.99622864
2012-06-28,0.0,-0.0005091671691268,-0.00045825045221412,197612550.04403335,167383397.16295993,171709140.13078398
2012-06-29,0.0,0.0134727423290256,0.01212546809612304,197612550.04403335,169638510.5430934,173791193.83125255
2012-07-02,0.0,0.0031033400547014,0.0027930060492312603,197612550.04403335,170164956.52768168,174276593.68692634
2012-07-03,0.0,0.0029165211470902,0.00262486903238118,197612550.04403335,170661246.22188836,174734046.92076403
2012-07-04,0.0,0.0,0.0,197612550.04403335,170661246.22188836,174734046.92076403
2012-07-05,0.0,-0.0022335045425009,-0.00201015408825081,197612550.04403335,170280073.5532229,174382804.56198964
2012-07-06,-0.0016979468221215,-0.0044793462175946,-0.00420120627804729,197277014.44267476,169517330.14982054,173650186.4286803
2012-07-09,-0.0007573249522543,-0.0002656818115622,-0.00031484612563141003,197127611.6371311,169472292.47845516,173595513.34026808
2012-07-10,0.0005624142929523,-0.0045601977474498,-0.00404793654340959,197238479.0234514,168699465.31203973,172892809.71804607
2012-07-11,0.000857342501742,7.791192656925183e-05,0.00015585498408652665,197407579.95449713,168712609.0123934,172919755.92415333
2012-07-12,-0.0031988188976377,-0.0026334316338528,-0.00268997036023129,196776108.85720173,168268315.8907903,172454606.9060189
2012-07-13,0.0027447302361689,0.0096342102779872,0.008945262273805371,197316206.19293776,169889448.22920495,173997258.59511927
2012-07-16,0.0029086774117613,-0.0005445250456292,-0.00019920479989015002,197890135.38486558,169796939.16965604,173962597.50603938
2012-07-17,-5.3171294583320705e-05,0.0037079093920789,0.003331801323412678,197879613.31018195,170426530.83514944,174542206.31863433
2012-07-18,0.0056033594344856,0.0045526784891802,0.00465774658371074,198988403.9083159,171202428.03606823,175355179.68382826
2012-07-19,0.006305490749882,0.001128447514604,0.0016461518381317999,200243123.44849354,171395620.99047974,175643840.93519077
2012-07-20,-0.0002658215329706,-0.0049624070952649,-0.00449274853903547,200189894.51445165,170545086.14477926,174854717.3254386
2012-07-23,-0.0070189526292658,-0.0047665599428277,-0.0049917992114715095,198784771.127997,169732172.76871547,173981877.6853714
2012-07-24,-0.002724302837933,-0.0048118681606462,-0.00460311162837488,198243221.21187514,168915443.9307324,173181019.68107137
2012-07-25,0.0013400938389191,-0.0002049452210065,-5.044131501393998e-05,198508885.73122868,168880825.5177446,173172284.2027032
2012-07-26,0.0022182907567012,0.0095306485085965,0.008799412733406968,198949236.15756932,170490369.30559582,174696098.60538965
2012-07-27,0.0032020261604746,0.0089857108060718,0.00840734234151208,199586276.8163523,172022346.4593963,176164828.51209173
2012-07-30,0.0049328703380286,0.0009379381226334,0.0013374313441729198,200570810.04113728,172183692.7760854,176400436.87548465
2012-07-31,-0.0028438544107527,-0.0023458337092186,-0.0023956357793720098,200000415.85833356,171779778.4653935,175977845.6774089
2012-08-01,-0.0038792445383453,-0.0026173045741394,-0.0027434985705599903,199224565.33744833,171330178.4654714,175495050.70934272
2012-08-02,-0.0073394615076886,-0.0032533380213464,-0.00366195036998062,197762364.30876812,170772783.4816656,174852396.54346785
2012-08-03,0.0082791551472979,0.0096137420817965,0.00948028338834664,199399669.60517687,172414548.97664884,176510046.81383148
2012-08-06,0.0019585412412025,0.0018900902237118,0.00189693532546087,199790202.08158073,172740428.03009525,176844874.9569314
2012-08-07,0.0008993441066848,0.0017063107793657,0.00162561411209761,199969882.2223962,173035176.88447526,177132356.48131353
2012-08-08,0.0007834948640217,0.0001678383201924,0.00022940397457533004,200126557.5980765,173064218.81789777,177172991.34791625
2012-08-09,0.0036785086165206,0.0003948435418731,0.00072321004933785,200862724.8645956,173132552.1070273,177301124.63573033
2012-08-10,-0.0027135232902993,0.0019730707220572,0.00150441132082155,200317679.18252254,173474154.8766247,177567858.4548267
2012-08-13,-0.0065636154955272,-0.0006683809189574,-0.00125790437661438,199002870.95941207,173358208.06157288,177344495.06853035
2012-08-14,-0.0015419602638435,-0.0013265765527109,-0.00134811492382416,198696016.4400019,173128235.12753844,177105414.3080704
2012-08-15,0.002228266206829,-0.0004943770176413,-0.00022211269519427005,199138764.05886668,173042644.50698656,177066076.94716492
2012-08-16,0.0029769051827008,0.0036772505645325,0.0036072160263493306,199731581.27767017,173678965.6691881,177704792.53765154
2012-08-17,-0.000762299654886,0.0014866316425405,0.00126173851279785,199579325.96219236,173937162.31519565,177929009.51830503
2012-08-20,0.0029258454993661,0.0001792859105992,0.00045394186947589,200163264.23482534,173968346.79772836,178009778.94551975
2012-08-21,0.0071233660637418,-0.0018878052033648,-0.00098668807665414,201589100.4384835,173639928.44742283,177834138.81910637
2012-08-22,0.0014456323696575,0.0018265587573442,0.00178846611857553,201880524.1674475,173957091.9793531,178152189.1511104
2012-08-23,0.0029233552606132,-0.004023715397653,-0.00332900833182638,202470692.65978777,173257138.14982483,177559119.02909327
2012-08-24,-0.0031335189888371,0.0036780649836595,0.00299690658640984,201836246.89965534,173894389.16282275,178091247.12238872
2012-08-27,-0.0030140089309381,0.0003312239106018,-3.2993735521900046e-06,201227910.64891276,173951987.14243296,178090659.5328381
2012-08-28,-0.0016504292593773,-0.0001989026306918,-0.00034405529356035,200895798.2173744,173917387.63457626,178029386.49869218
2012-08-29,-0.001377805219743,0.0003325493966114,0.00016151393497595997,200619002.9379661,173975223.75689435,178058140.72544694
2012-08-30,-0.0011655370880603,-0.0038915338000808,-0.0036189341288787504,200385174.0494722,173298193.2932678,177413760.04305094
2012-08-31,0.0102391510911785,0.0041952396265815,0.0047996307730412005,202436948.1229969,174025220.74098668,178265280.5853145
2012-09-03,-0.002829668330104,0.0,-0.0002829668330104,201864118.70205033,174025220.74098668,178214837.42343155
2012-09-04,0.0005158697584629,-0.0009094100715421,-0.0007668820885416,201968254.2962075,173866960.45254248,178078167.65669918
2012-09-05,-0.0025571175662182,-0.0006886027028126,-0.00087545418915316,201451797.72532824,173747235.19364506,177922268.37882742
2012-09-06,0.0043158916132896,0.010773212746267,0.010127480632969262,202321241.84961307,175619051.1224619,179724172.70600793
2012-09-07,0.0098737474272455,0.0025763157935082,0.00330605895688193,204318910.69080278,176071501.2575096,180318351.4169508
2012-09-10,0.0005797111731526,-0.0039381206427895,-0.0034863374611952902,204437356.64621663,175378110.44380045,179689700.7934649
2012-09-11,0.0050462777909256,0.0017951778780421,0.00212028786933045,205469004.33869597,175692945.347962,180070694.68630093
2012-09-12,0.0011947547996679,0.0003001716422014,0.00038962995794805,205714489.4178126,175745683.38789028,180140855.6234992
2012-09-13,0.0063695177827731,0.0099715946511926,0.009611386964350651,207024791.51633346,177498148.10433117,181872259.09498587
2012-09-14,0.0083027053124594,0.0004266787739531,0.00121428142780373,208743657.3526669,177573882.79654324,182093103.20143762
2012-09-17,-0.0110381242171519,-0.0012431474411684,-0.0022226451187667504,206439518.9332656,177353132.2785264,181688374.85444587
2012-09-18,-0.0013203704787691,-0.0003438714422481,-0.00044152134590020003,206166942.28681484,177292145.60114256,181608155.55864573
2012-09-19,6.453777706802444e-05,0.0011855732405565,0.0010734696942076524,206180247.84297493,177502338.42472813,181803106.40985885
2012-09-20,-0.0029390238060203,-7.767694598210804e-05,-0.00036381163198592726,205574279.18623325,177488550.5851746,181736964.32501578
2012-09-21,0.004513942163583,0.0001811275791658,0.0006144090376075201,206502229.59280017,177520698.65667176,181848625.15836442
2012-09-24,-0.0046192593768156,-0.0006106256605116,-0.001011489032142,205548342.2324203,177412299.96280003,181664687.26850665
2012-09-25,0.0011482586227697,-0.0056387560227428,-0.00496005455819155,205784364.8887847,176411915.28787613,180763620.50835803
2012-09-26,-0.0034072419513794,-0.0022033563809265,-0.0023237449379717905,205083207.76779768,176023216.96865514,180343571.9602323
2012-09-27,0.0058703715307013,0.0054241042821609,0.00546873100701494,206287122.39210266,176977985.25357455,181329822.44412702
2012-09-28,0.0019501147043151,-0.0025706602811534,-0.0021185827826065502,206689405.94279036,176523034.97624463,180945660.2043238
2012-10-01,0.001655991253182,0.0018272477737495,0.00181012212169275,207031681.79115698,176845586.29892048,181273193.94668394
2012-10-02,-0.0024502232693534,0.0007556689300094,0.00043507971007312004,206524407.9469389,176979223.01389587,181352062.2353503
2012-10-03,-0.0044405896193221,0.0022259272912961,0.0015592756002342804,205607317.80487308,177373165.89639488,181634840.08104607
2012-10-04,0.0054819677050437,0.0035179757394734,0.0037143749360304306,206734450.48100007,177997160.390852,182309499.978553
2012-10-05,-0.0031629042480715,-0.0013119473576888,-0.0014970430467270701,206080569.20935097,177763637.4866011,182036574.8092578
2012-10-08,-0.0029590045430828,-0.0020744562000447,-0.00216291103434851,205470775.86881942,177394874.60667452,181642845.89294785
2012-10-09,-0.0008091285661688,-0.0054891061472235,-0.00502110838911803,205304523.59455106,176421135.3099851,180730797.4756115
2012-10-10,-0.0017915488834444,-0.0031964371863256,-0.00305594835603748,204936710.50453916,175857216.23262647,180178493.49218056
2012-10-11,0.0040134762443266,0.0005985159372287,0.00094001196793849,205759219.12373957,175962469.57921836,180347863.43242836
2012-10-12,-0.0049756586419098,-0.0015638572444596,-0.00190503738420462,204735431.4869539,175687289.3964139,180004294.01042813
2012-10-15,-0.0049783523055488,0.0048456148698222,0.0038632181522851,203716186.37958333,176538602.3383519,180699689.86653847
2012-10-16,0.0019003925749352,0.0051212568902661,0.00479917045873301,204103327.1075732,177442701.87197512,181566898.48004815
2012-10-17,0.0023307527289362,0.0009539467888267,0.00109162738283765,204579041.49421418,177611972.7676266,181765101.87824586
2012-10-18,0.0002152070302554,-0.001683757249654,-0.0014938608216630601,204623068.34218666,177312917.32085377,181493570.11380437
2012-10-19,-0.0049728328030315,-0.0089753141342383,-0.008575066001117619,203605512.03567767,175721478.18784088,179937250.77130002
2012-10-22,-0.0011304489586154,-9.38384865937448e-05,-0.00019749953379591032,203375346.3966286,175704988.75026572,179901713.24816018
2012-10-23,-0.0046837688837793,-0.0080678197142766,-0.00772941463122687,202422783.2774482,174287432.5781296,178511178.31359705
2012-10-24,-0.0014773364166519,-0.0019326717732927,-0.00188713823762862,202123736.7281524,173950592.1767462,178174303.04315734
2012-10-25,0.0010094165001129,0.0007561032089649,0.0007814345380797001,202327763.76307026,174082116.77769238,178313534.59735352
2012-10-26,-0.0010366964989635,0.0008112307293012,0.00062643800647473,202118011.27873397,174223337.54024422,178425236.97249416
2012-10-29,-0.0011406594225724,0.0005854635811504,0.00041285128077812004,201887463.4646973,174325338.9593605,178498900.0601014
2012-10-30,-0.0004557895671323,0.0,-4.5578956713230003e-05,201795445.2651153,174325338.9593605,178490764.2664622
2012-10-31,0.0016158750584932,0.0008233367279649,0.0009025905610177301,202121521.4920367,174468867.4135407,178651868.34551796
2012-11-01,-0.0009371458460465,0.0060108746991882,0.005316072644664729,201932104.14777383,175517577.9144728,179601594.65574783
2012-11-02,-0.0052794306381985,-0.00584410724733,-0.00578763958641685,200866017.61030018,174491834.365349,178562125.35673463
2012-11-05,0.0010384386174016,0.002224253145262,0.00210567169247596,201074604.63991037,174879948.3767587,178938118.56944662
2012-11-06,0.0046039395360154,0.003758971747175,0.00384346852605904,202000339.9619007,175537317.16185436,179625861.59628054
2012-11-07,0.0002258158508158,-0.0117995846418542,-0.010597044592587201,202045954.84053427,173466049.73019907,177722358.33096287
2012-11-08,0.0020159529562458,-0.0065767706533574,-0.00571749829239708,202453269.98049253,172325203.30497968,176706231.05068478
2012-11-09,-4.764930114359301e-05,0.0012658811797546,0.001134528131664781,202443623.22366372,172543346.53664082,176906709.24085227
2012-11-12,0.0,7.953867568097905e-05,7.158480811288115e-05,202443623.22366372,172557070.4059219,176919373.07368717
2012-11-13,0.0001924581893439,-0.00165966566118,-0.00147445327612761,202482585.15683356,172270683.36157537,176658513.72444823
2012-11-14,-0.0011782830644845,-0.0081246226722822,-0.007429988711502431,202244003.35589024,170871049.06176636,175345942.96168476
2012-11-15,-0.0013392692033043,-0.0008767736352262,-0.00092302319203401,201973144.1906427,170721233.83092555,175184094.58970207
2012-11-16,-0.0004403657741284,0.0031247555461605,0.0027682434141316097,201884202.13064805,171254695.95318606,175669046.80581063
2012-11-19,0.0024960685159883,0.0113579609949856,0.01047177174708587,202388118.93146175,173199800.1100305,177508612.96698922
2012-11-20,-0.0008014563336327,-0.0003008140630089,-0.00035087829007128004,202225913.69169214,173147699.1744471,177446329.04839846
2012-11-21,-0.0006766692598144,0.0009132829614888,0.00075428773935848,202089073.63235912,173305832.0179241,177580174.63879383
2012-11-22,0.0011466580797122,0.0,0.00011466580797122,202320800.7014612,173305832.0179241,177600537.01299846
2012-11-23,0.0012467703286416,0.0077879234282407,0.007133808118280791,202573048.2726428,174655524.56734723,178867505.1657528
2012-11-26,0.0002619441342888,-0.0006027783975152,-0.0005163061443348,202626111.09440282,174550245.99013135,178775154.77381387
2012-11-27,-2.635524803581979e-05,-0.0027948827710586,-0.002518030018756322,202620770.83298635,174062398.51492947,178324993.5674856
2012-11-28,0.0001883892892275,0.00532335448568,0.00480985796603475,202658942.41598633,174988994.3648522,179182711.45833927
2012-11-29,-0.0002987737225865,0.0025725864944656,0.00228545047276039,202598393.24934527,175439168.68843532,179592224.67095223
2012-11-30,-0.000195889153109,0.0002761991895921,0.00022899035532199003,202558706.4216704,175487624.84464976,179633349.55829272
2012-12-03,-0.0001701236483181,-0.0030740700046992,-0.00278367536906109,202524246.39553538,174948163.60091895,179133308.62766534
2012-12-04,0.0013634485900302,-0.0006326857790268,-0.00043307234212109995,202800377.7937303,174837476.3857418,179055730.94614607
2012-12-05,-0.0007200623608477,0.0013648511034083,0.0011563597569827,202654348.87491533,175076103.508304,179262783.78766933
2012-12-06,0.0013008204270434,0.002338076284311,0.00223435069858424,202917965.791561,175485444.79386637,179663319.71385548
2012-12-07,-0.0002945679700968,0.0010588137489738,0.0009234755770667399,202858192.65828162,175671251.19555888,179829234.40170598
2012-12-10,0.0002135150456076,0.0004525884661745,0.00042868112411781003,202901505.93453893,175750757.97768843,179906323.80005854
2012-12-11,0.0004562725005886,0.003425875473659,0.00312891517635196,202994084.31202486,176352858.18892118,180469235.42691827
2012-12-12,0.0007088016626234,-0.0003583574779629,-0.00025164156390427,203137966.85648793,176289660.82342905,180423821.86627883
2012-12-13,0.0001508409821553,-0.0040517480882433,-0.0036314891812034397,203168608.3869216,175575379.52721068,179768614.70914006
2012-12-14,-7.426912429953081e-05,-0.0020931422493625,-0.001891254936856203,203153519.23229158,175207875.2823744,179428626.4290796
2012-12-17,-2.491898999373854e-05,0.0062197746324914,0.005595305270242887,203148456.85177866,176297628.78046843,180432584.36817068
2012-12-18,-5.391889015127216e-05,0.0056801673032664,0.0051067586839246325,203137503.31244928,177299028.80711067,181354010.0352558
2012-12-19,-0.0010240975082468,-0.004005760778981,-0.00370759445190758,202929470.7014755,176588811.31136373,180681622.91381788
2012-12-20,-0.0004680728032157,0.0033987378870421,0.00301205681801632,202834484.93526918,177188990.3947954,181225846.2280057
2012-12-21,-0.0010198098323588,-0.0047716921700316,-0.00439650393626432,202627632.33319077,176343499.07671273,180429086.08171144
2012-12-24,-0.0012520102052774,-0.0016756561394686,-0.0016332915460494802,202373940.46963838,176048008.00982946,180134392.78075275
2012-12-25,0.0,0.0,0.0,202373940.46963838,176048008.00982946,180134392.78075275
2012-12-26,-0.0004337456992008,-0.002665814370381,-0.00244260750326298,202286161.64332935,175578696.7001999,179694395.16135076
2012-12-27,0.0001528092741251,0.0002580195278194,0.00024749850244997,202317072.84485564,175623999.43261763,179738869.25505182
2012-12-28,0.0005443316582724,-0.0064874719082199,-0.00578429155157067,202427200.43261412,174484643.66988933,178699207.23213094
2012-12-31,4.288018779396996e-05,0.0096366886032158,0.008677307761673615,202435880.54898325,176166097.8469791,180249835.25005123
2013-01-01,0.0,0.0,0.0,202435880.54898325,176166097.8469791,180249835.25005123
2013-01-02,0.0027874428657477,0.0138614665241577,0.012754064158316699,203000158.99999088,178608018.31497648,182548753.21335638
2013-01-03,0.0006523538937526,-0.0022555542343763,-0.0019647634215634096,203132586.94414693,178205158.24297258,182190088.10039076
2013-01-04,-0.0016236693879662,0.0027084587010126,0.00227524589211472,202802766.78102735,178687819.5543811,182604615.3499252
2013-01-07,0.00066018628745,-0.0016248055883399,-0.00139630640076091,202936654.38671315,178397486.58660087,182349643.3567036
2013-01-08,0.0001060767101858,-0.001191544573401,-0.0010617824450423199,202958181.2393866,178184918.02955025,182156027.70652774
2013-01-09,0.0005724777660718,0.0020492268819816,0.0019015519703906203,203074370.28558853,178550059.3535401,182502406.85993162
2013-01-10,0.0021617389380921,0.0039647058428041,0.0037844091523328996,203513364.0591634,179257957.8170921,183193070.6387751
2013-01-11,-0.0006691031616433,0.0003783010961703,0.00027356067038894,203377192.62383476,179325771.29903153,183243185.0579897
2013-01-14,0.0009205547935761,-0.0002908610832953,-0.00016971949560816007,203564412.47340867,179273612.41092873,183212085.117048
2013-01-15,-0.0007838939138983,0.0011489040193247,0.0009556242260023998,203404839.56938446,179479580.58478647,183387167.02408227
2013-01-16,-0.0001858032839824,0.0002270700325226,0.0001857827008721,203367046.28221452,179520335.018987,183421237.1872773
2013-01-17,-0.0007525813425207,0.002496103755279,0.00217123524549903,203213996.037499,179968436.40137684,183819487.84223133
2013-01-18,-0.0007199321830455,0.0025811929095247,0.00225108040026768,203067695.74170634,180432969.65335435,184233280.28850022
2013-01-21,0.0002516655773885,0.0,2.516655773885e-05,203118800.89060414,180432969.65335435,184237916.80598605
2013-01-22,0.0006247477774332,0.0030080989534909,0.00276976383588513,203245698.91001543,180975729.88054386,184748212.3251541
2013-01-23,0.000898187378589,0.0008900013830134,0.0008908199825709601,203428251.63152888,181136798.53042936,184912789.72443762
2013-01-24,-0.0004340212427584,-0.0001111890345672,-0.00014347225538632,203339959.44894361,181116658.10467616,184886259.8694461
2013-01-25,-0.0006602929595237,0.0014919921949251,0.0012767636794802201,203205695.50532964,181386882.74493924,185122315.93088233
2013-01-28,0.0020944503080827,-0.0014496703958007,-0.0010952583254123602,203631299.7368849,181123931.55083734,184919559.17313942
2013-01-29,0.003293599341988,0.002971555876139,0.0030037602227239,204301979.6517065,181662151.4339466,185475013.18938735
2013-01-30,-0.001034318410135,-0.0024037177542091,-0.0022667778198016903,204090666.3529257,181225486.895277,185054582.54336223
2013-01-31,0.0007920381980164,-0.0011108068265309,-0.0009205223240761699,204252313.95653585,181024180.38729236,184884235.66895846
2013-02-01,0.0005055306917193,0.0056096206069004,0.0050992116153822905,204355569.77009553,182039657.35994014,185826999.5109827
2013-02-04,-0.0005687751742029,-0.0061960535131112,-0.005633325679220371,204239337.3953002,180911729.9014295,184780175.502745
2013-02-05,-0.0003133609875016,0.0056403512528886,0.00504498002884958,204175336.75484735,181932135.6038413,185712387.79788372
2013-02-06,-0.0026538679554433,0.001154895213619,0.0007740188967127701,203633482.3713418,182142248.15645364,185856132.6953929
2013-02-07,0.0003287925455249,-0.0005637689876377,-0.00047451283432143997,203700435.54236478,182039562.00560442,185767941.57509157
2013-02-08,-7.618410573811962e-06,0.0032662046286425,0.002938822324720869,203698883.66881278,182634140.46562317,186313880.5490099
2013-02-11,-0.002472447944735,-0.0001822660299982,-0.00041128422147188,203195248.78254098,182600852.4658984,186237252.5896989
2013-02-12,-0.0004492530833884,0.0003298710388272,0.00025195862660564003,203103962.69049558,182661087.198792,186284176.6720842
2013-02-13,0.0010906720875554,5.2975953697975654e-05,0.00015674556708371808,203325482.513474,182670763.8440899,186313375.89099538
2013-02-14,-0.0005949365625451,0.0013041059043775,0.00111420165768524,203204516.74982962,182908985.86577612,186520966.56326208
2013-02-15,-0.0007112565049191,-0.0007549476966205,-0.00075057857745036,203059986.2154624,182770899.14820555,186380967.92151436
2013-02-18,-0.0006333599379435,0.0,-6.333599379435e-05,202931376.15519416,182770899.14820555,186369163.2976867
2013-02-19,0.0011961189412329,0.0041768175504314,0.0038787476895115504,203174106.21798384,183534299.8474759,187092042.2592238
2013-02-20,-0.0017848109561814,-0.007285711943689,-0.00673562184493824,202811478.84719363,182197121.80700055,185831861.01236844
2013-02-21,-0.0050008780779541,-0.0029326968259314,-0.00313951495113367,201797243.3686692,181662792.8861833,185248439.10632312
2013-02-22,0.0003885599500055,0.0055043616617714,0.0049927814905948095,201875653.69546378,182662730.59871632,186173344.08425474
2013-02-25,0.0011736342679579,-0.0098057427122369,-0.008707805014217421,202112581.88050717,180871586.85935068,184552182.90512425
2013-02-26,-0.0021616366657611,0.0040540428995531,0.0034324749430216803,201675687.91290265,181604848.0317887,185185653.64862606
2013-02-27,0.0003429094613592,0.0074746253171267,0.0067614537315499506,201744844.41441408,182962276.22660005,186437777.87751806
2013-02-28,1.248637647138784e-05,-0.0002642901346837,-0.00023661248356819122,201747363.4764926,182913921.1019741,186393664.3718635
2013-03-01,-0.0003750185056694,0.0018575514376194,0.00163429444329052,201671704.48171893,183253693.11907765,186698286.50181103
2013-03-04,0.0001380706373846,0.0024780566958066,0.0022440580899644002,201699549.42249918,183707806.1603427,187117248.30201787
2013-03-05,0.0016258793332109,0.005474500152439,0.005089638070516191,202027488.55142313,184713514.57317173,188069607.37262604
2013-03-06,1.9660020594225447e-05,9.928181001384028e-05,9.131963107187879e-05,202031460.41600862,184731853.2652326,188086781.81978714
2013-03-07,0.0010148502778052,0.0002814107621968,0.00035475471375764,202236492.09973717,184783838.796862,188153506.49223322
2013-03-08,0.0015428395785422,0.0017836614835477,0.00175957929304715,202548510.56397417,185113430.61290607,188484577.50617117
2013-03-11,-0.0012943099812784,0.0020437471729691,0.0017099414575443498,202286350.00505814,185491755.6633998,188806875.0993567
2013-03-12,-0.0002274421908573,-0.0008547223520459,-0.00079199433592704,202240341.55443245,185333211.71371406,188657341.1236939
2013-03-13,3.4519082207529195e-05,0.0009825651840773,0.000887760573890323,202247322.70540825,185515313.6749972,188824823.67311853
2013-03-14,-0.000685723671758,0.003140925111474,0.0027582602331508,202108636.92867944,186098003.38228196,189345651.6752878
2013-03-15,-0.0010290531707234,-0.000388240856142,-0.00045232208760014004,201900656.3950174,186025752.53412253,189260006.45484403
2013-03-18,-0.0015293973285341,-0.0026196098419696,-0.00251058859062605,201591870.07049754,185538437.64192432,188784852.4419767
2013-03-19,0.0001284579263386,-0.0006294662603991,-0.0005536738417253301,201617766.1440935,185421647.45542157,188680327.2074656
2013-03-20,0.0001520136895779,0.0035530693643818,0.00321296379690141,201648414.8046095,186080463.43048862,189286550.26797068
2013-03-21,-0.0008305776495151,-0.0048300520242064,-0.0044301045867372706,201480930.13821265,185181685.11143094,188447991.05342084
2013-03-22,-0.0028778952301478,0.0045126870616523,0.00377362883247229,200901089.13040212,186017352.10588825,189159123.82588154
2013-03-25,0.0002617668864208,-0.0019443869455538,-0.0017237715623563401,200953678.38298234,185655662.3948071,188833056.70747024
2013-03-26,0.0010326069720414,0.0050834923666765,0.00467840382721299,201161184.552338,186599441.53742138,189716494.0026748
2013-03-27,-0.0007413963729556,0.0004131579889698,0.00029770255277726,201012044.37973145,186676536.58742985,189772973.08724335
2013-03-28,-0.0003200978938403,0.0021991283519454,0.0019472057273668302,200947700.84768897,187087062.25168225,190142500.10733825
2013-03-29,0.0,0.0,0.0,200947700.84768897,187087062.25168225,190142500.10733825
2013-04-01,-0.0001576109235018,-0.0022353789692898,-0.002027602164711,200916029.29498285,186668851.76729864,189756966.76251706
2013-04-02,-4.1562382869619885e-05,0.0028062354264989,0.0025214556455620475,200907678.74604866,187192688.5121519,190235430.53764513
2013-04-03,-0.0006702481762417,-0.0053703594196804,-0.00490034829533653,200773020.74077615,186187396.49410537,189303210.6698974
2013-04-04,-0.0010918718038909,0.0034819632752148,0.00302457976730423,200553802.3404473,186835694.1710057,189875773.3307753
2013-04-05,-0.0006776323301754,-0.0013670858698664,-0.0012981405158972999,200417900.6000418,186580273.73351783,189629287.8964273
2013-04-08,0.0003323463440729,0.0034013409167467,0.0030944414594793203,200484508.75659302,187214896.85282543,190216084.62682554
2013-04-09,0.002230196171973,0.0018574600948813,0.0018947337025904702,200931628.54056188,187562641.05289686,190576493.4531428
2013-04-10,0.001354433889831,0.0063832664693642,0.0058803832114108796,201203777.14779612,188759903.3704352,191697156.26573423
2013-04-11,0.000600574796278,0.0023988365062089,0.00221901033521581,201324615.06526706,189212707.51754865,192122534.23671937
2013-04-12,-0.0014015161814975,-0.0006130733350609,-0.00069191761970456,201042455.35951933,189096706.25191498,191989601.27013868
2013-04-15,-0.0025531497769078,-0.0133442627465504,-0.012265151449586141,200529163.85946915,186573350.11918214,189634819.73381478
2013-04-16,-0.0010155254229034,0.0082605981979516,0.0073329858358661005,200325521.3955363,188114557.59896246,191025409.18090987
2013-04-17,-0.0010201375792872,-0.0083289396091419,-0.007598059406156431,200121161.8030704,186547762.80912024,189573986.77386796
2013-04-18,0.0001550815771583,-0.0037536593754799,-0.00336278528021608,200152196.90846556,185847526.050277,188936490.16163293
2013-04-19,-0.0001506213099548,0.0050234563422602,0.0045060485770387,200122049.72237688,186781122.9837076,189787847.16427642
2013-04-22,-0.0013151018492859,0.0030044524155671,0.0025724969890818005,199858868.84470412,187342297.97983834,190276075.82967088
2013-04-23,0.00020917037075,0.006175254969372,0.0055786465095098,199900673.39839804,188499184.43641195,191337558.7959413
2013-04-24,8.132213190120696e-05,0.0001566299814404,0.0001490991964864807,199916929.7473273,188528709.06017175,191366087.07221547
2013-04-25,0.0013403122797254,0.0022271557132526,0.00213847136989988,200184880.86319262,188948591.85166723,191775317.9705892
2013-04-26,-0.0006112991084415,-0.0002760112104079,-0.00030954000021125996,200062508.0239975,188896439.92212537,191715955.8386241
2013-04-29,0.0014771657890246,0.0042448208415271,0.00396805533627685,200358033.516517,189698271.4671971,192476695.36023894
2013-04-30,0.0009128572019276,0.0013745666315116,0.0013283956885532,200540931.79037663,189959024.38121134,192732380.57250246
2013-05-01,-0.0022925084937633,-0.0048681130868461,-0.00461055262753782,200081190.0009,189034282.36865667,191843777.78884226
2013-05-02,-0.0009292938170244,0.0058386428623496,0.0051618491944122,199895255.78812927,190137986.0321478,192834046.4386746
2013-05-03,0.0014838571987527,0.0044095369589612,0.004116968982940349,200191871.80242702,190976406.508859,193627938.2267175
2013-05-06,-0.0017265115226492,0.0007523641915134,0.0005044766200971401,199846238.2290194,191120090.31854022,193725618.9945505
2013-05-07,-0.00162351072355,0.0029738253179172,0.00251409171377048,199521785.71819344,191688448.0818921,194212662.96800977
2013-05-08,0.0,0.0030946218371417,0.0027851596534275297,199521785.71819344,192281651.33925414,194753576.241093
2013-05-09,0.0,-0.0021545691631372,-0.0019391122468234803,199521785.71819344,191867367.2226415,194375927.1962912
2013-05-10,0.0,0.0011429176722912,0.00102862590506208,199521785.71819344,192086655.82737625,194575867.31032577
2013-05-13,0.0,-0.0001825929737116,-0.00016433367634044002,199521785.71819344,192051582.15367842,194543891.94272354
2013-05-14,0.0,0.00570135292395,0.005131217631555,199521785.71819344,193146536.00313953,195542138.9911714
2013-05-15,0.0,0.0034344300012016,0.00309098700108144,199521785.71819344,193809884.26101688,196146557.20095676
2013-05-16,0.0,-0.0017242130696061,-0.00155179176264549,199521785.71819344,193475714.72555518,195842178.58922103
2013-05-17,0.0,0.0048391453839498,0.0043552308455548205,199521785.71819344,194411971.83737573,196695116.48627344
2013-05-20,0.0,-0.0005057503335074,-0.00045517530015666,199521785.71819344,194313647.91778114,196605585.72758743
2013-05-21,0.0,0.0013951002586558,0.00125559023279022,199521785.71819344,194584734.93825158,196852441.780739
2013-05-22,0.0,-0.0060918876222932,-0.005482698860063881,199521785.71819344,193399346.59999406,195773159.12258694
2013-05-23,0.0,-0.0015687540561355,-0.00141187865052195,199521785.71819344,193095950.59056136,195496751.17887652
2013-05-24,0.0,-0.0001195918821908,-0.00010763269397172,199521785.71819344,193072857.8823868,195475709.33688444
2013-05-27,0.0,0.0,0.0,199521785.71819344,193072857.8823868,195475709.33688444
2013-05-28,0.0,0.0018328980247771,0.00164960822229939,199521785.71819344,193426740.74223748,195798167.67426637
2013-05-29,0.0,-0.004010977592798,-0.0036098798335181996,199521785.71819344,192650910.41927242,195091359.8173392
2013-05-30,0.0,0.0022231501625435,0.00200083514628915,199521785.71819344,193079202.3220852,195481705.4667991
2013-05-31,0.0,-0.0091003100952004,-0.00819027908568036,199521785.71819344,191322121.70802027,193880655.74288124
2013-06-03,0.0,0.0041109015732208,0.00369981141589872,199521785.71819344,192108628.1191417,194597977.6063207
2013-06-04,0.0,-0.0035945256583026,-0.00323507309247234,199521785.71819344,191418088.72618613,193968438.925117
2013-06-05,0.0,-0.0075203527763057,-0.00676831749867513,199521785.71819344,189978557.17119902,192655598.94574943
2013-06-06,0.0,0.0056015506765599,0.0050413956089039105,199521785.71819344,191042731.68665323,193626852.03630528
2013-06-07,0.0,0.006142287494659,0.0055280587451931006,199521785.71819344,192216171.06843767,194697232.64900878
2013-06-10,0.0,-0.0009291447681655,-0.00083623029134895,199521785.71819344,192037574.4187326,194534420.92542586
2013-06-11,0.0,-0.0057458291734531,-0.00517124625610779,199521785.71819344,190934159.3212383,193528435.52953115
2013-06-12,0.0,-0.005496045669541,-0.0049464411025869,199521785.71819344,189884776.46173337,192571158.52150854
2013-06-13,0.0,0.0098667250532043,0.00888005254788387,199521785.71819344,191758317.34287044,194281200.5283864
2013-06-14,0.0,-0.0024491456928225,-0.00220423112354025,199521785.71819344,191288673.28588727,193852959.85946295
2013-06-17,0.0,0.0039167846248535,0.0035251061623681502,199521785.71819344,192037909.82032207,194536312.12285686
2013-06-18,0.0,0.0046986463164156,0.0042287816847740405,199521785.71819344,192940228.03791147,195358963.71658552
2013-06-19,0.0,-0.0105829830771295,-0.00952468476941655,199521785.71819344,190898344.86968878,193498231.17030516
2013-06-20,0.0,-0.0165800649582834,-0.014922058462455059,199521785.71819344,187733237.91132054,190610839.25240022
2013-06-21,0.0,0.0001326898863585,0.00011942089772265002,199521785.71819344,187758148.21332473,190633602.1699394
2013-06-24,0.0,-0.0076264730421141,-0.006863825737902691,199521785.71819344,186326215.75753856,189325126.34485626
2013-06-25,0.0,0.0050448077333258,0.00454032695999322,199521785.71819344,187266195.6917135,190184724.32020396
2013-06-26,0.0,0.0067311867229008,0.00605806805061072,199521785.71819344,188526719.42180172,191336876.32232243
2013-06-27,0.0,0.0047495253333345,0.00427457280000105,199521785.71819344,189422131.85170603,192154759.729487
2013-06-28,0.0,-0.0023079848770646,-0.0020771863893581403,199521785.71819344,188984948.43601096,191755618.4779265
2013-07-01,0.0,0.0033862715246642,0.00304764437219778,199521785.71819344,189624902.78548995,192340021.40941808
2013-07-02,0.0,0.0001120464890569,0.00010084184015121,199521785.71819344,189646149.59008482,192359417.33111173
2013-07-03,0.0,-8.309427194381764e-05,-7.478484474943588e-05,199521785.71819344,189630391.08135766,192345031.76195052
2013-07-04,0.0,0.0,0.0,199521785.71819344,189630391.08135766,192345031.76195052
2013-07-05,0.0,0.002868370160657,0.0025815331445913003,199521785.71819344,190174321.23668915,192841576.83664146
2013-07-08,0.0,0.0045959254895283,0.0041363329405754694,199521785.71819344,191048348.2471146,193639233.8032234
2013-07-09,0.0,0.0044552621323183,0.0040097359190864705,199521785.71819344,191899518.71850193,194415675.99434856
2013-07-10,0.0,-0.000426104979265,-0.0003834944813385,199521785.71819344,191817749.37805742,194341118.65551904
2013-07-11,0.0,0.0099310080657911,0.00893790725921199,199521785.71819344,193722692.9942928,196078121.55071357
2013-07-12,0.0,0.0013256940637712,0.00119312465739408,199521785.71819344,193979510.0184131,196312067.19231126
2013-07-15,0.0,0.0016467132913459,0.0014820419622113101,199521785.71819344,194298938.65580916,196603009.91357872
2013-07-16,0.0,-0.0018103621523709,-0.00162932593713381,199521785.71819344,193947187.21102086,196282679.53020793
2013-07-17,0.0,0.0024063861432463,0.0021657475289216703,199521785.71819344,194413899.03484708,196707778.25837058
2013-07-18,0.0,0.0023827784151539,0.00214450057363851,199521785.71819344,194877144.27707323,197129618.2016848
2013-07-19,0.0,0.001805466830857,0.0016249201477713002,199521785.71819344,195228988.4971576,197449938.0900232
2013-07-22,0.0,0.0013737796737071,0.00123640170633639,199521785.71819344,195497190.11327338,197694065.53039372
2013-07-23,0.0,-0.0015460818146083,-0.00139147363314747,199521785.71819344,195194935.46283224,197418979.45077845
2013-07-24,0.0,-0.0033726074186463,-0.00303534667678167,199521785.71819344,194536619.5754081,196819744.4075689
2013-07-25,0.0,0.0013500657675738,0.00121505919081642,199521785.71819344,194799256.8060364,197058892.04694545
2013-07-26,0.0,0.0014300728554935,0.00128706556994415,199521785.71819344,195077833.935465,197312519.76215044
2013-07-29,0.0,-0.002605836508992,-0.0023452528580928,199521785.71819344,194569492.99370086,196849772.01124075
2013-07-30,0.0,4.4339667190618166e-05,3.9905700471556354e-05,199521785.71819344,194578120.14026564,196857627.4392805
2013-07-31,0.0,0.0002538457373045,0.00022846116357405,199521785.71819344,194627512.96663597,196902601.76190376
2013-08-01,0.0,0.0055222708592435,0.00497004377331915,199521785.71819344,195702298.80989867,197881216.31174082
2013-08-02,0.0,0.0029485925690565,0.00265373331215085,199521785.71819344,196279345.1539168,198406340.2873162
2013-08-05,0.0,-0.0013604743353313,-0.00122442690179817,199521785.71819344,196012312.14227927,198163406.2267811
2013-08-06,0.0,-0.0034287012230501,-0.00308583110074509,199521785.71819344,195340244.48790416,197551907.4248169
2013-08-07,0.0,-0.0014390978566626,-0.0012951880709963402,199521785.71819344,195059130.76074165,197296040.5509177
2013-08-08,0.0,0.0027380115267232,0.00246421037405088,199521785.71819344,195593204.9091572,197782219.50080246
2013-08-09,0.0,-0.0020133083952644,-0.00181197755573796,199521785.71819344,195199415.4676569,197423842.558143
2013-08-12,0.0,-0.0009828851052603,-0.00088459659473427,199521785.71819344,195007556.86963823,197249202.0992967
2013-08-13,0.0,5.304640334924393e-05,4.774176301431954e-05,199521785.71819344,195017901.31915608,197258619.12395805
2013-08-14,0.0,-0.0028662280114438,-0.0025796052102994202,199521785.71819344,194458935.54766214,196749769.7622894
2013-08-15,0.0,-0.0091938462303471,-0.00827446160731239,199521785.71819344,192671109.99611995,195121771.3461438
2013-08-16,0.0,-0.0030222703207774,-0.00272004328869966,199521785.71819344,192088805.8187074,194591031.68151456
2013-08-19,-0.0019196263175864,-0.0042447399466393,-0.0040122285837340095,199138778.447397,191273438.79134652,193810287.9820637
2013-08-20,0.0009571742313323,0.0033710252010592,0.0031296401040865097,199329388.95458582,191918226.3738054,194416844.43191692
2013-08-21,-0.0008331935561503,-0.0041997841698414,-0.0038631251084722904,199163308.9921575,191112211.24477667,193665787.83868206
2013-08-22,0.0017341548007551,0.0043955424561254,0.004129403690588371,199508689.0005805,191952253.0831871,194465512.0577238
2013-08-23,0.0039222026828665,0.0036338180511735,0.0036626565143428004,200291202.51583374,192649772.64540422,195177772.432277
2013-08-26,0.00123772116217,-0.0019967986131022,-0.0016733466355749798,200539107.17578405,192265089.84657142,194851172.36343846
2013-08-27,0.0018687929377425,-0.0081685527138619,-0.00716481814870146,200913873.24301535,190694562.32512432,193455099.1473931
2013-08-28,0.0004169169346005,0.0008216248061189,0.00078115401896706,200997637.63916653,190851241.7079226,193606217.37558177
2013-08-29,-0.0017142736206446,0.0018695192729331,0.00151113998357533,200653072.69114983,191208041.78255877,193898783.4717268
2013-08-30,-0.0044651317516327,-0.0017072052313455,-0.00198299788337422,199757130.28521392,190881610.41335225,193514282.59451354
2013-09-02,-0.0009854723458541,0.0,-9.854723458541e-05,199560275.15743068,190881610.41335225,193495212.29711106
2013-09-03,0.0063889271003799,0.0010136664217757,0.0015511924896361201,200835251.20754322,191075100.69236273,193795360.61720687
2013-09-04,-0.0062735539063667,0.0041381566898741,0.00309698563025002,199575300.43279397,191865799.3985612,194395542.0642475
2013-09-05,-0.0053219595125916,-0.0008248208006013,-0.00127453467180033,198513168.76417735,191707544.49629328,194147778.2058432
2013-09-06,0.006365435617983,0.0009000856634245,0.00144662065888035,199776791.55926752,191880097.7086647,194428636.39267153
2013-09-09,-0.001689061382766,0.0069721268748071,0.006106008049049791,199439356.29547185,193217910.0946399,195615819.21145093
2013-09-10,-0.0061676598151744,0.0034431917134678,0.0024821065606035796,198209282.192084,193883196.40157133,196101358.51967353
2013-09-11,0.0005202510650266,0.0026898316358179,0.0024728735787387696,198312400.7822426,194404709.55690578,196586292.3879116
2013-09-12,-0.0070579329710667,-0.0016689345157757,-0.0022078343613048,196912725.1501902,194080260.8270969,196152262.41661605
2013-09-13,-0.0002862023980629,0.0016911811145704,0.0014934427633070699,196856368.25604314,194408485.69891858,196445204.59342846
2013-09-16,-0.0033452570693989,0.0039813719521556,0.00324870905000015,196197833.0984784,195182498.19114128,197083397.90742028
2013-09-17,-0.0021102933324257,0.003032968398708,0.00251864222559463,195783798.1194543,195774480.54013592,197579780.4753536
2013-09-18,0.0119060647230463,0.0097948596194758,0.01000598012983285,198114812.69158834,197692064.09410235,199556759.83284673
2013-09-19,0.005616429719524,-0.0017700571485971,-0.00103140846178499,199227510.61346734,197342137.84283167,199350935.30214873
2013-09-20,-0.012693919892443,-0.0040007137373888,-0.00487003435289422,196698532.55336916,196552628.4409982,198380089.39894566
2013-09-23,-0.0004069439677556,-0.002479728494073,-0.00227245004144126,196618487.27208018,196065231.2876681,197929280.5565699
2013-09-24,-0.0026407316568022,-0.0004763511009018,-0.00069278915649184,196099270.6084282,195971835.39889565,197792157.2972481
2013-09-25,-0.000654169561017,-0.0010985027350654,-0.00105406941766056,195970988.43465856,195756559.80171418,197583670.63318795
2013-09-26,-0.0012545733143423,0.0017174690911379,0.00142026485058988,195725128.46218312,196092765.6425611,197864291.7756388
2013-09-27,-0.0007686470845172,-0.0020255572059276,-0.00189986619378656,195574684.91282392,195695568.52808353,197488376.09673676
2013-09-30,0.0010519015479052,-0.0035071136348163,-0.00305121211654415,195780410.22661477,195009241.93142557,196885797.17071378
2013-10-01,-0.0066888866920908,0.0043197155489142,0.0032188553248137,194470857.24607792,195851626.38597876,197519544.06731692
2013-10-02,0.0074318619128526,0.0001577869281993,0.00088519442666463,195916137.80320483,195882529.212489,197694387.26688263
2013-10-03,-0.0002374547167134,-0.005133664040025,-0.00464404310769384,195869616.59220317,194876934.1162017,196776286.01026613
2013-10-04,0.0023301883959832,0.0036155951093511,0.00348705443801431,196326029.699912,195581530.20611757,197462455.63169417
2013-10-07,-0.0008536075442777,-0.0048496266885428,-0.0044500247741162905,196158444.31982207,194633032.79744393,196583742.8121753
2013-10-08,0.0016704124354873,-0.0074224458050681,-0.0065131599810125595,196486109.82453978,193188379.65962884,195303361.4455734
2013-10-09,-0.0009771150298431,0.000271396582744,0.00014654542148529002,196294120.29347482,193240810.32569435,195331982.25899392
2013-10-10,0.0033367192692596,0.0128963628499748,0.011940398491903282,196949098.6671004,195732913.93307766,197664323.9653797
2013-10-11,0.0006606188997639,0.003985785900401,0.00365326920033729,197079206.96397138,196513063.42167655,198386444.9521279
2013-10-14,-4.088589165063272e-06,0.0024481904893422,0.0022029625814914736,197078401.18806112,196994164.83457702,198823482.86703256
2013-10-15,0.0017545590905785,-0.0046934111412315,-0.0040486141180505,197424186.8884223,196069590.22658482,198018523.3072971
2013-10-16,0.002273986340207,0.0092165289249843,0.008522274666506572,197873126.79263306,197876671.27621797,199706091.55197793
2013-10-17,0.0032594136187258,0.0053784801182366,0.00516657346828552,198518077.15688083,198940947.01853994,200737887.74604538
2013-10-18,0.0005332320247011,0.0038479138164769,0.0035164456372993205,198623933.35310298,199706454.63723558,201443771.61565065
2013-10-21,-0.0009358066023767,-0.0002302912082309,-0.00030084274764548004,198438059.7648811,199660463.99650565,201383168.71790174
2013-10-22,0.001534893182588,0.0048145375079827,0.00448657307544323,198742640.98998022,200621736.78927806,202286689.02051893
2013-10-23,-0.0033873815325196,-0.0024834208375968,-0.00257381690708908,198069423.8381666,200123508.5876607,201766040.12023884
2013-10-24,-0.0028017614662877,0.0014686869675136,0.0010416421241334697,197514480.55880702,200417427.37661648,201976208.12684768
2013-10-25,0.001863218445421,0.002984584891932,0.0028724482472809,197882493.18222192,201015590.20244464,202556374.33187407
2013-10-28,-0.0005115264911,0.0007447236164287,0.00061909860567583,197781271.04483432,201165291.2597387,202681776.7007937
2013-10-29,-0.0013748829892158,0.0034191834156072,0.0029397767751249,197509344.93968928,201853112.28740984,203277615.88067976
2013-10-30,-0.0009155131784907,-0.0031332337497411,-0.00291146169261606,197328522.53152195,201220659.30350065,202685780.88907683
2013-10-31,-0.0044560472181116,-0.0022946377646608,-0.00251077871000588,196449217.3176413,200758930.77963287,202176881.7455996
2013-11-01,-0.0047468307650641,0.0006752903979184,0.00013307828162015,195516706.12910515,200894501.3578847,202203787.09760562
2013-11-04,0.0039426565351978,0.0024741714597539,0.00262101996729829,196287561.3482654,201391548.79956585,202733767.26105177
2013-11-05,-0.005016747564755,-0.0024524481767514,-0.00270887811555176,195302836.20287982,200897646.46289924,202184586.19563493
2013-11-06,0.0009006466195079,0.0032708233119464,0.00303380564270255,195478735.0420862,201554747.16826528,202797974.9341027
2013-11-07,-0.003036852363097,-0.0072214875911606,-0.00680302406835424,194885094.98363844,200099222.0626501,201418335.42961255
2013-11-08,-0.0061136428517601,0.0061072957669511,0.00488520190507998,193693637.11577713,201321287.19452354,202402304.66557133
2013-11-11,0.0007028657191496,0.0004358660943554,0.00046256605683482003,193829777.73332325,201409036.3176836,202495929.10153478
2013-11-12,-0.0013527046995892,-0.0017388074149414,-0.00170019714340618,193567583.28206304,201058824.7918982,202151646.10132495
2013-11-13,-1.1479344368681144e-05,0.0057788664319776,0.0051998318543429725,193565361.25311595,202220716.885341,203202800.6701305
2013-11-14,0.0006685074253588,0.0038524541544288,0.0035340594815218,193694761.13440588,202999762.92621747,203920931.45451057
2013-11-15,0.0010624063452296,0.0024291334735668,0.00229246076073308,193900543.67767283,203492876.44546768,204388412.18816215
2013-11-18,0.0066380218445311,-0.0015910487197113,-0.0007681416632870599,195187659.72227165,203169109.36492872,204231412.93326733
2013-11-19,0.0023534621520243,-0.0017230960095768,-0.00131544019341669,195647026.4919702,202819029.48331276,203962758.72393665
2013-11-20,-0.0005142844346637,-0.0030160412932854,-0.00276586560742323,195546408.27155715,202207318.915327,203398625.14438695
2013-11-21,-0.0038630443119831,0.0051019333967721,0.00420543562589658,194791003.831355,203238967.1887729,204254004.96882752
2013-11-22,-0.0024159231297186,0.0034652792285574,0.0028771589927298,194320403.73973772,203943246.9602056,204841676.21602464
2013-11-25,-0.0001749596860454,-0.0005629354712307,-0.0005241378927121701,194286405.5029072,203828440.07237378,204734310.93151313
2013-11-26,-0.0007314720357848,0.0009089989953096,0.00074495189220016,194144290.43034866,204013719.9196151,204886828.1438399
2013-11-27,0.0,0.0011787769124193,0.00106089922117737,194144290.43034866,204254206.5824731,205104192.4202472
2013-11-28,0.0,0.0,0.0,194144290.43034866,204254206.5824731,205104192.4202472
2013-11-29,0.0,-0.0004644750986578,-0.00041802758879202,194144290.43034866,204159335.58971947,205018453.20923865
2013-12-02,0.0,-0.0024695125437241,-0.0022225612893516902,194144290.43034866,203655161.54956228,204562787.13153303
2013-12-03,0.0,-0.0014337777620088,-0.0012903999858079201,194144290.43034866,203363165.3078142,204298819.31392163
2013-12-04,0.0,-0.0016487590571958,-0.00148388315147622,194144290.43034866,203027868.44711295,203995663.73807523
2013-12-05,0.0,-0.0029225602404042,-0.0026303042163637797,194144290.43034866,202434507.2710954,203459093.08362505
2013-12-06,0.0,0.0065361371546551,0.005882523439189591,194144290.43034866,203757646.9754543,204655945.9676057
2013-12-09,0.0,0.0014504943032075,0.00130544487288675,194144290.43034866,204053196.28162712,204923113.02297485
2013-12-10,0.0,-0.0009482494743603,-0.00085342452692427,194144290.43034866,203859702.94551155,204748226.6121874
2013-12-11,0.0,-0.0074548635207131,-0.0067093771686417905,194144290.43034866,202339956.68267965,203374493.5352357
2013-12-12,0.0,-0.0026690780521926,-0.00240217024697334,194144290.43034866,201799895.54521632,202885953.3778721
2013-12-13,0.0,0.0001394844680267,0.00012553602122403,194144290.43034866,201828043.4962943,202911422.8732214
2013-12-16,0.0,0.0036962804235253,0.0033266523811727703,194144290.43034866,202574056.54238805,203586438.64128974
2013-12-17,0.0,-0.0012857107187307,-0.00115713964685763,194144290.43034866,202313604.90655473,203350860.70157534
2013-12-18,0.0,0.0095229095228489,0.00857061857056401,194144290.43034866,204240219.06132123,205093703.36464447
2013-12-19,0.0,-0.0009842155981714,-0.0008857940383542601,194144290.43034866,204039202.65194714,204912032.58490005
2013-12-20,0.0,0.0033237735038531,0.00299139615346779,194144290.43034866,204717382.747469,205525005.65097377
2013-12-23,0.0,0.0028510885673594,0.0025659797106234597,194144290.43034866,205301050.13696006,206052378.64549997
2013-12-24,0.0,0.0009117036400851,0.00082053327607659,194144290.43034866,205488223.85168323,206221451.47879335
2013-12-25,0.0,0.0,0.0,194144290.43034866,205488223.85168323,206221451.47879335
2013-12-26,-3.922036195702638e-06,0.0026997320588058,0.0024293666493056497,194143528.9894144,206042986.99732268,206722438.99538732
2013-12-27,0.0002506220446993,-0.0002344409339499,-0.00018593463608497998,194192185.63761488,205994682.08701724,206684002.1339221
2013-12-30,-0.0009280185188377,0.0005683673050353,0.0004187287226480001,194011971.6931296,206111762.72932667,206770546.6621274
2013-12-31,-0.0027242287644263,0.0019391108389766,0.0014727768786363098,193483438.6992001,206511436.28247568,207075073.5424344
2014-01-01,0.0,0.0,0.0,193483438.6992001,206511436.28247568,207075073.5424344
2014-01-02,-0.0006940275066301,-0.0048094841170974,-0.004397938456050669,193349155.8706655,205518222.80967614,206164370.11321262
2014-01-03,-0.0009868232186943,-0.0004212030194974,-0.00047776503941709004,193158354.4343374,205431657.91366693,206065871.98479906
2014-01-06,0.0002954188462813,-0.0009059943594573,-0.0007858530388834401,193215417.052554,205245537.99034318,205903934.49308965
2014-01-07,-0.0003712366558714,0.0039859233634205,0.00355020736149131,193143688.40726465,206063630.9754567,206634936.15708703
2014-01-08,-0.0023800886206617,-0.0009842940068159,-0.00112387346820048,192683989.31233385,205860803.77846482,206402704.63473675
2014-01-09,-0.002736284216186,0.0006159212175651,0.00028070067418999,192156751.15366676,205987597.815377,206460642.01308239
2014-01-10,0.0026743935098441,0.0032384626747252,0.00318205575823709,192670653.92182487,206654680.9623584,207117611.28784946
2014-01-13,0.0017808410859672,-0.0068163143919906,-0.0059565988441948195,193013769.73838905,205246057.68634245,205883894.76383987
2014-01-14,0.0005696050550892,0.0056969131865952,0.005184182373444601,193123711.35733384,206415326.65887246,206951234.42205068
2014-01-15,0.0002167471422229,0.0027908502233323,0.00253343991522136,193165570.36986604,206991400.91937757,207475532.9398398
2014-01-16,0.0004747494155698,-0.0002109281088273,-0.00014236035638759,193257275.61150736,206947740.61463815,207445996.64902878
2014-01-17,3.495939117120761e-05,-0.0020754765674501,-0.0018644329715879694,193264031.76820216,206518225.42830575,207059227.49305242
2014-01-20,0.0,0.0,0.0,193264031.76820216,206518225.42830575,207059227.49305242
2014-01-21,-0.000422849618936,0.0017986297284994,0.00157648179375586,193182310.14601493,206889675.24803802,207385652.59542435
2014-01-22,0.0016464454065994,-0.000257618435228,-6.721205104525998e-05,193500374.2731911,206836376.6536358,207371713.78035605
2014-01-23,0.0003967436805251,-0.0037051132984774,-0.00329492760057715,193577144.32386318,206070024.44388756,206688438.99704218
2014-01-24,0.0020401116107752,-0.0119933256269817,-0.01058998190320601,193972063.303579,203598559.53877193,204499612.1684616
2014-01-27,-0.0029283118703322,-0.0033323698130862,-0.0032919640188108,193404052.6080943,202920093.8449771,203826406.80334228
2014-01-28,0.0017326766198803,0.0040550812370582,0.0038228407753404096,193739159.2882384,203742951.31014994,204605602.70236123
2014-01-29,0.0023857883684459,-0.0050104678264616,-0.004270842206970851,194201379.92098078,202722103.80774212,203731764.45855728
2014-01-30,-0.0071146134645013,0.0065004569394794,0.00513894989908133,192819712.16857025,204039890.114225,204778731.78896123
2014-01-31,-0.0002612012658673,-0.0034758812022693,-0.0031544132086291,192769347.41566768,203330671.69566387,204132775.05255985
2014-02-03,0.0031892726628374,-0.0122380412517935,-0.010695309860330411,193384141.42561343,200842302.54769742,201949511.7707236
2014-02-04,0.0032356697270296,0.0039572240437247,0.0038850686120551897,194009868.6377119,201637080.5363362,202734099.48012394
2014-02-05,0.0001320556461973,-0.0017495246788611,-0.0015613666463552601,194035488.7362835,201284311.48776436,202417557.21911678
2014-02-06,7.106833481335117e-05,0.0072949463265138,0.006572558527343755,194049278.51536268,202752669.73643687,203747958.46090138
2014-02-07,0.0025809835764364,0.0085445832861842,0.00794822331520942,194550116.51623017,204485106.80949607,205367392.73476666
2014-02-10,0.0003710444503966,0.0009331866495803,0.0008769724296619301,194622303.2572875,204675929.5812087,205547494.2761466
2014-02-11,0.0050874169476869,0.0060472498864617,0.00595126659258422,195612428.0612765,205913656.0731301,206770762.21202162
2014-02-12,0.0008912550370463,-0.000588291720694,-0.00044033704491997004,195786768.62309498,205792518.77408448,206679713.3856133
2014-02-13,0.0037432693874082,0.0045306326096593,0.0044518962874341905,196519651.24054137,206724889.07046628,207599830.0343227
2014-02-14,0.00411652861683,0.0027151796811561,0.00285531457472349,197328630.00864252,207286184.28885967,208192592.85472983
2014-02-17,0.0024342893543445,0.0,0.00024342893543445002,197808984.99197996,207286184.28885967,208243272.95597377
2014-02-18,0.0023889962000867,0.0014740069821591,0.00156550590395186,198281549.9054688,207591725.57180658,208569279.0292446
2014-02-19,-0.0003225653352867,-0.0043897440146809,-0.00398302614674148,198217591.15084237,206680451.03698045,207738542.1374641
2014-02-20,0.0014995290449819,0.0033364589176399,0.0031527659303741,198514824.18599942,207370031.87094462,208393493.13554066
2014-02-21,0.0008689707836448,-0.0007266845281922,-0.0005671189970085,198687327.76833746,207219339.27717325,208275309.22673056
2014-02-24,0.0027835913758338,0.0034787451723107,0.0034092297926630105,199240392.10040087,207940202.55329308,208985367.61602244
2014-02-25,0.000793390254112,2.4917199598806293e-05,0.00010176450505012567,199398467.4857188,207945383.84082472,209006634.90852058
2014-02-26,-0.0045232393694263,0.0006368628763206,0.00012085265174591002,198496540.4873841,208077816.5360952,209031893.91458178
2014-02-27,-0.0003311404715931,0.0036024346950882,0.00320907717842007,198430810.24935752,208827403.28166306,209702693.394905
2014-02-28,0.0001418004927748,0.0014341100442269,0.00130487908908169,198458947.8360326,209126884.75821915,209976330.05444017
2014-03-03,0.0067152643561101,-0.0035559465656293,-0.00252882547345536,199791652.13458702,208383240.7305824,209445336.56217584
2014-03-04,-0.001412370471822,0.007825255849962,0.0069014932177836,199509472.30459562,210013892.90414342,210890822.1319561
2014-03-05,0.0008090763356108,1.5079309065013647e-05,9.44790117195923e-05,199670890.69736746,210017059.76854247,210910746.88841185
2014-03-06,0.0109488019210144,0.0004433580963874,0.0014939024788500998,201857047.72900546,210110172.53237033,211225826.97600457
2014-03-07,-0.0065517676626359,-0.0006258329513689,-0.0012184264224956,200534527.25121942,209978678.66298178,210968463.8473035
2014-03-10,-0.0032418312490591,-8.964203794423751e-05,-0.0004048609590557238,199884428.15426114,209959855.74630156,210883050.95269978
2014-03-11,0.0009039519703045,-0.00271418210622,-0.00235236869856755,200065114.07692432,209389986.46281043,210386976.26458022
2014-03-12,0.0002128890094497,0.0009650250556347,0.0008898114510162,200107705.74088565,209592053.04614606,210574181.00520512
2014-03-13,0.0033559374539195,-0.0057256902942426,-0.00481752751942639,200779254.68539938,208391993.86226937,209559734.09333187
2014-03-14,0.0020619030606111,-0.001594810948765,-0.00122913954782739,201193242.0451424,208059648.02882287,209302155.93652552
2014-03-17,-0.0019736823422952,0.0050242165474968,0.0043244266585176,200796150.4959288,209104984.7553156,210207267.75934264
2014-03-18,0.0014730296327825,0.0046397673874289,0.00432309361196426,201091929.17575797,210075183.24413216,211116013.4557815
2014-03-19,-0.0047241273461431,-0.0054999058739806,-0.0054223280211968495,200141945.2940501,208919789.50983018,209971273.18029687
2014-03-20,-0.0049888175361053,0.0035630944420521,0.00270790324423636,199143473.64765692,209664190.45066735,210539855.07213825
2014-03-21,0.0034118279881158,-0.0013826562758867,-0.0009032078494864502,199822916.92469862,209374296.94191203,210349693.82240734
2014-03-24,-0.0038654009804853,-0.0027488380271294,-0.00286049432246499,199050521.22569448,208798760.91257462,209747989.7174961
2014-03-25,0.0038704725326954,0.0028270389748137,0.00293138233060187,199820940.80071723,209389043.1475673,210362841.2684332
2014-03-26,0.0007824563201712,-0.003499831150368,-0.00307160240331408,199977291.95874932,208656216.8518137,209716690.2596251
2014-03-27,0.0051898806254033,-0.0006596530964007,-7.469972422029995e-05,201015150.23180667,208518576.13228413,209701024.48069832
2014-03-28,0.001096780432865,0.0021741508564745,0.00206641381411355,201235619.71529034,208971926.973173,210134353.574519
2014-03-31,-0.0008585969681698,0.0047703481264157,0.00420745361695715,201062839.42231503,209968795.81348297,211018484.12051308
2014-04-01,-0.0034753971397465,0.0038020898046222,0.00307434111018533,200364066.20527738,210767116.0313342,211667226.92125374
2014-04-02,0.0009293584332917,0.0009305003759805,0.00093038618171162,200550276.23993388,210963234.9120457,211864159.1843025
2014-04-03,-0.0001491607280047,-0.0004339376552839,-0.00040545996255598,200520362.01472837,210871690.02053687,211778256.7502527
2014-04-04,0.0101336442083418,-0.0063277430556674,-0.00468160432926648,202552364.01991346,209537348.14837256,210786794.74660617
2014-04-07,-0.0007172370405963,-0.0058416438808198,-0.00532920319679745,202407085.96177804,208313305.58075845,209663469.08619985
2014-04-08,0.0100772121251901,0.0026825588769055,0.0034220242017339603,204446785.10265648,208872118.28782162,210380942.55163234
2014-04-09,0.0007417556435388,0.0067881008752558,0.0061834663520841,204598434.65930972,210289963.2967877,211681826.03102013
2014-04-10,0.0055494188322576,-0.0114036473679987,-0.009708340747973072,205733837.0656585,207891890.71032178,209626746.7337578
2014-04-11,-0.0020709198624428,-0.0053578533436251,-0.005029159995506871,205307778.77610266,206778036.4485669,208572500.28509614
2014-04-14,0.0032194922500465,0.0046155576842477,0.00447595114082758,205968765.5787466,207732432.40363076,209506060.60569248
2014-04-15,-0.0097057934371113,0.0041405503782868,0.0027559159967469903,203969675.2855425,208592559.00520203,210083441.70953116
2014-04-16,0.0003341279355621,0.006073275239821,0.00549936050939511,204037827.25206292,209859399.02901918,211238766.29254633
2014-04-17,-0.0004912029308708,-0.000401372502703,-0.00041035554551978,203937603.2733082,209775167.23681515,211152083.2933694
2014-04-18,0.0,0.0,0.0,203937603.2733082,209775167.23681515,211152083.2933694
2014-04-21,-0.0013139102417306,0.0022989096252353,0.0019376276385387101,203669647.56769338,210257421.3879112,211561217.40589365
2014-04-22,0.0018076780931566,0.0024370454594969,0.00237410872286287,204037816.72784245,210769828.2820301,212063486.73755646
2014-04-23,-0.0012490857211836,-0.0005834564871598,-0.00065001941056218,203782956.00438622,210646853.25842136,211925641.35490555
2014-04-24,0.0026341330626976,0.0010637596397574,0.00122079698205142,204319747.4264116,210870930.87915957,212184359.53829095
2014-04-25,-0.000796775252632,-0.004513310900678,-0.0041416573358734,204156950.50803822,209919204.80818656,211305564.6290516
2014-04-28,-0.0016179735712195,0.0018905551851052,0.00153970230947273,203826629.95773545,210316068.64928985,211630912.29491538
2014-04-29,0.0035464035194272,0.0024868525232208,0.00259280762284144,204549481.43557057,210839093.69528425,212179630.53754252
2014-04-30,-0.0024245645587739,0.0026948050979976,0.00218286813232045,204053538.0123663,211407263.9598315,212642790.69137043
2014-05-01,-0.0025165113394095,0.0006677078539096,0.00034928593457768994,203540034.97011152,211548422.250351,212717063.82724828
2014-05-02,0.0024119358988535,-0.0007338421716155,-0.00041926436456860006,204030960.48730984,211393179.09676495,212627879.14264986
2014-05-05,-0.0003368159875673,0.0008809721976172,0.00075919337909875,203962239.597859,211579410.61031514,212789304.82070675
2014-05-06,0.002230400147813,-0.005122847848429,-0.0043875230488047996,204417157.00720632,210495521.48189822,211855686.84126675
2014-05-07,-0.0003328489812097,0.0038081088159149,0.00339401303620244,204349116.9647547,211297111.33296403,212574727.8041996
2014-05-08,0.0017881553861576,-0.0003833033502232,-0.00016615747658511998,204714524.93891177,211216120.44229764,212539406.9238419
2014-05-09,-0.0023233492881371,0.0006535671519241,0.00035587550791798,204238901.59312364,211354164.36057556,212615044.49323353
2014-05-12,0.0013593926449153,0.0053370138661565,0.0049392517440323795,204516542.4537549,212482164.46643788,213665203.72255424
2014-05-13,0.0014378470750582,0.0011021318569806,0.0011357033787883601,204810605.96612304,212716347.82893655,213907864.01635146
2014-05-14,0.0005113656114338,-0.0014414656053421,-0.0012461824836645101,204915339.06687102,212409724.52984712,213641295.7830962
2014-05-15,-0.0022837340377309,-0.0048787982720584,-0.004619291848625651,204447366.93219087,211373420.33284253,212654424.2869555
2014-05-16,0.0002561332165471,0.0020200521566597,0.0018436602626484401,204499732.6938978,211800405.66644642,213046486.79868975
2014-05-19,0.0007945602815961,0.0021754399621319,0.0020373519940783203,204662220.05909342,212261164.73292893,213480537.48340043
2014-05-20,-0.0027328757361534,-0.003425124396794,-0.00335589953072994,204102903.64378664,211534143.83911029,212764118.24783993
2014-05-21,-0.0009198325879629,0.0044472080795115,0.00391050401276406,203915163.14171723,212474880.1926841,213596133.18602028
2014-05-22,0.0006205454630019,0.0011276535305219,0.0010769427237699,204041701.77104214,212714478.24148062,213826163.98748034
2014-05-23,-0.0002295361160333,0.0029988521129775,0.00267601329007642,203994866.83130878,213352377.50401598,214398365.6440769
2014-05-26,0.0001397931662462,0.0,1.397931662462e-05,204023383.91964108,213352377.50401598,214401362.78671408
2014-05-27,-0.0036472859698427,0.0039508368865284,0.00319102460089129,203279252.29395115,214195297.94688737,215085522.80983108
2014-05-28,-0.0012501974184218,0.0007241099734241,0.00052667923423951,203025113.0975145,214350398.8983913,215198803.88828057
2014-05-29,0.0044951901952938,0.0030331115724254,0.00317931943471224,203937749.59530887,215000547.573844,215882989.62780944
2014-05-30,-0.0035493559463221,0.0009073212435644,0.00046165352457574994,203213901.93110323,215195622.13803574,215982652.77086708
2014-06-02,-0.0037397495331842,-0.0007559501377728,-0.00105433007731394,202453932.83621982,215032944.97783238,215754935.7638727
2014-06-03,0.0003111835209319,-0.0011017387212781,-0.0009604464970571001,202516933.1638663,214796034.85599986,215547714.69159552
2014-06-04,-0.0013473608226021,0.0010924512565178,0.00084847004860581,202244069.7822078,215030689.05417332,215730600.47155675
2014-06-05,0.0021040122693057,0.0043290620062825,0.0041065570325848205,202669593.7864239,215961570.24034253,216616510.48606697
2014-06-06,0.0042411284262225,0.0025281772710547,0.00269947238657148,203529141.56176248,216507559.37364545,217201260.77459958
2014-06-09,0.0016956077060917,0.0002583511634578,0.00040207681772119004,203874247.1426088,216563494.35350704,217288592.36633685
2014-06-10,0.0007686139548222,-0.0005576544281671,-0.00042502758986816996,204030947.73399147,216442726.76190144,217196238.71961752
2014-06-11,0.0001875281008785,-0.001967898649546,-0.00175235597450355,204069209.27014047,216016789.41220263,216815633.5930575
2014-06-12,0.0011672750513874,-0.003138649617212,-0.00270805715035206,204307414.16687784,215338788.39880264,216228484.46619773
2014-06-13,-0.0007681445110999,0.0014713392421307,0.00124739086680764,204150476.54810855,215655624.80852664,216498205.90286452
2014-06-16,0.0006591922977808,0.0005980541638399,0.00060416797723399,204285050.96983734,215784598.55289885,216629007.18599963
2014-06-17,-0.0039150221554843,0.0003738099224247,-5.5073285366199955e-05,203485270.46925616,215865260.97694433,216617076.71486825
2014-06-18,4.315371936969292e-05,0.0052279973897305,0.0047095130226944195,203494051.61551383,216993803.9978653,217637237.65859494
2014-06-19,0.0018986890112899,0.0008283393309405,0.0009353742989754401,203880423.53517908,217173548.50028712,217840809.9372008
2014-06-20,-0.0006478411406625,0.0010081437344894,0.0008425452469742101,203748341.4090373,217392490.65250447,218024350.67621043
2014-06-23,0.0010840093388474,-9.373961449599127e-06,9.996436858010079e-05,203969206.51389933,217390452.8236777,218046145.34276086
2014-06-24,-0.0010944976016575,-0.0032164332290298,-0.0030042396662925703,203745962.70655793,216691230.94754177,217391082.46383992
2014-06-25,0.000285435415547,0.0034968098843552,0.0031756724374743805,203804119.0200891,217448958.98577225,218081445.332573
2014-06-26,0.000319443815618,8.120584660598062e-05,0.00010502964350718257,203869222.98550752,217466617.11258027,218104350.3490318
2014-06-27,0.0004966413279942,0.0010763674649925,0.00101839485129267,203970472.8671482,217700691.10396224,218326466.6964718
2014-06-30,0.0005488075157296,0.0001674069972257,0.00020554704907609002,204082413.3956446,217737135.72295392,218371343.05743647
2014-07-01,0.0011827676161828,0.0032900995406321,0.00307936634818717,204323795.46524143,218453512.57317457,219043788.42265597
2014-07-02,-0.0011117153132373,-0.0007405583968737,-0.0007776740885100601,204096645.57296398,218291734.99011195,218873443.74415058
2014-07-03,-0.0045637764500252,0.0028271110381292,0.00208802228931376,203165194.10836896,218908869.96363488,219330456.37322724
2014-07-04,0.001872819824534,0.0,0.00018728198245340002,203545685.9115504,218908869.96363488,219371533.01590922
2014-07-07,-0.0007007928971307,-0.0018214769466649,-0.0017094085417114799,203403042.540622,218510132.50357565,218996537.4435635
2014-07-08,0.0015627661114381,-0.0031806724888295,-0.0027063286288027404,203720913.92246792,217815123.33659104,218403860.8446713
2014-07-09,0.0017833984336895,0.0032329636463041,0.0030880071250426397,204084229.48126704,218519311.7119535,219078293.52309647
2014-07-10,0.000257176378856,-0.00215232343701,-0.0019113734554234,204136715.1243866,218048987.47591656,218659553.08819696
2014-07-11,0.0006768225876767,0.0012015972637748,0.00114911979616499,204274879.46415696,218310994.5426365,218910819.1092712
2014-07-14,-0.0045176596687641,0.0024166413344958,0.0017232112341698104,203352035.0798601,218838573.91582313,219288048.6920416
2014-07-15,-0.0043203104880355,-0.0013020402141421,-0.0016038672415314402,202473491.14994124,218553637.2921792,218936339.77428514
2014-07-16,0.001795768581224,0.0026721070986522,0.00258447324690938,202837086.68387902,219137636.01782387,219502174.88720804
2014-07-17,0.0021279741472653,-0.0059598654210344,-0.00515108146420443,203268718.76044893,217831605.19847402,218371501.30279398
2014-07-18,-0.0009012220886477,0.0059320808216285,0.00524875053060088,203085528.50117093,219123799.88601646,219517678.83612514
2014-07-21,0.001351089220325,-0.0012349287400905,-0.00097632694404895,203359915.16953284,218853197.6078994,219303357.81158236
2014-07-22,0.0006263605752474,0.0033511231065712,0.00307864685343882,203487291.8029807,219586601.61535022,219978515.40405753
2014-07-23,0.0002537644570811,0.0011131494738166,0.00102721097214305,203538929.64510795,219831034.32539552,220204479.7487163
2014-07-24,-0.0023672041734793,-0.0005328039420363,-0.0007162439651806,203057111.44138652,219713907.48372507,220046759.61899057
2014-07-25,0.0016600075660357,-0.002215556799682,-0.00182800036311023,203394187.7827166,219227118.8420148,219644514.0625058
2014-07-28,-0.0012899421508204,-0.0001846652788129,-0.00029519296601365004,203131821.04666382,219186635.20499048,219579676.54693106
2014-07-29,-0.000791707818458,-0.0021332855695505,-0.00199912779444125,202970999.99576354,218719047.51906937,219140708.7124517
2014-07-30,-0.0041910509210445,-0.0013406983046613,-0.0016257335662996201,202120338.19928595,218425811.26286343,218784444.30655515
2014-07-31,-0.0052918187649104,-0.0119265886915507,-0.01126311169888667,201050754.00083292,215820736.45231295,216320250.67235157
2014-08-01,0.0043462937679761,-0.0006090357090019,-0.00011350276130409997,201924579.63999364,215689293.9170704,216295697.7265743
2014-08-04,-0.0008753180718975,0.0045566429300283,0.00401344682983572,201747831.40627447,216672113.0132804,217163789.0089221
2014-08-05,-0.0003047832266094,-0.0056123259883942,-0.00508157171221572,201686342.05125704,215456078.4824557,216060255.64177677
2014-08-06,0.0036626336326273,0.0003227428302531,0.00065673191049052,202425045.23089555,215525615.38702032,216202149.30624548
2014-08-07,4.8986866219957736e-05,-0.0023402259001128,-0.002101304623479524,202434961.39950582,215021236.75975388,215747842.73030204
2014-08-08,-0.0006459970615267,0.0069168686508779,0.00616058207963744,202304189.0092915,216508510.4115704,217076975.0239468
2014-08-11,-0.0004356866856712,0.0016979262795984,0.00148456498307144,202216047.76768464,216876125.9011549,217399239.8996984
2014-08-12,0.0001967932257275,-0.0012687420507112,-0.00112218852306733,202255842.51601872,216600966.0404288,217155276.96775937
2014-08-13,0.0006510068651633,0.0048069946834026,0.00439139590157867,202387512.45801604,217642165.732605,218108891.7610418
2014-08-14,0.0001142491545562,0.0032171660047778,0.00290687431975564,202410635.0602071,218342356.70940614,218742906.8974123
2014-08-15,-0.0016786954138497,0.0008527138723864,0.0005995729437627901,202070849.2554171,218528540.2659018,218874059.22602805
2014-08-18,-0.0012071740630029,0.0043972798743802,0.0038368344806418895,201826914.56730703,219489471.41799074,219713842.7633845
2014-08-19,-0.0005140942698706,0.0027751291756804,0.0024462068311253,201723156.5070223,220098583.05387744,220251308.2664451
2014-08-20,-0.0007312480223503,0.0010305354848318,0.0008543571341135902,201575646.84776425,220325402.45387566,220439481.54296035
2014-08-21,-0.0029335727665371,0.002134250500322,0.0016274681736360899,200984310.01977456,220795632.0542965,220798239.78338435
2014-08-22,0.0008458779116213,-0.0011266646354682,-0.00092941038075925,201154318.20820278,220546869.42399505,220593027.60727632
2014-08-25,-0.0008313168370931,0.003093920807826,0.00270139704333409,200987095.2366223,221229223.97240683,221188936.95983472
2014-08-26,0.0008536699978071,0.000645677820071,0.00066647703784461,201158671.88977218,221372066.77547732,221336354.30734372
2014-08-27,0.0,0.0007685003376541,0.00069165030388869,201158671.88977218,221542191.28354144,221489441.664062
2014-08-28,0.0,-0.0003678757393902,-0.00033108816545118,201158671.88977218,221460691.28611687,221416109.13115466
2014-08-29,0.0,0.0020135894378786,0.0018122304940907399,201158671.88977218,221906622.19499585,221817366.15600508
2014-09-01,0.0,0.0,0.0,201158671.88977218,221906622.19499585,221817366.15600508
2014-09-02,0.0,-0.0016992539822922,-0.00152932858406298,201158671.88977218,221529546.48353404,221478134.51750115
2014-09-03,0.0,-0.0001839168211919,-0.00016552513907271,201158671.88977218,221488803.47354466,221441474.31848356
2014-09-04,0.0,-0.0015783780088632,-0.00142054020797688,201158671.88977218,221139210.4169326,221126907.80050048
2014-09-05,0.0,0.0029784841741812,0.00268063575676308,201158671.88977218,221797870.05545032,221719668.49633294
2014-09-08,0.0,-0.0018302540893578,-0.0016472286804220199,201158671.88977218,221391923.59677052,221354445.49937215
2014-09-09,0.0,-0.0044786483842359,-0.00403078354581231,201158671.88977218,220400387.01587096,220462213.6426609
2014-09-10,0.0,0.001722496071186,0.0015502464640674,201158671.88977218,220780025.81659365,220803984.40982085
2014-09-11,0.0,0.0008719097717178,0.00078471879454602,201158671.88977218,220972526.07850325,220977253.44629788
2014-09-12,0.0,-0.0048661703953569,-0.004379553355821211,201158671.88977218,219897236.1139128,220009471.774407
2014-09-15,0.0,1.54996624913473e-05,1.3949696242212568e-05,201158671.88977218,219900644.44685534,220012540.83970863
2014-09-16,0.0,0.0046037468402492,0.00414337215622428,201158671.88977218,220913011.34389627,220924134.67544404
2014-09-17,0.0,0.0004053697544601,0.00036483277901409004,201158671.88977218,221002562.7970618,221004735.04144892
2014-09-18,0.0,0.0026340346939834,0.0023706312245850604,201158671.88977218,221584691.21492854,221528655.76711932
2014-09-19,0.0,0.0004232862101078,0.00038095758909702004,201158671.88977218,221678484.95909083,221613048.7897362
2014-09-22,0.0,-0.0042860933136795,-0.0038574839823115503,201158671.88977218,220728350.2869211,220758180.00375858
2014-09-23,0.0,-0.0027860072604233,-0.0025074065343809702,201158671.88977218,220113399.50044048,220204649.5006991
2014-09-24,0.0,0.0041198714615674,0.0037078843154106605,201158671.88977218,221020238.41335088,221021142.86676323
2014-09-25,0.0,-0.008598633201354,-0.007738769881218601,201158671.88977218,219119766.45315865,219310711.1032334
2014-09-26,0.0,0.0048271073034845,0.00434439657313605,201158671.88977218,220177481.0781425,220263483.8050023
2014-09-29,0.0,-0.0007573958288687,-0.0006816562459818301,201158671.88977218,220010719.5723631,220113339.8255049
2014-09-30,0.0,-0.0019770396149235,-0.00177933565343115,201158671.88977218,219575749.6640607,219721684.31215757
2014-10-01,0.0,-0.0059139934506956,-0.00532259410562604,201158671.88977218,218277180.1186159,218552194.97035944
2014-10-02,0.0,-0.0004959552753625,-0.00044635974782625005,201158671.88977218,218168924.39964485,218454642.06772563
2014-10-03,0.0,0.006462055119189,0.0058158496072701,201158671.88977218,219578744.0144095,219725141.41200152
2014-10-06,0.0,-0.0003553052177093,-0.00031977469593837,201158671.88977218,219500726.5409631,219654878.8717165
2014-10-07,0.0,-0.0077782912599104,-0.007000462133919361,201158671.88977218,217793385.95816556,218117193.2096444
2014-10-08,0.0,0.0113354069121277,0.01020186622091493,201158671.88977218,220262162.61077142,220342395.63525066
2014-10-09,0.0,-0.0122893691080033,-0.011060432197202971,201158671.88977218,217555279.59392062,217905313.50815767
2014-10-10,0.0,-0.0064278304452832,-0.00578504740075488,201158671.88977218,216156871.14421475,216644720.94063663
2014-10-13,0.0,-0.0098819018890516,-0.00889371170014644,201158671.88977218,214020830.15092325,214717945.2512319
2014-10-14,0.0,0.0028992052852311,0.0026092847567079904,201158671.88977218,214641320.47284633,215278205.51276764
2014-10-15,0.0,-0.0026275703405322,-0.00236481330647898,201158671.88977218,214077335.30531922,214769112.74777612
2014-10-16,0.0,-0.0010756273088158,-0.00096806457793422,201158671.88977218,213847067.8772663,214561202.37729067
2014-10-17,0.0,0.0068948931579811,0.00620540384218299,201158671.88977218,215321520.56242758,215892641.28690612
2014-10-20,0.0,0.0059100330912611,0.00531902978213499,201158671.88977218,216594077.87421218,217040980.67565498
2014-10-21,0.0,0.0114125372296824,0.010271283506714161,201158671.88977218,219065965.8516804,219270270.12074992
2014-10-22,0.0,-0.0047567528256539,-0.00428107754308851,201158671.88977218,218023923.1996108,218331557.09146905
2014-10-23,0.0,0.0064985852448022,0.005848726720321979,201158671.88977218,219440770.2499297,219608518.70331943
2014-10-24,0.0,0.0042529087242976,0.00382761785186784,201158671.88977218,220374031.8161922,220449096.18993053
2014-10-27,0.0,-0.0005716596702165,-0.00051449370319485,201158671.88977218,220248052.86983985,220335676.51806584
2014-10-28,0.0,0.0067402598071546,0.00606623382643914,201158671.88977218,221732581.9682025,221672284.25213107
2014-10-29,0.0,-0.0016001151658779,-0.00144010364929011,201158671.88977218,221377784.30102593,221353053.1866331
2014-10-30,0.0,0.0041299083714224,0.0037169175342801597,201158671.88977218,222292054.2656577,222175804.23128894
2014-10-31,0.0,0.006504823683031,0.0058543413147279,201158671.88977218,223738024.88479453,223476497.22113308
2014-11-03,0.0,-0.0002716846409522,-0.00024451617685698003,201158671.88977218,223677238.69983634,223421853.6024152
2014-11-04,0.0,-0.001552195079883,-0.0013969755718947002,201158671.88977218,223330047.99044463,223109738.7307052
2014-11-05,0.0,0.0035287622318486,0.00317588600866374,201158671.88977218,224118126.62903023,223818309.82833666
2014-11-06,0.0,0.0019362328768498,0.00174260958916482,201158671.88977218,224552071.51410735,224208337.7612742
2014-11-07,0.0,0.0015047031609447,0.00135423284485023,201158671.88977218,224889955.72591132,224511968.05635977
2014-11-10,0.0,0.0010509706412908,0.0009458735771617201,201158671.88977218,225126308.46690044,224724327.99470088
2014-11-11,0.0,0.0004177138633157,0.00037594247698413,201158671.88977218,225220346.84694415,224808811.41520578
2014-11-12,0.0,-8.533194322135618e-05,-7.679874889922056e-05,201158671.88977218,225201128.3570947,224791546.37974754
2014-11-13,0.0,0.0006606523583112,0.00059458712248008,201158671.88977218,225349908.01363817,224925204.53846735
2014-11-14,0.0,0.0006867368869247,0.00061806319823223,201158671.88977218,225504664.10793626,225064222.52974746
2014-11-17,0.0,0.0001791754758128,0.00016125792823152,201158671.88977218,225545069.0134258,225100515.91999164
2014-11-18,0.0,0.0035229951827784,0.0031706956645005603,201158671.88977218,226339663.20505953,225814241.14989603
2014-11-19,0.0,-0.0013522634537062,-0.0012170371083355801,201158671.88977218,226033592.35038316,225539416.83882597
2014-11-20,0.0,0.001576944305573,0.0014192498750157,201158671.88977218,226390034.7367083,225859513.62798557
2014-11-21,0.0,0.0036157729151268,0.00325419562361412,201158671.88977218,227208609.6925639,226594504.66878533
2014-11-24,0.0,0.0019216172559351,0.00172945553034159,201158671.88977218,227645217.67764613,226986389.78802976
2014-11-25,0.0,0.0002530135898757,0.00022771223088813002,201158671.88977218,227702815.0113888,227038077.36522964
2014-11-26,0.0,0.0022847299645287,0.0020562569680758302,201158671.88977218,228223054.45585287,227504925.99383038
2014-11-27,0.0,0.0,0.0,201158671.88977218,228223054.45585287,227504925.99383038
2014-11-28,0.0,-0.0006876165513642,-0.00061885489622778,201158671.88977218,228066124.50620615,227364133.45646316
2014-12-01,0.0,-0.004526421217295,-0.0040737790955654996,201158671.88977218,227033801.16129503,226437902.20250684
2014-12-02,0.0,0.0026207048016501,0.0023586343214850904,201158671.88977218,227628789.73413527,226971986.41032678
2014-12-03,0.0,0.0023831628561804,0.00214484657056236,201158671.88977218,228171266.21082693,227458806.49699274
2014-12-04,0.0,-0.0001007215881091,-9.064942929818999e-05,201158671.88977218,228148284.43853334,227438187.48599494
2014-12-05,0.0,-0.00018426792023,-0.00016584112820700002,201158671.88977218,228106244.02865577,227400468.88038492
2014-12-08,0.0,-0.0033643745083311,-0.0030279370574979904,201158671.88977218,227338809.19605464,226711914.57376957
2014-12-09,0.0,0.0005304139999278,0.00047737259993502006,201158671.88977218,227459392.88317913,226820140.6298659
2014-12-10,0.0,-0.0087342049911444,-0.00786078449202996,201158671.88977218,225472715.91857618,225037156.38592258
2014-12-11,0.0,0.0026238169801382,0.00236143528212438,201158671.88977218,226064315.05916125,225568567.06680125
2014-12-12,0.0,-0.0081983198828117,-0.00737848789453053,201158671.88977218,224210967.4902175,223904212.12531227
2014-12-15,0.0,-0.0041196763358655,-0.0037077087022789504,201158671.88977218,223287290.87320656,223074040.52953833
2014-12-16,0.0,-0.0041862341048949,-0.0037676106944054097,201158671.88977218,222352558.00096354,222233584.38879505
2014-12-17,0.0,0.0108048632897753,0.009724376960797771,201158671.88977218,224755046.99229577,224394667.53674093
2014-12-18,0.0,0.0134569049068851,0.012111214416196591,201158671.88977218,227779554.28701362,227112359.46912956
2014-12-19,0.0,0.0031547134939681,0.00283924214457129,201158671.88977218,228498133.52057287,227757186.45168734
2014-12-22,0.0,0.0025984463614658,0.00233860172531922,201158671.88977218,229091873.66422114,228289819.8008771
2014-12-23,0.0,-0.0006387446995889,-0.00057487022963001,201158671.88977218,228945542.4441992,228158582.77974597
2014-12-24,0.0,3.580707946846397e-05,3.2226371521617574e-05,201158671.88977218,228953740.31543145,228165935.50300044
2014-12-25,0.0,0.0,0.0,201158671.88977218,228953740.31543145,228165935.50300044
2014-12-26,0.0,0.0022028677566394,0.00198258098097546,201158671.88977218,229458095.12773433,228618292.94723517
2014-12-29,0.0,0.0015036741816545,0.00135330676348905,201158671.88977218,229803125.34114954,228927683.62933797
2014-12-30,0.0,-0.002402953052917,-0.0021626577476253,201158671.88977218,229250919.21954116,228432591.40069106
2014-12-31,0.0,-0.0057845988802019,-0.00520613899218171,201158671.88977218,227924794.60893854,227243339.5795148
2015-01-01,0.0,0.0,0.0,201158671.88977218,227924794.60893854,227243339.5795148
2015-01-02,0.0,0.00082719999427,0.000744479994843,201158671.88977218,228113333.99773303,227412517.69979307
2015-01-05,0.0,-0.0094274184340262,-0.008484676590623581,201158671.88977218,225962814.14775565,225482996.0344509
2015-01-06,0.0,-0.0037464828123923,-0.00337183453115307,201158671.88977218,225116248.3483113,224722704.68223408
2015-01-07,0.0,0.0075005132354321,0.00675046191188889,201158671.88977218,226804735.7485586,226239686.74092817
2015-01-08,0.0,0.0096594557827416,0.00869351020446744,201158671.88977218,228995546.0648382,228206503.76626596
2015-01-09,0.0,-0.0040581579427732,-0.0036523421484958804,201158671.88977218,228066245.9707155,227373015.5339995
2015-01-12,0.0,-0.0035887242905656,-0.00322985186150904,201158671.88977218,227247779.09394228,226638634.3765201
2015-01-13,0.0,-0.001027233558953,-0.0009245102030577,201158671.88977218,227014342.54905942,226429104.64663193
2015-01-14,0.0,-0.0024474638536555,-0.00220271746828995,201158671.88977218,226458733.15140924,225930345.30249754
2015-01-15,0.0069238719968747,-0.0042883440122596,-0.00316712241134617,202551468.78499827,225487600.1990755,225214796.2424868
2015-01-16,0.0035042565828549,0.007119547222546,0.0067580181585768905,203261261.10285503,227092969.8167914,226736801.9250737
2015-01-19,-0.0009371705259869,0.0,-9.371705259869e-05,203070770.63987452,227092969.8167914,226715552.82028168
2015-01-20,0.0038548975032335,0.0012838699379943,0.00154097269451822,203853587.6465939,227384527.65386897,227064915.2966003
2015-01-21,-0.0004303955779267,0.0020405322307639,0.00179343944989484,203765849.96392632,227848513.11132374,227472142.47338027
2015-01-22,0.0017709517512315,0.0084098823048233,0.00774598924946412,204126709.4527611,229764692.289919,229234139.2435316
2015-01-23,-0.0015684392397773,-0.0019295106697103,-0.0018934035267170002,203806549.11176875,229321358.8646229,228800106.515844
2015-01-26,-0.0024496167161226,0.0012913183781758,0.0009172248687459598,203307301.1822093,229617485.74983302,229009967.66351205
2015-01-27,0.0021343842672076,-0.0078847705377656,-0.006882855057268281,203741237.08726105,227807004.56323695,227433725.24941438
2015-01-28,-0.0015185632263955,-0.0060787179978349,-0.00562270252069096,203431843.13692003,226422230.02456558,226154933.0691644
2015-01-29,-0.0052978224820746,0.0051991595356576,0.00414946133388438,202354097.34477937,227599435.32088262,227093354.2194021
2015-01-30,0.0052733303109117,-0.0062290267790799,-0.00507879107008074,203421177.33984476,226181712.34336537,225939994.51991796
2015-02-02,-0.0018266227342478,0.0078356830461603,0.006869452468119491,203049603.59268832,227954000.5521258,227492078.5729197
2015-02-03,-0.0027247902951169,0.0065082395098321,0.0055849365293372,202496336.0033916,229437579.78494346,228762607.39267647
2015-02-04,0.0017512613841906,-0.002529185759242,-0.0021011410448987405,202850960.01707444,228857289.52551645,228281944.88874564
2015-02-05,-0.0008921889155867,0.0058285077604517,0.00515643809284786,202669978.63903108,230191186.01355183,229459066.6052794
2015-02-06,-0.00608386964153,-0.0046315318958966,-0.004776765670459941,201436960.90873954,229125048.1933758,228362994.41314352
2015-02-09,0.001010907263946,-0.0026782734488753,-0.0023093553775931698,201640594.99574938,228511388.6603272,227835623.10395226
2015-02-10,-0.0011057036552787,0.0056371720406601,0.00496288447106622,201417640.25281,229799546.67145562,228966344.9798106
2015-02-11,-0.0029832596976206,0.0002742934234855,-5.146188862511006e-05,200816759.12425396,229862579.17582753,228954561.93926632
2015-02-12,0.0006461114347365,0.0060525400664648,0.00551189720329197,200946509.12861085,231253831.64607015,230216535.9489003
2015-02-13,0.0015916790782173,0.0017869578057185,0.0017674299329683801,201266351.48303166,231667072.48563245,230623427.54560068
2015-02-16,0.0005671838407493,0.0,5.6718384074930003e-05,201380506.5052794,231667072.48563245,230636508.13374087
2015-02-17,-0.0045961624274876,-0.0011169757366256,-0.0014648944057118,200454928.98765138,231408305.98669094,230298650.00322282
2015-02-18,0.0005227747977089,0.0013722141994531,0.00128727025927868,200559721.77260265,231725847.75003725,230595106.60612404
2015-02-19,-0.001150591379225,-0.0013785969397185,-0.00135579638366915,200328959.4857113,231406391.20547536,230282466.59449568
2015-02-20,-0.0010150475622285,0.0033531417881367,0.00291632285310018,200125616.06374156,232182329.64586836,230954044.6144935
2015-02-23,-2.2879677854165115e-05,0.001388551080321,0.0012474080045034835,200121037.25411564,232504726.6705296,231242138.53841805
2015-02-24,-0.0002704209413977,0.0031407239764138,0.00279960948463265,200066920.3348279,233234959.8402133,231889526.22271696
2015-02-25,0.0009308388794949,-9.377438054816164e-05,8.686945456144531e-06,200253150.40277633,233213088.3763321,231891540.6343831
2015-02-26,0.0009315352697095,-0.0017722572383737,-0.00150187798756538,200439693.27524698,232799774.79237366,231543267.8340017
2015-02-27,0.0007627181704685,-0.0013945281922118,-0.00117880355594377,200592572.27139118,232475128.94328514,231270323.80652413
2015-03-02,-0.0013085444863911,0.0020829173513182,0.00174377116754727,200330087.96693444,232959355.42311102,231673606.32908726
2015-03-03,0.0,-0.003368248320014,-0.0030314234880126,200330087.96693444,232174690.46557558,230971305.51730868
2015-03-04,0.0,-0.0023833561918751,-0.00214502057268759,200330087.96693444,231621335.47945777,230475867.31527355
2015-03-05,0.0,0.0010872342346583,0.0009785108111924701,200330087.96693444,231873162.12486833,230701390.44316047
2015-03-06,0.0,-0.0110438961718513,-0.00993950655466617,200330087.96693444,229312378.9973224,228408332.4606801
2015-03-09,0.0,0.0033693638924206,0.00303242750317854,200330087.96693444,230085015.84720108,229100964.169989
2015-03-10,0.0,-0.0088393301096509,-0.00795539709868581,200330087.96693444,228051218.43884343,227278375.02432498
2015-03-11,0.0,-0.000664028566805,-0.0005976257101245,200330087.96693444,227899785.91510534,227142547.62405512
2015-03-12,0.0,0.0081443375434207,0.007329903789078631,200330087.96693444,229755878.69767126,228807480.64454564
2015-03-13,0.0,-0.0038189412319947,-0.00343704710879523,200330087.96693444,228878454.49921957,228021058.5547256
2015-03-16,0.0,0.0084632020801558,0.00761688187214022,200330087.96693444,230815499.1114402,229757868.0220973
2015-03-17,0.0,-0.0012654099326804,-0.00113886893941236,200330087.96693444,230523422.88624802,229496203.92262134
2015-03-18,0.0,0.0096751481178653,0.008707633306078771,200330087.96693444,232753771.14730978,231494572.71151656
2015-03-19,0.0,-0.0035351480613693,-0.00318163325523237,200330087.96693444,231930952.10446194,230758041.88057178
2015-03-20,0.0,0.0063746179406269,0.005737156146564211,200330087.96693444,233409423.31273374,232081936.798916
2015-03-23,0.0,-0.0008310503257462,-0.0007479452931715801,200330087.96693444,233215448.33545747,231908352.20665714
2015-03-24,0.0,-0.0028573081693969,-0.00257157735245721,200330087.96693444,232549079.92969903,231311981.94027683
2015-03-25,0.0,-0.0094702481084497,-0.008523223297604729,200330087.96693444,230346782.4453731,229340458.26678836
2015-03-26,0.0,-0.0030445369233253,-0.00274008323099277,200330087.96693444,229645483.161049,228712046.3229033
2015-03-27,0.0,0.0029275037047355,0.0026347533342619502,200330087.96693444,230317771.16377875,229314646.14953843
2015-03-30,0.0,0.007094854212002,0.0063853687908018006,200330087.96693444,231951842.172619,230778904.73433542
2015-03-31,0.0,-0.0045970666591484,-0.004137359993233561,200330087.96693444,230885544.0924392,229824089.3266053
2015-04-01,0.0,-0.0010330656599141,-0.0009297590939226901,200330087.96693444,230647024.1654667,229610408.28955138
2015-04-02,0.0,0.0013729863459575,0.00123568771136175,200330087.96693444,230963699.38038158,229894135.04947552
2015-04-03,0.0,0.0014404039839375,0.00129636358554375,200330087.96693444,231296380.413114,230192161.43468374
2015-04-06,0.0,0.0026720461851391,0.0024048415666251904,200330087.96693444,231914415.02403337,230745737.11281317
2015-04-07,0.0,-0.0010557755489169,-0.00095019799402521,200330087.96693444,231669565.4552096,230526482.97627872
2015-04-08,0.0,0.0018702032618958,0.00168318293570622,200330087.96693444,232102834.63220596,230914501.21865278
2015-04-09,0.0,0.0013382656679263,0.0012044391011336699,200330087.96693444,232413449.88722262,231192623.6729393
2015-04-10,0.0,0.0031459178306201,0.0028313260475580897,200330087.96693444,233144603.5032988,231847205.3703478
2015-04-13,0.0,-0.0022852796431412,-0.00205675167882708,200330087.96693444,232611802.88700446,231370353.24147096
2015-04-14,0.0,0.0017371218566003,0.00156340967094027,200330087.96693444,233015877.93390265,231732079.88929754
2015-04-15,0.0,0.0032043925554325,0.00288395329988925,200330087.96693444,233762552.27845165,232400384.38578448
2015-04-16,0.0,-9.569927993533508e-05,-8.612935194180158e-05,200330087.96693444,233740181.37052274,232380367.8912863
2015-04-17,0.0,-0.0062819362347669,-0.00565374261129021,200330087.96693444,232271840.45565027,231066549.10331205
2015-04-20,0.0,0.0045716879909853,0.004114519191886771,200330087.96693444,233333714.83930546,232017276.8542007
2015-04-21,0.0,-0.0011477728519014,-0.00103299556671126,200330087.96693444,233065900.73597962,231777604.0358099
2015-04-22,0.0,0.001837198670442,0.0016534788033978,200330087.96693444,233494089.09893712,232160843.39118543
2015-04-23,0.0,0.0020282433794956,0.0018254190415460403,200330087.96693444,233967671.9393034,232584634.21541312
2015-04-24,0.0,0.0019175634963506,0.0017258071467155399,200330087.96693444,234416319.80634034,232986030.4393583
2015-04-27,0.0,-0.0025742776986918,-0.00231684992882262,200330087.96693444,233812867.1020535,232446236.77131817
2015-04-28,0.0,0.0007577284760836,0.00068195562847524,200330087.96693444,233990033.76953146,232604754.79080224
2015-04-29,0.0,-0.0033015035176011,-0.00297135316584099,200330087.96693444,233217514.84995773,231913603.91626495
2015-04-30,0.0,-0.00630862398977,-0.0056777615907929995,200330087.96693444,231746233.24094078,230596853.7635668
2015-05-01,0.0,0.005099287410736,0.0045893586696624,200330087.96693444,232927973.89059183,231655145.43358347
2015-05-04,0.0009866775417866,0.001450238144999,0.00140388208467776,200527749.16567552,233265774.92336532,231980361.9420811
2015-05-05,0.0055759406266633,-0.0078704929100541,-0.00652584955638236,201645879.98902178,231429858.29567268,230466493.00001195
2015-05-06,0.0037131192505372,-0.0036115928850096,-0.0028791216714549204,202394615.18780053,230594027.86607328,229802951.9254714
2015-05-07,-0.0079980680037731,0.0034524490853767,0.00230739737646172,200775849.29193103,231390142.00667286,230333198.6538474
2015-05-08,0.0083493439045165,0.0088820556639628,0.00882878448801817,202452195.90539074,233445362.12806836,232366760.8251981
2015-05-11,-0.0041828005722025,-0.0052151048429864,-0.005111874415908011,201605378.74451402,232227920.08946157,231178931.12542838
2015-05-12,0.0043980069066584,-0.0013695529678474,-0.0007927969803968201,202492040.5926519,231909871.652286,230995653.16690075
2015-05-13,0.0108166530104874,-0.0003996055214262,0.0007220203317651601,204682326.73312813,231817199.18710053,231162436.72503662
2015-05-14,0.0026611383230609,0.0072219649825266,0.0067658823165800295,205227014.71685094,233491374.88197717,232726454.56793207
2015-05-15,0.0021274188752979,0.0022729301045764,0.00225837898164855,205663618.54168063,234022084.45710534,233252039.1014019
2015-05-18,-0.0051053549150999,0.0002259635049723,-0.00030716833703492007,204613632.77590165,234074964.90755025,233180391.4604411
2015-05-19,-0.0131474468258659,-0.0009940819729211,-0.0022094184582155804,201923485.91913322,233842275.20462352,232665198.3994545
2015-05-20,-0.0006280815238278,-0.000222572804047,-0.00026312367602507997,201796661.50840053,233790228.2737265,232603978.67716852
2015-05-21,0.001728922340006,0.0026796914496898,0.00258461453872142,202145552.26462108,234416713.94945264,233205170.30222198
2015-05-22,-0.0068139091217399,-0.0022812658555389,-0.002734530182159,200768150.84212604,233881947.1039521,232567463.72539502
2015-05-25,-0.0044013150328254,0.0,-0.00044013150328254,199884506.96171206,233881947.1039521,232465103.45797095
2015-05-26,-0.01251430213454,-0.0043455353731993,-0.005162412049333371,197383091.84957963,232865604.82965916,231265022.80683
2015-05-27,-0.0054865218988607,0.0056685794970161,0.004553069357428421,196300145.19368207,234185622.02275684,232317988.49561676
2015-05-28,-0.0017200234593136,-0.000417365130733,-0.00054763096359106,195962504.3388823,234087881.11000556,232190763.9717174
2015-05-29,0.0020208284036791,-0.002984709915038,-0.00248415608316629,196358510.9337064,233389196.69026628,231613965.872942
2015-06-01,-0.0003610271784386,-0.0006498760223992,-0.0006209911380031399,196287620.1745416,233237522.64745027,231470135.65269715
2015-06-02,0.0113231507123853,-0.0018462035063042,-0.0005292680844352499,198510214.48075336,232806918.71533686,231347625.89739627
2015-06-03,-0.0005261116283346,-0.0002990549496798,-0.00032176061754528003,198405775.94857186,232737296.65397537,231273187.3424199
2015-06-04,-0.008120544254494,-0.0039340048980643,-0.00435265883370727,196794613.06463423,231821706.9889764,230266534.06053427
2015-06-05,-0.0056845616518883,-0.0026916133962255,-0.00299090822179178,195675921.9539088,231197732.576909,229577827.9906091
2015-06-08,0.0042305701429211,-0.0032485540975456,-0.00250064167349893,196503742.66701558,230446674.23540303,229003736.10662442
2015-06-09,0.0079403212415904,-0.0004768604585819,0.0003648577114353301,198064045.50896654,230336783.32864848,229087289.88569042
2015-06-10,0.0070643474334782,0.0061888795846681,0.00627642636954911,199463238.7405221,231762309.94458926,230525139.39285752
2015-06-11,-0.0049358278900928,0.0029430273558684,0.00215514183127228,198478722.5236984,232444392.76281545,231021953.76392293
2015-06-12,-0.0022496359397877,-0.0042029023152937,-0.0040075756777431,198032217.65622592,231467451.68629557,230096115.80099395
2015-06-15,-0.0007745009241317,-0.0022164806934121,-0.0020722827164840604,197878841.52064332,230954408.5484796,229619291.59708944
2015-06-16,0.0,0.0041453022477616,0.00373077202298544,197878841.52064332,231911784.37736607,230475948.8261176
2015-06-17,0.0,0.0014634656122817,0.00131711905105353,197878841.52064332,232251179.2988852,230779513.08912614
2015-06-18,0.0,0.0052631385462365,0.00473682469161285,197878841.52064332,233473549.43306202,231872675.1850451
2015-06-19,0.0,-0.0016384365821609,-0.00147459292394481,197878841.52064332,233091017.82870397,231530757.3789611
2015-06-22,0.0,0.0019020781992215,0.00171187037929935,197878841.52064332,233534375.17215028,231927108.02441487
2015-06-23,0.0,-0.0004222779698618,-0.00038005017287562,197878841.52064332,233435758.75030962,231838964.08691567
2015-06-24,0.0,-0.003542495958425,-0.0031882463625825,197878841.52064332,232608813.51838475,231099804.35296068
2015-06-25,0.0,-0.00204236240259,-0.0018381261623309998,197878841.52064332,232133742.02314374,230675013.75646994
2015-06-26,0.0,-0.0016345732715107,-0.00147111594435963,197878841.52064332,231754302.41301695,230335664.0657674
2015-06-29,0.0,-0.0095321474964779,-0.00857893274683011,197878841.52064332,229545186.21947277,228359629.8945507
2015-06-30,0.0,0.0015598233554603,0.00140384101991427,197878841.52064332,229903236.16207138,228680210.5102891
2015-07-01,0.0,0.0025866869268962,0.00232801823420658,197878841.52064332,230497923.85750294,229212582.21015924
2015-07-02,0.0,0.0005056953624337,0.00045512582619033003,197878841.52064332,230614485.5886483,229316902.77601087
2015-07-03,0.0,0.0,0.0,197878841.52064332,230614485.5886483,229316902.77601087
2015-07-06,0.0,1.5889402820757053e-05,1.4300462538681347e-05,197878841.52064332,230618149.9151061,229320182.11378846
2015-07-07,0.0,0.004574521628433,0.0041170694655897,197878841.52064332,231673117.62980196,230264309.2334126
2015-07-08,0.0,-0.0091173475122363,-0.00820561276101267,197878841.52064332,229560873.3071279,228374849.47916114
2015-07-09,0.0,-0.0005740728811717,-0.00051666559305453,197878841.52064332,229429088.6351842,228256856.05211625
2015-07-10,0.0,0.0051543758950811,0.00463893830557299,197878841.52064332,230611652.39927584,229315725.52516606
2015-07-13,0.0,0.0065408786520522,0.00588679078684698,197878841.52064332,232120055.23336872,230665659.22546673
2015-07-14,0.0,0.0032918858854234,0.00296269729688106,197878841.52064332,232884167.9669152,231349051.7505373
2015-07-15,0.0,0.0006281195058842,0.00056530755529578,197878841.52064332,233030447.0554268,231479835.11740243
2015-07-16,0.0,0.0047144591138812,0.004243013202493081,197878841.52064332,234129059.57035908,232462007.11391646
2015-07-17,0.0,0.0008393285479709,0.00075539569317381,197878841.52064332,234325570.77396604,232637607.91291687
2015-07-20,0.0,-9.12196503468632e-05,-8.209768531217689e-05,197878841.52064332,234304195.67733273,232618508.90379065
2015-07-21,0.0,-0.001858679799403,-0.0016728118194627,197878841.52064332,233868699.2019119,232229381.9126706
2015-07-22,0.0,-0.000961763870735,-0.0008655874836615,197878841.52064332,233643772.7365237,232028367.06634855
2015-07-23,0.0,-0.0024622226002838,-0.0022160003402554203,197878841.52064332,233068489.75887626,231514192.12598065
2015-07-24,0.0,-0.0061742646650323,-0.00555683819852907,197878841.52064332,231629463.21802557,230227705.21967337
2015-07-27,0.0,-0.0025722654008354,-0.0023150388607518597,197878841.52064332,231033650.76397577,229694719.13526812
2015-07-28,0.0,0.0070537514083046,0.00634837626747414,197878841.52064332,232663304.70341793,231152907.63899058
2015-07-29,0.0,0.0040185736049993,0.00361671624449937,197878841.52064332,233598279.318551,231988922.11501175
2015-07-30,0.0,0.0002773454672914,0.00024961092056226,197878841.52064332,233663066.74248704,232046829.08342114
2015-07-31,0.0,-0.0002498388368544,-0.00022485495316896002,197878841.52064332,233604688.63367626,231994652.2045346
2015-08-03,0.0,-0.0005132262881484,-0.00046190365933355997,197878841.52064332,233484796.56643474,231887493.02573553
2015-08-04,0.0,-0.0025157494687288,-0.00226417452185592,197878841.52064332,232897407.31351653,231362459.27208963
2015-08-05,0.0,0.0010462023251822,0.00094158209266398,197878841.52064332,233141065.12257683,231580306.02065495
2015-08-06,0.0,-0.0037448000632017,-0.00337032005688153,197878841.52064332,232267998.44717088,230799806.27049476
2015-08-07,0.0,-0.0005892140502342,-0.00053029264521078,197878841.52064332,232131142.87906605,230677414.83071345
2015-08-10,0.0,0.0065784855429756,0.0059206369886780396,197878841.52064332,233658214.24657035,232043172.06541276
2015-08-11,0.0,-0.0035991693166314,-0.00323925238496826,197878841.52064332,232817238.7712752,231291525.6668843
2015-08-12,0.0,0.0008281220980683,0.00074530988826147,197878841.52064332,233010039.87151295,231463909.5280349
2015-08-13,0.0,-0.0017982620429149,-0.0016184358386234102,197878841.52064332,232591026.76119393,231089300.04150686
2015-08-14,0.0,0.0022035586707828,0.00198320280370452,197878841.52064332,233103554.7349598,231547596.9892553
2015-08-17,0.0,0.0041747953562994,0.00375731582066946,197878841.52064332,234076714.3728042,232417594.438661
2015-08-18,0.0,-0.0023629623667657,-0.00212666613008913,197878841.52064332,233523599.90580508,231923319.8125315
2015-08-19,0.0,-0.0035289823991126,-0.00317608415920134,197878841.52064332,232699499.23196006,231186711.8303255
2015-08-20,0.0,-0.0118675437341319,-0.010680789360718711,197878841.52064332,229937927.7479142,228717455.2582686
2015-08-21,0.0,-0.0183874037683287,-0.01654866339149583,197878841.52064332,225709966.22876048,224932487.07944003
2015-08-24,0.0,-0.0225145078307837,-0.02026305704770533,197878841.52064332,220628217.42661715,220374667.26186708
2015-08-25,0.0,-0.0108751942710633,-0.00978767484395697,197878841.52064332,218228842.70042428,218217711.6748627
2015-08-26,0.0,0.0226974735166743,0.02042772616500687,197878841.52064332,223182086.07819164,222675403.3333112
2015-08-27,0.0,0.0148690116093904,0.01338211044845136,197878841.52064332,226500583.10709623,225655270.174871
2015-08-28,0.0,-6.700756822217721e-05,-6.030681139995949e-05,197878841.52064332,226485405.8538213,225641661.62505114
2015-08-31,0.0,-0.0054049915581812,-0.00486449240236308,197878841.52064332,225261254.14713016,224544029.47641948
2015-09-01,0.0,-0.0172854535643415,-0.01555690820790735,197878841.52064332,221367511.1987246,221050818.62122118
2015-09-02,0.0,0.0105853446990308,0.00952681022912772,197878841.52064332,223710762.60992965,223156727.82121888
2015-09-03,0.0,0.0013233479353231,0.00119101314179079,197878841.52064332,224006809.78573906,223422510.41673297
2015-09-04,0.0,-0.0082742865036387,-0.0074468578532748304,197878841.52064332,222153313.26280573,221758714.74043775
2015-09-07,0.0,0.0,0.0,197878841.52064332,222153313.26280573,221758714.74043775
2015-09-08,0.0,0.0137567266171042,0.01238105395539378,197878841.52064332,225209415.66044605,224504321.3527179
2015-09-09,0.0,-0.0078671238526049,-0.0070804114673444106,197878841.52064332,223437665.29467252,222914738.38134372
2015-09-10,0.0,0.0025640265135224,0.00230762386217016,197878841.52064332,224010565.39260763,223429141.75086194
2015-09-11,0.0,0.0037947361580611,0.00341526254225499,197878841.52064332,224860626.38489065,224192210.92953184
2015-09-14,0.0,-0.0023651338700818,-0.00212862048307362,197878841.52064332,224328800.9013799,223714990.79720166
2015-09-15,0.0,0.0054482655410293,0.00490343898692637,197878841.52064332,225551003.77719134,224811963.60503656
2015-09-16,0.0,0.0048052709023726,0.00432474381213534,197878841.52064332,226634837.45264283,225784217.75353146
2015-09-17,0.0,0.0004588820656975,0.00041299385912775,197878841.52064332,226738836.11501208,225877465.24895164
2015-09-18,0.0,-0.0078769307588408,-0.00708923768295672,197878841.52064332,224952830.002594,224276166.21057802
2015-09-21,0.0,0.0010426857617515,0.0009384171855763501,197878841.52064332,225187385.11550343,224486630.81926525
2015-09-22,0.0,-0.0055233389736623,-0.00497100507629607,197878841.52064332,223943598.85491788,223370706.63790205
2015-09-23,0.0,-0.0014318936034986,-0.0012887042431487402,197878841.52064332,223622935.44817308,223082847.86046264
2015-09-24,0.0,-0.0013986110265651,-0.00125874992390859,197878841.52064332,223310173.94486243,222802042.34269297
2015-09-25,0.0,-0.00119850397816,-0.001078653580344,197878841.52064332,223042535.81302592,222561716.1220121
2015-09-28,-0.003108096318269,-0.0136012516115959,-0.012551936082263212,197263815.02184966,220008878.16334456,219768135.68688977
2015-09-29,-0.0009982773090684,0.0014988768150348,0.00124916140262448,197066891.03141308,220338644.36992544,220042661.55951658
2015-09-30,-0.0027363117887585,0.01126074067561,0.00986103542917315,196527654.57430983,222819820.7049906,222212510.0410845
2015-10-01,-0.0003318117820086,0.0015379366161933,0.00135096177637311,196462444.38303155,223162503.46606642,222512710.64838195
2015-10-02,0.0056101328113073,0.0099149165739408,0.009484438197677452,197564624.78845444,225375141.07036424,224623118.70072424
2015-10-05,-0.0006257684876163,0.0096497873985959,0.008622231809974679,197440995.0719941,227549963.2666218,226559871.30004135
2015-10-06,0.0025291657495047,-0.0016850124784501,-0.00126359465565462,197940356.07427832,227166538.7390467,226273591.45748085
2015-10-07,-0.0003704543077298,0.0046004104249462,0.0041033239516785995,197867028.21669704,228211598.05206075,227202065.30494064
2015-10-08,-0.0014250920963039,0.0043382031965344,0.00376187366725057,197585049.47866628,229201626.33621645,228056770.77155626
2015-10-09,0.0038454447283167,0.0005463184069496,0.0008762310390863099,198344851.86557823,229326843.40358672,228256601.1927801
2015-10-12,0.0015823195247853,0.0007634117195168,0.00084530250004365,198658696.79732576,229501914.20344082,228449547.06841984
2015-10-13,0.0010718735232203,-0.0030713388159235,-0.00265701758200912,198871633.79458025,228797036.06601906,227842552.60525703
2015-10-14,0.0032703364019027,-0.0011553779526007,-0.0007128065171503599,199522010.93788454,228532689.014928,227680144.94887584
2015-10-15,-0.0002174592316722,0.0080207794583829,0.00719695558937739,199478623.0346843,230365699.31254792,229318748.84065592
2015-10-16,-0.001225593779055,0.0027044271089409,0.0023114250201413103,199234143.27523854,230988706.5547389,229848801.9343137
2015-10-19,-0.0013824004077125,2.8180202564742613e-05,-0.00011287785846298166,198958721.91434458,230995215.8632798,229822857.09378108
2015-10-20,0.0011210379316529,-0.0017664958042497,-0.00147774243065944,199181762.18844375,230587163.78365558,229483238.10631818
2015-10-21,-0.0018834393387979,-0.0025161677430676,-0.0024528949026406304,198806615.42196697,230006967.80017772,228920339.8413257
2015-10-22,-0.0002420363611439,0.01025198829138,0.00920258582612761,198758496.99219888,232364996.541001,231026998.91606182
2015-10-23,-0.0003430384631876,0.0054339926256473,0.00485628951676381,198690315.18284518,233627666.21866333,232148932.9089873
2015-10-26,-0.0003027180213835,-0.0005935679851202,-0.00056448298874653,198630168.04376498,233488992.3155576,232017888.78550452
2015-10-27,-0.0001255798148711,-0.0008857067886823,-0.00080969409130118,198605224.10403425,233282189.5299811,231830025.27187875
2015-10-28,-0.0054408034669201,0.0058541203691386,0.00472462798553273,197524652.1121806,234647851.54746583,232925335.89716503
2015-10-29,-0.0043240278020172,-0.0018667545137435,-0.00211248184257087,196670550.02486372,234209821.6114494,232433285.35440755
2015-10-30,0.0026587595057971,-0.0024721907205573,-0.00195909569792186,197193449.7192527,233630810.2637982,231977926.3050159
2015-11-02,-0.0029822327365764,0.0064871004537794,0.005540167134743821,196605372.95806152,235146396.79907733,233263122.78831697
2015-11-03,-0.0003288015230692,0.0008506323020768,0.0007326889195622,196540728.8119893,235346419.91991156,233434032.0937265
2015-11-04,-0.0027545731102039,-0.0023136133882213,-0.00235770936041956,195999343.0053439,234801919.2919149,232883662.49121863
2015-11-05,-0.0012097756746608,-0.0008473906449409,-0.00088362914791289,195762227.76792654,234602950.34209278,232677879.6989687
2015-11-06,-0.0068941211944283,-0.0019798086884142,-0.00247123993901561,194412619.24440315,234138481.3826779,232102876.82973117
2015-11-09,0.0011359269451968,-0.0059077622261544,-0.00520339330901928,194633457.77708915,232755246.90667617,230895154.2734312
2015-11-10,-0.0015260612439796,0.0015972407970666,0.00128491059296198,194336435.2003938,233127013.08276683,231191833.90302074
2015-11-11,0.0003683896005192,-0.001935967713254,-0.00170553198187668,194408026.7221236,232675686.71235126,230797528.8363504
2015-11-12,0.0014976744710586,-0.0083851735891494,-0.007396888783128601,194699186.6607142,230724660.68929365,229090345.18412697
2015-11-13,0.0002575287291899,-0.0059601640883462,-0.005338394806592589,194749327.29482925,229349503.85235745,227867370.47515553
2015-11-16,-0.0009717778966221,0.009186486234704,0.008170659821571391,194560074.20318213,231456419.91243333,229729197.243744
2015-11-17,0.0013192808175147,-0.000388970917197,-0.00021814574372582996,194816753.5769326,231366390.09648886,229679082.7971557
2015-11-18,0.0001253464105462,0.0096355016441751,0.008684486120812211,194841173.15770775,233595721.32867044,231673727.60394847
2015-11-19,0.0082122892452736,-0.0001741902956539,0.0006644576584388499,196441265.22856727,233555031.2209087,231827664.98651403
2015-11-20,0.0013142922644814,0.0020290083210753,0.0019575367154159103,196699446.46388212,234028916.3226849,232281476.1523743
2015-11-23,-0.0006133380547206,-0.0004430565597757,-0.00046008470927019003,196578803.2080233,233925228.27613094,232174606.99694988
2015-11-24,0.0005918431619894,0.0009104224995548,0.00087856456579826,196695147.02849403,234138199.06716707,232378587.37973553
2015-11-25,-0.0039529996968905,0.0001819347351324,-0.00023155870806988997,195917611.17191058,234180796.93839872,232324778.0942588
2015-11-26,0.0010049157578742,0.0,0.00010049157578741999,196114491.8666223,234180796.93839872,232348124.7773039
2015-11-27,-0.0011803985666154,0.0005800376164739,0.00040399399816497,195882998.60153043,234316630.60967883,232441992.02519888
2015-11-30,-0.0073166295603195,-0.0026387681242485,-0.0031065542678556,194449795.26359844,233698323.35384473,231719898.3628441
2015-12-01,0.0054268327352398,0.0079107698446321,0.00766237613369287,195505041.77789563,235547057.0029734,233495423.38176134
2015-12-02,-0.0001134455753262,-0.0067173542019355,-0.00605696333927457,195482862.59595194,233964803.98986092,232081150.16244966
2015-12-03,0.0042176520131667,-0.0116050168572721,-0.010022749970228222,196307341.28491935,231249638.49555022,229755058.82156843
2015-12-04,0.004785284658112,0.0133714952449022,0.01251287418622318,197246727.79344484,234341791.9370788,232629954.96625102
2015-12-07,-0.0044992020026921,-0.002966892202086,-0.00312012318214661,196359274.9207321,233646525.1019578,231904120.8508991
2015-12-08,-0.0030065918481607,-0.0042014640458908,-0.00408197682611779,195768902.7254447,232664867.6272946,230957493.6037045
2015-12-09,0.0040997836165949,-0.0039937360709038,-0.0031843841021539296,196571512.8654772,231735665.55301943,230222036.2327996
2015-12-10,0.0001537201150481,0.0008508261745931,0.0007811155686385999,196601729.86105007,231932832.32285872,230401866.2495447
2015-12-11,-0.0097276700906331,-0.0093608141934101,-0.009397499783132401,194689253.093714,229761752.1741331,228236664.7614313
2015-12-14,0.0006162569395238,0.0011465144083455,0.00109348866146333,194809231.6969837,230025177.33348745,228486238.96647814
2015-12-15,-0.00225371940494,0.0055830213875461,0.004799347308297491,194370186.35124674,231309412.8182144,229582823.78244492
2015-12-16,-0.0030612548059608,0.0081592443793421,0.007037194460811811,193775169.6841435,233196722.8446403,231198442.7582643
2015-12-17,0.0009361281333454,-0.0079106775236141,-0.00702599695791815,193956568.07202858,231351978.7706528,229574043.2027693
2015-12-18,0.0025837292245169,-0.0098349690169674,-0.00859309919281897,194457699.3252433,229076639.2274293,227601290.6774314
2015-12-21,-0.0085171350787328,0.0047225004068609,0.0033985368583015307,192801476.83299062,230158453.74938318,228374802.05279568
2015-12-22,0.0032954937454309,0.0044430449400818,0.00432828982061671,193436852.89400354,231181058.1027314,229363274.38380614
2015-12-23,0.0028258483777907,0.0069888442259351,0.00657254464112066,193983476.110959,232796746.50579828,230870774.7437273
2015-12-24,0.0015691120374437,-0.0005406445004255,-0.0003296688466385801,194287857.9183899,232670886.225083,230794663.84169498
2015-12-25,0.0,0.0,0.0,194287857.9183899,232670886.225083,230794663.84169498
2015-12-28,-0.0003095095271146,-0.000911228044003,-0.00085105619231416,194227723.97536147,232458869.98853168,230598244.61387944
2015-12-29,0.0010442975880216,0.0046979802345892,0.004332611969932439,194430555.51903585,233550957.16509277,231597337.328739
2015-12-30,1.409151089803995e-05,-0.0041867626966731,-0.0037666772759159866,194433295.33932787,232573134.72986168,230724984.9010602
2015-12-31,-0.0001590685347407,-0.0049504468509995,-0.00447130901937362,194402367.11993343,231421793.78741115,229693342.1950772
2016-01-01,0.0,0.0,0.0,194402367.11993343,231421793.78741115,229693342.1950772
2016-01-04,-0.0040652533557257,-0.0083585189136438,-0.00792919235785199,193612072.24463812,229487450.3470097,227872059.50149456
2016-01-05,-0.0011029849709937,0.0010393368779344,0.0008251046930415899,193398521.03874934,229725965.1171785,228060077.8072023
2016-01-06,-0.0025174274827964,-0.0060040520195312,-0.0056553895658577194,192911654.28675422,228346678.4723779,226770309.22278273
2016-01-07,-0.0014508776363508,-0.0136322801546869,-0.01241413990285329,192631763.08175814,225233792.57905024,223955150.87827778
2016-01-08,-0.0016251264474823,-0.0060551123122286,-0.00561211372575397,192318712.10894883,223869976.6684749,222698289.10208046
2016-01-11,0.0007286402401796,0.0002102181489032,0.00026206035803084,192458843.26153094,223917038.20056516,222756649.4954554
2016-01-12,0.0,0.0060160473629118,0.00541444262662062,192458843.26153094,225264133.7077427,223962752.59384683
2016-01-13,0.0,-0.0141725117793171,-0.01275526060138539,192458843.26153094,222071575.11931205,221106049.31950873
2016-01-14,0.0,0.0094292945400149,0.00848636508601341,192458843.26153094,224165553.4100771,222982435.97676018
2016-01-15,0.0,-0.0113531330171027,-0.01021781971539243,192458843.26153094,221620572.06436002,220704041.6462506
2016-01-18,0.0,0.0,0.0,192458843.26153094,221620572.06436002,220704041.6462506
2016-01-19,0.0,0.0003352653252758,0.00030173879274822,192458843.26153094,221694873.757541,220770636.61733156
2016-01-20,0.0,-0.0056849815371929,-0.00511648338347361,192458843.26153094,220434542.49333906,219641067.32352012
2016-01-21,0.0,0.0024788898718169,0.00223100088463521,192458843.26153094,220980975.4481244,220131086.73902112
2016-01-22,0.0,0.0114761089304384,0.01032849803739456,192458843.26153094,223516977.19392166,222404710.23637462
2016-01-25,0.0022655858645657,-0.0089030642086309,-0.00778619920131124,192894875.29633492,221526991.1942451,220673022.85916427
2016-01-26,0.002710082137377,0.0090787030409254,0.008441840950570562,193417636.25226706,223538168.96284738,222535909.42022297
2016-01-27,0.001129555053531,-0.0064969134519081,-0.00573426660136419,193636112.12073785,222085860.82589775,221259829.18723035
2016-01-28,-0.0021422793496715,0.0036869362586939,0.00310401469785736,193221289.47639093,222904677.23872003,221946622.94907293
2016-01-29,0.0006455488510127,0.0161047216056822,0.01455880433021525,193346023.2578036,226494495.01025406,225177900.4043405
2016-02-01,0.0022804303306177,-0.0010800631694203,-0.0007440138194165001,193786935.393545,226249866.648117,225010364.9346125
2016-02-02,0.0001329304065011,-0.0088794798610725,-0.007978238834315142,193812695.56964147,224240885.51364473,223215178.50296777
2016-02-03,0.0030159165994986,0.0029705371892085,0.00297507513023751,194397218.4954035,224907001.4034041,223879260.4292235
2016-02-04,0.0028355635682591,0.0014354328619109,0.00157544593254572,194948444.16593996,225229840.30409235,224231970.09944806
2016-02-05,0.003853010150659,-0.0108213788114869,-0.009353939915272311,195699582.50016654,222792542.88251105,222134517.72405466
2016-02-08,0.0033726776887676,-0.0058898869581081,-0.00496363049342053,196359614.115766,221480319.9898236,221031924.05823827
2016-02-09,-2.1022005835702465e-05,-0.0003331253187238,-0.00030191498743499024,196355486.24281213,221406539.28763595,220965191.20766348
2016-02-10,0.0016797995172941,0.0005723304279029,0.00068307733684202,196685324.09382087,221533256.98700693,221116127.5220084
2016-02-11,0.0103540163058006,-0.0061900427283402,-0.0045356368249261205,198721807.14659998,220161956.660509,220113225.07143453
2016-02-12,-0.0017506216411325,0.0097243608535289,0.008576862604062761,198373920.45044416,222302890.9732948,222001105.96020934
2016-02-15,-0.0057897202678578,0.0,-0.0005789720267857801,197225390.9425978,222302890.9732948,221872573.52994284
2016-02-16,-0.0018316381377656,0.0095186933057795,0.00838366016142499,196864145.39481163,224418924.01345775,223732677.78555864
2016-02-17,0.0016785511978941,0.0089150582759769,0.008191407568168621,197194591.94188648,226419631.79926977,225565363.33561793
2016-02-18,0.004627637567232,-0.0014363789255707,-0.0008299772762904301,198107137.04361176,226094407.41181782,225378149.2097312
2016-02-19,-0.0008266510679438,0.0001830315533819,8.206329124933002e-05,197943371.5672074,226135789.82241735,225396644.482431
2016-02-22,-0.0037027225301597,0.0083870820378065,0.00717810158100988,197210442.18560973,228032409.2433421,227014564.49254468
2016-02-23,0.003768729884249,-0.0069019670892706,-0.005834897391918639,197953675.0725606,226458537.05945748,225689957.80225956
2016-02-24,0.0003871703957289,0.0027240010509993,0.00249031798547226,198030316.87527445,227075410.3524152,226251997.56331503
2016-02-25,0.0008463886063072,0.0079245470736949,0.00721673122695613,198197927.4791811,228874880.1310315,227884797.4192914
2016-02-26,-0.0019161982626469,-0.0028611945096143,-0.00276669488491756,197818140.95488527,228220024.58061194,227254309.71592098
2016-02-29,0.0024560620658498,-0.0044049457350488,-0.0037188449549589407,198303994.5868215,227214727.75668284,226409186.17274126
2016-03-01,-0.0009938137613646,0.012158663544191,0.01084341581363544,198106917.34806752,229977355.18376136,228864235.12243912
2016-03-02,0.0103613308337722,0.0024608211598668,0.0032508721272573402,200159568.65916964,230543288.32568777,229608243.48532468
2016-03-03,0.0122265574802671,0.0027369016317221,0.0036858672165766,202606831.13060644,231174262.62768888,230454548.982643
2016-03-04,0.0075715701934163,0.0008428554527402,0.00151572692680781,204140882.97417745,231369109.11547783,230803855.14794135
2016-03-07,0.0016817570375213,0.0003348453265517,0.00046953649764866,204484198.34076512,231446581.9803736,230912225.9817313
2016-03-08,-0.0032378719514182,-0.0051989894496189,-0.00500287769979883,203822104.69044933,230243293.64250726,229757000.3557564
2016-03-09,0.007016293357535,0.0021243586892762,0.0026135521561020804,205252180.36970773,230732412.98400432,230357482.25941575
2016-03-10,0.0036959894985788,-0.0005738664719395,-0.00014688087488766996,206010790.2729146,230600003.3882031,230323647.15088457
2016-03-11,0.0041678624947599,0.0089968883614331,0.008513985774765781,206869414.9192089,232674685.87483284,232284619.40631938
2016-03-14,-0.0060629510372506,-0.0004160603723486,-0.0009807494388387999,205615175.78544906,232577879.15839168,232056806.39618573
2016-03-15,-0.0113722745091748,-0.0010093656975774,-0.00204565657873714,203276863.5631647,232343123.0251539,231582097.86354065
2016-03-16,0.0031916436945668,0.0041744261518392,0.00407614790611196,203925650.8830074,233313022.23411012,232526060.74684015
2016-03-17,0.023295879703381,0.0048137084356599,0.0066619255624320115,208676278.31441164,234436123.09738776,234075132.05486116
2016-03-18,-0.0011772231366649,0.0033308143973513,0.0028800106439496797,208430619.77150682,235216986.31145975,234749270.9266631
2016-03-21,-0.0026539926613117,-0.0005431884282864,-0.0007542688515889299,207877446.43624055,235089219.16635898,234572206.86366993
2016-03-22,0.0045149634963427,-0.0006216130534033,-0.00010795539842870005,208816005.5186131,234943084.63901082,234546883.52761766
2016-03-23,-0.019171790170702,-0.0023171782028384,-0.004002639399624761,204812628.8765261,234398679.64437768,233608076.9305508
2016-03-24,-0.004128610823508,-0.0006396986070965,-0.00098858982873765,203967037.24015534,234248735.13550395,233377134.3617863
2016-03-25,4.725431863383811e-05,0.0,4.7254318633838116e-06,203976675.56352386,234248735.13550395,233378237.16953322
2016-03-28,0.0066672673754631,0.0008586860985396,0.00143954422623195,205336642.59786394,234449881.26796526,233714195.46337885
2016-03-29,0.0028503318713407,0.0067544779754768,0.00636406336506319,205921920.17461476,236033467.8273429,235201567.41262257
2016-03-30,0.004146697351348,0.0023694917816948,0.0025472123386601204,206775816.0555873,236592747.1895647,235800675.7472082
2016-03-31,0.005177062097379,-0.000214805582273,0.0003243811856922,207846307.29554328,236541925.74674305,235877165.0499941
2016-04-01,-0.0082455485280054,0.0035097806018628,0.00233424768887598,206132500.48237118,237372136.00925627,236427760.77737063
2016-04-04,-0.0059941877454023,-0.0013937579051451,-0.0018538008891708202,204896903.5740506,237041296.71823218,235989470.78421685
2016-04-05,-0.0046738763669339,-0.0048115860126557,-0.00479781504808352,203939240.7787779,235900752.13052094,234857236.95009905
2016-04-06,0.0003152325159451,0.0059184953249252,0.00535816904402719,204003529.0587485,237296929.62915173,236115641.72689086
2016-04-07,0.0002652528481221,-0.0056112665260446,-0.005023614588627931,204057641.57585832,235965393.31119052,234929487.74450842
2016-04-08,0.012128102422569,0.0009236403874558,0.0020440865909671204,206532473.55299821,236183340.47849464,235409703.96022978
2016-04-11,0.0123488178302183,-0.001601249950957,-0.00020624317283946978,209082905.4449286,235805151.91613656,235361152.31596783
2016-04-12,0.0066792897772314,0.0046573577490999,0.004859550951913051,210479430.75786075,236903380.86769086,236504901.82774827
2016-04-13,-0.0030716135612408,0.0064996602147096,0.00554253283711456,209832919.2839827,238443172.34704676,237815738.01226708
2016-04-14,0.0001862772085679,-0.0003165093842443,-0.00026623072496307997,209872006.3744526,238367702.84538993,237752424.15592843
2016-04-15,-0.0010912987505616,0.0001574268303175,3.2554272229590026e-05,209642973.3161183,238405228.31729895,237760164.01306763
2016-04-18,-0.0012488808693418,0.0035216821917135,0.0030446258856079702,209381154.21735185,239244815.7642754,238484054.76298824
2016-04-19,0.0133815164438242,0.0015419668910092,0.0027259218462907,212182991.57553825,239613723.3490295,239134143.65785867
2016-04-20,0.004232107311478,-0.0010902886958138,-0.00055804909508462,213080972.76555637,239352475.2151002,239000695.0653866
2016-04-21,-0.0021269768074882,-0.0035776531611369,-0.0034325855257720302,212627754.47836697,238496155.07552096,238180304.7388557
2016-04-22,-0.0093988101823392,-0.000286078317378,-0.00119735150387412,210629306.57452777,238427926.49677584,237895119.1927834
2016-04-25,0.0033643669243608,-0.0014073946471909,-0.00093021849003573,211337940.84686816,238092364.30928344,237673824.75422102
2016-04-26,0.006211165174552,0.0005301927093591,0.00109828995587839,212650595.70511776,238218599.1449943,237934859.5287238
2016-04-27,-0.003695174085975,0.0024131745350478,0.0018023396729455203,211864814.73450106,238793462.20222571,238363698.96562916
2016-04-28,0.0109656924656236,-0.0049857774878683,-0.00339063049251911,214188059.13716593,237602891.13412774,237555495.73960665
2016-04-29,0.0099979681110446,-0.0024258284264956,-0.0011834487727415798,216329504.52218583,237026507.286597,237274360.97971562
2016-05-02,-0.0062180122650565,0.003616829671451,0.00263334547780025,214984365.0097733,237883791.79107153,237899186.3451995
2016-05-03,-0.0127615921492376,-0.003711083070188,-0.0046161339780929605,212240822.22505575,237000985.27868357,236801011.82775077
2016-05-04,-0.0013078282777407,-0.0030071293146939,-0.0028371992109985805,211963247.6760589,236288292.66824073,236129160.18382943
2016-05-05,-0.0021529756754105,0.0008810211836447,0.00057762149773918,211506895.9597313,236496467.6595287,236265553.46299472
2016-05-06,0.0010351466388453,0.0014730999924409,0.00142930465708134,211725836.61217663,236844850.60425025,236603248.91886723
2016-05-09,-0.0116837718803993,0.0009584217753819,-0.0003057975901962199,209252080.2360133,237071847.86645645,236530896.21551526
2016-05-10,0.0122152409882228,0.0075220297903076,0.00799135091009912,211808144.82338315,238855109.3685512,238421097.60825366
2016-05-11,0.0080055806732752,-0.0049504554710422,-0.0036548518566104603,213503792.0140235,237672667.78559124,237549703.81700504
2016-05-12,-0.0055827236904758,-0.0008685944045814,-0.0013400073331708401,212311859.3363404,237466226.6362307,237231385.4718977
2016-05-13,-0.0033784190762219,-0.0039997001179982,-0.00393757201382057,211594580.90065035,236516432.9415332,236297269.80766365
2016-05-16,0.0043348288512191,0.0048729551349118,0.00481914250654253,212511807.1947001,237668966.90792665,237436020.0247737
2016-05-17,0.0047360058492482,-0.0055926382765665,-0.004559773863985031,213518264.3566085,236339770.34644532,236353365.4662961
2016-05-18,-0.0097436562846009,-0.002434945610109,-0.0031658166775581902,211437815.77823314,235764295.86014608,235605114.0401059
2016-05-19,-0.0074968017454693,-0.0012041898029622,-0.00183345099721291,209852708.39184865,235480390.89916873,235173143.60882065
2016-05-20,0.0040852615107482,0.0036659295723882,0.0037078627662241997,210710011.58436817,236343645.4278835,236045133.35162368
2016-05-23,-0.0038233616151161,-0.0011576775637968,-0.00142424596892873,209904391.0141558,236070035.69222572,235708947.0219624
2016-05-24,-0.0031501856859541,0.0079211536554385,0.006814019721299241,209243153.2061641,237939982.71838865,237315072.4354567
2016-05-25,-8.613778696750507e-05,0.0038618659796132,0.0034670656029551295,209225129.4640088,238858875.04283857,238137859.36016044
2016-05-26,-0.0004567581929584,0.0011370838554871,0.00097769965064255,209129564.17195332,239130477.6133896,238370686.66206163
2016-05-27,-0.0030203627671667,0.0023741323056649,0.0018346827983817396,208497917.02281454,239698205.00556067,238808021.26051894
2016-05-30,-0.0001403153687393,0.0,-1.4031536873930002e-05,208468661.56070614,239698205.00556067,238804670.41696286
2016-05-31,0.0015217894576554,-0.0003736012953799,-0.00018406222007637,208785906.97212073,239608653.44567037,238760715.4991613
2016-06-01,0.0010654638631823,0.0005599898529478,0.00061053725397125,209008360.8111413,239742831.86027843,238906487.81075838
2016-06-02,0.002962909225333,0.002608488927704,0.0026439309574669,209627633.61156034,240368198.38268238,239538140.06982094
2016-06-03,0.0112386289278208,0.0006854598394773,0.00174077674831165,211983560.79873782,240532961.12936118,239955122.49438834
2016-06-06,0.0052511120605045,0.002553575408321,0.0028233290735393502,213096710.23147678,241147180.18379176,240632594.7680714
2016-06-07,0.0039025916648385,0.001079955308806,0.0013622189444092501,213928339.67663068,241407608.3612348,240960389.04730687
2016-06-08,0.0098953330558885,0.0023193998880882,0.00307699320486823,216045231.8478242,241967529.1410515,241701822.52704784
2016-06-09,0.0005950581557833,-0.0003059076531498,-0.00021581107225649,216173791.3250533,241893509.4220735,241649660.5975619
2016-06-10,-0.0052684411267582,-0.0045859208603755,-0.00465417288701377,215034892.43230915,240784204.9312254,240524981.29905266
2016-06-13,-0.0010038065090781,-0.0040816878593813,-0.00377389972435098,214819039.00760671,239801398.96522683,239617264.13842866
2016-06-14,-0.0029351816387041,-0.0008965812342083,-0.00110044127465788,214188506.10866752,239586397.53097773,239353579.4108501
2016-06-15,-0.0002174015165559,-0.0005932106199663,-0.00055562970962526,214141941.20261064,239444272.33556288,239220587.4510243
2016-06-16,-0.0049984030519797,0.0026781139431141,0.0019104622436047199,213071573.47014666,240085531.37990355,239677609.35124245
2016-06-17,0.0091238134621987,-0.0030308471935611,-0.0018153811279851204,215015598.76058546,239357868.82090616,239242503.14242563
2016-06-20,0.005716297096678,0.0024869373633362,0.00280987333667038,216244691.80352107,239953136.8480854,239914744.27300382
2016-06-21,-0.0035912914954739,0.0011075526000708,0.00063766819051633,215468094.08090574,240218897.56869662,240067730.27386257
2016-06-22,-0.0015576511871593,-0.0008111623421515,-0.00088581122665228,215132469.94836566,240024041.0451157,239855075.58322904
2016-06-23,0.0014860292733009,0.0067272975015966,0.0062031706787670305,215452163.0963465,241638754.17676163,241342937.55524036
2016-06-24,0.0074889079539224,-0.0179657294059918,-0.01542026567000038,217065664.51424855,237297537.70522097,237621365.34056023
2016-06-27,-0.0014425404704355,-0.007987167623205,-0.00733270490792805,216752538.5084448,235402202.4949956,235878957.98869893
2016-06-28,0.0080543189952154,0.01078124255424,0.01050855019833754,218498332.5966145,237940130.73789647,238357703.85945475
2016-06-29,0.0110459538256728,0.0100322818276229,0.01013364902742789,220911855.08946323,240327213.18756044,240773137.17335004
2016-06-30,0.0023262515632581,0.0078396489361615,0.007288309198871161,221425751.63770735,242211294.16875696,242527966.24385163
2016-07-01,0.003485094144678,0.0021123532298472,0.00224962732133028,222197441.22822082,242722929.9782998,243073563.7829005
2016-07-04,0.0005344088235602,0.0,5.344088235602e-05,222316185.5013857,242722929.9782998,243086553.84862646
2016-07-05,-0.0083251695411632,-0.0017239091206715,-0.00238403516272067,220465365.56534195,242304497.70551407,242507026.95666674
2016-07-06,-0.001294589988584,0.0029264925108526,0.00250438426090894,220179953.31025153,243013600.00339517,243114357.73813686
2016-07-07,-0.0067171295402673,-0.0003006148222516,-0.0009422662940531701,218700976.04169655,242940546.5132254,242885279.27323985
2016-07-08,0.006576810117735,0.0095922250104533,0.009290683521181472,220139330.83368614,245270886.89954275,245141849.53492126
2016-07-11,-0.0028823820124748,0.000649114182414,0.00029596456292512,219504805.1862529,245430095.7107625,245214402.8352735
2016-07-12,0.0046471179662466,0.0024887096599398,0.0027045504905704796,220524869.9101114,246040899.96079785,245877597.5687566
2016-07-13,-0.0005520738715531,0.001179233991831,0.00100610320549259,220403123.89140636,246331039.75341234,246124975.80782935
2016-07-14,0.0043144697695467,0.0017666780280787,0.0020214572022255,221354046.5065495,246766227.38897848,246622506.91282365
2016-07-15,-0.0055849040532122,-0.0018678738543344,-0.00223957687422218,220117805.39502016,246305299.2047059,246070176.849679
2016-07-18,-0.0015367835602453,0.0016686009580227,0.0013480625061959,219779531.97037184,246716284.46292493,246401894.82898304
2016-07-19,-0.0058997554283379,-0.0002724574555786,-0.0008351872528545301,218482886.48359206,246649064.77181035,246196103.1073427
2016-07-20,-0.0017187280984259,0.0020672376407116,0.00168864106679785,218107373.80756754,247158947.00255296,246611839.95753536
2016-07-21,0.0018074897278449,-0.0017978499885714,-0.0014373160169297702,218501600.64529192,246714592.2925091,246257380.80999988
2016-07-22,-0.0061823039718851,0.0026814441129868,0.0017950693044996098,217150757.33175924,247376143.68359977,246699429.87529838
2016-07-25,-0.0031972792694207,-0.0019532805089032,-0.00207768038495495,216456465.71700343,246892948.68377495,246186867.30886692
2016-07-26,0.0025697586811601,0.0004163546213288,0.0006316950273119301,217012706.59887296,246995743.7039329,246342382.32873544
2016-07-27,0.0002283382875139,0.0004940106183334,0.00046744338525145,217062258.9086665,247117762.22400582,246457533.44586208
2016-07-28,0.0025330239515696,0.0011081586380773,0.00125064516942653,217612082.80946395,247391607.90683666,246765764.3695349
2016-07-29,0.0091852470949637,0.0022748942836038,0.00296592956473979,219610903.56091857,247954397.66147545,247497654.2456441
2016-08-01,-0.0033644855310388,-0.0016763064740676,-0.0018451243797647202,218872025.8534295,247538750.099402,247040990.28986087
2016-08-02,0.004694747736169,-0.0046201919101935,-0.00368869794555725,219899574.80131558,246395073.56873333,246129730.69651023
2016-08-03,-0.0033733307307409,0.0020252567350787,0.0014853979884967403,219157780.80796143,246894086.85096863,246495331.3033961
2016-08-04,0.006453871665826,0.0012366768976589,0.00175839637447561,220572196.99986327,247199415.0643458,246928767.80028516
2016-08-05,-0.0028604381205305,0.0032701182607583,0.00265706262262942,219941263.87923568,248007786.38559654,247584872.99965927
2016-08-08,0.002482412304352,-0.000431778999122,-0.0001403598687746,220487248.7789243,247900701.83181652,247550122.01937446
2016-08-09,0.0049065948531737,0.0011732482109109,0.00154658287513718,221569090.37897336,248191550.88672423,247932978.7988277
2016-08-10,0.0031516820896372,-0.0006630019039266,-0.00028153350457021996,222267405.71273798,248026999.41594785,247863177.35840794
2016-08-11,-0.001174908572243,0.0012462231699457,0.00100410999572683,222006261.83243588,248336096.40939215,248112059.2523661
2016-08-12,-0.0030996043049655,0.0008137840063133,0.00042244517518542,221318130.26753077,248538188.3528404,248216872.9947026
2016-08-15,7.512851588750702e-05,0.0009204489900182,0.0008359169426051307,221334757.57019675,248766955.07729077,248424361.68427935
2016-08-16,-0.0003020314095835,-0.0037581306439952,-0.00341252072055403,221267907.521378,247832056.3602014,247576608.40254134
2016-08-17,-0.003622451018734,0.001708322563859,0.0011752452055997,220466375.36436403,248255433.4541291,247867571.62458506
2016-08-18,0.0018266590428256,0.0019553199382157,0.00194245384867669,220869092.26256233,248740852.2529323,248349042.9430494
2016-08-19,-0.003782923104267,-0.0017822344069773,-0.00198230327670627,220033561.47042382,248297537.74762627,247856739.82145652
2016-08-22,0.0008382017136423,0.0007159238486779,0.00072815163517434,220217993.97870713,248475299.8764678,248037217.11184648
2016-08-23,0.0009636642615647,0.0010584556542866,0.00104897651501441,220430210.1892579,248738299.9625726,248297402.3274463
2016-08-24,-0.0056211194633697,-0.0032183846083535,-0.0034586580938551197,219191145.64444837,247937764.44646502,247438626.50720328
2016-08-25,-0.0006369825554852,-0.0013084574883317,-0.0012413099950470499,219051524.70835602,247613348.4219348,247131478.4669592
2016-08-26,0.0038859765108361,-0.0023387271067493,-0.00171625674499076,219902753.78803554,247034248.3719875,246707337.40014073
2016-08-29,-0.0060257631818128,0.0049462849326967,0.0038490801212457504,218577671.87068036,248256150.1525699,247656933.70829308
2016-08-30,-0.0046714664449727,-0.001330258756858,-0.00166437952566947,217556593.6109162,247925905.23488557,247244738.5784389
2016-08-31,0.0016650923972898,-0.0011951928743357,-0.0009091643471731501,217918845.440918,247629585.9595856,247019952.47709724
2016-09-01,0.0007274511534645,-2.819850249742295e-05,4.736646309876934e-05,218077370.75639567,247622603.1760875,247031652.9385609
2016-09-02,0.0027928719394209,0.0018861138096815,0.00197678962265544,218686432.92580384,248089647.58752722,247519982.54655728
2016-09-05,-0.000475573011855,0.0,-4.755730118550001e-05,218582431.5602455,248089647.58752722,247508211.1641979
2016-09-06,0.0104257530467894,0.0031691804957592,0.00389483775086222,220861318.01205936,248875888.45986137,248472215.48868862
2016-09-07,-0.000857554339064,8.816215486375789e-05,-6.409494529017914e-06,220671917.4304667,248897829.89448163,248470622.90738285
2016-09-08,0.002907039937434,-0.0031994415586914,-0.00258879340907886,221313419.50750723,248101495.8336491,247827383.79645047
2016-09-09,-0.0113601660579045,-0.016032929351486,-0.01556565302212785,218799262.3110593,244123702.07895023,243969788.7308932
2016-09-12,-0.0032365663417866,0.0090897133627891,0.007857085392331532,218091103.9830556,246342716.5559108,245886680.19410086
2016-09-13,-0.0029652924758859,-0.0101896597748985,-0.00946722304499724,217444400.07335696,243832568.08618182,243558816.14890942
2016-09-14,-0.0034638363892229,0.0007251428054515,0.00030624488598405994,216691208.24775013,244009381.5186643,243633404.79079136
2016-09-15,0.0012180317864138,0.005951060891111,0.00547775798064128,216955145.02723232,245461496.20608425,244967969.61823493
2016-09-16,0.001868298994773,-0.0022865354803378,-0.00187105203282672,217360482.10659754,244900239.78595224,244509621.80070332
2016-09-19,0.005630548943816,0.0001522161039292,0.00070004938791788,218584340.93955016,244937517.54630378,244680790.61178493
2016-09-20,-0.0002216975579207,0.0004038040462875,0.00034125388586668,218535881.32496417,245036424.30697656,244764288.88237813
2016-09-21,0.0006030322368802,0.0069623490760781,0.00632641739215831,218667665.50631812,246742453.4293557,246312769.93654284
2016-09-22,0.0,0.0047778006529266,0.0043000205876339405,218667665.50631812,247921339.68445525,247371919.91826713
2016-09-23,0.0,-0.0030156936451826,-0.00271412428066434,218667665.50631812,247173684.87586367,246700521.78406242
2016-09-26,0.0,-0.0045676533276437,-0.0041108879948793305,218667665.50631812,246044681.17163444,245686363.57072982
2016-09-27,0.0,0.0047427379636888,0.0042684641673199205,218667665.50631812,247211606.62179086,246735067.0100306
2016-09-28,0.0,0.0030970528908801,0.00278734760179209,218667665.50631812,247977234.04273796,247422803.40733904
2016-09-29,0.000449909132816,-0.0051860278422694,-0.00462243414476086,218766046.086081,246691217.20274338,246279107.7926765
2016-09-30,-0.0004507211538461,0.0035658552203198,0.0031641975829032097,218667443.60136673,247570882.3674128,247058383.5502737
2016-10-03,0.0003203539091735,-0.0022368862002867,-0.00198116218934068,218737494.5717334,247017094.4770523,246568920.82222423
2016-10-04,-0.0004275252580331,-0.004292695517586,-0.00390617849163071,218643978.76792508,245956725.30282354,245605778.60700387
2016-10-05,-0.0015933073121187,0.0020655513835639,0.00169966551399564,218295611.71780342,246464761.55706966,246023226.27894023
2016-10-06,-0.0010287057028092,-0.000283586814628,-0.00035809870344612,218071049.77713108,246394867.40042162,245935125.6805921
2016-10-07,0.0,-0.0019348901277364,-0.00174140111496276,218071049.77713108,245918120.40396363,245506853.97852337
2016-10-10,0.0044118344039159,0.0027639914555996,0.00292877575043123,219033143.1370359,246597835.98753732,246225888.4990203
2016-10-11,-0.0040669782885832,-0.0079557180865562,-0.0075668441067589,218142340.09941745,244635973.12366566,244362735.58570006
2016-10-12,-0.000726306741521,0.0003969142833828,0.00028459218089242,217983901.84719208,244733072.63562775,244432279.30954924
2016-10-13,0.0012389225473112,-0.0008664870214881,-0.0006559460646081701,218253967.01814145,244521014.60446006,244271944.91787297
2016-10-14,0.0044171906353306,-0.0011537017120622,-0.00059661247732292,219218036.39737773,244238910.29127574,244126209.22767502
2016-10-17,-0.0005202936766064,-0.0010152437393691,-0.0009657487330928301,219103978.63924208,243990948.26669216,243890444.6503986
2016-10-18,0.0032611279048044,0.0040934794032433,0.0040102442533994104,219818504.7380362,244989720.18799967,244868504.9045169
2016-10-19,0.0029808974482971,0.0013929523612307,0.0015517468699373402,220473761.15789828,245330979.1972128,245248478.84054872
2016-10-20,-0.0039935437523678,-0.0006616225218391,-0.00099481464489197,219593289.54646513,245168662.69607106,245004502.0621607
2016-10-21,-0.0001170914618659,4.69514206390409e-05,3.054713238854681e-05,219567577.0471762,245180173.71308076,245011986.24712095
2016-10-24,0.0025944753571514,0.0024004265796325,0.0024198314573843902,220137239.71505454,245768710.71886054,245604873.958878
2016-10-25,0.0011194033457972,-0.0020943143718949,-0.00177294260012569,220383662.07772616,245253993.77583995,245169430.61503777
2016-10-26,0.000302348949893,-0.0017050234620294,-0.00150428622083716,220450294.84652892,244835829.96229574,244800625.61879307
2016-10-27,-0.0029180299439916,-0.0029535853006783,-0.00295002976500963,219807014.28500494,244112686.4538397,244078456.48672464
2016-10-28,-0.0029330607281791,-0.001809853457618,-0.0019221741846741102,219162306.9636273,243670878.2642128,243609295.1786308
2016-10-31,-0.0012897631811419,0.0004521579460512,0.00027796583333188996,218879639.4894115,243781055.98804125,243677010.23937252
2016-11-01,-0.0042573306836864,-0.0035723228180627,-0.0036408236046250697,217947796.48417905,242910191.35912374,242789825.22858855
2016-11-02,-0.0016157290575524,-0.0034718749406043,-0.00328626035229911,217595651.89637002,242066837.5529266,241991954.65199822
2016-11-03,-0.0005197655331147,-0.0028099982163832,-0.00258097494805635,217482553.17635867,241386630.17115736,241367379.47941023
2016-11-04,-0.0015133246178259,-0.0003487605945094,-0.00046521699684105,217153431.47468925,241302444.02651227,241255091.27199343
2016-11-07,0.0054278112629488,0.0124649873324954,0.01176126972554074,218332099.31583557,244310275.93460292,244092557.4731033
2016-11-08,0.0015070242081992,0.0017327085446904,0.00171014011104128,218661131.07493147,244733594.43727046,244509989.94644472
2016-11-09,-0.0046338454013601,0.0021414607844401,0.0014639301658600802,217647889.1982437,245257681.83239296,244867935.49658147
2016-11-10,-0.0131827103490225,5.601972931787978e-05,-0.0012678532785161583,214778700.1168671,245271421.1013423,244557478.88175866
2016-11-11,-0.0132043378552924,-0.0008383662754936,-0.00207496343347348,211942689.59640348,245065793.81354854,244050031.05569655
2016-11-14,0.0011340124913257,-0.0021409058758528,-0.0018134140391349498,212183035.25385097,244541131.0156026,243607467.30312887
2016-11-15,0.0034090441257154,0.004336189814039,0.004243475245206641,212906376.58375955,245601507.77702603,244641209.56017718
2016-11-16,0.0007393857490457,-0.0002539188722891,-0.00015458841015562002,213063796.5244865,245539144.91913876,244603390.86453274
2016-11-17,5.647635845273946e-05,0.0017246119624606,0.0015577984020598138,213075829.59183234,245962604.66571867,244984433.6359599
2016-11-18,-0.0042081991190469,-0.0023574807455349,-0.0025425525828861,212179164.07345378,245382752.5610976,244361547.8314519
2016-11-21,0.0007895900642482,0.004434805124559,0.00407028361852792,212346698.6332467,246470977.24963397,245356168.63658842
2016-11-22,0.0,0.0015609605759983,0.00140486451839847,212346698.6332467,246855708.72824845,245700860.81227615
2016-11-23,0.0,-0.0002685289491381,-0.00024167605422429,212346698.6332467,246789420.82419494,245641480.7977155
2016-11-24,0.0,0.0,0.0,212346698.6332467,246789420.82419494,245641480.7977155
2016-11-25,0.0,0.0022993860229018,0.00206944742061162,212346698.6332467,247356884.9690381,246149822.92654753
2016-11-28,0.0,-0.0020626087071211,-0.00185634783640899,212346698.6332467,246846684.50433463,245692883.2353254
2016-11-29,0.0,0.0014885422707369,0.0013396880436632099,212346698.6332467,247214126.22861058,246022035.0534089
2016-11-30,0.0,-0.0027867250372138,-0.00250805253349242,212346698.6332467,246525208.4334964,245404998.86509824
2016-12-01,0.0,-0.0036671803340132,-0.00330046230061188,212346698.6332467,245621156.03729054,244595048.91796228
2016-12-02,0.0,0.0014141774801862,0.00127275973216758,212346698.6332467,245968507.94481578,244906359.64691263
2016-12-05,0.0,0.0035758741976042,0.00321828677784378,212346698.6332467,246848060.38579884,245694538.54597417
2016-12-06,0.0,0.0018326563401031,0.00164939070609279,212346698.6332467,247300448.048707,246099784.83438963
2016-12-07,0.0,0.0090597219972102,0.00815374979748918,212346698.6332467,249540921.35781384,248106420.9051452
2016-12-08,0.0,0.000504078125735,0.0004536703131615,212346698.6332467,249666709.47774604,248218979.42281464
2016-12-09,0.0016473269906961,0.0021027798618545,0.00205723457473866,212696503.08129045,250191703.60661134,248729624.08938962
2016-12-12,9.359779721840322e-05,-0.0006645164082133,-0.0005887049876701297,212716411.00545496,250025447.1143659,248583195.71910688
2016-12-13,-0.0007192992205371,0.003941042547887,0.0034750083710445904,212563404.25682327,251010808.03949812,249447024.4051318
2016-12-14,-0.0008407982493653,-0.0057843649776818,-0.00529000830485015,212384681.318645,249558869.91245487,248127447.5744085
2016-12-15,-0.0022570175528691,0.0016049852631239,0.0012187849815246,211905325.36494833,249959408.2209462,248429861.58101624
2016-12-16,0.0008570793545504,-0.0014593427078758,-0.00122770050163318,212086945.04443792,249594631.781294,248124864.11533254
2016-12-19,-0.001619931759729,0.0024410372957237,0.00203494039017843,211743378.66633654,250203901.58628455,248629783.4231284
2016-12-20,-0.001189228901439,0.0017539129903024,0.00145959880112826,211491567.32073817,250642737.4595011,248992683.1569376
2016-12-21,0.0007146844884159,-0.0008613399681363,-0.0007037375224810801,211642717.06333303,250426848.85200414,248817457.66297683
2016-12-22,-0.0002103510055183,-0.0011438979732565,-0.00105054327648268,211598197.80498818,250140386.0871533,248556064.15575746
2016-12-23,-0.0001143859933627,0.0011090162247971,0.00098667600298112,211573993.9349385,250417795.83380097,248801308.45965537
2016-12-26,0.0,0.0,0.0,211573993.9349385,250417795.83380097,248801308.45965537
2016-12-27,0.003788633808856,0.0008224483678572,0.00111906691195708,212375570.3214351,250623751.54126686,249079733.77160424
2016-12-28,0.0004386480621287,-0.0036871345525516,-0.0032745562910835697,212468728.45380008,249699668.04726896,248264108.16240102
2016-12-29,-0.0002427284040094,0.0004760553457,0.00040417697072906,212417156.25844058,249818538.90906236,248364450.79757884
2016-12-30,-0.0004357387939845,-0.0018717686894255,-0.0017281656998814,212324597.86295092,249350936.38989434,247935235.87264058
2017-01-02,0.0,0.0,0.0,212324597.86295092,249350936.38989434,247935235.87264058
2017-01-03,-0.0041338911082061,0.0049415603489362,0.00403401520322197,211446871.09579185,250583119.09012878,248935410.38356522
2017-01-04,0.0032082451755777,0.0035879624961771,0.00354999076411716,212125244.49987593,251482201.9235993,249819128.79128858
2017-01-05,0.0010255610185862,0.0015435131811045,0.00149171796485267,212342791.8816931,251870368.01708156,250191788.47367036
2017-01-06,-0.0004629872934122,0.0011698900320521,0.00100660229950567,212244479.86720422,252165028.64999405,250443632.1032654
2017-01-09,-0.0018798958469304,-0.0011342059899368,-0.00120877497563616,211845482.35096794,251879021.5640466,250140902.10797152
2017-01-10,0.0024991857699975,-3.615240133489906e-05,0.00021738141579834088,212374923.56589773,251869915.53257117,250195278.0914208
2017-01-11,-0.0018625186373896,0.0020167320490748,0.00162880698042836,211979371.31264207,252377869.66342345,250602797.90684637
2017-01-12,0.0074176969746401,-0.0012004809762591,-0.0003386631811691799,213551770.05391392,252074894.83206367,250517927.96609735
2017-01-13,-0.0024361771222613,0.0007396984404843,0.00042211088420974,213031520.1172902,252261354.23865622,250623674.3101815
2017-01-16,-0.0009854776862201,0.0,-9.854776862201001e-05,212821582.30775306,252261354.23865622,250598975.9063144
2017-01-17,0.0022214501543608,-0.0004590383103584,-0.00019098946388647998,213294354.84462193,252145556.61283776,250551114.1422555
2017-01-18,-0.0017189028904257,-0.0001833814613073,-0.00033693360421914,212927722.561568,252099317.79220396,250466695.05232644
2017-01-19,0.0001203635269562,-0.0034714232308222,-0.00311224455504436,212953351.29324228,251224174.36394566,249687181.44442987
2017-01-20,0.0021893459727646,0.002097870135507,0.0021070177192327602,213419579.85528287,251751210.0566612,250213276.7599986
2017-01-23,0.0026930355554664,-5.068285120042289e-05,0.00022368898946625943,213994326.37206587,251738450.58754236,250269246.71502808
2017-01-24,0.000475937502447,0.0023885373529124,0.00219727736786586,214096174.29729724,252339737.279935,250819157.6667078
2017-01-25,-0.0010190219165973,0.0037041309513016,0.0032318156645117103,213878005.60342866,253274436.71103692,251629758.9494147
2017-01-26,-0.0020695976119442,6.751449277266904e-05,-0.00014619671769901789,213435364.19378442,253291536.40616378,251592971.50458091
2017-01-27,0.0024904927118805,0.0001070773266008,0.00034541886512876995,213966923.4127666,253318658.18673274,251679876.46327242
2017-01-30,0.0005513517206559,-0.0036489228032474,-0.0032288953508570702,214084894.4441537,252394317.95838714,250867228.4802559
2017-01-31,0.004648308481769,0.0001221224805251,0.00057474108064949,215080027.0748171,252425140.97856662,251011412.1822522
2017-02-01,0.0005409892261136,-0.0001583818593382,-8.844475079301998e-05,215196383.05221677,252385161.41539472,250989211.54045555
2017-02-02,0.00718811072015,0.0004953873970276,0.00116465972933984,216743238.48017192,252510189.8435567,251281528.56763545
2017-02-03,0.0011798821954975,0.0039255565480635,0.0036509891128069004,216998969.96824917,253501432.87274984,252198954.69268537
2017-02-06,0.0006414445812476,0.0005015370941785,0.00051552784288541,217138162.7816716,253628573.24476296,252328970.27577606
2017-02-07,-0.0013027621497711,0.0006365415273607,0.00044261115964752,216855283.40192884,253790018.36415845,252440653.8939225
2017-02-08,0.0044021379944697,0.00159517887587,0.00187587478772997,217809910.28429395,254194858.84035963,252914200.95196018
2017-02-09,-0.0029675616707196,0.0023798713028336,0.0018451280054782803,217163545.9430314,254799809.89024162,253380860.02711982
2017-02-10,0.0054850278008229,0.0018768712092091,0.00223768686837048,218354694.02985424,255278036.3175366,253947847.0502989
2017-02-13,-0.0046323655461072,0.0028406980814593,0.00209339171870265,217343195.26839957,256003204.14554253,254479459.37029636
2017-02-14,-0.0002266190054272,0.0016915069584803,0.0014996943620895502,217293941.16965145,256436235.34674793,254861100.7807816
2017-02-15,0.0089080283672872,0.0023015803178383,0.0029622251227831905,219229601.76163033,257026443.93880257,255616056.7363346
2017-02-16,0.0005074968275246,0.0007610918724032,0.00073573236791534,219340860.08902383,257222064.6762771,255804121.74303436
2017-02-17,-0.0062300619816448,0.0016113982542731,0.0008272522306813101,217974352.93556195,257636551.86225697,256015736.2733638
2017-02-20,0.0027024762904796,0.0,0.00027024762904796003,218563423.45630297,257636551.86225697,256084923.91909063
2017-02-21,-0.0025651830736049,0.0036370830909321,0.0030168564744784,218002768.26194373,258573597.40864122,256857495.37983224
2017-02-22,0.0014562548392999,-0.0004570306493146,-0.00026570210045315007,218320235.84820595,258455421.34952196,256789247.80379266
2017-02-23,0.0046744659549389,0.0009211865987585,0.00129651453437654,219340766.35795265,258693507.02004558,257122178.79584193
2017-02-24,-0.0021133973124921,0.0026472997595119,0.0021712300523115,218877212.1718118,259378346.27896702,257680450.19755933
2017-02-27,-0.0017831469725347,-0.0003702571304353,-0.00051154611464524,218486921.93357083,259282309.59677672,257548634.76444072
2017-02-28,0.0009846939214206,-0.0014161256259631,-0.00117604367122473,218702064.6775087,258915133.27379784,257245746.32249343
2017-03-01,-0.0003607078139488,0.0057993959195778,0.00518338554622514,218623177.1338528,260416684.64122286,258579150.20580932
2017-03-02,-0.0100896241119212,-0.0040291528345917,-0.00463519996232465,216417351.45441827,259367426.0181257,257380584.1385174
2017-03-03,-0.0011830530105956,0.0004885527489789,0.00032139217302145,216161318.25523496,259494140.68710244,257463304.2437472
2017-03-06,0.0010359892029803,-0.0019938771873149,-0.00169089054828538,216385259.04704937,258976741.2397445,257027961.97607115
2017-03-07,-0.0039671503486202,-0.0021285229590292,-0.0023123856979883,215526826.19118458,258425503.30016115,256433614.19281462
2017-03-08,-0.0083947663370284,-0.0020455968512487,-0.00268051379982667,213717528.84594825,257896868.90432796,255746240.35123134
2017-03-09,-0.0077126610891927,-0.0003814696442754,-0.00111458878876713,212069197.9771397,257798489.0774873,255461188.4589665
2017-03-10,0.0042883873434338,0.0023206279685889,0.00251740390607339,212978632.84167704,258396743.46150047,256104287.45264328
2017-03-13,0.0016214382459696,-1.7420134034384915e-05,0.00014646570396601358,213323964.54254085,258392242.1555953,256141797.94739375
2017-03-14,-0.0019251178813089,-0.00166759241036,-0.00169334495745489,212913290.7638883,257961349.21368074,255708061.52544612
2017-03-15,0.0051225160075983,0.0070700676418957,0.00687531247846596,214003942.50405675,259785153.4016162,257466134.35169637
2017-03-16,0.0072393321026326,-0.0013911597639846,-0.0005281105773228802,215553188.1151163,259423750.7489233,257330163.7628428
2017-03-17,0.002592315325549,-0.0003165803486927,-2.569078126852994e-05,216111969.94813806,259341622.287452,257323552.7498918
2017-03-20,0.004466675659517,-0.0005378873798048,-3.743107587262008e-05,217077272.0240357,259202125.7017655,257313920.85246497
2017-03-21,0.0012243739653273,-0.0065034761324229,-0.00573069112264788,217343055.78436622,257516410.8637908,255839334.25050205
2017-03-22,-0.0006414998787003,0.001980643453968,0.0017184291207011702,217203630.24044418,258026459.0572575,256278976.0126989
2017-03-23,-0.0056090022597439,-0.000921598498104,-0.0013903388742679901,215985334.58760098,257788662.26011923,255922661.38969088
2017-03-24,0.0006303983371076,-5.944637804566877e-05,9.53809346965811e-06,216121491.38336462,257773337.65784666,255925102.4039562
2017-03-27,0.0012647587149255,-0.0001186385243232,1.9701199601669997e-05,216394832.92307445,257742755.80945706,255930144.43548176
2017-03-28,-0.000174640074578,0.0035057878678356,0.00313774507359424,216357041.71331444,258646347.23579636,256733187.98536843
2017-03-29,0.0022520309632366,0.0013418545347934,0.00143287217763772,216844284.47036707,258993413.00974247,257101053.82750893
2017-03-30,-0.0017676913291551,0.001164038896448,0.00087086587388769,216460970.70893195,259294891.4164096,257324954.36142787
2017-03-31,-0.0041070140073608,-0.0008486213928539,-0.0011744606543045901,215571962.47018346,259074848.22449592,257022736.32715964
2017-04-03,0.0047049834829285,0.0001015839523295,0.0005619239053894,216586224.99298814,259101166.07152772,257167163.54693046
2017-04-04,-0.0013637450585015,0.0003482020452857,0.00017700733490697996,216290856.59891447,259191385.62748972,257212684.02117547
2017-04-05,0.0031063808163276,-0.0018493055096616,-0.00135373687706268,216962738.3666004,258712061.569992,256864485.72556776
2017-04-06,-0.0035817459561817,0.0016260724860952,0.00110529064186751,216185632.95581374,259132746.13513196,257148395.63786834
2017-04-07,-0.0015984404760779,-0.0011611979120297,-0.00120492216843452,215840073.08975065,258831841.7313813,256838551.83538693
2017-04-10,-0.0017434431141649,0.0007955916535827,0.00054168817680794,215463768.20056146,259037766.1843442,256977678.24226463
2017-04-11,0.0030002260569307,0.0006904983820749,0.00092147114956048,216110208.21224126,259216631.34279072,257214475.7588459
2017-04-12,0.0032996887729301,-0.0021943561410463,-0.0016449516496486597,216823304.63999477,258647817.73594233,256791370.38263285
2017-04-13,0.002109763935823,-0.0027434015394711,-0.0022580849919416903,217280750.6285702,257938242.91458473,256211513.6431117
2017-04-14,-0.0004328685011491,0.0,-4.3286850114910005e-05,217186696.63571703,257938242.91458473,256200423.05372292
2017-04-17,0.001377798455325,0.0047692248434737,0.00443008220465883,217485936.13085884,259168408.3907749,257335411.98871928
2017-04-18,0.0009827120517471,-9.056794990900383e-05,1.6760050256606557e-05,217699662.18138018,259144936.03934577,257339724.943157
2017-04-19,-0.0018511195881404,-0.001408079191613,-0.00145238323126574,217296674.07238466,258780039.44729686,256965969.041911
2017-04-20,0.0003300239804407,0.0037564328531203,0.00341379196585234,217368387.18569854,259752129.28920847,257843197.40252376
2017-04-21,0.0004953584522973,-0.0016821220621574,-0.0014643740107119299,217476062.45355323,259315194.50183874,257465618.52540863
2017-04-24,-0.0015824016692099,0.0057470924622069,0.00501414304906522,217131927.96931353,260805502.90149596,258756587.96691105
2017-04-25,-0.0023857840179893,0.002493955928139,0.00200598193352617,216613898.08576918,261455940.3315484,259275649.00755352
2017-04-26,0.0010066211544698,5.1912318805591505e-05,0.00014738320237201236,216831946.21793446,261469513.11567652,259313861.88300133
2017-04-27,-0.0009690991317502,0.0006930745717919,0.0005268572014376899,216621814.5671189,261650730.9865158,259450483.25856698
2017-04-28,0.0007869967570988,-0.0009132744735318,-0.00074324735046874,216792295.23270008,261411772.05292484,259257647.37430722
2017-05-01,-0.0023062730627306,7.230861181546362e-05,-0.00016554955563914274,216292313.00199735,261430674.37527424,259214727.38598835
2017-05-02,3.581148832548786e-05,0.0014605063787357,0.001318036889694679,216300058.7516393,261812495.54279652,259556381.95903522
2017-05-03,-0.0036980012094592,-0.0007393454578114,-0.00103521103297618,215500180.87276968,261618925.66341868,259287686.32875183
2017-05-04,-0.0020211279549657,-0.0005905831196272,-0.0007336376031610501,215064627.43290755,261464417.94214687,259097463.1320244
2017-05-05,-3.053348097969977e-05,0.0025785897285958,0.00231767740763825,215058060.7611964,262138627.40464574,259697967.46870193
2017-05-08,-0.0003623748992271,-0.0003476763850021,-0.0003491462364246,214980129.11810008,262047487.99430028,259607294.9007531
2017-05-09,-0.0010193846178938,-0.0012161419433413,-0.0011964662107965501,214760981.68132424,261728801.0530032,259296683.5443281
2017-05-10,-0.0004360357999721,0.0008583724182349,0.0007289315964142,214667338.20487404,261953461.8368848,259485693.08980897
2017-05-11,0.0012181117217619,-0.0008864427084208,-0.0006759872654025299,214928827.00582084,261721255.1006939,259310284.0657261
2017-05-12,0.0006918141448442,0.0004989067263303,0.00051819746818169,215077517.80847824,261851829.59528726,259444657.99840245
2017-05-15,0.0004863932010777,0.0028345804934378,0.0025997617642017903,215182130.0508449,262594069.6836291,260119152.30019307
2017-05-16,0.0013040087096407,-1.5912635091575012e-05,0.00011607949938165251,215462729.4225903,262589891.120021,260149346.8011717
2017-05-17,0.0048737512527884,-0.0083971880419775,-0.0070700941125009095,216512841.1700428,260384874.42636377,258310066.43598178
2017-05-18,-0.0028322604173273,0.0018913000661348,0.00141894401778859,215899620.4201538,260877340.3565868,258676593.95948568
2017-05-19,0.0017761633268381,0.0039526363652135,0.00373498906137596,216283093.40822232,261908493.61894047,259642748.20835835
2017-05-22,0.0,0.0030021789320115,0.00270196103881035,216283093.40822232,262694789.78059813,260344292.79802698
2017-05-23,0.0,0.0003932295919957,0.00035390663279613,216283093.40822232,262798089.145603,260436430.37005886
2017-05-24,0.0,0.0019535833828214,0.00175822504453926,216283093.40822232,263311487.1255951,260894336.22444588
2017-05-25,0.0,0.0030561915135027,0.00275057236215243,216283093.40822232,264116217.45795614,261611944.97510695
2017-05-26,0.0,0.0003278274411718,0.00029504469705462,216283093.40822232,264202802.00169736,261689132.19215804
2017-05-29,0.0,0.0,0.0,216283093.40822232,264202802.00169736,261689132.19215804
2017-05-30,0.0,0.0001639716076523,0.00014757444688707003,216283093.40822232,264246123.75988784,261727750.82109764
2017-05-31,0.0,0.0003007649435439,0.00027068844918951,216283093.40822232,264325599.7303821,261798597.50007725
2017-06-01,0.0,0.0042823360360474,0.0038541024324426597,216283093.40822232,265457530.77135736,262807596.11151233
2017-06-02,0.0,0.0034706596046178,0.00312359364415602,216283093.40822232,266378843.5001471,263628500.24836218
2017-06-05,0.0,-0.0012335494367589,-0.0011101944930830099,216283093.40822232,266050252.02778304,263335821.3391667
2017-06-06,0.0028500546960462,-0.000951383531237,-0.00057123970850868,216899512.05426583,265797136.19952235,263185393.46134502
2017-06-07,-0.0013983420761903,0.0004176272627344,0.00023603032884193,216596212.3402552,265908140.32995597,263247513.19631013
2017-06-08,-0.0017752398710329,-0.0001624430750402,-0.00032372275463947003,216211702.10819408,265864945.39396256,263162293.98618624
2017-06-09,-0.0022006870055789,-0.0005871672932608,-0.00074851926449261,215735887.8249105,265708838.19360262,262965311.9394495
2017-06-12,-0.0001144652499289,-0.0008228092253634,-0.00075197482781995,215711193.562592,265490210.51027632,262767568.64428118
2017-06-13,7.30543840528064e-05,0.0029629325217904,0.002673944708016641,215726952.210971,266276840.0892142,263470194.59389597
2017-06-14,-0.0011231297619517,0.0010605812096288,0.0008422101124707501,215484662.8504877,266559248.30237213,263692091.8561176
2017-06-15,-0.0013641482797455,-0.0016606512656588,-0.00163100096706747,215190709.81834868,266116586.34930572,263262009.79929224
2017-06-16,-4.984130528398745e-05,0.0004171066649583,0.0003704118679340713,215179984.43248633,266227585.35112795,263359525.17209807
2017-06-19,-0.0019721152082186,0.0044993228411895,0.00385217903624869,214755624.71268278,267425429.20685306,264374033.21396244
2017-06-20,-0.0001668220993053,-0.0030418444154446,-0.00275434218383067,214719798.7285306,266611962.6584723,263645856.6619718
2017-06-21,-0.0003522339126204,-0.0002360555511149,-0.00024767338726544997,214644167.13370737,266549027.4246931,263580558.59961382
2017-06-22,0.000422270639307,-0.0001681764458971,-0.00010913173737669,214734805.06338647,266504200.1566035,263551793.5953151
2017-06-23,0.0022380806643506,0.0011357737606028,0.00124600445097758,215215398.87856188,266806888.6342318,263880180.303198
2017-06-26,-0.0018041153937439,0.0004903285657755,0.00026088416982355996,214827125.46447432,266937711.67327487,263949022.4649693
2017-06-27,0.0005772855899252,-0.0060385434414677,-0.00537696053832841,214951142.06833002,265325796.70516983,262529778.98704478
2017-06-28,0.0011982024619862,0.0050882377839192,0.004699234251725901,215208697.055963,266675837.44901356,263763467.9165587
2017-06-29,0.001341811601273,-0.0059967098809557,-0.00526285773273283,215497466.58236754,265076659.81957093,262375318.30982164
2017-06-30,-0.0010367534369729,0.0003084760638077,0.00017395311372963998,215274048.84322932,265158429.6241994,262420959.31340742
2017-07-03,-0.0050286066954256,0.000644406453192,7.710513833024e-05,214191520.3198649,265329299.42736748,262441193.31777602
2017-07-04,-0.0011772057968836,0.0,-0.00011772057968836001,213939372.82050106,265329299.42736748,262410298.58836454
2017-07-05,-0.0010350205293571,0.0012416275556261,0.00101396274712778,213717941.17759407,265658739.5968515,262676372.85559583
2017-07-06,-2.2210929198684948e-05,-0.0061740094700606,-0.005558829615974408,213713194.30353406,264018560.02277616,261216199.6547494
2017-07-07,0.0008406843232587,0.0033281655103876,0.00307941739167471,213892859.6356586,264897257.48834613,262020593.36295336
2017-07-10,-0.0003745826900881,0.0011139716180492,0.00096511618723547,213812739.0729056,265192345.51488724,262273473.67899698
2017-07-11,0.0005485272980647,-0.0002804517843568,-0.00019755387611465,213930021.1969611,265117971.84838986,262221660.53766966
2017-07-12,0.0021214613305267,0.0052912499845116,0.004974271119113111,214383865.46436924,266520777.31282642,263526022.1704881
2017-07-13,0.001539391216549,0.0006520718281437,0.0007408037669842301,214713886.10383487,266694568.00332707,263721243.24041036
2017-07-14,0.0028355178700998,0.003288044954618,0.0032427922461661803,215322711.16484085,267571471.73207444,264576436.44313967
2017-07-17,0.0003279723318976,0.0003365607250526,0.0003357018857371,215393331.05653208,267661525.78060395,264665255.25177523
2017-07-18,0.00342226072738,0.0012991861416448,0.00151149360021832,216130463.1943464,268009267.9255496,265065295.09128845
2017-07-19,0.000365881079587,0.003315184596351,0.0030202542446746,216209541.24155158,268897768.1222557,265865859.67390385
2017-07-20,0.0006554743988892,9.796061140943112e-05,0.000153711990157408,216351261.06063098,268924109.51202756,265906726.4443092
2017-07-21,-0.0012528055567934,0.0005100772749632,0.00033378899178754,216080214.99855497,269061281.5889793,265995483.1824386
2017-07-24,0.0005080963775916,-0.0011622929665863,-0.0009952540321685101,216190004.57306495,268748553.55380774,265730750.10526267
2017-07-25,-0.0007462778271625,0.0001446735039076,5.5578370800589996e-05,216028666.76619792,268787434.34872055,265745518.98742512
2017-07-26,0.00085591601196,0.001120451613329,0.0010939980531921,216213569.16112545,269088597.6631791,266036244.0678419
2017-07-27,0.0041174146069094,-0.0011199983021031,-0.00059625701120185,217103810.06900147,268787218.8906811,265877618.09208265
2017-07-28,0.0027565126417704,-0.0002108949397616,8.584581839160001e-05,217702259.46603322,268730533.0263444,265900442.57379976
2017-07-31,0.0005672129417255,-0.0004691421627603,-0.00036550665231172003,217825743.00504524,268604460.20288074,265803254.19318643
2017-08-01,-0.0014008109612607,0.0024437290002392,0.00205927500408921,217520610.316599,269260856.71187216,266350616.19055206
2017-08-02,-0.0005218543146331,0.0003153057020345,0.00023158970036774002,217407096.2475837,269345756.19532806,266412300.24994838
2017-08-03,-0.0015250926658302,-0.0003755437100179,-0.00049049860559913,217075530.279597,269244605.09076893,266281625.38816133
2017-08-04,-0.0016350510531516,0.0002911308986679,9.851270348594998e-05,216720600.70519993,269322990.51461047,266307857.510967
2017-08-07,0.0011723991296165,0.0012778009849292,0.0012672607993979299,216974683.74883667,269667131.6971541,266645339.0193623
2017-08-08,-0.000451229683402,-0.0019172870050577,-0.0017706812728921302,216876778.3309824,269150102.40986,266173195.11105672
2017-08-09,0.0003062854353617,0.0008811411625309,0.00082365558981398,216943204.52945334,269387261.6439927,266392430.1510686
2017-08-10,-0.0015418705332695,-0.0078913651892284,-0.007256415723632509,216608706.19499636,267261428.3850338,264459375.93226367
2017-08-11,-0.0002153739464587,0.0013456965275452,0.00118958948014481,216562054.32310584,267621081.16115826,264773974.02379835
2017-08-14,-0.0042150572813748,0.0055587645587294,0.004581382374718981,215649232.85916176,269108723.7422857,265987004.84167525
2017-08-15,-0.0067077895099401,-0.0011332010419764,-0.00169065988877277,214202703.19716245,268803769.45613605,265537311.28165463
2017-08-16,0.0069698202806895,0.0018717581575076,0.00238156436982579,215695657.54208457,269306905.10438436,266169705.48106232
2017-08-17,0.0028626716421068,-0.0086458432916923,-0.007494991798312391,216313123.38425586,266978519.80548123,264174765.72152254
2017-08-18,0.0004467138156931,-0.0010055723116422,-0.00086034369890867,216409753.44498736,266710053.5981616,263947484.62642336
2017-08-21,0.0037389654993382,0.0011194161251653,0.0013813710625825899,217218902.04683846,267008613.13290307,264312094.04372776
2017-08-22,-0.0024556384042402,0.0053039754656007,0.00452801407861661,216685490.96884537,268424820.26606408,265508902.92670637
2017-08-23,0.0008818049472621,-0.0010987708102416,-0.00090071323449123,216876565.30678162,268129882.90881142,265269755.543965
2017-08-24,0.0012529877279743,-0.0017272586144585,-0.00142923398021522,217148308.98159626,267666753.2587634,264890622.99541822
2017-08-25,0.0012853411998449,0.0014819665528544,0.00146230401755345,217427418.64960694,268063426.43440405,265277973.61763662
2017-08-28,0.0033915804673972,0.0005697330682824,0.0008519178081938801,218164841.2357755,268216151.0328408,265503968.64748308
2017-08-29,0.0002020974546009,0.0009834513601199,0.0009053159695680001,218208931.79487264,268479928.57138014,265744333.63028333
2017-08-30,-0.003498766690769,0.0027623629628374,0.0021362499974767603,217445469.65268046,269221567.582331,266312029.9623305
2017-08-31,0.0094939890184424,0.003965977401683,0.00451877856335894,219509894.55367306,270289294.2354082,267515435.05448887
2017-09-01,0.0046120625571159,0.0003610831212658,0.0007861810648508101,220522287.91926053,270386891.1374154,267725750.62408403
2017-09-04,0.0003237882520913,0.0,3.2378825209130006e-05,220593690.44541305,270386891.1374154,267734419.2693675
2017-09-05,0.0059257640675267,-0.0024694146483598,-0.0016298967767711496,221900876.6097776,269719193.7877162,267298039.80236965
2017-09-06,-0.0005359236086036,0.0010635176760878,0.00090357354761866,221781954.69123262,270006044.91788954,267539563.2404654
2017-09-07,0.0057337120935469,0.0011550775545365,0.0016129410084375403,223053588.56697622,270317922.8399634,267971088.7733954
2017-09-08,-0.0019006136589757,-0.0008929079952463,-0.00099367856161924,222629649.8698623,270076553.8054012,267704811.6473475
2017-09-11,-0.0034674162650393,0.0051580402902065,0.004295494634681921,221857700.20082352,271469619.5513696,268854736.2294572
2017-09-12,-0.0013205178857023,0.0011862950063576,0.0009356137171516101,221564733.13962755,271791662.60542125,269106280.40859467
2017-09-13,-0.0046475735404002,-2.5661938353094293e-05,-0.0004878530985578049,220534994.74840197,271784687.9045306,268974996.075856
2017-09-14,0.0015533542727178,-0.0004663943056951,-0.00026441944785381,220877563.72477818,271657929.0737168,268903873.85590714
2017-09-15,-0.000334939394493,0.0010863133588825,0.00094418808354495,220803583.12732714,271953034.71111596,269157769.68922096
2017-09-18,-0.0037813090540896,0.0003255679866626,-8.511971741262002e-05,219968656.53927237,272041573.9130936,269134859.0559256
2017-09-19,0.0005529320920915,0.0004600128205537,0.00046930474770748,220090284.26872715,272166716.5248172,269261165.3230542
2017-09-20,0.0029076210782755,-0.0002771471665302,4.1329657950369965e-05,220730223.41839054,272091286.2905085,269272293.79491633
2017-09-21,-0.00944528586421,-0.0016755155178389,-0.00245249255247601,218645363.35933292,271635393.11806005,268611905.4997962
2017-09-22,0.0041273470334529,0.0007272131342994,0.00106722652421475,219547788.65117225,271832929.9436761,268898575.2500654
2017-09-25,0.0013433867898406,-0.0003938008715627,-0.00022008210542237002,219842726.25018498,271725881.89894485,268839395.4854793
2017-09-26,-0.0087947198591757,-0.0001612410745237,-0.0010245889529889001,217909271.05973715,271682068.5257715,268563945.61073667
2017-09-27,-0.0038338304343706,0.0006996338202097,0.00024628739475167,217073843.8644168,271872146.4892567,268630089.5252254
2017-09-28,-0.00010648569167,0.0010017378856934,0.0008909155279570601,217050728.60600945,272144491.11845976,268869416.2432599
2017-09-29,3.0956596800774117e-05,0.0020409908346214,0.0018399874108393376,217057447.75790024,272699935.53052527,269364132.58430713
2017-10-02,-0.0042546231469949,0.0021568550028049,0.0015157071878249201,216133950.11644182,273288109.7507388,269772409.7362074
2017-10-03,0.0012169000593208,0.0013982809308517,0.0013801428436986099,216396963.53315973,273670243.3032318,270144734.19693214
2017-10-04,0.0038292226665911,0.0007408364173557,0.00104967504227924,217225595.69090238,273872988.1858174,270428298.3822218
2017-10-05,-0.0008853906863406,0.0030733912903097,0.00267751309264467,217033266.17164284,274714707.04235876,271152373.6917618
2017-10-06,-0.0041556867938072,-0.000821835744081,-0.0011552208490536202,216131343.89359653,274488936.67668664,270839132.81640273
2017-10-09,0.0004870530464363,-0.0010826232701365,-0.00092565563847922,216236611.32307026,274191768.5664454,270588429.0459904
2017-10-10,0.0030162616145197,0.0020759306580211,0.0021699637536709603,216888837.51345783,274760971.66498953,271175596.12918293
2017-10-11,0.0005673664669342,0.0010656241000376,0.00101579833672726,217011892.9669153,275053763.57814544,271451055.84869194
2017-10-12,0.0014487758939032,-0.0005268489896838,-0.00032928650132509995,217326294.5661361,274908851.7806956,271361670.6802305
2017-10-13,0.004197122845747,0.0014524172884117,0.0017268878441452301,218238439.72204116,275308134.1497593,271830281.85069513
2017-10-16,0.0002907629923615,0.0004691048325595,0.0004512706485397,218301895.38382304,275437282.5259319,271952950.8782787
2017-10-17,-0.001479453361025,0.0006459327639206,0.0004333941514260399,217978927.9109793,275615196.4911206,272070813.69665235
2017-10-18,-0.0005170455409501,-0.0004338881622366,-0.00044220390010795004,217866222.87828186,275495610.3200306,271950502.9217301
2017-10-19,0.0002467503390619,0.0007140941898936,0.00066735980481043,217919981.44264722,275692340.1347013,272131991.7562781
2017-10-20,-0.0003639052804032,0.001800614366559,0.0015841624018627799,217840679.21069488,276188755.7230981,272563093.0259624
2017-10-23,0.0010047637588426,-0.0021000321865956,-0.00178955259205178,218059557.63036743,275608750.4465038,272075327.0363402
2017-10-24,0.0012527522587502,0.0004029386446963,0.00048792000610169004,218332732.23373094,275719803.86287516,272208078.0315678
2017-10-25,-0.0004343884565989,-0.003525077165973,-0.00321600829503559,218237891.01515093,274747870.2780716,271332654.59464264
2017-10-26,7.072918000722295e-05,0.0005738969085583,0.0005235801357031923,218253326.80222896,274905547.2314571,271474718.98275596
2017-10-27,-0.0001457831142997,0.0054156341481263,0.004859492421883701,218221509.15254146,276394335.1005532,272793948.32238567
2017-10-30,0.0008228013211405,-0.0006042326425123,-0.00046152924614702005,218401062.09857342,276227328.6210799,272668045.937063
2017-10-31,0.0001172403706188,0.0005403829515501,0.00049806869345697,218426667.52003744,276376597.16021895,272803853.3544503
2017-11-01,0.001014930118044,0.0009839683261245,0.00098706450531645,218648355.32348752,276648542.9779067,273073128.35501003
2017-11-02,0.0004454685277351,0.0008562705966978,0.0008151903898015301,218745756.2844252,276885428.990878,273295734.9449581
2017-11-03,0.0005349379356643,0.0019713700331257,0.00182772682337956,218862771.6877273,277431272.62819976,273795244.8904322
2017-11-06,0.003673838425927,0.0014056556173503,0.00163247389820797,219666838.14835855,277821245.4549982,274242208.4811692
2017-11-07,-0.0017469329415968,0.0002626513127468,6.169288731244001e-05,219283094.91262078,277894215.5698259,274259127.2748334
2017-11-08,0.0003004392353078,0.0004981323064958,0.00047836299937699996,219348976.15797225,278032643.65638953,274390322.69356304
2017-11-09,-0.0005322687198281,-0.0023973523791078,-0.00221084401317983,219232223.55923703,277366101.4366503,273783688.49136156
2017-11-10,-0.0005031038074667,-0.0018218955843605,-0.0016900164066711199,219121926.992845,276860769.3611916,273320989.5659322
2017-11-13,-0.0002222703426056,0.0005725358263673,0.0004930552094700101,219073222.68705994,277019282.0705665,273455751.90369517
2017-11-14,-0.0029901322768008,-0.0008332904507965,-0.00104897463339693,218418164.7729206,276788444.5481306,273168903.75659174
2017-11-15,-0.000463089234626,-0.0021604871824912,-0.00199074738770468,218317017.67216748,276190446.66142267,272625093.47503614
2017-11-16,-0.0009813850785282,0.0045185152006168,0.0039685251727023,218102764.60863522,277438417.39292747,273707013.02120215
2017-11-17,0.0032172470591256,-0.0014139552941504,-0.0009508350588228001,218804455.08665952,277046131.873854,273446762.797376
2017-11-20,-0.001649845503465,0.0005078584480931,0.00029208805293729,218443461.54029667,277186832.0924376,273526633.3299035
2017-11-21,0.0008127100661189,0.0041305796304015,0.0037987926739732397,218620992.7403683,278331774.3748942,274565704.3007337
2017-11-22,0.0016383669872666,0.0004598065816171,0.00057766262218205,218979174.15759757,278459753.1566249,274724310.6454413
2017-11-23,0.0,0.0,0.0,218979174.15759757,278459753.1566249,274724310.6454413
2017-11-24,-0.0001160386029411,0.0009060888381185,0.00080387609401254,218953764.12015516,278712062.43082535,274945154.95121324
2017-11-27,-0.0002770127678748,4.555321640169476e-05,1.3296617974045277e-05,218893111.13191962,278724758.661719,274948810.7919024
2017-11-28,-0.000513214703256,0.0058054437591338,0.00517357791289482,218780771.96884528,280342879.5724078,276371279.8865921
2017-11-29,-0.0008244469863291,-0.0010258181136894,-0.0010056810009533702,218600398.82072878,280055298.76849854,276093338.541201
2017-11-30,-0.0021272275876111,0.0044206247720851,0.0037658395361154797,218135386.02169454,281293318.15978825,277133061.75113755
2017-12-01,0.002263623454406,0.0001159405896131,0.00033070887609239,218629162.39772913,281325931.47295,277224712.11451733
2017-12-04,-0.0021224732392607,-0.0010327411714494,-0.00114171437823053,218165127.85121796,281035394.6009215,276908200.67469543
2017-12-05,-0.0020855419143484,-0.0017470281900386,-0.00178087956246958,217710135.33283505,280544417.8441551,276415060.5194336
2017-12-06,-0.0027119903845475,0.0004898559634884,0.0001696713286848101,217119707.53919387,280681844.2002595,276461960.23002046
2017-12-07,-0.0009089568813208,0.0008872229932451,0.00070760500578851,216922355.08695576,280930871.5862204,276657586.09698933
2017-12-08,0.0006243914197342,0.0033884264821878,0.00311202297594244,217057799.54422057,281882785.19116724,277518550.86139196
2017-12-11,0.0006171818180735,0.0019072625228492,0.0017782544523716301,217191763.67157033,282420409.66319865,278012049.460077
2017-12-12,-0.0023456897135183,0.0006903092020923,0.00038670931053124,216682299.18566504,282615367.07084775,278119559.30804306
2017-12-13,0.0001204630094656,0.0010280060541614,0.00093725174969182,216708401.38752285,282905897.3791957,278380227.351628
2017-12-14,0.0011055095167866,-0.0022054016318239,-0.0018743105169628503,216947974.58762437,282281976.25146294,277858456.36378837
2017-12-15,0.0,0.0053476191536439,0.00481285723827951,216947974.58762437,283791512.75439376,279195749.44671595
2017-12-18,0.0,0.0024911082335367,0.0022419974101830303,216947974.58762437,284498468.12842405,279821705.5939096
2017-12-19,0.0,-0.0034983189366098,-0.00314848704294882,216947974.58762437,283503201.7499339,278940690.57951134
2017-12-20,0.0,-0.0012671082516232,-0.00114039742646088,216947974.58762437,283143972.5036349,278622587.33383924
2017-12-21,0.0,0.001683820461421,0.0015154384152789,216947974.58762437,283620736.1180645,279044822.7060494
2017-12-22,0.0,-0.0004399354549941,-0.00039594190949469,216947974.58762437,283495961.30047464,278934337.1661125
2017-12-25,0.0,0.0,0.0,216947974.58762437,283495961.30047464,278934337.1661125
2017-12-26,0.0,-4.805637304834405e-05,-4.325073574350964e-05,216947974.58762437,283482337.5128007,278922273.0508059
2017-12-27,0.0,0.001787685367147,0.0016089168304323001,216947974.58762437,283989114.73941696,279371035.79029983
2017-12-28,0.0,0.0009209429029882,0.00082884861268938,216947974.58762437,284250652.4991621,279602592.08574015
2017-12-29,0.0,-0.0025441302163749,-0.0022897171947374104,216947974.58762437,283527481.82511467,278962381.2229483
2018-01-01,0.0,0.0,0.0,216947974.58762437,283527481.82511467,278962381.2229483
2018-01-02,0.0,0.0037394861220495,0.0033655375098445503,216947974.58762437,284587728.90861934,279901239.5807896
2018-01-03,0.0,0.0042396386456215,0.0038156747810593502,216947974.58762437,285794278.04217,280969251.68184537
2018-01-04,0.0008764551558794,0.002326688101128,0.00218166480660314,217138119.7585093,286459232.18826115,281582232.4099772
2018-01-05,-0.0001079090336824,0.0037289362185672,0.00334525169334224,217114688.59383053,287527420.39431095,282524195.8497618
2018-01-08,-0.000476165585176,0.0010137617246501,0.0008647689936674901,217011306.05108592,287818904.6878941,282768514.0142935
2018-01-09,-0.0007697115695189,-0.0003341686573252,-0.00037772294854457,216844269.938102,287722724.6309618,282661705.85742444
2018-01-10,0.0020161052585068,-0.0007636812813223,-0.00048570262733938993,217281450.8110013,287502996.17195004,282524416.3242413
2018-01-11,0.0020399858338046,0.0047602215253354,0.00448819795618232,217724701.89260423,288871574.12292624,283792441.83215934
2018-01-12,0.0047219911660823,0.0038465063325688,0.00393405481592015,218752796.011579,289982720.4620892,284908896.8546709
2018-01-15,0.0030374137168073,0.0,0.00030374137168073,219417238.7547745,289982720.4620892,284995435.47380555
2018-01-16,-0.0016703358405213,-0.0018547154369743,-0.001836277477329,219050738.2768542,289444885.03399235,284472104.7745034
2018-01-17,-0.0006338543137776,0.0050256382591894,0.0044596890018927,218911892.02146125,290899530.3221459,285740761.8915115
2018-01-18,0.0016211638221497,-0.001581679127452,-0.00126139483249183,219266784.0610448,290439420.60684973,285380329.9710293
2018-01-19,0.0012958840105965,0.002096288021403,0.00201624762032235,219550928.38056442,291048265.2852111,285955727.38222015
2018-01-22,0.0021589738704512,0.0044595965251462,0.0042295342596767,220024933.09817138,292346223.11772686,287165186.92793405
2018-01-23,-0.00066454886702,0.0021162562388586,0.00183817572827074,219878715.77816483,292964902.6363065,287693047.0045493
2018-01-24,0.0129541228064285,-0.001048430344301,0.0003518249707719503,222727051.664875,292657749.3425674,287794264.602403
2018-01-25,0.0030677759506902,0.0012665141014498,0.00144664028637384,223410328.35754064,293028404.50900835,288210599.37976414
2018-01-26,-0.0002659697774955,0.0061823563192146,0.0055375237095435905,223350907.9622172,294840010.51733404,289806572.40717137
2018-01-29,-0.0035157699908397,-0.0045706714569728,-0.00446518131035949,222565657.54257688,293492393.6968889,288512533.51643956
2018-01-30,-0.0028073389095053,-0.0070473201754406,-0.0066233220488470705,221940840.31223795,291424058.8294505,286601622.0918313
2018-01-31,0.0017229812484283,0.0005761774928958,0.0006908578684490501,222323240.21835637,291591970.8130363,286799623.07756376
2018-02-01,-0.0012887891202214,-0.0014535449548995,-0.00143706937143169,222036712.4451906,291168128.77497184,286387472.1235008
2018-02-02,-0.0117968568085751,-0.0142601334447592,-0.01401380578114079,219417377.14222792,287016032.4037799,282374093.7110102
2018-02-05,-0.0018842573901687,-0.0232800310558107,-0.0211404536892465,219003938.32781622,280334290.2559044,276404577.25986964
2018-02-06,-0.0075495588045096,0.0109913854110764,0.0091372909895178,217350555.21699116,283415552.48404753,278930166.3131277
2018-02-07,-0.0045486304323967,-0.0045307447308025,-0.00453253330096192,216361907.86703283,282131468.963003,277665906.04567057
2018-02-08,-0.0036786321877638,-0.0227100491973864,-0.020806907496424137,215565991.98854718,275724249.4227223,271888537.22366756
2018-02-09,-0.0051369204838176,0.0097395359725528,0.00825189032691576,214458646.62868673,278409675.66848,274132131.6139828
2018-02-12,0.0041876820323734,0.0079617675199133,0.00758435897115931,215356731.24986082,280626308.7814469,276211248.10567236
2018-02-13,0.0032811642029695,0.001768737269267,0.0019199799626372501,216063352.0473064,281122662.99252546,276741568.16749024
2018-02-14,0.0109005956814627,0.0065949061485766,0.0070254751018652105,218418571.2895556,282976640.5711991,278685809.16430205
2018-02-15,0.0039673943952291,0.0078653027008648,0.00747551187030123,219285123.90510377,285202337.5065654,280769128.23879427
2018-02-16,-4.414208146352738e-05,0.000580950102781,0.0005184408843565473,219275444.2033006,285368025.8338532,280914690.43393844
2018-02-19,-0.0009782854158773,0.0,-9.782854158773001e-05,219060930.23417652,285368025.8338532,280887208.9594627
2018-02-20,-0.0053817538260431,-0.0038391418532692,-0.00399340305054659,217881998.23475218,284272457.5022897,279765513.1223445
2018-02-21,-0.0023180052310722,-0.0043579885093628,-0.00415399018153374,217376946.62308758,283033601.39896643,278603369.9277025
2018-02-22,0.0026545112232035,0.0011614139553624,0.00131072368214651,217953976.16756427,283362320.5734677,278968541.9625926
2018-02-23,-0.0004075844637795,0.0106437266523722,0.00953859554075703,217865141.51305938,286378351.65723354,281629510.0529685
2018-02-26,0.0029981570084971,0.0074056829864323,0.00696493038863878,218518335.41399398,288499178.94378406,283591039.9858738
2018-02-27,-0.0061566518948659,-0.0084469293471087,-0.00821790160188442,217172994.09020448,286062246.7625471,281260516.72409385
2018-02-28,-0.0014123187672416,-0.0057354218155543,-0.00530311151072303,216866276.59491286,284421559.11185867,279768960.8403424
2018-03-01,-0.0019680642260546,-0.0065086334130185,-0.00605457649432211,216439469.83410874,282570363.4488404,278075078.2661975
2018-03-02,0.0009028495817072,0.0020199851878169,0.0019082716272059298,216634882.11891338,283141151.3975231,278605721.04828596
2018-03-05,0.0011018857216193,0.0062498528432729,0.005735056131107539,216873589.0023249,284910741.92763245,280203540.49694556
2018-03-06,0.0057976611098285,0.0018028523686644,0.00220233324278081,218130948.57503262,285424393.9335746,280820642.0689269
2018-03-07,-0.0044088644027343,-0.0004557412943266,-0.00085105360516737,217169238.80072555,285294314.2508509,280581648.6490887
2018-03-08,-0.0019502162281558,0.0032327706647,0.0027144719754144202,216745711.8269601,286216605.3407668,281343279.6711622
2018-03-09,0.0014138206173607,0.0099524252040849,0.00909856474541248,217052151.38306558,289065154.6975878,283903099.716937
2018-03-12,-0.0009764714344286,-0.0001340199810997,-0.00021826512643259,216840206.15745875,289026414.19101864,283841133.57098264
2018-03-13,0.0023302899073731,-0.0033066433941294,-0.0027429500639791497,217345506.70138022,288070706.907805,283062571.51549417
2018-03-14,-0.0020232617633826,-0.0024688075600911,-0.00242425298042025,216905759.84822828,287359515.76875025,282376356.23285234
2018-03-15,-0.0026688231735706,-0.0006211720448584,-0.0008259371577296201,216326876.72986436,287181016.0707306,282143131.10777533
2018-03-16,-0.0002204671917948,0.0006023119976476,0.00052003407870336,216279183.75084198,287353988.6422067,282289855.15102345
2018-03-19,0.0004964846603359,-0.0083965685176025,-0.007507263199808659,216386563.04792425,284941201.1877661,280170630.9097688
2018-03-20,0.0,9.062033242162032e-05,8.155829917945829e-05,216386563.04792425,284967022.6541383,280193481.14990586
2018-03-21,0.0,-0.0013594954666654,-0.00122354591999886,216386563.04792425,284579611.2786909,279850651.5592346
2018-03-22,0.0,-0.0135722913984761,-0.01221506225862849,216386563.04792425,280717213.8683514,276432258.42732084
2018-03-23,0.0,-0.0124132569310702,-0.01117193123796318,216386563.04792425,277232598.9676294,273343976.24421597
2018-03-26,0.0,0.0161332833493877,0.014519955014448931,216386563.04792425,281705271.0404613,277312918.48275256
2018-03-27,0.0,-0.0092483011934091,-0.00832347107406819,216386563.04792425,279099975.84610814,275004712.4272959
2018-03-28,0.0,-0.0014715164535074,-0.00132436480815666,216386563.04792425,278689275.6394771,274640505.86408
2018-03-29,0.0,0.0091679051357033,0.00825111462213297,216386563.04792425,281244272.48087764,276906596.1578451
2018-03-30,0.0,0.0,0.0,216386563.04792425,281244272.48087764,276906596.1578451
2018-04-02,0.0,-0.0130922523584479,-0.01178302712260311,216386563.04792425,277562151.4911899,273643798.2248895
2018-04-03,0.0,0.0064273830046409,0.00578464470417681,216386563.04792425,279346149.7464159,275226730.3731219
2018-04-04,0.0,0.0068356430868269,0.00615207877814421,216386563.04792425,281255660.3237617,276919946.9002284
2018-04-05,0.0,0.0033115084970683,0.0029803576473614703,216386563.04792425,282187040.8327724,277745267.3816795
2018-04-06,0.0,-0.0118327888154742,-0.010649509933926781,216386563.04792425,278847981.1721346,274787416.39759713
2018-04-09,0.0,0.0020998020490812,0.00188982184417308,216386563.04792425,279433506.73438203,275306715.6596092
2018-04-10,0.0,0.0098313513267944,0.00884821619411496,216386563.04792425,282180715.7115659,277742688.9994572
2018-04-11,0.0,-0.0030704787350772,-0.0027634308615694797,216386563.04792425,281314285.8245247,276975166.2811008
2018-04-12,0.0,0.0040716764420415,0.0036645087978373504,216386563.04792425,282459706.5749261,277990144.21472037
2018-04-13,0.0021087090056481,-0.0017080596001841,-0.00132638273960088,216842859.34212467,281977248.5614456,277621422.8856548
2018-04-16,-5.014113801812825e-05,0.0049260995048878,0.0044284754405972074,216831986.59438613,283366296.5459738,278850862.5386876
2018-04-17,0.0002953348242479,0.0068575341437595,0.00620131421180834,216896024.6310383,285309490.59972847,280580104.35552377
2018-04-18,0.0003506441462835,-0.0006594655678773,-0.00055845459646122,216972077.95242736,285121338.81448936,280423413.10657084
2018-04-19,-0.0007188326750209,-0.0043777778023124,-0.00401188328958325,216816111.33322796,283873140.9464617,279298387.10152066
2018-04-20,-0.0017037895847732,-0.0058573368359455,-0.00544198211082827,216446702.30092737,282210400.34126043,277778450.275331
2018-04-23,-0.0021569786584453,-0.0002252561715486,-0.00041842842023827,215979831.3833734,282146830.7069084,277662219.8772061
2018-04-24,0.000721557154443,-0.0082526408434131,-0.00735522104362749,216135673.17592347,279818374.24797696,275619952.8745449
2018-04-25,-0.0008867059030814,0.0003965078620996,0.0002681864855815,215944024.3986519,279929324.4333262,275693870.4210625
2018-04-26,-0.0007696879928681,0.0068966548848518,0.00613002059707981,215777814.87594065,281859900.37609255,277383879.52523226
2018-04-27,0.0013182926274196,0.0015457703034955,0.0015230225358879097,216062273.1784523,282295591.03984016,277806341.4248412
2018-04-30,-0.0010381149217937,-0.0043532287123991,-0.00402171733333856,215837975.7086291,281066693.7675418,276689082.84622157
2018-05-01,-0.002823616460945,0.0006943553201536,0.00034255814204374,215228532.04752117,281261853.9216773,276783864.94436514
2018-05-02,0.000568387134269,-0.0040729155790072,-0.00360878530767958,215350865.17606458,280116298.13505924,275785011.39915115
2018-05-03,0.0018560371371599,-0.0008468542156612,-0.0005765650803790901,215750564.37935087,279879080.4671082,275626003.3918865
2018-05-04,0.0013512063021007,0.0078863062466702,0.007232796252213251,216042087.901622,282086292.6077083,277619550.1162318
2018-05-07,-0.0005190965509921,0.0020706255503793,0.0018116533402421598,215929941.19892314,282670387.6925936,278122500.50151646
2018-05-08,-0.0006660350513122,-0.0004410621493293,-0.00046355943952759,215786124.2894569,282545712.4838461,277993574.19106394
2018-05-09,0.0014430703043982,0.0051874830742207,0.004813041797238449,216097518.83752018,284011413.58504975,279331568.88300925
2018-05-10,0.0012574860932915,0.0062796704498854,0.00577745201422601,216369258.46225315,285794911.6663699,280945393.61828923
2018-05-11,-0.001424294561453,0.0012878682843559,0.0010166519997750099,216061084.90415975,286162977.86893535,281231017.31453884
2018-05-14,0.0009193371221166,0.0002558846480326,0.00032222989544100004,216259717.88015693,286236202.5818073,281321638.3558429
2018-05-15,-0.0006805446127424,-0.0058614925733113,-0.00534339777725441,216112543.49420044,284558431.2061612,279818424.93875873
2018-05-16,0.0001622785798932,0.0024505215412423,0.00222169724510739,216147613.93085575,285255747.771574,280440096.76257545
2018-05-17,0.0003495735812191,-0.0006438705094215,-0.0005445261003574401,216223173.42632952,285072080.00794095,280287389.8103015
2018-05-18,0.0002937190086305,-0.0005974150079954,-0.0005083016063328101,216286682.28247124,284901773.66898376,280144919.27982605
2018-05-21,0.0015467822836191,0.0045080234615974,0.00421189934379957,216621230.69080853,286186117.5489343,281324861.48150957
2018-05-22,0.0012226168452363,-0.0018874611427431,-0.00157645334394516,216886075.45648694,285645952.3724682,280881365.9628921
2018-05-23,0.0004227841842617,0.0032850415536791,0.00299881581673736,216977771.4589765,286584311.19565195,281723677.4457684
2018-05-24,-0.0001668079028178,-0.0005302802575433,-0.0004939330220707501,216941577.85196134,286432341.1933032,281584524.81837875
2018-05-25,-0.0016178329889314,-0.0003273758707035,-0.00045642158252629005,216590602.61064163,286338570.15620744,281456003.5639462
2018-05-28,0.0,0.0,0.0,216590602.61064163,286338570.15620744,281456003.5639462
2018-05-29,-0.0017672304279298,-0.0031063413747317,-0.00297243028005151,216207837.10730445,285449104.8085497,280619395.2164504
2018-05-30,0.0012295572264733,0.0060677803398913,0.0055839580285495,216473677.01583987,287181147.27474654,282186362.14133596
2018-05-31,-1.2400738973794567e-05,-0.0034918256296429,-0.0031438831405759897,216470992.58227652,286178360.7843423,281299201.1948994
2018-06-01,-0.0007261681799993,0.0049961601743441,0.00442392733890976,216313798.23557043,287608153.71325207,282543648.4214789
2018-06-04,-0.0028263484440435,0.0017933388403239,0.0013313701118871602,215702420.0685022,288123932.5860999,282919818.59029084
2018-06-05,0.0007430409103005,0.0008741649280533,0.00086105252627802,215862695.79106387,288375800.4228994,283163427.4148221
2018-06-06,0.0001937107282854,0.0039682453069927,0.00359079184912197,215904510.71107522,289520146.33957785,284180208.34195274
2018-06-07,0.0007803700992924,0.000673651766739,0.00068432359999434,216072996.1355365,289715182.097666,284374679.5651724
2018-06-08,-0.0001940689852774,0.0019430108010409,0.00172930282240907,216031063.0684306,290278101.8257074,284866449.5011661
2018-06-11,-0.0009135830460325,0.0002116109005565,9.90915058976e-05,215833700.75179487,290339527.83624655,284894677.3466269
2018-06-12,0.0007013651382205,0.0010669527964214,0.0010303940306013101,215985078.9851553,290649306.4073831,285188231.1215149
2018-06-13,0.0001938305703902,-0.002885494443941,-0.00257756194250788,216026943.49621075,289810639.44860923,284453140.79052496
2018-06-14,-0.0020885250056131,0.0024077364071046,0.00195811026583283,215575765.82283276,290508427.07637596,285010131.40565526
2018-06-15,-0.0042413821705026,-7.798823259912434e-05,-0.000494327626389472,214661426.61327937,290485770.8375931,284869243.02390057
2018-06-18,-0.0002172113483522,-0.0012733525363987,-0.00116773841759405,214614799.71536547,290115880.0445093,284536590.2648306
2018-06-19,-0.0029916783069942,-0.0016758028987587,-0.00180739043958225,213972741.2746971,289629703.01175475,284022321.55187464
2018-06-20,0.0005778040098038,0.0003234972767811,0.00034892795008337,214096375.58259434,289723397.431954,284121424.8783117
2018-06-21,-0.0010330971364828,-0.0031266859296458,-0.0029173270503295,213875193.23004863,288817523.36171436,283292549.759936
2018-06-22,0.0026064779511058,0.0011047451235159,0.00125491840627489,214432654.20549121,289136593.1122341,283648058.7949903
2018-06-25,0.0,-0.0076025006300757,-0.00684225056706813,214432654.20549121,286938431.98092043,281707267.7038525
2018-06-26,0.0,0.0012407286481344,0.00111665578332096,214432654.20549121,287294444.7137299,282021837.75353754
2018-06-27,0.0,-0.0038642987244507,-0.00347786885200563,214432654.20549121,286184253.1574809,281041002.7884291
2018-06-28,0.0,0.0034178101323192,0.00307602911908728,214432654.20549121,287162376.5976327,281905493.0966638
2018-06-29,0.0,0.0004503724269936,0.00040533518429423997,214432654.20549121,287291706.6141223,282019759.3116617
2018-07-02,0.0,0.0015849199304304,0.00142642793738736,214432654.20549121,287747040.9657823,282422040.17523915
2018-07-03,0.0,-0.0023543341662775,-0.00211890074964975,214432654.20549121,287069588.2759913,281823615.9025942
2018-07-04,0.0,0.0,0.0,214432654.20549121,287069588.2759913,281823615.9025942
2018-07-05,0.0,0.0053578847741742,0.00482209629675678,214432654.20549121,288607674.0521437,283182596.51717675
2018-07-06,0.0,0.0054747064712384,0.00492723582411456,214432654.20549121,290187716.3529261,284577903.95150197
2018-07-09,0.0,0.0049288426014894,0.0044359583413404605,214432654.20549121,291618005.93171525,285840279.6782968
2018-07-10,0.0,0.0018132430074054,0.00163191870666486,214432654.20549121,292146780.2418045,286306747.77782214
2018-07-11,0.0,-0.0035869786651672,-0.0032282807986504804,214432654.20549121,291098855.97397983,285382469.20144695
2018-07-12,0.0,0.005134829125695,0.0046213462131255,214432654.20549121,292593598.8580915,286701320.39478344
2018-07-13,0.0,0.0011862763526081,0.0010676487173472901,214432654.20549121,292940695.7253413,287007416.6917648
2018-07-16,0.0,-0.0012065303524989,-0.0010858773172490101,214432654.20549121,292587253.8844666,286695761.8480969
2018-07-17,0.0,0.0022646560888743,0.00203819047998687,214432654.20549121,293249863.39050305,287280102.42054826
2018-07-18,0.0,0.0010564511165624,0.0009508060049061601,214432654.20549121,293559667.53611374,287553250.0670198
2018-07-19,0.0,-0.0016803826603102,-0.00151234439427918,214432654.20549121,293066374.96101964,287118370.5212242
2018-07-20,0.0,-0.0015760717264817,-0.00141846455383353,214432654.20549121,292604481.3334611,286711103.2898854
2018-07-23,0.0,-0.0003889146721365,-0.00035002320492285004,214432654.20549121,292490683.15753764,286610747.7506249
2018-07-24,0.0,0.0032931447204164,0.00296383024837476,214432654.20549121,293453897.30654883,287460213.35431755
2018-07-25,0.0,0.0057273369864951,0.005154603287845591,214432654.20549121,295134606.6664238,288941956.7151985
2018-07-26,0.0,-0.0026619991392477,-0.00239579922532293,214432654.20549121,294348958.5975155,288249709.79913694
2018-07-27,0.0,-0.00364050947913,-0.003276458531217,214432654.20549121,293277378.42356926,287305271.5783447
2018-07-30,0.0,-0.0035671932821122,-0.00321047395390098,214432654.20549121,292231201.3294612,286382885.48712397
2018-07-31,0.0,0.0032952160838301,0.00296569447544709,214432654.20549121,293194166.2842791,287232209.6284757
2018-08-01,0.0,-0.0014492616109495,-0.00130433544985455,214432654.20549121,292769251.23452896,286857562.47511727
2018-08-02,0.0,0.0033791453244216,0.00304123079197944,214432654.20549121,293758561.08097255,287729962.52702874
2018-08-03,0.0,0.0036218406453313,0.00325965658079817,214432654.20549121,294822507.7774096,288667863.39287275
2018-08-06,0.0,0.0025267169219015,0.00227404522971135,214432654.20549121,295567440.79676825,289324307.1705923
2018-08-07,0.0,0.0008860536934494,0.00079744832410446,214432654.20549121,295829329.4193496,289555028.35446817
2018-08-08,0.0,-7.666975318598723e-05,-6.900277786738852e-05,214432654.20549121,295806648.25767785,289535048.2531662
2018-08-09,0.0,9.687313727950736e-05,8.718582355155662e-05,214432654.20549121,295835303.97572273,289560291.6047952
2018-08-10,-0.0026739692080194,-0.0023386441877258,-0.0023721766897551603,213859267.89095184,295143450.46155584,288873403.4307716
2018-08-13,-0.0028748891301946,-0.0028328168684557,-0.0028370240946295902,213244446.2063008,294307363.1164741,288053862.6249408
2018-08-14,0.0009439911745629,0.0035036409257756,0.00324767595065433,213445747.0815441,295338510.4386461,288989368.22708094
2018-08-15,-0.0031344721954426,-0.0034945230680561,-0.00345851798079475,212776707.32208157,294306443.2010329,287989893.3008091
2018-08-16,0.0028915837366541,0.0045870225300423,0.00441747865070348,213391968.9885129,295656433.4867327,289262082.5060837
2018-08-17,-0.0037617543062387,0.0020899457057538,0.0015047757045545502,212589240.8302536,296274339.38027674,289697357.06008774
2018-08-20,-0.000281995685284,0.0026746932844925,0.00237902438751485,212529291.58160168,297066782.36618465,290386554.13753223
2018-08-21,-0.003096348530819,0.0008041120483657,0.00041406599044722996,211871226.821857,297305657.34505457,290506793.3336838
2018-08-22,0.0,0.0002300574019633,0.00020705166176697,211871226.821857,297374054.7121723,290566943.2479981
2018-08-23,0.0,-0.0008848010192585,-0.00079632091733265,211871226.821857,297110937.84546196,290335558.7132043
2018-08-24,0.0,0.0036046603071396,0.0032441942764256403,211871226.821857,298181921.8499305,291277463.67102456
2018-08-27,0.0,0.0042479672748245,0.00382317054734205,211871226.821857,299448588.89589334,292391067.0912362
2018-08-28,0.0,-0.0005791777848005,-0.0005212600063204501,211871226.821857,299275154.925515,292238655.3217561
2018-08-29,0.0,0.0035386435161731,0.00318477916455579,211871226.821857,300334183.01204383,293169370.9023027
2018-08-30,0.0,-0.002067910462102,-0.0018611194158918,211871226.821857,299713118.8128664,292623747.6939716
2018-08-31,0.0,0.0003742602680048,0.00033683424120432,211871226.821857,299825289.5250378,292722313.3919844
2018-09-03,0.0,0.0,0.0,211871226.821857,299825289.5250378,292722313.3919844
2018-09-04,0.0,-0.0020209395360558,-0.00181884558245022,211871226.821857,299219360.7435273,292189896.70538676
2018-09-05,0.0,-0.0016391852262431,-0.00147526670361879,211871226.821857,298728884.7879906,291758838.6796435
2018-09-06,0.0,-0.0014561757195894,-0.00131055814763046,211871226.821857,298293883.0392223,291376471.7564687
2018-09-07,0.0,-0.0027210214235821,-0.00244891928122389,211871226.821857,297482218.9929491,290662914.29668933
2018-09-10,0.0,0.0013789498727039,0.00124105488543351,211871226.821857,297892432.0609611,291023642.92649156
2018-09-11,0.0,0.0013645981355045,0.0012281383219540502,211871226.821857,298298935.5183324,291381060.2149643
2018-09-12,0.0,0.0005609991378008,0.00050489922402072,211871226.821857,298466280.9639651,291528178.2861611
2018-09-13,0.0,0.0033726170989844,0.00303535538908596,211871226.821857,299472893.4466145,292413069.91319245
2018-09-14,0.0,-0.0004397614496689,-0.00039578530470201,211871226.821857,299341196.8128559,292297337.117218
2018-09-17,0.0,-0.0033898725490345,-0.00305088529413105,211871226.821857,298326468.30698484,291405571.46989346
2018-09-18,0.0,0.0022204050337264,0.0019983645303537603,211871226.821857,298988873.8989075,291987906.02786636
2018-09-19,0.0,-3.8298081595053615e-08,-3.446827343554825e-08,211871226.821857,298988862.4482072,291987895.9635474
2018-09-20,0.0,0.0049976548395849,0.00449788935562641,211871226.821857,300483105.58360344,293301225.2127736
2018-09-21,0.0,3.200195064188008e-05,2.8801755577692075e-05,211871226.821857,300492721.6291171,293309672.8029728
2018-09-24,0.0,-0.0021607177291307,-0.0019446459562176303,211871226.821857,299843441.6780183,292739289.333837
2018-09-25,0.0,-0.0012392197659473,-0.00111529778935257,211871226.821857,299471869.7584012,292412797.8515863
2018-09-26,0.0,-0.0010775402857623,-0.00096978625718607,211871226.821857,299149176.75428396,292129219.9388045
2018-09-27,0.0,0.0018790342517934,0.00169113082661406,211871226.821857,299711288.303801,292623248.6679977
2018-09-28,0.0,7.077659525309699e-05,6.36989357277873e-05,211871226.821857,299732500.84834605,292641888.45750713
2018-10-01,0.0,0.0016824386474411,0.00151419478269699,211871226.821857,300236782.3916674,293085005.27820814
2018-10-02,0.0,0.0002917787411972,0.00026260086707748,211871226.821857,300324385.10209477,293161969.6547216
2018-10-03,0.0,-0.0017786722807986,-0.00160080505271874,211871226.821857,299790206.4430658,292692674.4924333
2018-10-04,-0.0025277669424541,-0.0054887842886567,-0.0051926825540364405,211335665.7386395,298144722.66804796,291172814.3479022
2018-10-05,0.000315705665534,-0.0039781151532979,-0.0035487330714147106,211402385.60564262,296958668.6289264,290139519.75212884
2018-10-08,7.537460025569542e-05,-0.0002354218851267,-0.00020434223658846045,211418319.97595078,296888758.059353,290080231.99373996
2018-10-09,0.0008918556695101,-0.0001197706908097,-1.8608054777719994e-05,211606874.60325965,296853199.4877066,290074834.1648931
2018-10-10,-0.0024267615514766,-0.0200737172995732,-0.01830902172476354,211093355.17594433,290894252.2817166,284763847.7243609
2018-10-11,-0.0013456605485896,-0.0103547927120677,-0.00945387949571989,210809295.17581463,287882102.5982075,282071724.6232373
2018-10-12,0.0009057443921242,0.0084715448986189,0.007714964847969431,211000234.51272777,290320908.755877,284247898.0633117
2018-10-15,0.0025830549277497,-0.0040089166399435,-0.0033497194831741796,211545259.7082422,289157036.43384206,283295747.34111774
2018-10-16,0.0012013837430215,0.013096639874273,0.01190711426114785,211799406.74416894,292944022.00712806,286668982.1744057
2018-10-17,-0.0006996885263516,-0.0005398845582904,-0.0005558649550965201,211651213.12938198,292785866.053203,286509632.9335017
2018-10-18,-0.002514439739388,-0.0085008238187471,-0.007902185410811191,211119028.9081998,290296944.9892654,284245580.69207776
2018-10-19,-4.331396691928391e-05,-0.0008141458148684,-0.0007370626300734885,211109884.5055656,290060600.9464333,284036073.8967861
2018-10-22,0.0010719717596225,-0.0023931719827201,-0.00204665760848584,211336188.33993277,289366436.04295737,283454749.3050608
2018-10-23,-0.0027960573601382,-0.0026124184685927,-0.0026307823577472497,210745280.23506135,288610489.8212479,282709041.55136937
2018-10-24,-0.0006806419117954,-0.0177412629927798,-0.016035200884681362,210601838.16462028,283490175.2188541,278175745.27817744
2018-10-25,0.0005811271926129,0.0110196741615052,0.009975819464615971,210724224.61959198,286614144.5777539,280950776.2925075
2018-10-26,0.0023180044565626,-0.0091938416838442,-0.00804265706980352,211212684.31136587,283979059.50815564,278691185.54529184
2018-10-29,-0.0015316897418398,-0.0041278695440418,-0.0038682515638215997,210889172.0094597,282806830.9972663,277613137.93098295
2018-10-30,-0.0065833999421978,0.0089108144175848,0.00736139298160654,209500804.2466425,285326870.1843083,279656757.3361498
2018-10-31,-0.0029617752130498,0.0054985833845509,0.0046525475247908305,208880309.9575108,286895763.7718696,280957873.69028515
2018-11-01,0.0061505178015602,0.0067975606561051,0.00673285637065061,210165032.02229992,288845955.1280885,282849522.7000452
2018-11-02,0.0011086963049437,-0.0052858706320564,-0.00464641393835639,210398041.21673137,287319152.7766886,281535286.7353143
2018-11-05,0.0005452101114761,0.0038167920049809,0.0034896338156304198,210512752.35623747,288415790.2218846,282517741.7921991
2018-11-06,-0.0059937957724553,0.0036426505181254,0.00267900588906733,209250981.91111675,289466388.14957184,283274608.4862264
2018-11-07,-0.0005897389275935,0.0126750437555729,0.011348565487256261,209127578.46144658,293135387.2851353,286489368.93150926
2018-11-08,-0.0008269286452494,-0.0015037027217817,-0.00143602531412847,208954644.8763052,292694598.80542415,286077962.9454949
2018-11-09,-0.0046048612502506,-0.0044562299290809,-0.00447109306119787,207992437.72905442,291390284.37414706,284798881.7504077
2018-11-12,-0.0012761167131797,-0.0118219308065075,-0.01076734939717472,207727015.1030534,287945488.5945873,281732352.6826764
2018-11-13,-0.0044798475237546,0.0001601694855834,-0.00030383221535040003,206796429.74882704,287991608.67537165,281646753.31782496
2018-11-14,0.002636277214062,-0.0038301757676081,-0.0031835304694410897,207341602.46452326,286888550.1945487,280750122.29701847
2018-11-15,0.000897682713777,0.0065097414664059,0.005948535591143011,207527729.43690246,288756120.4859873,282420174.39172006
2018-11-16,0.0044401701583134,0.0024798435772388,0.0026758762353462605,208449187.86817074,289472190.4967629,283175895.8247572
2018-11-19,0.0002508246632286,-0.0095025740616104,-0.0085272341891265,208501472.06551805,286721459.5677908,280761188.64434385
2018-11-20,-0.0028888553634927,-0.0107149940572455,-0.00993238018787022,207899141.46964547,283649240.83243716,277972561.7767299
2018-11-21,-0.0009270786947588,0.0016356466497408,0.00137937411529084,207706402.6049303,284113190.7629062,278355989.9332058
2018-11-22,-0.001313891199871,0.0,-0.0001313891199871,207433498.99039087,284113190.7629062,278319416.9846453
2018-11-23,-0.0019538765724429,-0.0037186140279863,-0.0035421402824319607,207028199.53637367,283056683.4661993,277333570.566361
2018-11-26,-0.0041758664412412,0.0091160936954469,0.0077868976817780915,206163677.42553914,285637054.71379966,279493138.70408344
2018-11-27,-0.0023762263570532,0.0021564875332983,0.00170321614426315,205673785.86137357,286253027.461338,279969175.930135
2018-11-28,0.0020764576496125,0.0140372065090246,0.01284113162308339,206100858.76735017,290271220.3216463,283564296.9686601
2018-11-29,0.0056522995929709,-0.0010774645232344,-0.00040448811161387,207265802.5674718,289958463.3796337,283449598.5816582
2018-11-30,-0.0029240203594237,0.0053825502970396,0.0045518932313932696,206659753.1409522,291519179.39282686,284739830.89088315
2018-12-03,0.0071156110928789,0.0070884380400934,0.00709115534537195,208130263.5728536,293585595.03345174,286758965.2647453
2018-12-04,0.0014944220110923,-0.0176809502781755,-0.01576341304924872,208441298.01991135,288394722.7252767,282238665.2497019
2018-12-05,-0.0058807729274964,0.0,-0.0005880772927496401,207215502.07754365,288394722.7252767,282072687.0995326
2018-12-06,-0.0049563626256612,0.000412451421697,-0.00012442998303882,206188466.9075889,288513671.5386747,282037588.7998611
2018-12-07,0.0061942038444909,-0.0133648344170332,-0.011408930590880792,207465640.30199757,284657734.09151,278819841.5252241
2018-12-10,-0.0064036446252902,0.0011372568081801,0.0003831666648330701,206137104.0695453,284981463.03760666,278926675.9939906
2018-12-11,0.0015851154526967,-0.0005645305878419,-0.00034956598378804,206463855.1785801,284820582.284754,278829172.71609205
2018-12-12,0.0057191543349429,0.0028809814580153,0.0031647987457080603,207644653.8309337,285641145.1011775,279711610.9321707
2018-12-13,-0.0008281254829251,-6.098147250144237e-05,-0.00013769587354380813,207472698.0017031,285623726.2835422,279673095.7975631
2018-12-14,-0.0024033160727328,-0.0107794777546541,-0.00994186158646197,206974075.53194237,282544851.6798674,276892624.5896864
2018-12-17,0.0016511561843246,-0.0116020240726056,-0.01027670604691258,207315822.05675182,279266759.5090868,274047080.4802201
2018-12-18,0.0005081425476491,0.0010154626357522,0.0009647306269418899,207421168.04673976,279550344.46877587,274311462.0919833
2018-12-19,-0.0012653053559115,-0.0080201866180316,-0.0073446984918195905,207158716.9318808,277308298.53700125,272296727.1100675
2018-12-20,0.0011622568873759,-0.0096994289414731,-0.0086132603585882,207399488.5774148,274618566.40046084,269951364.504677
2018-12-21,-0.0015107267272227,-0.0123869522011859,-0.01129932965378958,207086164.6268086,271216879.34490013,266901095.04664838
2018-12-24,0.001202083447288,-0.0152181882147998,-0.013576161048591022,207335099.47746885,267089449.82799882,263277602.79624978
2018-12-25,-0.0001339405304045,0.0,-1.3394053040450002e-05,207307328.90427336,267089449.82799882,263274076.44207355
2018-12-26,-8.098657052837965e-05,0.0287899351337185,0.025902842963293815,207290539.79466,274778937.76344746,270093623.5004588
2018-12-27,0.000639379268731,0.0062593691540407,0.00569737016550973,207423077.06840876,276498880.57066405,271632446.8528847
2018-12-28,0.0012927935840804,-0.000590400088912,-0.00040208072161276,207691232.291633,276335635.60699105,271523228.6826407
2018-12-31,0.0003474635163308,0.0061644773654569,0.00558277598054429,207763397.41751614,278039100.3779595,273039082.0418899
2019-01-01,2.1442662320958483e-05,0.0,2.1442662320958484e-06,207767852.4178896,278039100.3779595,273039667.51037365
2019-01-02,0.0003878839856541,0.0014287630898254,0.00132467517940827,207848442.24057624,278436352.3821078,273401356.3809185
2019-01-03,0.0018858157077355,-0.0121077812273475,-0.0107084215338392,208240406.09778187,275065105.9417246,270473659.40886825
2019-01-04,-0.0015896869301851,0.0183159590582274,0.01632539445938615,207909369.0458718,280103187.1605002,274889248.5895916
2019-01-07,0.0006142840480541,0.0038223062534922,0.0035015040329483904,208037084.4547177,281173827.32440686,275851774.4021423
2019-01-08,-0.0007407637235205,0.0050728171739293,0.00449145908418432,207882978.12940666,282600170.74451756,277090751.3601691
2019-01-09,0.0015890118952224,0.002390910135368,0.0023107203113534396,208213306.65446857,283275842.3570074,277731030.58742523
2019-01-10,-0.0013354618262778,0.002459279688133,0.00207980553669192,207935245.73170844,283972496.8822547,278308657.12255216
2019-01-11,0.0006994909260482,0.0005175306347322,0.0005357266638637999,208080694.54930335,284119461.3488127,278457754.49095684
2019-01-14,0.0002848285216043,-0.0033191835204416,-0.0029587823162370097,208139961.86590624,283176416.714867,277633858.6111499
2019-01-15,-0.0004277242746106,0.0064038418976109,0.00572068528038875,208050935.35169968,284989833.716641,279222114.5394442
2019-01-16,0.000806507898349,0.0010268006638215,0.00100477138727425,208218730.07431972,285282461.46708363,279502668.9308277
2019-01-17,-0.0023230577172413,0.0043719003457876,0.0037024045394847102,207735025.94654638,286529687.95901865,280537500.8810752
2019-01-18,-0.0004852299951699,0.007154857684747,0.006390848916755311,207634226.68090975,288579767.09882045,282330373.66469026
2019-01-21,-0.0020585384267663,0.0,-0.00020585384267663004,207206803.6465752,288579767.09882045,282272254.8723671
2019-01-22,0.0005338493462437,-0.0072838867058643,-0.0065021131006535,207317420.86323917,286477784.769668,280436888.7460104
2019-01-23,-0.0020826662637841,0.0009457841009142,0.00064293906444437,206885647.8649126,286748730.90376824,280617192.5768965
2019-01-24,0.0023115787762725,0.0018126376331763,0.0018625317474859201,207363880.33763248,287268502.44466996,281139851.00696135
2019-01-25,0.0050362005296667,0.0043149319934141,0.004387058847039361,208408206.4216226,288508046.4965686,282373228.07757676
2019-01-28,-0.0010220311934422,-0.0045199792250773,-0.00417018442191379,208195206.73369035,287203996.1201365,281195679.64068216
2019-01-29,0.0041621394506276,-0.0001804786057746,0.00025378319986562,209061744.21706817,287152161.9433438,281267042.3800498
2019-01-30,0.0023278147799561,0.0097304187743304,0.008990158374892969,209548401.23518008,289946272.73100686,283795677.6366842
2019-01-31,0.0055869927904517,0.0066946343815993,0.006583870222484541,210719146.64213175,291887357.01724845,285664151.5479462
2019-02-01,-0.0010215137821145,-0.0005095367049125,-0.0005607344126327,210503894.12968144,291738629.6951482,285503969.8277178
2019-02-04,-0.0020934016875349,0.0034782370854409,0.00292107320814332,210063224.9224777,292753365.8162096,286337947.8248
2019-02-05,-0.0004511162850649,0.0033736206417012,0.00299114694902459,209968461.98082194,293741004.61405474,287194426.7038262
2019-02-06,-0.0065165119612502,-0.0012209191153774,-0.00175047839996468,208600199.98683858,293382370.60655123,286691699.0632909
2019-02-07,-0.0020472170454194,-0.0043928514585257,-0.00415828801721507,208173150.10174763,292093585.4319265,285499552.406441
2019-02-08,0.0005258063640347,0.0011233035147718,0.0010635537996980902,208282608.8688923,292421695.1830845,285803196.54021496
2019-02-11,-0.0036279851402089,-0.0001709085783368,-0.0005166162345240099,207526962.65895203,292371717.8068859,285655545.96900344
2019-02-12,0.0029866850725477,0.0073119379219527,0.0068794126370122,208146780.34047672,294509521.65762454,287620688.34177524
2019-02-13,-0.0019608065962213,0.0013893797763723,0.0010543611391129399,207738644.7606029,294918707.2309647,287923944.4183677
2019-02-14,-0.0003818228942224,-0.0004159346246881,-0.00041252345164153004,207659325.39001858,294796040.3291591,287805169.039006
2019-02-15,0.0078592151395777,0.0064953613164657,0.0066317466987769,209291364.70399833,296710847.12576044,289713820.01867133
2019-02-18,-0.0005228873410108,0.0,-5.228873410108e-05,209181928.8988117,296710847.12576044,289698671.249771
2019-02-19,0.0056423242316093,0.001438317972567,0.0018587185984712301,210362201.16505224,297137611.669837,290237139.55797535
2019-02-20,0.000420093014843,0.0010297928307008,0.0009688228491150201,210450572.8563487,297443601.85206616,290518327.93044084
2019-02-21,-0.0054031812328211,-0.0029860490835814,-0.00322776229850537,209313470.2706548,296555420.6573386,289580603.82452214
2019-02-22,0.0037870596281552,0.0046764293854961,0.00458749240976201,210106152.8635459,297942241.1409288,290909052.6465815
2019-02-25,-0.0026728668558845,0.0005287155679197,0.00020855732553928005,209544567.09133953,298099767.8421609,290969723.86057657
2019-02-26,-0.0018107190930632,0.0003061391874775,9.445335942343002e-05,209165140.7428596,298191027.8628753,290997206.9284857
2019-02-27,0.0012581232908063,-0.0014813180788811,-0.0012073739419123598,209428296.27805293,297749312.1023419,290645864.48367095
2019-02-28,-0.0029080773937116,-0.0019265432833918,-0.00202469669442378,208819262.58404317,297175685.1649766,290057394.7626029
2019-03-01,-0.0076092524871099,0.0031586029214495,0.00208181738059356,207230304.0908691,298114345.1523224,290661241.28838944
2019-03-04,-0.0009430955280643,-0.0015092838084459,-0.00145266498040774,207034866.1178016,297664405.9981185,290239007.88200796
2019-03-05,0.0018532506858773,-0.0006274862379526,-0.0003794125455696101,207418553.62543494,297477625.6798263,290128887.56120384
2019-03-06,-0.0023588014124978,-0.0032162623466281,-0.0031305162532150703,206929294.448165,296520859.593388,289220634.3631663
2019-03-07,-0.0065684209913812,-0.0034292942206187,-0.00374320689769495,205570095.72678,295504002.3232915,288138021.68966234
2019-03-08,0.0029509109707339,-0.000879041526114,-0.00049604627642921,206176714.777515,295244242.03411645,287995091.8969055
2019-03-11,-0.0005749848926813,0.0084233775425534,0.007523541299029931,206058166.2812953,297731195.75203484,290161834.86470985
2019-03-12,0.005739781963261,0.002713965496828,0.0030165471434713,207240895.22749928,298539227.9446352,291037121.7188154
2019-03-13,0.0026036723115163,0.0040451122254558,0.00390096823406185,207780482.60821697,299746852.6253722,292172448.28557324
2019-03-14,-0.0030341757058828,-0.0009042327606056,-0.00111722705513332,207150040.1157305,299475811.7013399,291846025.3215841
2019-03-15,0.0019281307649582,0.0037539889522761,0.0035714031335443105,207549452.48103994,300600040.58994067,292888325.13093007
2019-03-18,0.0011483893632773,0.002227092952393,0.0021192225934814303,207787800.0646232,301269504.8218276,293509020.68691444
2019-03-19,0.0012075738382633,-0.0003726358312849,-0.00021461486433008,208038719.17589155,301157241.0094575,293446029.28826004
2019-03-20,0.0020154077859519,-8.481929655281819e-05,0.00012520341169765362,208458002.03029808,301131697.06412333,293482769.7322761
2019-03-21,-0.0007021209169567,0.0066499371595956,0.0059147313519403695,208311639.30676562,303134203.92636216,295218641.47166586
2019-03-22,-0.0009864007606768,-0.0093414554988842,-0.00850595002506346,208106160.54729557,300302489.2501944,292707526.46084076
2019-03-25,0.0020691965415781,0.000554426752764,0.0007059037316454101,208536773.0949811,300468984.9841563,292914149.7960502
2019-03-26,-0.0009332245077941,0.0043909513164022,0.00385853373398257,208342161.46755254,301788329.6693105,294044368.92419904
2019-03-27,-0.0013092485267142,-0.0017292143680636,-0.00168721778392866,208069389.7995987,301266472.9535324,293548252.035686
2019-03-28,-0.0014617319853563,0.00208386939565,0.0017293092575493701,207765248.11735508,301894272.93645567,294055887.7454688
2019-03-29,-3.0830968600348285e-07,0.0035539556726661,0.0031985292744308898,207765184.06131667,302967191.8003036,294996434.11074144
2019-04-01,0.001805155437603,0.0052578116608574,0.00491254603853196,208140232.51306954,304560136.23420846,296445617.6745132
2019-04-02,0.0005773042889484,0.000369495309662,0.00039027620759064005,208260392.76200205,304672669.776057,296561313.3459361
2019-04-03,0.0009833706525549,0.0004268274207255,0.00048248174390844005,208465189.92033377,304802712.42586315,296704398.76557505
2019-04-04,0.0001490570468695,0.0015679496005173,0.00142606034515252,208496263.12591836,305280627.7170478,297127517.14288694
2019-04-05,0.000419239155417,0.0029915439130297,0.00273431343726843,208583672.92317888,306193888.12066066,297939956.9055929
2019-04-08,0.0012252610774284,0.0003303839673372,0.00041987167834632,208839242.3789987,306295049.67219234,298065053.45534533
2019-04-09,-0.0004578737983833,-0.0030005361686663,-0.002746269931638,208743620.36183915,305376000.2973675,297246486.36136883
2019-04-10,0.0013292416212087,0.0025149187049512,0.00239635099657695,209021091.07018587,306143996.11255854,297958793.27518994
2019-04-11,-0.0024846017895152,-0.0006858319113876,-0.00086570889920036,208501756.89326647,305934032.7905448,297700847.6962566
2019-04-12,0.0014364129621906,0.0029502600177092,0.00279887531215734,208801251.51950747,306836617.7355433,298534075.24928194
2019-04-15,-0.0011637242076398,-0.0001239096448621,-0.00022789110113987,208558264.44852874,306798597.719209,298466041.9901456
2019-04-16,-0.0010877804177659,-0.0004622097062337,-0.00052476677738692,208331398.8524984,306656792.4294843,298309416.927131
2019-04-17,-0.0009278305236112,-0.0011803110924227,-0.00115506303554155,208138102.62161642,306294842.015813,297964850.7464845
2019-04-18,0.0001380704667577,0.001742253316794,0.00158183503179037,208166840.34659544,306828485.2202319,298436181.98563755
2019-04-19,0.0,0.0,0.0,208166840.34659544,306828485.2202319,298436181.98563755
2019-04-22,0.0001197075502789,8.372332698787228e-05,8.732174931697506e-05,208191759.4891026,306854173.9218292,298462241.955108
2019-04-23,-0.0024013378920521,0.0058278613793363,0.005004941452197461,207691820.72822842,308642477.5111164,299956028.0017849
2019-04-24,-0.002594447689291,-0.0002322769108328,-0.00046849398867862,207152975.16385543,308570786.9898883,299815500.40579814
2019-04-25,-0.0015317000771701,-0.0004483663739323,-0.0005566997442560801,206835678.93581095,308432434.2250242,299648593.19339824
2019-04-26,-0.0002716892591475,0.0035487502814973,0.00316670632743282,206779483.90343565,309526983.9128032,300597492.2894701
2019-04-29,-0.0004038487589306,1.6482576057130663e-05,-2.5550557441642407e-05,206695976.26548892,309532085.7148572,300589811.8559765
2019-04-30,-0.0003837653093621,0.0013340578314959,0.0011622755174101,206616653.5202135,309945019.4179044,300939180.0350796
2019-05-01,-0.0004687941365575,-0.0044689946262643,-0.00406897457729362,206519792.8445281,308559876.7916884,299714666.1622053
2019-05-02,-0.0035783701572277,-0.0021624854501658,-0.00230407392087199,205780788.5809364,307892620.54762137,299024101.41619813
2019-05-03,0.0010296058830733,0.0063109254785363,0.00578279351899,205992661.69148275,309835707.9312887,300753296.0518895
2019-05-06,-0.0011391732820966,-0.001895500972493,-0.0018198682034533602,205758000.35497585,309248414.0455919,300205964.6913209
2019-05-07,-0.0015904412467851,-0.008804025583973,-0.00808266715025421,205430754.34435526,306525783.09653145,297779499.80219996
2019-05-08,0.0,-0.0015930566722603,-0.00143375100503427,205430754.34435526,306037470.1525497,297352558.14508
2019-05-09,0.0,-0.0010342146416781,-0.0009307931775102901,205430754.34435526,305720961.72001576,297075784.41264325
2019-05-10,0.0,0.0025994533656979,0.00233950802912811,205430754.34435526,306515669.1029233,297770795.59553623
2019-05-13,0.0,-0.0132190548292076,-0.01189714934628684,205430754.34435526,302463821.6670405,294228171.96937346
2019-05-14,0.0,0.0045638046582671,0.00410742419244039,205430754.34435526,303844207.4653218,295436691.881018
2019-05-15,0.0,0.0045166026981643,0.0040649424283478695,205430754.34435526,305216551.0325812,296637625.02473587
2019-05-16,0.0,0.0049154758333104,0.00442392824997936,205430754.34435526,306716835.6131082,297949928.59408957
2019-05-17,0.0,-0.0031299909663893,-0.0028169918697503703,205430754.34435526,305756814.6883996,297110606.06764734
2019-05-20,0.0,-0.0044023474726574,-0.00396211272539166,205430754.34435526,304410766.94800836,295933420.35449785
2019-05-21,0.0,0.0047507576569715,0.00427568189127435,205430754.34435526,305856948.72995114,297198737.52093047
2019-05-22,0.0,-0.0009482952517393,-0.00085346572656537,205430754.34435526,305566906.03775907,296945088.58447784
2019-05-23,0.0,-0.0047621667887548,-0.00428595010987932,205430754.34435526,304111745.4660835,295672396.74943113
2019-05-24,0.0,0.0001097888634502,9.880997710518e-05,205430754.34435526,304145133.5489801,295701612.1321845
2019-05-27,0.0,0.0,0.0,205430754.34435526,304145133.5489801,295701612.1321845
2019-05-28,0.0,-0.0035981434119628,-0.00323832907076652,205430754.34435526,303050775.7404203,294744033.00534433
2019-05-29,0.0,-0.0033113973024413,-0.0029802575721971703,205430754.34435526,302047254.2191307,293865619.8691202
2019-05-30,0.0,0.0017003822025262,0.0015303439822735802,205430754.34435526,302560849.9945268,294315335.35208404
2019-05-31,0.0,-0.0056604194451475,-0.00509437750063275,205430754.34435526,300848228.67587745,292815981.92957515
2019-06-03,0.0,-0.0001160451919811,-0.00010444067278299,205430754.34435526,300813316.68542355,292785400.0314208
2019-06-04,0.0,0.0117503170810471,0.010575285372942389,205430754.34435526,304347968.53867877,295881689.18978417
2019-06-05,0.0,0.0049052114867156,0.00441469033804404,205430754.34435526,305840859.6899132,297187915.2242545
2019-06-06,0.0009415027963196,0.0037708413372635,0.00348790748316911,205624167.9740205,306994137.0462561,298224479.17767256
2019-06-07,0.0010353246014093,0.0074285914782721,0.00678926479058582,205837055.7337683,309274671.0765975,300249204.1338444
2019-06-10,-0.0024014438494697,0.001536703070768,0.0011428883787442299,205342749.60228348,309749934.41335166,300592355.45997614
2019-06-11,-0.0002146116658383,-9.440745961502016e-05,-0.00010642788023734814,205298680.65272355,309720691.7089278,300560364.052769
2019-06-12,0.0012699345814115,-0.0009624477136171,-0.00073920948411424,205559396.5468026,309422601.73733264,300338186.98111236
2019-06-13,0.0016365722341367,0.0035890210560165,0.0033937761738285204,205895809.34765702,310533125.9701754,301357467.5641797
2019-06-14,-0.0001136101198679,-0.0009203561265512,-0.00083968152588287,205872417.50007674,310247324.90519166,301104423.26597923
2019-06-17,-0.000380114779757,0.0007942959581296,0.00067685488434094,205794162.35144067,310493753.10138434,301308227.2655635
2019-06-18,0.0012969708732066,0.0063726742460317,0.0058651039087491905,206061071.38588646,312472428.64532727,303075431.327037
2019-06-19,0.0013720550370955,0.0027410987964483,0.00260419442051302,206343798.51683074,313328946.4434102,303864698.67429346
2019-06-20,0.007454465345646,0.0062915177303285,0.00640781249186025,207881981.21216342,315300261.0653841,305811806.686294
2019-06-21,0.0036722130163322,-0.0022776711986599,-0.0016826827771606902,208645368.12943166,314582110.7418255,305297222.4261306
2019-06-24,0.0033429196018613,0.0001638853940692,0.00048178881484841,209342852.82038912,314633666.1550116,305444311.21309984
2019-06-25,-2.5693717151525908e-05,-0.0051497218353825,-0.004637319023559403,209337474.02434105,313013390.29426664,304027868.49807334
2019-06-26,-0.0034625842975285,-0.0020212198205628,-0.00216535626825937,208612625.37390006,312380721.42570233,303369539.84729546
2019-06-27,-0.0009100288532031,0.0034471955028947,0.00301147306728492,208422781.86566734,313457558.843792,304283129.0459803
2019-06-28,0.0019783697116735,0.0036288678522547,0.00346381803819658,208835119.1845331,314595054.90212655,305337110.4370886
2019-07-01,-0.003315759821696,0.0037596475550616,0.0030521068173858397,208142672.08698195,315777821.4311238,306269031.91345453
2019-07-02,0.0035125979788592,0.0030359355569765,0.0030836017991647704,208873793.61626905,316736502.5473111,307213443.6512913
2019-07-03,0.0008621659931011,0.005343863440094,0.004895693695394711,209053877.49797502,318429099.1634169,308717466.57051545
2019-07-04,0.002900363360963,0.0,0.0002900363360963,209660209.7047374,318429099.1634169,308807005.85340846
2019-07-05,-0.0050392216895455,-0.0032486468613154,-0.00342770434413841,208603685.42855862,317394635.4698682,307748506.73794436
2019-07-08,0.0004128955249304,-0.0024784497827085,-0.0021893152519446104,208689816.95675606,316607988.80455506,307074748.2383798
2019-07-09,-0.0002158120144539,0.0004669591858695,0.00039868206583716,208644779.1869626,316755831.813247,307197173.4333739
2019-07-10,0.0069658690679335,0.0027166498670411,0.00314157178713034,210098171.4004869,317616346.5016269,308162255.4065184
2019-07-11,-0.001615953676197,1.9611117985718308e-05,-0.00014394536143255354,209758662.48804998,317622575.31327236,308117896.879284
2019-07-12,0.0028567529564793,0.0031322291689557,0.00310468154770806,210357891.1672599,318617442.00838745,309074504.82824373
2019-07-15,-0.0019321316575271,0.0005534312245775,0.00030487493636704,209951452.026325,318793774.84948987,309168733.8982359
2019-07-16,-0.0048643725792759,-0.0026451102204882,-0.00286703645636697,208930169.94010898,317950530.1774075,308282335.86698085
2019-07-17,0.0022327860570034,-0.0025519850132133,-0.00207350790619163,209396666.3104386,317139125.1894515,307643110.0062214
2019-07-18,0.0036057544674297,0.0028139613220359,0.00289314063657528,210151699.27545238,318031542.42143893,308533164.7893428
2019-07-19,-0.0013613924777653,-0.0040374604323687,-0.0037698536369083608,209865600.33286917,316747502.6526672,307370039.9159549
2019-07-22,-0.000432668080844,0.0019548359414309,0.00171608553920341,209774798.18633795,317366692.0552111,307897513.19663894
2019-07-23,-0.0037638234400251,0.0033513603420943,0.0026398419638823606,208985242.88379768,318430302.2008666,308710313.9725505
2019-07-24,0.0007585348676808,0.0033635066817648,0.0031030095003564003,209143765.4773558,319501344.6499956,309668245.0096653
2019-07-25,-0.0053676537639389,-0.0038266267113656,-0.00398072941662293,208021154.1573869,318278732.2702407,308435539.51736134
2019-07-26,-0.0013889794018748,0.0043987270709653,0.0038199564236812904,207732217.05910808,319678753.54599035,309613749.83783233
2019-07-29,0.000943148442175,-0.0003493952420011,-0.00022014087358349001,207928139.3760169,319567059.31053257,309545591.19646955
2019-07-30,-7.337129701426304e-05,-0.0016035567499198,-0.0014505382046292464,207912883.41874513,319054615.39552313,309096583.49036455
2019-07-31,-0.0007477467712647,-0.0058804682484081,-0.00536719610069376,207757417.23146445,317178424.8601817,307437601.5127173
2019-08-01,-0.0062000252959268,-0.002055803566395,-0.0024702257393481803,206469315.98921293,316526368.32317054,306678161.2362171
2019-08-02,-0.0061142429618113,-0.003514248552224,-0.00377424799318273,205206912.42709592,315414015.99155015,305520681.80161834
2019-08-05,-0.0015429570744066,-0.0148635818999741,-0.01353151941741735,204890286.9698494,310725833.93246,301386522.7633971
2019-08-06,-0.0010596314253976,0.0080755654022048,0.007162045719444561,204673178.78301743,313235120.7265362,303545066.818653
2019-08-07,0.0027163350618777,0.0020171088554474,0.00208703147609043,205229139.71477172,313866950.06239086,304178574.9275155
2019-08-08,0.0058826980297018,0.0105318271242405,0.010066914214786631,206436440.7706092,317172542.5204606,307240714.54728687
2019-08-09,-0.0008889926612929,-0.0042143926843985,-0.00388185268208794,206252920.28974068,315835852.8775703,306048051.3554748
2019-08-12,-0.0008034779906033,-0.0045037434634219,-0.00413371691614004,206087200.60779023,314413409.2196587,304782935.34843504
2019-08-13,0.0007062068560296,0.0078127951254616,0.0071021362985184,206232740.8017994,316869856.77058977,306947545.29674214
2019-08-14,-0.0010119518074263,-0.0148921062689939,-0.01350409082283714,206024043.20699453,312150997.19012123,302802497.76720804
2019-08-15,0.0011334870946845,0.0029678928419542,0.00278445226722723,206257568.8011644,313077427.9002906,303645636.868638
2019-08-16,-0.0016034372969034,0.0085593058461096,0.007543031531808301,205926847.72258002,315757153.3592025,305936045.48203415
2019-08-19,-0.0029071303980125,0.0055543218786076,0.0047081766509455905,205328191.52379882,317510970.2244324,307376446.42805535
2019-08-20,0.0018851275469276,-0.0037269714409738,-0.00316576154218366,205715261.35380113,316327615.90621006,306403365.8949803
2019-08-21,-0.0007547107218683,0.0044401500339894,0.00392066395840363,205560005.8404055,317732157.98072785,307604670.52837837
2019-08-22,-0.0007636508834392,-0.0012815901038764,-0.00122979618183268,205403029.7603457,317324955.5913764,307226379.47904867
2019-08-23,0.0048229042895478,-0.0134862114136948,-0.011655299843370541,206393668.913663,313045444.1534298,303645563.9064272
2019-08-26,5.730340022003233e-05,0.0062536621797168,0.005634026301767123,206405495.97267562,315003124.6080648,305356310.999891
2019-08-27,0.0025371404626434,-0.0004484119600687,-0.00014985671779749004,206929175.70821986,314861873.43953145,305310551.3053658
2019-08-28,-0.000615759555616,0.0045301301772531,0.00401554120396619,206801757.0909418,316288238.7140663,306536538.4041381
2019-08-29,-0.0018485909773165,0.0066549929669107,0.00580463457248798,206419465.22869027,318393134.718225,308315870.99268955
2019-08-30,-0.0011864784011835,0.0007487269465295,0.0005552064117582,206174552.99161258,318631524.23777854,308487049.9411115
2019-09-02,0.0014650942527525,0.0,0.00014650942527525,206476618.1442644,318631524.23777854,308532246.2015033
2019-09-03,0.0029114817987431,-0.0030448251636481,-0.00244919446740898,207077771.05985743,317661346.9548478,307776590.73108923
2019-09-04,0.0008806799819016,0.0067897163029555,0.00619881267085011,207260140.30752668,319818177.38108593,309684440.16150415
2019-09-05,-0.0053943512286238,0.0051747939792622,0.004117879458473601,206142106.31501403,321473170.5598562,310959683.3562541
2019-09-06,-0.0020127711398571,0.0012139344044702,0.00089126385003747,205727189.4327138,321863417.9017129,311236830.48084867
2019-09-09,-0.0012758657304787,-0.0017168247670329,-0.00167272886337748,205464709.16188896,321310834.8142573,310716215.65115726
2019-09-10,-0.0022262912489244,-0.0019528883084448,-0.0019802286024927602,205007284.87791905,320683350.64157194,310100926.5136665
2019-09-11,0.0019215496237666,0.0037575151850798,0.0035739186289484802,205401216.54904562,321888323.2012099,311209201.9917879
2019-09-12,0.0003439754207854,0.0003714457166281,0.00036869868704383,205471869.51893792,322007887.2400956,311323944.4159582
2019-09-13,-0.0017892160132332,-0.0029297528414706,-0.00281569915864686,205104235.95972568,321064483.71747804,310447349.8475996
2019-09-16,0.001662714221413,-0.0003132260738459,-0.00011563204432001002,205445265.68972796,320963917.9497919,310411452.185883
2019-09-17,0.0004921818169684,0.0022322347893664,0.0020582294921266003,205546382.11388266,321680384.7735708,311050350.1914658
2019-09-18,-0.0012288694401151,0.00087659003079,0.00066604408369949,205293792.44637668,321962366.591964,311257523.4369435
2019-09-19,0.0008417001338688,0.0005015154649134,0.00053553393180894,205466588.25896126,322123835.69793,311424212.4022748
2019-09-20,0.0029802605685009,-0.002440566500974,-0.0018984837940265102,206078932.23009387,321337671.0553604,310832978.5819616
2019-09-23,0.0008800843826224,0.0011966403265462,0.00116498473215382,206260299.07993707,321722196.6709837,311195094.25625944
2019-09-24,-4.5373775892365575e-06,-0.0033275460002403,-0.002995245137975194,206259363.19907847,320651651.2622626,310262988.66322666
2019-09-25,-0.0059631557382927,0.0013324303457523,0.0006028717373477999,205029406.4938413,321078897.25281996,310450037.4502368
2019-09-26,-0.0007435933573137,-0.0001484137156067,-0.00020793167977740002,204876947.98911852,321031244.7406758,310385485.0524628
2019-09-27,-0.0022284471785718,-0.0027696550910578,-0.0027155342998092004,204420390.53241774,320142098.9192912,309542622.6216399
2019-09-30,-0.0058828683416611,0.0031563075719001,0.00225238998054398,203217812.28856456,321152565.85019416,310239833.3233842
2019-10-01,0.0014070687685697,-0.0064677960062238,-0.00568030952874445,203503753.72545284,319075416.56739974,308477575.0419613
2019-10-02,0.0023218579969756,-0.0096569126966076,-0.00845903562724928,203976260.5434549,315994133.1259746,305868152.2444739
2019-10-03,0.0016616726178597,0.0066484098595534,0.00614973613538403,204315202.31029338,318094991.6362104,307749160.67299485
2019-10-04,0.0005364993126135,0.0090298983339855,0.008180558431848301,204424817.27588934,320967357.07123536,310266720.6642326
2019-10-07,-0.0025612579695502,-0.0036923082272362,-0.0035792032014676,203901232.5834676,319782246.65804696,309156213.02432233
2019-10-08,0.0025527620923848,-0.0089248330557085,-0.007777073540899171,204421743.92059726,316928243.4924445,306751882.42000633
2019-10-09,0.0001463893118859,0.0044655059091617,0.00403359424943412,204451669.0790243,318343488.43654025,307989195.0489387
2019-10-10,-0.0018570902320461,0.0021745412621949,0.0017713781127708,204071983.8814521,319035739.4876966,308534760.3680183
2019-10-11,0.0020084412876484,0.0045505499594221,0.004296339092244731,204481850.47953194,320487527.55907655,309860330.32030386
2019-10-14,-7.30895014575128e-05,-0.0008319944533702,-0.0007561039581789312,204466905.00302327,320220883.713773,309626043.698066
2019-10-15,-0.0026101199103464,0.0055988211179006,0.0047779270150759,203933221.86326796,322013743.15990245,311105414.33682203
2019-10-16,0.0013115108134461,-0.0007244129927593,-0.00052082061213876,204200682.48896253,321780472.22051036,310943384.2244875
2019-10-17,0.0010773316654718,0.0014600978626794,0.00142182124295864,204420674.35031882,322250303.2002515,311385490.13353527
2019-10-18,-3.04285470066612e-05,-0.0021492533758132,-0.001937370892932546,204414454.12622023,321557705.6482415,310782220.94846904
2019-10-21,-0.0022687736698974,0.0031882237353054,0.0026425239947851197,203950683.99495223,322582903.55765957,311603470.424478
2019-10-22,0.0007265519264169,-0.0014763632639151,-0.0012560717448819,204098864.75730276,322106654.00927997,311212074.1096707
2019-10-23,0.0017059855722363,0.001822097613331,0.0018104864092215302,204447054.47588855,322693563.7747883,311775519.3402319
2019-10-24,0.0010694957042977,0.0010121414791993,0.00101787690170914,204665709.7224068,323020175.3157554,312092868.4398867
2019-10-25,0.0004748119656396,0.0015241109213834,0.0014191810258090201,204762887.45033914,323512493.8927814,312535784.7170669
2019-10-28,-5.283158423052825e-05,0.0022178116546844,0.001990747330792907,204752069.50260353,324229983.6721728,313157964.4962697
2019-10-29,0.0003749319020496,-8.155494731540978e-05,-3.590626237890879e-05,204828837.58547077,324203541.1129363,313146720.16423047
2019-10-30,0.0003161939521078,0.0030138581135114,0.00274409169737104,204893603.22513255,325180644.5857487,314006023.4790921
2019-10-31,-0.0002909764668617,0.000920167334917,0.0007990529547391301,204833984.00838354,325479865.19284374,314256930.91995895
2019-11-01,0.0063079871516287,0.0049337010461796,0.00507112965672451,206126074.1477253,327085685.5442561,315850568.5621784
2019-11-04,-8.887659946910098e-05,0.0008984558330231,0.0007997225897738799,206107754.36319315,327379557.5863317,316103161.39685047
2019-11-05,-0.0005509952619835,-0.0024657055509674,-0.00227423452206901,205994189.96708095,326572335.9939179,315384268.6746666
2019-11-06,-0.0050109474963905,0.0016671595894522,0.00099934888086793,204961963.89659443,327116784.1955199,315699447.59060997
2019-11-07,-0.0033028299244659,-0.0007369541856868,-0.00099354175956471,204285009.38885948,326875714.1121987,315385787.0059572
2019-11-08,-0.0037709001059666,0.0014258795000768,0.00090620153947246,203514671.02530766,327341799.49202424,315671590.09166974
2019-11-11,-0.0039833423018599,-0.0011796467773104,-0.00146001632976535,202704002.42716345,326955651.79317445,315210704.4152929
2019-11-12,-0.0014382984686805,0.0017021422906448,0.00138809821471227,202412453.57087702,327512176.83525693,315648247.83134997
2019-11-13,-0.0008115354315887,0.001398544821043,0.0011775367957798301,202248188.69300947,327970217.2939984,316019935.25769484
2019-11-14,-0.0029523250720935,0.002013041423924,0.00151650477432225,201651086.2947456,328630434.92722464,316499180.9982941
2019-11-15,0.0019894111879298,0.0042631790198544,0.00403580223666194,202052253.22187856,330031445.302692,317776509.1008687
2019-11-18,-0.0026923362971792,0.0008934981786909,0.0005349147311038899,201508260.60660246,330326327.7979807,317946492.4367855
2019-11-19,-0.0023157153542832,0.000300647367093,3.9011094955379995e-05,201041624.83350083,330425639.53871465,317958895.8775926
2019-11-20,0.0014888303536767,-0.0009784086416332,-0.00073168474210221,201340941.70690542,330102348.2375728,317726250.20486337
2019-11-21,-0.0001605344191528,-0.0016998419687876,-0.00154591121382412,201308619.5557768,329541226.4120432,317235073.6317454
2019-11-22,0.0018594667585442,0.001286274250153,0.00134359350099212,201682946.24204916,329965106.80594087,317661308.61496377
2019-11-25,-0.0027324570951251,0.0049859156199295,0.00421407834842404,201131856.24462435,331610284.9859963,318999958.2577302
2019-11-26,0.0007547629075383,0.002003107883495,0.0018782733858993298,201283663.10924214,332274536.1620998,319599127.3894287
2019-11-27,-0.0011371884793735,0.0019327069568234,0.00162571741320371,201054765.6464682,332916725.46971554,320118705.2560704
2019-11-28,-0.0005902679242133,0.0,-5.902679242133e-05,200936089.46729687,332916725.46971554,320099809.6757051
2019-11-29,-0.0039775185145888,-0.002334224074154,-0.00249855351819748,200136862.45119163,332139623.2344356,319300023.17006546
2019-12-02,0.0018707690008837,-0.0067097860521129,-0.00585173054681324,200511272.28939945,329911037.42310315,317431565.470883
2019-12-03,0.000884726927804,-0.0007753014471867,-0.00060929860968763,200688670.01132214,329655256.91834617,317238154.85937065
2019-12-04,0.0004212637515126,0.0021163297375514,0.00194682313894752,200773212.87333718,330352916.1417026,317855761.4398079
2019-12-05,-0.0009236011418467,0.0007517714810981,0.0005842342188036201,200587778.50467512,330601266.04275554,318041463.6522849
2019-12-06,0.0,0.0044616671463747,0.00401550043173723,200587778.50467512,332076298.8500083,319318559.286891
2019-12-09,0.0,-0.0014685588638184,-0.0013217029774365602,200587778.50467512,331588625.2578682,318896514.99633074
2019-12-10,0.0,-0.0006113008982318,-0.00055017080840862,200587778.50467512,331385924.83340454,318721067.4428766
2019-12-11,0.0,0.0027106375053615,0.0024395737548253502,200587778.50467512,332284191.95000696,319498610.9941201
2019-12-12,0.0,0.0027698036653712,0.00249282329883408,200587778.50467512,333204553.92281497,320295064.5755514
2019-12-13,-0.0009840871983976,0.0020734803851701,0.0017677236268133303,200390382.63969365,333895447.02962327,320861257.7287533
2019-12-16,0.0007624025947063,0.0028111302676486,0.00260625750035437,200543160.78737235,334834070.6269983,321697504.78828204
2019-12-17,-0.0014559390749538,0.0002083200968035,4.189417962776999e-05,200251182.16336727,334903823.29300445,321710982.0413335
2019-12-18,0.0002473551014635,-0.0009484937010001,-0.00082890882075374,200300715.3148495,334586169.12617016,321444312.97058606
2019-12-19,0.0005997012883425,0.0030735633344794,0.0028261771298657102,200420835.91187975,335614540.9078203,322352771.5364289
2019-12-20,0.0009057153603396,0.0028946899923908,0.00269579252918568,200602360.14149722,336586040.9606869,323221767.7296992
2019-12-23,0.0004709126911462,0.0001050488395383,0.00014163522469909002,200696826.33876175,336621398.9336946,323267547.3173992
2019-12-24,0.0017224027380589,0.0005742231662892,0.00068904112346617,201042507.1019674,336814694.73923105,323490291.9513829
2019-12-25,0.0,0.0,0.0,201042507.1019674,336814694.73923105,323490291.9513829
2019-12-26,0.0023197540462358,0.003289872469956,0.00319286062758398,201508876.27128258,337922772.13093024,324523151.3679601
2019-12-27,0.001836635899879,0.0008731985924451,0.0009695423231884901,201878974.70758668,338217845.81991017,324837790.2980659
2019-12-30,0.0025038749341297,-0.0037802042349408,-0.00315179631803375,202384454.41208485,336939313.28680915,323813967.74664617
2019-12-31,-4.436205070801336e-05,0.0013619199127037,0.0012212917163625288,202375476.22265568,337398197.64694715,324209439.06309766
2020-01-01,3.2953923823630937e-06,0.0,3.295392382363094e-07,202376143.12925836,337398197.64694715,324209545.9028293
2020-01-02,0.0008628301832563,0.0058136441192825,0.00531856272567988,202550759.3739213,339359710.69455385,325933874.7089777
2020-01-03,0.0026187931185152,-0.0020215739933386,-0.0015575372821532202,203081197.90871975,338673669.92902684,325426220.54760176
2020-01-06,0.0017603632135917,0.0015076490220662,0.00153292044121875,203438694.57889035,339184270.95629495,325925073.0531877
2020-01-07,-0.0034396447249236,-0.0020209683416912,-0.00216283598001444,202738937.74623674,338498790.2826927,325220150.5783995
2020-01-08,-0.0053484396619658,0.0017506670282017,0.00104075635918495,201654600.77056995,339091388.95392674,325558625.51824903
2020-01-09,-0.0014369866721988,0.0046871403950679,0.00407472768834123,201364825.79687506,340680757.9007124,326885188.26382655
2020-01-10,0.004727147599307,-0.0008591051003765,-0.00030047983040815,202316707.04972565,340388077.32399976,326786965.8578941
2020-01-13,-0.0077660692913892,0.0037847074508384,0.0026296297766156404,200745501.48397177,341676346.6164244,327646294.5939239
2020-01-14,-0.0003829857988572,-0.0001217389553214,-0.00014786363967498,200668618.80771896,341634751.29492927,327597847.62027925
2020-01-15,-0.0011637021678153,0.001870111048746,0.0015667297270898699,200435100.3009999,342273646.21796155,328111104.9066766
2020-01-16,-0.0025025947376235,0.0046138778356807,0.00390223057835028,199933492.4737516,343852855.0079842,329391470.0933397
2020-01-17,0.0005488744914143,0.0015631230447973,0.0014616981894590001,200043230.8677498,344390339.3296665,329872941.0087984
2020-01-20,-2.5947030469708476e-05,0.0,-2.5947030469708477e-06,200038040.33994323,344390339.3296665,329872085.0864733
2020-01-21,-0.0035263604400559,8.151849999766831e-05,-0.0002792693940076885,199332634.10798213,344418413.5135423,329779961.9091711
2020-01-22,-0.0012439582645829,0.0004441897677036,0.00027537496447495004,199084672.63038242,344571400.6486338,329870775.0544664
2020-01-23,0.0005028894839522,0.0015629880599169,0.0014569782023204302,199184790.21866432,345109961.6336364,330351389.58330333
2020-01-24,-0.0032492733044482,-0.0040674994722069,-0.00398567685543103,198537584.3971547,343706227.0468383,329034715.69568163
2020-01-27,-0.0068320457902188,-0.0075953272752087,-0.007518999126709711,197181166.5294739,341095665.76589036,326560703.9557087
2020-01-28,-0.0014029584802814,0.0051408846076471,0.00448650029885425,196904529.5397396,342849199.2237613,328025818.6516
2020-01-29,-0.0007810930493336,0.0006818984334716,0.00053559928519108,196750728.78033382,343082987.55562896,328201509.045594
2020-01-30,-0.0040350322999855,0.0027679053444066,0.0020876115799673897,195956833.2346595,344032608.79045916,328886666.3164403
2020-01-31,0.0023629849836115,-0.0097963055550699,-0.00858037650120176,196419876.28902906,340662360.23384005,326064694.8932201
2020-02-03,-0.0019554355760275,0.0044876093405463,0.0038433048488889206,196035789.8750946,342191119.82359797,327317860.91615474
2020-02-04,-0.0037752183316103,0.0068840922257469,0.00581816117001118,195295711.9675064,344546795.0512953,329222248.9847882
2020-02-05,0.0004990598356643,0.0056616882639787,0.00514542542114726,195393176.21342686,346497511.59722865,330916237.51392174
2020-02-06,0.0017094895952494,0.0023898709219961,0.00232183278932143,195727198.81514645,347325595.9247389,331684569.6847005
2020-02-07,0.0006031940561448,-0.0014408719395417,-0.0012364653399730499,195845260.2980976,346825144.2196863,331274453.21048146
2020-02-10,0.000272216703599,0.0052344455244058,0.0047382226423251204,195898572.64927143,348640581.5435985,332844105.3255073
2020-02-11,-0.0006774162770727,0.0001172525670479,3.7785682635840004e-05,195765867.7675035,348681460.5467615,332856682.06723833
2020-02-12,-0.000291793429386,0.0029656705139276,0.0026399241195962397,195708744.57359087,349715534.87305826,333735398.4505964
2020-02-13,0.0015867846698083,-0.0004764359029002,-0.00027011384562935007,196019292.20922768,349548917.83644277,333645251.8986983
2020-02-14,0.0012785532994923,0.0019602761134336,0.0018921038320394703,196269913.32204595,350234130.23055416,334276543.35835755
2020-02-17,-0.0004624193528022,0.0,-4.6241935280220004e-05,196179154.315753,350234130.23055416,334261085.7640739
2020-02-18,0.0032381904081257,-0.0008355231428136,-0.00042815178771966997,196814419.7715325,349941501.5093433,334117971.2826389
2020-02-19,0.0015749776787108,0.0026020617381409,0.00249935333219789,197124398.08952108,350852070.90100837,334953050.1475114
2020-02-20,0.0012192095303095,-0.0011405069980542,-0.0009045353452178301,197364734.03432834,350451921.6588639,334650073.27466446
2020-02-21,0.0036815554842056,-0.0049043615414098,-0.00404576983884826,198091343.2533012,348733178.732167,333296156.1016414
2020-02-24,0.0024293998454433,-0.0176420878504465,-0.01563493908085752,198572586.3319844,342580797.3566087,328085091.00510824
2020-02-25,-0.003651966397088,-0.0169388275556795,-0.01561014143982035,197847405.91931716,336777880.3062979,322963636.3302222
2020-02-26,0.0008898320633095,-0.001808588199788,-0.00153874617347825,198023456.88474676,336168787.8060263,322466677.2706464
2020-02-27,0.0006170168681747,-0.0258935464845597,-0.023242490149286265,198145640.69793892,327464185.67231286,314971748.70071036
2020-02-28,-0.0090151427650895,-0.0007964816848742,-0.0016183477928957302,196359329.45876685,327203366.44597256,314462014.86637604
2020-03-02,0.0005912252710176,0.0285679339141702,0.02577026304985494,196475422.05654296,336550890.59509516,322565783.70866996
2020-03-03,0.0080940457016307,-0.0155094124771798,-0.013149066659298748,198065703.1019158,331331184.0132936,318324344.7166757
2020-03-04,-0.0006048509964044,0.0258332361161552,0.023189427404899238,197945902.8640411,339890540.7225543,325706103.9996951
2020-03-05,0.0053911896049311,-0.0185418018349595,-0.016148502690970443,199013066.7579004,333588357.67089945,320446438.10279053
2020-03-06,0.0002392015452419,-0.0034855742848655,-0.00311309670185476,199060670.99099222,332425610.66967124,319448857.35321164
2020-03-09,0.0009917375121726,-0.0402250397550942,-0.03610336202836752,199258086.9256122,319053777.26487225,307915679.6066403
2020-03-10,-0.0046222187840306,0.0222050901967664,0.0195223592986867,198337072.45335466,326138395.16665775,313926920.1376204
2020-03-11,-0.0021765490481387,-0.0307889623117921,-0.02792772098542676,197905382.0870957,316096932.4094432,305159656.70220256
2020-03-12,-0.0090043668656424,-0.0579967324037959,-0.05309749584998055,196123369.42209834,297764343.20683193,288956443.0968759
2020-03-13,-0.007347016464169,0.0529426322554108,0.04691366738345282,194682447.7979459,313528771.32800514,302512449.55662835
2020-03-16,-0.0025705470542478,-0.0651562227931759,-0.05889765521928309,194182007.40524513,293100420.85128695,284695175.60310125
2020-03-17,0.0023446271712568,0.0292644976246906,0.02657251057934722,194637291.81597668,301677857.42108524,292260241.1687038
2020-03-18,-0.0069112739645357,-0.0384056530329752,-0.03525621512613125,193292100.16852117,290091722.30123967,281956251.23324496
2020-03-19,-0.0024915043235422,0.0069738681970391,0.006027330944980969,192810512.06524476,292114783.7376206,283655694.8714339
2020-03-20,0.0046576357358418,-0.0213124820429281,-0.018715470265051107,193708553.19648582,285889092.6547387,278346945.14855516
2020-03-23,0.009104861041604,-0.0120309422778965,-0.009917361945946451,195472242.65590996,282449577.4831294,275586477.74696845
2020-03-24,0.0127299240936628,0.0555817496166135,0.051296567064318434,197960589.46733773,298148619.17811495,289723117.9847351
2020-03-25,-0.0023616692805332,0.0060428469910966,0.00520239536393362,197493072.02443647,299950285.66441506,291230372.1905632
2020-03-26,0.0022326674500587,0.038687452758485,0.035041974227642374,197934008.37795752,311554598.1709512,301435659.3871716
2020-03-27,-0.0004873294346978,-0.0185372046051372,-0.01673221708809326,197837549.30954725,305779246.83898497,296391972.49621296
2020-03-30,-0.0008675437303459,0.0216264808412757,0.01937707838411354,197665916.58401674,312392175.862408,302135182.9796941
2020-03-31,-0.0069845486314414,-0.0107282737187254,-0.010353901209997001,196285309.37685725,309040747.09216785,299006905.14305806
2020-04-01,0.0022714591866495,-0.0249183299368184,-0.022199351024471608,196731163.44604567,301339967.7922044,292369145.8970464
2020-04-02,0.0035312376296724,0.0141496699543079,0.01308782672184435,197425867.93333557,305603828.88050586,296195622.6173606
2020-04-03,0.001056388205627,-0.0079841971126235,-0.007080138580798449,197634426.291706,303163827.6723514,294098516.56220376
2020-04-06,0.0,0.0402957623159378,0.036266186084344024,197634426.291706,315380045.2150265,304764348.0909782
2020-04-07,0.0,-0.0020633232189519,-0.0018569908970567102,197634426.291706,314729314.2449402,304198403.47082585
2020-04-08,0.0,0.0202011919891625,0.01818107279024625,197634426.291706,321087221.5466197,309729056.78700566
2020-04-09,0.0,0.0096365126022379,0.00867286134201411,197634426.291706,324181382.6034713,312415293.95011216
2020-04-10,0.0,0.0,0.0,197634426.291706,324181382.6034713,312415293.95011216
2020-04-13,0.0027539563257006,-0.0067856299430746,-0.00583167131619708,198178702.87016827,321981607.7066898,310593390.64164203
2020-04-14,0.0016949992421327,0.0183056234224557,0.016644561004423398,198514615.62134004,327875681.7663253,315763081.27974755
2020-04-15,-0.0014389364030643,-0.0101290431330608,-0.00926003246006115,198228965.71438217,324554614.8434325,312839104.8974082
2020-04-16,9.755216857015858e-05,0.0045444684669498,0.004099776837111837,198248303.37986103,326029543.0563915,314121675.4134094
2020-04-17,-0.0050765558595796,0.0144224092890009,0.01247251277414285,197241884.7936863,330731674.5666567,318039562.02263826
2020-04-20,0.0019060267883671,-0.009754898217079,-0.00858880571653439,197617833.1098911,327505420.74409485,315307982.0142541
2020-04-21,-0.0013932710170141,-0.0169451465165986,-0.015389958966640149,197342497.91057393,321955793.4046059,310455405.1092006
2020-04-22,0.0041335547384651,0.0125282625684106,0.01168879178541605,198158223.9279127,325989340.1197998,314084253.698179
2020-04-23,0.0023963292261738,-8.838145670539977e-05,0.00016008961158252023,198633076.27131784,325960528.70704955,314134535.32435775
2020-04-24,-0.0001314641348504,0.0087768134938047,0.007885985730939191,198606963.14579317,328821423.47385323,316611795.7875209
2020-04-27,-0.0022563020351526,0.0072268330869942,0.00627851957477952,198158845.85065183,331197761.0167266,318599649.14497894
2020-04-28,-0.0009043226623259,-0.002028811632748,-0.0019163627357057901,197979646.31560874,330525823.1464358,317989096.6497485
2020-04-29,0.0008227006833392,0.0155034058514222,0.0140353353346139,198142524.30591986,335650099.1270504,322452180.25397867
2020-04-30,-0.0039263807261542,-0.0057092024962413,-0.00553092031923259,197364541.31745353,333733804.7432506,320668722.9382311
2020-05-01,0.0020634450044471,-0.0170718910604077,-0.015158357453922218,197771792.19428998,328036337.58549845,315807911.8116406
2020-05-04,0.0002425871255336,0.0025036028609382,0.00227750128739774,197819769.08487004,328857610.2987692,316527164.737362
2020-05-05,0.0018350645295444,0.004792520731039,0.00449677511088954,198182781.12636036,330433667.213686,317950516.2136734
2020-05-06,-0.0035809938078091,-0.0056495485772398,-0.00544269310029673,197473089.8143325,328566866.1592068,316220009.13284147
2020-05-07,0.0053120669697175,0.0095011969481262,0.009082283950285331,198522080.09214327,331688644.66521406,319092009.0465478
2020-05-08,0.0015390891841223,0.0088679915200107,0.008135101286421859,198827623.27842253,334630056.75338906,321687854.8598293
2020-05-11,-0.0028228513688046,-0.0011474508876515,-0.00131499093576681,198266362.44989488,334246085.1977325,321264838.24654233
2020-05-12,0.0019531058690911,-0.0109083221992016,-0.009622179392372329,198653597.64603913,330600021.2065739,318173570.34047264
2020-05-13,0.0003423279900467,-0.0094736626022708,-0.00849206354303905,198721602.33283684,327468028.1493592,315471620.1634258
2020-05-14,5.1325178623828904e-05,0.0081461635046609,0.0073366796720571925,198731801.754573,330135636.24921286,317786134.3861897
2020-05-15,0.0015622325943906,0.0019354019879728,0.0018980850486145801,199042267.05281597,330774581.4159102,318389319.49652517
2020-05-18,0.0016804298117213,0.0161650192867011,0.01471656033920312,199376743.6121641,336121558.90404886,323074915.12825364
2020-05-19,0.0045177494697425,-0.0055989175353828,-0.0045872508348702695,200277477.78989697,334239642.0138808,321592889.4541059
2020-05-20,0.0015689501578698,0.0109395127527621,0.01000245649327287,200591703.1702932,337896060.8401703,324809608.3394165
2020-05-21,-0.004092077373385,-0.0046121682908271,-0.00456015919908289,199770866.4004613,336337627.3427679,323328424.815997
2020-05-22,-0.0006393137850974,0.0019867794218264,0.00172417010113402,199643150.13171062,337005856.0195584,323885898.01891154
2020-05-25,0.000410974495998,0.0,4.10974495998e-05,199725198.37471542,337005856.0195584,323899208.9032815
2020-05-26,0.000983691001021,0.0061630646288645,0.00564512726608015,199921666.2550338,339082844.8905127,325727661.1589232
2020-05-27,-0.0028879517925639,0.0091432154535589,0.00794009872894662,199344302.12060022,342183152.3979524,328313970.94727397
2020-05-28,0.0044293695482939,-0.0020100609152231,-0.0013661178688714002,200227271.70203912,341495343.4174694,327865455.36496276
2020-05-29,0.0008552216364569,0.004491127005883,0.00412753646894039,200398510.3970074,343029042.3766749,329218731.98888737
2020-06-01,0.0068058113224337,0.0015173690184754,0.00204621324887123,201762384.84806618,343549544.0180145,329892383.72005963
2020-06-02,0.0022749595655849,0.0044464968587987,0.00422934312947732,202221386.1154515,345077135.9863323,331287611.80661297
2020-06-03,-0.002496059915457,0.0064606478006105,0.00556497702900375,201716629.4195206,347306557.82598335,333131219.7563103
2020-06-04,0.0053870546510761,-0.0033466061567122,-0.00247324007593337,202803287.92623442,346144259.5612964,332307306.2730644
2020-06-05,-0.0026412564645611,0.0141254579782845,0.01244878653399994,202267632.430965,351033705.7541539,336444128.9925463
2020-06-08,0.0019547272093605,0.007818857797135,0.007232444738357551,202663010.47565073,353778388.38144696,338877442.56302977
2020-06-09,0.0023917401755434,-0.0030426936753301,-0.00249925029024275,203147727.7399019,352701949.1166502,338030503.01634735
2020-06-10,0.0050472201096521,-0.0014275849376276,-0.0007801044328996301,204173059.03658086,352198437.1266194,337766803.922489
2020-06-11,-0.008304022784858,-0.0329457043894125,-0.030481536228957055,202477601.30228692,340595011.53063273,327471152.8517866
2020-06-12,-0.0049255086388663,0.0069117423269797,0.0057280172303951,201480296.12789556,342949116.4881872,329346913.25777894
2020-06-15,-0.0078645097563681,0.0050393296957161,0.0037489457505076795,199895752.37328178,344677350.15502566,330581616.9686796
2020-06-16,0.0024165032214191,0.0098004291583938,0.009062036564696329,200378801.10283983,348055336.1077229,333577359.66926616
2020-06-17,4.996798698667093e-05,-0.0017491755388947,-0.001569261186306563,200388813.62816575,347446526.22762144,333053889.6661066
2020-06-18,-0.0071378732475692,0.0015141031124462,0.0006489054764446601,198958463.67625713,347972596.0943913,333270010.15906215
2020-06-19,0.0041015470767533,-0.0034265929937721,-0.00267377898671956,199774501.18134382,346780235.63458955,332378919.808995
2020-06-22,0.0101051147236226,0.0039516563582214,0.00456700219476152,201793245.4346358,348150591.9576405,333896895.0652551
2020-06-23,0.0068694558466708,0.0022656373601555,0.00272601920880703,203179455.22430545,348939374.94574,334807104.414964
2020-06-24,-0.0113679042975596,-0.0146781034125012,-0.01434708350100704,200869730.62208524,343817606.71559286,330003598.9311922
2020-06-25,-0.0054759381695205,0.0070654055684357,0.00581127119464008,199769780.39707044,346246817.54860747,331921339.33978856
2020-06-26,-0.0067916788358582,-0.0135261034986448,-0.01285266103236614,198413008.20750362,341563447.25836855,327655266.87584525
2020-06-29,0.0061045332161936,0.00879437644618,0.00852539212318136,199624227.0066312,344567284.79381365,330448656.5071875
2020-06-30,0.0027979065725996,0.0088600716819367,0.00825385517100299,200182756.94342318,347620175.6363371,333176131.85945034
2020-07-01,0.0066828915112061,0.0024428879814791,0.0028668883344518,201520556.5904902,348469372.78551877,334131310.625196
2020-07-02,0.0029437546546794,0.003011185534237,0.0030044424462812402,202113783.66696703,349518678.7199752,335135188.91746986
2020-07-03,0.0011687252167087,0.0,0.00011687252167087001,202349999.14258304,349518678.7199752,335174357.0120993
2020-07-06,0.0065196930308099,0.0093181603649274,0.00903831363151565,203669259.02177733,352775549.8188255,338203767.9720163
2020-07-07,0.0017289481209235,-0.0054491519389535,-0.0047313419329658,204021392.6044529,350853222.24751484,336603610.3027233
2020-07-08,0.0003891330677716,0.0047164005807335,0.0042836738294373105,204100784.07484812,352507986.5886752,338045510.3790712
2020-07-09,0.0006389856659768,-0.0016783348803552,-0.001446602825722,204231201.55028656,351916360.13917965,337556492.7885342
2020-07-10,-0.0016816797752723,0.0056794120308532,0.004943302850240651,203887750.06915987,353915038.1488082,339225136.761453
2020-07-13,0.0009470161388756,-0.0057235950121664,-0.005056533897062201,204080835.05899438,351889371.80172896,337509833.35868317
2020-07-14,-0.0058261973637459,0.0088872936511972,0.007415944549702889,202891819.83578262,355016715.98166627,340012787.5678506
2020-07-15,0.0096205835995888,0.0049253683570942,0.00539488988134366,204843757.5501855,356765304.08080184,341847119.11502784
2020-07-16,-0.0043923759585633,-0.0014056756375993,-0.0017043456696957003,203944006.7542603,356263807.7845148,341264493.45786625
2020-07-17,0.001418500768727,0.001198575859935,0.0012205683508142002,204233301.48461848,356690816.9842939,341681030.09783757
2020-07-20,0.0012432609669735,0.005281213882739,0.00487741859116245,204487216.77651042,358574577.47879684,343347551.50628424
2020-07-21,0.0168063591686078,0.0012555747035301,0.0028106531500378703,207923902.38704544,359024794.64760816,344312582.3834832
2020-07-22,0.0127520717639609,0.0038525285118019,0.0047424828370178,210575362.91172782,360407947.90543187,345945478.8960061
2020-07-23,-0.0003433890383012,-0.0066645560723011,-0.006032439368901111,210503053.64036763,358005988.92771316,343858583.7696205
2020-07-24,-0.0002585513392462,-0.0036266681074002,-0.0032898564305848,210448627.79393348,356707620.0254108,342727338.3965942
2020-07-27,0.0101609023800308,0.0041005301453806,0.00470656736884562,212586975.75695908,358170310.37441194,344340407.7039029
2020-07-28,0.0018945166077284,-0.0031057615777763,-0.0026057337592258305,212989725.31311738,357057918.7861509,343443148.2788833
2020-07-29,0.0045384141519079,0.007261254007442,0.00698897002188859,213956360.89668941,359650607.02982575,345843462.14642745
2020-07-30,-0.007288242782547,-0.0010918724481961,-0.00171150948163119,212396994.99360406,359257914.4410329,345251547.7818036
2020-07-31,0.0041222774698801,0.0047638862572799,0.00469972537853992,213272554.34073648,360969378.28245753,346874135.24289393
2020-08-03,-0.0032168393675545,0.0035058333652841,0.00283356609200024,212586490.79191428,362234876.77268606,347857026.0307101
2020-08-04,0.0098549617417322,0.0034322212390045,0.00407449528927727,214681522.5254777,363478147.0102535,349274367.8446142
2020-08-05,0.0090776677271906,0.0031855443999739,0.0037747567326955702,216630330.05413142,364636022.7859749,350592793.61619365
2020-08-06,-7.321364318338408e-05,0.0042569981201363,0.0038239769438043318,216614469.75844413,366188277.64950883,351933452.375646
2020-08-07,-0.0114973253049126,-0.0001988063272995,-0.00132865822506081,214123982.73388016,366115477.1029292,351465853.099473
2020-08-10,0.0013351537355199,0.0013081731966384,0.00131087125052655,214409871.1692917,366594419.55694973,351926579.5818429
2020-08-11,-0.0178751757907568,-0.0070760094061049,-0.00815592604457009,210577257.0308671,364000393.9959392,349056292.42565495
2020-08-12,-0.0005979443419392,0.0081457445351527,0.00727137564744351,210451343.5514844,366965448.2161251,351594411.8499857
2020-08-13,0.0115621338203321,-0.0022441550854364,-0.00086352619485955,212884610.14829534,366141920.8393314,351290800.865387
2020-08-14,-0.0021323448558485,-2.4741356044777332e-05,-0.00023550170602514963,212430666.74495628,366132861.99170494,351208071.2824723
2020-08-17,0.0073978411014133,0.0021102839965446,0.00263903970703147,214002195.06260276,366905506.3109751,352134923.3280167
2020-08-18,0.0047833599028746,0.0019646947770256,0.0022465612896105,215025844.58159238,367626363.64288616,352926016.0154854
2020-08-19,-0.0096698803987856,-0.0028141750242461,-0.0034997455617000496,212946570.3818405,366591798.7120679,351690864.7573267
2020-08-20,-0.0020465495052889,0.0027259246210077,0.0022486772083780402,212510764.68357256,367591100.3220366,352481703.9893013
2020-08-21,-0.0023125857215233,0.002384471684167,0.0019147659435979699,212019315.32349536,368467610.89210635,353156623.9518414
2020-08-24,-0.0002193151248553,0.0061062190477007,0.0054736656304451,211972816.28088346,370717554.8361965,355089685.2265306
2020-08-25,0.0012453550181919,0.0013390451186982,0.00132967610864757,212236797.69135913,371213962.36841553,355561839.49740356
2020-08-26,0.0061583345630425,0.0057884737893677,0.005825459866735181,213543822.8981313,373362724.6598324,357633150.72353816
2020-08-27,-0.0019157826353833,-0.0006825640635449,-0.00080588592072874,213134719.35032973,373107880.6813124,357344939.2025842
2020-08-28,0.0104586376887569,0.0043761781356094,0.0049844240909241505,215363818.15890974,374740667.2309735,359126097.9263154
2020-08-31,0.0026413390567692,-0.0001007784689669,0.00017343328360671002,215932667.0232278,374702901.4402703,359188382.34470767
2020-09-01,0.0003614723268615,0.0051412476139176,0.00466327008521199,216010720.70682213,376629341.8382281,360863374.78305143
2020-09-02,-0.0076660846973273,0.0100986821066247,0.0083222054262295,214354764.2263529,380432801.83347964,363866553.9187984
2020-09-03,-0.0043462787356912,-0.0201709808328657,-0.01858851062314825,213423118.6727018,372759099.0795031,357102816.6158705
2020-09-04,-0.0009966882424112,-0.0077726556937517,-0.00709505894861765,213210402.35966203,369861770.94564503,354569151.0812635
2020-09-07,0.0012214892405703,0.0,0.00012214892405703001,213470836.57212198,369861770.94564503,354612461.3215719
2020-09-08,-0.005219721026954,-0.0154244600073192,-0.01440398610928268,212356578.357825,364156852.8514577,349504628.35451746
2020-09-09,0.0042562178331491,0.0114737940285012,0.01075203640896599,213260414.21361813,368335113.57514256,353262514.8436873
2020-09-10,-0.000199466012369,-0.0099123154970563,-0.00894103054858757,213217876.00919878,364684059.7207417,350103983.906799
2020-09-11,-0.0009236557406036,0.0007766201050608,0.00060659252049436,213020936.0940236,364967280.69351596,350316354.36483216
2020-09-14,0.0032772075634785,0.0079498101846698,0.00748254992255067,213719049.9169702,367868701.29864454,352937613.97505295
2020-09-15,0.0001730345372893,0.0028062083417899,0.00254289096133984,213756030.69388247,368901017.5169122,353835095.8435469
2020-09-16,0.0033731064609573,-0.0030676877299666,-0.00242360831087421,214477052.54208457,367769344.39190334,352977538.1645816
2020-09-17,-0.0031007050239725,-0.0046884160533211,-0.0045296449503862395,213812022.46774054,366045088.693737,351378675.2412346
2020-09-18,0.0035143460990005,-0.0071917589054231,-0.00612114840498074,214563431.91481948,363412580.6673374,349227834.2237375
2020-09-21,-0.0145349037194491,-0.0063392788807776,-0.00715884136464475,211444773.090223,361108806.9697041,346727767.5584113
2020-09-22,-0.0031653789364183,0.0065653880302196,0.0055923113335558106,210775470.25926745,363479626.40858984,348666777.18258667
2020-09-23,-0.0081847901359554,-0.014438236840498,-0.01381289217004374,209050317.26938805,358231621.4758069,343850680.5860869
2020-09-24,-0.0019376020805026,0.0022559248434137,0.0018365721510220697,208645260.93971714,359039765.0903905,344482187.1701613
2020-09-25,-0.001192489661434,0.0096225330204382,0.00854103075225098,208396453.6231393,362494637.0856232,347424420.1243843
2020-09-28,0.0049139752694458,0.0094382913497426,0.008985859741712919,209420508.64248362,365915967.0831565,350546327.234468
2020-09-29,0.0020970256188824,-0.0023567602532836,-0.0019113816660670004,209859668.8142263,365053590.8758931,349876299.4114849
2020-09-30,0.0021990015043233,0.0040463764879992,0.0038616389896316103,210321150.5416456,366530735.14287305,351227395.3708403
2020-10-01,0.0010350482499158,0.0032050730603181,0.0029880705792778703,210538843.08043396,367705492.92785805,352276887.61758435
2020-10-02,-0.002246939509064,-0.0062842751553289,-0.00588054159070241,210065775.03572395,365394730.4341736,350205308.72850597
2020-10-05,0.005426042890016,0.0090487951477561,0.008686519921982092,211205600.94079223,368701112.497942,353247374.11956006
2020-10-06,0.0001890059255414,-0.0077946338230463,-0.00699626984818753,211245520.05087754,365827222.3358707,350775960.1670559
2020-10-07,0.0006135587096797,0.0093472844314239,0.00847391185924948,211375131.57958558,369246713.4358018,353748404.73585516
2020-10-08,0.0019050398151914,0.00556480582855,0.00519882922721414,211777809.62118602,371301499.6989023,355587482.28147626
2020-10-09,0.0037889549330557,0.0050435970548648,0.004918132842683889,212580226.19766194,373174194.84925056,357336308.756532
2020-10-12,-0.0016126125757159,0.00985006817623,0.00870380010103541,212237416.65154704,376849986.1101254,360446492.5567907
2020-10-13,-0.0007158737094349,-0.0023859542917581,-0.00221894623352578,212085481.46480784,375950839.26841694,359646681.16974425
2020-10-14,0.0014668636264671,-0.0036971301650678,-0.00318073078591431,212396581.94327036,374560900.0799751,358502741.89889574
2020-10-15,0.0015086525763196,-0.0011156660350711,-0.00085323417393203,212717014.5938205,374143015.20569026,358196855.1080593
2020-10-16,-0.0001773650833853,-0.0003052145481811,-0.00029242960170152,212679286.0227896,374028821.3143491,358092107.7443893
2020-10-19,0.0006285430066499,-0.0101706069973176,-0.00909069199692085,212812964.10067853,370224721.16709095,354836802.68635684
2020-10-20,0.0012291265963014,0.0018144623051763,0.00175592873428881,213074538.17489243,370896479.9680931,355459870.824177
2020-10-21,0.0006641399590424,-0.00175243283724,-0.0015107755576117602,213216049.48994884,370246508.79738027,354922850.739624
2020-10-22,-0.000975021112529,0.0024618256555958,0.00211814097878332,213008159.34016612,371157991.1516324,355674627.3740822
2020-10-23,-0.0009195869307601,0.0022841471302455,0.00196377372414494,212812279.82069165,372005770.61198914,356373091.8616645
2020-10-26,-0.0011442121961397,-0.0100427066162837,-0.009152857174269299,212568777.4146325,368269825.79816836,353111259.8511019
2020-10-27,0.0012112654514865,-0.0012275954462893,-0.00098370935651172,212826254.63077953,367817739.4370128,352763901.0008967
2020-10-28,-0.0049171694933681,-0.0211840760468187,-0.019557385391473642,211779751.86412126,360025860.4734102,345864761.43682253
2020-10-29,-0.0018121843666261,0.0060512465410561,0.0052649034502878795,211395967.90862516,362204465.7162906,347685706.01264423
2020-10-30,0.0008022196839156,-0.0075460709394053,-0.006711241877073211,211565553.91518185,359471245.1234261,345352303.14239246
2020-11-02,0.0009795583740235,0.0077102099672053,0.0070371448078871204,211772794.7251744,362242843.9005004,347782597.3093428
2020-11-03,0.0004634308999224,0.0099434578080403,0.008995455117228511,211870936.78201294,365844790.3350896,350911060.05399215
2020-11-04,0.0014970494943176,0.0158401235546997,0.01440581614866149,212188118.06078306,371639817.01584065,355966220.2696619
2020-11-05,0.0017199397453622,0.011711167080926,0.01071204434736962,212553068.8385294,375992153.0068379,359779346.20735604
2020-11-06,-0.0012614152443722,-0.0012558440845951,-0.00125640120057281,212284951.1572584,375519965.4856301,359327319.00483984
2020-11-09,-0.0002540430609854,0.0037390845435457,0.00333977178309259,212231021.63846526,376924066.3843702,360527390.2457465
2020-11-10,0.0041791354574608,-0.0010058056057635,-0.00048731149944107,213117963.82616767,376544954.04545367,360351701.10261625
2020-11-11,0.0001274261671831,0.0045902761145515,0.00414399111981466,213145120.6314559,378273399.3540634,361844995.35199565
2020-11-12,-0.0009540269803154,-0.003398985424808,-0.0031544895803587406,212941774.4356509,376987653.5830664,360703559.0844528
2020-11-13,2.5095056002621963e-05,0.0081604674413015,0.007346930202771613,212947118.22140563,380064049.0559036,363353622.9569376
2020-11-16,0.0001525897532929,0.0068038509832553,0.006138724860259061,212979611.76963946,382649948.20977265,365584150.87524855
2020-11-17,0.0003883582004579,-0.0020398126352066,-0.0017969955516401502,213062324.14840052,381869414.0105532,364927197.7823756
2020-11-18,0.0010242032733902,-0.0069335363731729,-0.00613776240851659,213280543.27822942,379221708.53870875,362687361.3459816
2020-11-19,-0.0022044928251205,0.0032332079405342,0.00268943786396873,212810367.85083476,380447811.17797905,363662786.4683684
2020-11-20,0.0020398394238405,-0.0032733681750853,-0.00274204741519272,213244466.8289789,379202465.4205882,362665605.8647311
2020-11-23,-0.0009669091865084,0.0028419669405669,0.0024610793278593704,213038278.79502985,380280146.2910949,363558154.6902504
2020-11-24,0.0040466101217642,0.0089745224824086,0.00848173124634416,213900361.65032503,383692979.013598,366641757.2507499
2020-11-25,0.000545507042315,-0.0010462327409734,-0.0008870587626445601,214017045.803959,383291546.8564724,366316524.4672292
2020-11-26,0.0013982686158882,0.0,0.00013982686158882002,214316299.1223718,383291546.8564724,366367745.3571936
2020-11-27,0.0008040486531106,0.0024257601018506,0.0022635889569766,214488619.8540208,384221320.1982134,367197051.3397766
2020-11-30,-0.0048330666335512,-0.0025248680571846,-0.00275568791482126,213451982.06212786,383251212.0599557,366185170.8630415
2020-12-01,0.0060339522971496,0.0044283579748019,0.0045889174070366705,214739941.13962275,384948385.6212339,367865564.3678136
2020-12-02,0.0020050832728957,0.0006483848220316,0.00078405466711801,215170512.60362437,385197980.3117362,368153991.0804282
2020-12-03,0.0053355216315816,0.0005990156960707,0.00107266628962179,216318559.5280995,385428719.9480377,368548897.4560499
2020-12-04,-0.001529493367124,0.0041004727717258,0.0035374761578408206,215987701.72611547,387009159.91962576,369852630.39379925
2020-12-07,0.0040503315086894,-7.144501332216895e-05,0.000340732638878988,216862523.51990616,386981510.04503953,369978651.25654966
2020-12-08,-0.0015956094756341,0.0021905974959377,0.0018119767987805199,216516495.62246788,387829230.7719184,370649043.98867065
2020-12-09,-0.0003882818625757,-0.005385247268487,-0.004885550727895871,216432426.19426927,385740674.4662645,368838219.2820179
2020-12-10,0.008160872697929,0.0003735008221948,0.0011522380097682202,218198703.6721446,385884748.9253316,369263208.6977298
2020-12-11,0.0005398336486419,-0.0003562575019695,-0.00026664838690836003,218316494.67447683,385747274.58863133,369164745.25878596
2020-12-14,-0.0009343681879412,-0.0024641445847054,-0.00231116694502898,218112506.68695018,384796737.53088886,368311543.90227383
2020-12-15,0.0019267929601797,0.0069953987592461,0.00648853817933946,218532764.3293617,387488544.1511744,370701347.4167751
2020-12-16,0.0007691887929131,0.0010837663461161,0.0010523085907958001,218700857.28256816,387908491.19483095,371091439.6292814
2020-12-17,0.0077159784370121,0.0032309620581532,0.0036794636960390905,220388348.38151652,389161808.8119169,372456857.10930824
2020-12-18,-0.000269072549083,-0.00249698394466,-0.0022741928051023,220329047.9268293,388190078.0234387,371609818.4046592
2020-12-21,-0.005642796377657,-0.0020364109790306,-0.00239704951889324,219085775.97329518,387399563.486601,370719051.26823634
2020-12-22,-0.0023543081386858,-0.000498129571615,-0.00068374742832208,218569980.54785097,387206588.3079976,370465573.07030165
2020-12-23,0.0007310996999745,-0.0004610057077466,-0.00034179516697449,218729776.99505296,387028083.8607105,370338949.72789574
2020-12-24,-0.0001620717877099,0.0027938346697982,0.0024982440240473897,218694327.06906998,388109376.33958614,371264146.79592544
2020-12-25,0.0,0.0,0.0,218694327.06906998,388109376.33958614,371264146.79592544
2020-12-28,-0.006429458691112,0.0052583001081481,0.00408952422822209,217288240.9271989,390150171.91516584,372782440.51931757
2020-12-29,0.0086243357754023,-0.0014104243934368,-0.00040694837655288996,219162207.67700154,389599894.59559315,372630737.3103408
2020-12-30,0.0042962005950672,0.0011132471252029,0.00143154247218933,220103772.48403975,390033615.55823106,373164174.03724384
2020-12-31,0.0019425762555243,0.0042942314983841,0.0040590659740981205,220531340.84621856,391708510.1955898,374678872.0388309
2021-01-01,0.0,0.0,0.0,220531340.84621856,391708510.1955898,374678872.0388309
2021-01-04,-0.0001829057628997,-0.0088713691805627,-0.0080025228387964,220491004.3930778,388233519.3904765,371680495.8081256
2021-01-05,0.0023330823446543,0.0032652581860876,0.0031720406019442697,221005428.06258237,389501202.0677799,372859481.43177974
2021-01-06,-0.0040616269908261,0.0009843294112227,0.00047973377101782,220107786.45084432,389884599.55668175,373038354.71686673
2021-01-07,-0.0032065143350868,0.0084445347334254,0.00727942982657418,219402007.67832544,393176993.5996658,375753861.24264884
2021-01-08,-0.0101371951468755,0.0027908974242112,0.0014980881671025302,217177886.71087396,394274310.25836223,376316773.65591955
2021-01-11,-0.0091068723011072,-0.0043639969529611,-0.00483828448777571,215200075.4299737,392553698.3697639,374496046.0474503
2021-01-12,0.0091383231978994,0.0001120870980857,0.00101471070806707,217166643.27146512,392597698.574657,374876051.1955035
2021-01-13,0.0057054736794893,0.0026945962807428,0.0029956840206174506,218405681.8387135,393655590.87306446,375999061.391782
2021-01-14,0.0063183444518507,-0.003126903458321,-0.00218237866730383,219785644.1668118,392424667.84457606,375178489.0612743
2021-01-15,-0.0089429681280349,-0.0037127292504397,-0.0042357531381992195,217820108.1560284,390967701.30167544,373589325.59884816
2021-01-18,0.0025607832381101,0.0,0.00025607832381101,218377898.23791763,390967701.30167544,373684993.7271412
2021-01-19,-0.0048097966160685,0.0053156682033834,0.00430312172143821,217327544.96194878,393045955.8800347,375293005.74062395
2021-01-20,0.0078982945859871,0.0084471384390481,0.008392254053741999,219044061.9337076,396366069.4822613,378442559.9893917
2021-01-21,-0.0029764766647429,-0.0003387583132086,-0.0006025301483620301,218392082.39481142,396231797.1811504,378214536.9375748
2021-01-22,-0.0108492587821459,-0.0014753416789877,-0.00241273338930352,216022690.17693838,395647219.89622885,377302006.0959856
2021-01-25,0.0016837963023443,0.003464450230853,0.0032863848380021298,216386428.3838808,397017919.9985347,378541965.68816715
2021-01-26,0.0021793651399737,-0.0010156460611827,-0.00069614494106706,216858013.42266405,396614690.31186926,378278445.6137718
2021-01-27,-0.002947722805621,-0.015078287994552,-0.013865231475658902,216218776.1109164,390634419.7884768,373033527.4030844
2021-01-28,-0.0020636244758479,0.0052173808431873,0.00448928031128378,215772581.75239608,392672508.32697076,374708179.47310376
2021-01-29,0.0010360593014491,-0.0120396178590636,-0.010732050143012331,215996134.94271833,387944881.38295406,370686792.5020015
2021-02-01,0.0046259526031957,0.0098556160390112,0.00933264969542965,216995322.82543683,391768317.17816424,374146282.4831451
2021-02-02,-0.0022309875479576,0.007578121612613,0.006597210696555941,216511208.96224824,394737185.1297091,376614604.3400195
2021-02-03,0.0027908516405633,-0.000330334683199,-1.8216050822770027e-05,217115459.62498087,394606789.74671245,376607743.90924627
2021-02-04,-4.6681885008087454e-05,0.0063652998776423,0.005724101701377261,217105324.2660612,397118580.29720396,378763484.936909
2021-02-05,0.0034743123964617,0.0015631904932802,0.00175430268359835,217859615.98549658,397739352.2866295,379427950.73498297
2021-02-08,0.0049412594249598,0.004762074386153,0.004779992890033681,218936116.86630306,399633416.6685187,381241613.6417762
2021-02-09,0.0012087156064562,-0.0004573339659919,-0.00029072900874709,219200748.36757627,399450650.7331308,381130775.645349
2021-02-10,-0.0005281894673571,0.0005947596285686,0.00048246471897602996,219084968.84105176,399688227.85379237,381314657.7979139
2021-02-11,0.0008294117731247,0.0006451661984068,0.0006635907558785899,219266680.49352318,399946093.1883048,381567694.6799096
2021-02-12,0.0013402577067177,0.0015294934435728,0.00151056986988729,219560554.351881,400557808.1156188,382144079.3428154
2021-02-15,0.0009988665718523,0.0,9.988665718523001e-05,219779866.05012044,400557808.1156188,382182250.43746406
2021-02-16,0.0026133712417003,-0.0021631728008566,-0.0016855183966009099,220354232.43156055,399691332.35993236,381538075.2234974
2021-02-17,-0.000651841067706,0.0004313579368578,0.00032303803640142,220210596.49341884,399863742.38843906,381661326.53413
2021-02-18,0.0003046403890782,-0.0028431478124519,-0.0025283689922988898,220277681.5352138,398726870.66398853,380696345.8705614
2021-02-19,0.0040184669245431,-0.0024849000768781,-0.00183456337673598,221162860.11267808,397736074.23242223,379997934.2967701
2021-02-22,0.0054687025624622,-0.0053109882832585,-0.00423301919868643,222372334.01249775,395623702.60234463,378389395.74543065
2021-02-23,-0.0001717025237548,0.0006860171095493,0.00060024514621889,222334152.1215346,395895107.23127306,378616522.1436075
2021-02-24,0.0031296765283863,0.0061102253365225,0.0058121704557088805,223029986.09888807,398314115.54608285,380817105.9076538
2021-02-25,-3.403337273757967e-05,-0.0180249987250117,-0.016225902189784286,223022395.6362395,391134504.1212105,374638004.7949995
2021-02-26,-0.011987875879457,0.0009861472496749,-0.0003112550632382901,220348830.83901313,391520220.3367026,374521396.8191256
2021-03-01,-0.0002006860580603,0.0132301136150651,0.01188703364775256,220304609.90075386,396700077.33435255,378973345.2649178
2021-03-02,0.0023106367958452,-0.0044928039658955,-0.00381245988972143,220813653.83868486,394917781.6536337,377528524.58682173
2021-03-03,-0.0015614269584405,-0.0093020270939306,-0.008527967080381591,220468869.44678938,391244245.74881667,374308973.7572403
2021-03-04,-0.0002278840302075,-0.0089858887478563,-0.00811008827609142,220418628.1122846,387728568.4832788,371273294.93753594
2021-03-05,-0.001145816412787,0.0116261693664776,0.010348970788551142,220166068.83050954,392236366.4886874,375115591.4214136
2021-03-08,-0.0012841496280703,-0.0043598412907397,-0.00405227212447276,219883342.65510714,390526278.18234026,373595520.9668415
2021-03-09,0.00104954905573,0.009995079549718,0.0091005265003192,220114121.0097616,394429619.399028,376995436.9058008
2021-03-10,0.0002442642459149,0.004111964406838,0.0037251943907456904,220167887.01954523,396051499.95499945,378399818.192699
2021-03-11,0.0044772862603505,0.0058708686016261,0.00573151036749854,221153641.67506826,398376666.27071214,380568620.6737301
2021-03-12,-0.0015027856618396,-0.0016297611939001,-0.0016170636406940499,220821295.15329534,397727407.4394688,379953216.9944495
2021-03-15,-0.0005991871418734,0.0044853556636164,0.0039769013830674195,220688981.87258768,399511356.3190029,381464253.46861565
2021-03-16,0.0005760838534576,-0.0011142572669666,-0.0009452231549241802,220816117.23168048,399066197.8869888,381103684.62346125
2021-03-17,-0.0020044644559137,0.0013063459085802,0.00097526487213081,220373499.17339668,399587516.38185114,381475361.65971416
2021-03-18,-0.0032431515999597,-0.0102472485452857,-0.0095468388507531,219658794.50696376,395492843.7858929,377833477.8564161
2021-03-19,0.0010787573558317,-1.0909722410734613e-05,9.805698541350885e-05,219895753.0473113,395488529.06875175,377870527.0682429
2021-03-22,0.0005198614180079,0.0053488625912752,0.0048659624739484705,220010068.36530438,397603942.86716604,379709230.8729681
2021-03-23,-0.0065099682061109,-0.0033676434769765,-0.00368187594988994,218577809.81522197,396264954.5425493,378311188.58786577
2021-03-24,0.0014962474042255,-0.0027355359240223,-0.00231235759119752,218904856.2957793,395180957.5239671,377436397.83909965
2021-03-25,-0.0057160594984349,0.0026036780729082,0.0017717043157738904,217653583.11269626,396209881.5179031,378105103.53408134
2021-03-26,0.0034301002973737,0.0092850536910881,0.00869955835171666,218400156.7328556,399888711.54073644,381394450.9453579
2021-03-29,-0.0005916305230239,-0.0014262958649985,-0.00134282933080104,218270944.53389925,399318351.92500633,380882303.29002374
2021-03-30,-0.0035156101071333,-0.0016233155761643,-0.0018125450292612,217503588.99520233,398670132.2244782,380191936.96446186
2021-03-31,0.0020905712818344,0.0017007106819309,0.00173969674192125,217958295.75205165,399348154.7769191,380853355.6385037
2021-04-01,0.0011666436973077,0.0084635825916792,0.00773388870224205,218212575.4240667,402728070.86770827,383798833.1028872
2021-04-02,0.0,-0.0011321997779522,-0.00101897980015698,218212575.4240667,402272102.2352967,383407749.84463155
2021-04-05,-0.0024605201475775,0.0092470293065705,0.0080762743611557,217675658.98578098,405991924.15388227,386504256.02457017
2021-04-06,0.001796195102206,0.0006187326066247,0.0007364788561828301,218066646.93832073,406243124.5953826,386788908.23695695
2021-04-07,0.0004775420667614,0.0004199555934983,0.00042571424082461003,218170782.93559137,406413728.6678766,386953569.7833864
2021-04-08,0.0018859331295089,0.0036354332771741,0.00346048326240758,218582238.4430205,407891218.66137624,388292616.1349507
2021-04-09,-0.0010927547016,0.0040517787086146,0.00353732536759314,218343381.67427564,409543903.6165793,389666133.45605403
2021-04-12,-0.0013269402186654,-0.0002801166266761,-0.00038479898587503005,218053653.05965263,409429183.55982244,389516190.3230702
2021-04-13,0.0021978442701111,0.0029915015525351,0.0029121358242927,218532901.0316066,410653991.59809476,390650514.3750521
2021-04-14,0.0046363887580989,-0.0027404949496733,-0.00200280657889608,219546104.51722428,409528596.408057,389868116.9548126
2021-04-15,0.0019815347855855,0.0084985243255724,0.00784682537157371,219981142.76036498,413008985.1466484,392927343.98650134
2021-04-16,-9.906297401487962e-05,0.0013246170569205,0.001182249053826962,219959350.77413592,413556063.8930351,393391881.96715206
2021-04-19,0.0007457227125006,-0.0033737124926876,-0.00296176897216878,220123379.45783508,412160844.6338525,392226746.09723866
2021-04-20,0.0005568365003589,-0.0033144494720822,-0.0029273208748380897,220245952.1900996,410794758.3399429,391078572.5557184
2021-04-21,0.0008292307727683,0.0057601736103635,0.00526707932660398,220428586.91123325,413161007.4662082,393138414.4203045
2021-04-22,0.0020173789085641,-0.0051600594029402,-0.0044423155717897705,220873274.8933125,411029072.124704,391391969.5200565
2021-04-23,0.0012265419587613,0.0062160589594439,0.005717107259375641,221144185.2325382,413584053.0710767,393629599.3902609
2021-04-26,0.0031707248098187,0.0008721268975479,0.00110198668877498,221845372.58720213,413944750.84815687,394063373.9690968
2021-04-27,0.0015445630598378,-0.0011679353422516,-0.00089668550204266,222188026.75469628,413461290.14390177,393710023.0547726
2021-04-28,0.0003105683150377,-0.0001882174513775,-0.00013833887473598,222257031.31578705,413383469.5136276,393655557.65321094
2021-04-29,-6.126044615342718e-05,0.0037241215958852,0.0033455833916813376,222243415.7508879,414922959.8198253,394972565.1489386
2021-04-30,0.0001087412125195,-0.0039464984747207,-0.00354097450599668,222267582.76939115,413285466.99176973,393573977.36517805
2021-05-03,0.0050275209952736,0.0019169807342561,0.00222803476035785,223385037.708333,414077727.26974094,394450873.86752
2021-05-04,-0.0025425132102858,-0.0034497016883989,-0.00335898284058759,222817078.29897934,412649282.63485014,393125920.1507442
2021-05-05,0.0060034936024822,0.0007892822911213,0.00131070342225739,224154759.20307103,412974979.40607774,393641191.63966393
2021-05-06,0.011556592283818,0.0051266538431736,0.00576964768723804,226745224.36365828,415092159.17138445,395912362.63060933
2021-05-07,0.0097012411321558,0.0043975191247396,0.00492789132548122,228944934.4607749,416917534.8798701,397863375.7280675
2021-05-10,-0.0005610017098534,-0.0071232158853876,-0.0064669944678341805,228816495.9610801,413947741.27251714,395290395.47828025
2021-05-11,-4.193787696629703e-05,-0.005793364481457,-0.0052182218210079295,228806899.88302466,411549591.13104963,393227682.51096064
2021-05-12,-0.0055032058799732,-0.0141886515145438,-0.013320106951086739,227547728.40620995,405710257.40153813,387989847.72378665
2021-05-13,-0.0067797914866994,0.0078929140716026,0.0064256435157724005,226005002.25434375,408912493.6011762,390482932.1729985
2021-05-14,0.0051177842913882,0.0097996566119385,0.00933146937988347,227161647.10465616,412919695.6227992,394126711.6979379
2021-05-17,0.0068338305830857,-0.0017765233509137,-0.0009154879575137599,228714031.3159441,412186134.1414731,393765893.439644
2021-05-18,0.0006556860726603,-0.0051014712855131,-0.00452575554969576,228863995.92089996,410083378.4138637,391983805.26212853
2021-05-19,-0.0074880786885211,-0.0022868048837035,-0.0028069322641852603,227150244.31047487,409145597.7413813,390883533.27210015
2021-05-20,0.0002330937744201,0.0074862124447434,0.00676090057771107,227203191.6182817,412208548.6069048,393526257.97801733
2021-05-21,-0.0013674923897423,-0.000284318732758,-0.00039263609845643,226892492.9828185,412091349.99473286,393371745.3634447
2021-05-24,0.0020934821499284,0.0064570400544121,0.00602068426396373,227367488.3668308,414752240.34772563,395740112.44064224
2021-05-25,0.0024040263459506,-9.297644778638592e-05,0.00015672383158731268,227914085.7990773,414713678.1577067,395802134.34737676
2021-05-26,6.219194604323297e-05,0.0008870952570952,0.0008046049259900034,227928260.2196038,415081568.69465286,396120598.69439
2021-05-27,0.0055510614583909,0.0002692205718981,0.0007974046605473801,229193504.00018695,415193317.1919612,396436467.10592777
2021-05-28,0.0018569196807765,0.0010889691332129,0.00116576418796926,229619097.92847103,415645449.8986996,396898618.5420849
2021-05-31,3.664925053226131e-05,0.0,3.6649250532261315e-06,229627513.29631796,415645449.8986996,396900073.1457756
2021-06-01,0.0079195473903874,-0.0009709630270263,-8.191198528492997e-05,231446059.270005,415241873.53449625,396867562.27282447
2021-06-02,0.0045586999488974,0.0012031723782307,0.00153872513529737,232501152.40857166,415741481.0870177,397478232.3662779
2021-06-03,-0.0097505258531805,-0.0027606291049026,-0.00345961877973039,230234143.9111176,414593773.0542136,396103109.2090494
2021-06-04,0.0092221686792998,0.0069421930873883,0.00717019064657945,232357402.0220001,417471963.0795848,398943244.0177812
2021-06-07,0.0009294914074854,-0.0007492978866085,-0.0005814189571991099,232573376.23064518,417159152.219931,398711290.8528627
2021-06-08,0.0015630365847033,0.0009193847961145,0.0009837499749733802,232936896.92632166,417542682.00204194,399103523.0752608
2021-06-09,-0.0021634340603489,-0.0001079919069025,-0.00031353612224714004,232432953.30959928,417497590.77159935,398978389.7042606
2021-06-10,0.0017086120770176,0.0036464739115552,0.00345268772810144,232830091.06072092,419019984.8444851,400355937.4941702
2021-06-11,-0.0069932225880722,0.0007901275545429,1.1792540281389992e-05,231201858.40873218,419351064.0804149,400360658.70768994
2021-06-14,0.0004941231559234,0.0002706472405522,0.00029299483208932,231316100.60066447,419464560.2887309,400477962.3116632
2021-06-15,-0.004922934442989,-0.0012483434986361,-0.0016158025930713901,230177346.60179955,418940924.4319863,399830868.98169214
2021-06-16,-0.0029218432869936,-0.0044748002388446,-0.0043195045436595,229504804.4668131,417066247.48327625,398103797.72643036
2021-06-17,-0.0187948380990467,0.0010856635692709,-0.00090238659756086,225191298.82390597,417519041.1141414,397744554.194924
2021-06-18,-0.0024253777054461,-0.006262920401192,-0.00587916613161741,224645124.86827803,414904152.5936615,395406147.8828659
2021-06-21,0.0041690344241545,0.0070633530850722,0.006773921218980431,225581678.12707236,417834767.11989313,398084597.9781249
2021-06-22,0.0004828780990678,0.003550462520385,0.00324370407825328,225690606.57899085,419318273.8002662,399375866.61207646
2021-06-23,0.004333022492484,-0.001154426377763,-0.0006056814907382999,226668529.05363998,418834201.7243131,399133972.04182196
2021-06-24,0.0019063944028189,0.0036159837409087,0.00344502480709972,227100648.668723,420348699.3878847,400508998.4768623
2021-06-25,0.00119292873725,0.0010400931012823,0.00105537666487907,227371563.55876803,420785901.170251,400931686.3279289
2021-06-28,0.0008077020261317,0.0025164014742765,0.0023455315294620203,227555212.0313392,421844767.4323106,401872084.2393715
2021-06-29,-0.0026200164819511,0.0004142112526563,0.00011078847919556003,226959013.6252632,422019500.2818553,401916607.03641546
2021-06-30,0.001521793146172,0.0012842022336728,0.00130796132492272,227304398.2966601,422561458.66677076,402442298.41426325
2021-07-01,0.0017500910152647,0.0030355433645775,0.00290699812964622,227702201.68184924,423844162.2987528,403612197.42304397
2021-07-02,0.0002861025580454,0.0053874762145052,0.00487733884885922,227767347.864223,426127612.64179426,405580750.87340885
2021-07-05,-0.0013777564371051,0.0,-0.00013777564371051003,227453539.93454066,426127612.64179426,405524871.7243806
2021-07-06,-0.0112370033326991,0.0005376830049675,-0.00063978562879916,224897643.74826202,426356734.2170591,405265422.7393307
2021-07-07,-0.0038936011428324,0.0029889687017669,0.00230071171730697,224021982.02554348,427631101.1514213,406197821.6460465
2021-07-08,-0.0009752027927992,-0.0042585773483537,-0.0039302398927982506,223803515.16302377,425810001.0306063,404601366.76304555
2021-07-09,0.0037870534093883,0.0050924877933028,0.0049619443549113506,224651071.02815497,427978433.2631209,406608976.2308448
2021-07-12,0.0033900255993233,0.0018704145552044,0.0020223756596162903,225412643.9098558,428778930.3540098,407431292.3273555
2021-07-13,0.0037414126629979,-0.003199164723598,-0.00250510698493841,226256005.63018003,427407195.92579913,406410633.3510637
2021-07-14,0.0040731082708976,0.0022546585025107,0.00243650347934939,227177570.83805257,428370853.1941275,407400854.2732682
2021-07-15,-0.0018892694745204,-0.0007812428340967,-0.0008920454981390701,226748371.18817255,428036191.53473365,407037434.1752757
2021-07-16,0.0020917287481613,-0.004733066594775,-0.00405058706048137,227222667.2747856,426010267.73522586,405388693.61127377
2021-07-19,-0.0122427727923619,-0.0067999607343936,-0.0073442419401904295,224440831.78606597,423113414.64217776,402411420.96557486
2021-07-20,0.0013853487413524,0.0084529047249607,0.00774614912659987,224751760.60988885,426689952.0240009,405528559.84262115
2021-07-21,0.0032952765079255,0.0033068489563447,0.0033056917115027802,225492379.8067415,428100951.2465343,406869112.24167055
2021-07-22,0.0045257625714115,0.0022792629141167,0.0025039128798461804,226512904.77940935,429076705.8682086,407887877.05222404
2021-07-23,0.0024677089889765,0.0054636554864131,0.005164060836669441,227071872.71065265,431421033.16631746,409994234.8638616
2021-07-26,0.002173276889569,0.0011773901526403,0.00127697882633317,227565362.7638859,431928984.0424094,410517788.8207014
2021-07-27,-0.001506219231743,-0.0016084941739316,-0.0015982666797127402,227222599.43801233,431234228.788025,409861671.91739994
2021-07-28,0.0008010970365545,2.815315102977517e-06,8.264348724812977e-05,227404626.78906032,431235442.84826225,409895544.31525654
2021-07-29,0.0034443016575068,0.0018190178649176,0.00198154624417652,228187876.9220346,432019867.82278895,410707771.29159915
2021-07-30,-0.0031544309717277,-0.0024245098497297,-0.0024975019619295,227468074.01569894,430972431.39797366,409682027.8270187
2021-08-02,-0.0013713264239878,0.0001302346850131,-1.9921425886989996e-05,227156141.03518763,431028558.95682615,409673866.376864
2021-08-03,-0.0010433714579941,0.0050262010270675,0.00441924377856134,226919132.80112344,433194995.14255035,411484315.06208915
2021-08-04,-0.0012965703420218,-0.0027656967401497,-0.00261878410033691,226624916.1834962,431996909.1566354,410406726.48026645
2021-08-05,0.001182616928053,0.0026728869311188,0.0025238599308122197,226892926.64569342,433151588.0494039,411442535.57256585
2021-08-06,-0.0016174913616622,-0.0008883327118681,-0.00096124857684751,226525929.29682177,432766805.32454205,411047037.0207921
2021-08-09,-0.0041226040367406,-0.0010439931996335,-0.00135185428334421,225592052.5862763,432314999.7227561,410491361.3231397
2021-08-10,0.0033764157214206,-4.705473521666732e-05,0.00029529231044705945,226353745.13925615,432294657.254914,410612576.26564336
2021-08-11,0.0015360515185163,0.0016575048726238,0.00164535953721305,226701436.15319917,433011187.7557232,411288181.5841017
2021-08-12,4.686109633900149e-05,0.0016585147853184,0.0014973494164204602,226712059.63103893,433729343.21282434,411904023.70277727
2021-08-13,0.0005019514778483,0.0026954177231406,0.0024760710986113698,226825858.08441678,434898424.9715663,412923927.3512694
2021-08-16,-0.000381160029421,0.0021593567789452,0.0019053050981085798,226739401.13367584,435837525.8336813,413710673.4151828
2021-08-17,-0.0027153409264308,-0.0043182274448213,-0.00415793879298225,226123726.35814318,433955480.26814324,411990489.75711906
2021-08-18,-0.0013309530091666,-0.006202126176629,-0.00571500885988276,225822766.30410284,431264033.62448055,409635960.4579697
2021-08-19,-0.0042179899114794,0.0015374009816421,0.0009618618923299501,224870248.15404978,431927059.37312174,410029973.6780622
2021-08-20,-0.0020521677636947,0.0047799139973145,0.004096705821213581,224408776.67977405,433991633.57003826,411709745.8581012
2021-08-23,0.0054187394759791,0.0052508992261909,0.00526768325116972,225624789.37672487,436270479.9029244,413878502.3907013
2021-08-24,0.0033397253920057,3.0235941836398352e-05,0.00036118488685332853,226378314.21487227,436283670.9517798,414027989.05075836
2021-08-25,0.0010110658334445,0.0002868203971885,0.0003592449408141,226607197.59380773,436408806.007569,414176726.5111802
2021-08-26,0.0004983521928024,-0.0032385393207239,-0.00286485016937127,226720127.7876334,434995478.9294033,412990172.24608505
2021-08-27,0.0036847875540277,0.0062085573439893,0.00595618036499314,227555543.29275286,437696173.30471265,415450016.20095235
2021-08-30,-0.0004452484517497,0.0032018977384664,0.00283718311944479,227454224.5394147,439097631.6921525,416628723.9738907
2021-08-31,-0.000502188105316,-0.0013233055084792,-0.0012411937681628801,227339999.73334712,438516571.3773741,416111606.9980567
2021-09-01,0.0002088848466285,0.0002873102829104,0.00027946773928221003,227387487.61432394,438642561.69755745,416227896.7681535
2021-09-02,0.0016865991228955,0.0022190531316781,0.0021658077307998404,227770999.1514917,439615932.84777975,417129366.3647485
2021-09-03,0.0010401781744562,-0.0010883834110128,-0.0008755272524659,228007921.57358316,439137462.15925133,416764158.2366923
2021-09-06,0.0,0.0,0.0,228007921.57358316,439137462.15925133,416764158.2366923
2021-09-07,-0.0034085316001589,-0.0030264537302366,-0.00306466151722883,227230749.36781305,437808432.94881284,415486917.1591841
2021-09-08,0.0023391706031265,-5.761041761913603e-05,0.00018206768445542756,227762280.85686067,437783210.6221535,415562563.9001128
2021-09-09,0.0004265862329667,-0.0014942411839486,-0.00130215844225707,227859441.1102633,437129056.91920066,415021435.5992443
2021-09-10,0.0004202558093547,-0.0056120835946779,-0.00500884965427464,227955200.36410618,434675852.11010736,412942655.6250264
2021-09-13,0.002326258322106,0.002025083082298,0.0020552006062788002,228485483.0460205,435556106.8244991,413791335.62122536
2021-09-14,0.0019723990936343,-0.0020802954987237,-0.0016750260394879,228936147.60568908,434650021.41603047,413098224.35914534
2021-09-15,0.0029591162505017,0.0046377414021668,0.00446987888700029,229613596.2803963,436665815.81580424,414944723.3904656
2021-09-16,-0.0081079992217041,-0.0016842303613539,-0.00232660724738892,227751889.4204622,435930369.9910419,413979309.9897596
2021-09-17,-0.0025650568012195,-0.0062483491645442,-0.00588001992821173,227167692.88751367,433206524.827909,411545103.3971524
2021-09-20,-0.0024310941836651,-0.008610851012332,-0.00799287532946531,226615426.83061823,429476247.98504573,408255674.6932471
2021-09-21,0.000723355572926,-0.0005910347214752,-0.00045959569203508005,226779350.3625272,429222412.61043775,408068042.14390916
2021-09-22,0.0027089509321893,0.0060030008021028,0.00567359581511145,227393684.49509305,431799035.09761876,410383255.2800976
2021-09-23,-0.0007898706581516,0.004569469791769,0.00403353574677694,227214072.8958614,433772127.7446124,412038550.8101486
2021-09-24,0.0018885777312229,-0.0002126167777972,-2.497326895189994e-06,227643184.33415297,433679900.51251316,412037521.81519383
2021-09-27,0.0046669744810431,-0.0022720979379128,-0.0015781906960172102,228705589.26622385,432694537.3048444,411387248.0318551
2021-09-28,0.0002256382587272,-0.0136975332038032,-0.01230521605755016,228757193.99714702,426767689.51300704,406325039.0615021
2021-09-29,-0.0032663271767339,0.0013919191231147,0.00092609449312984,228009998.15752077,427361715.6211676,406701334.4425977
2021-09-30,0.0029129717985172,-0.0069446358648218,-0.005958875098487901,228674184.85193357,424393844.1236131,404277851.9882659
2021-10-01,0.0004190730075299,0.008039874657323,0.007277794492343691,228770016.03032395,427805917.4357064,407220103.11284256
2021-10-04,0.0027898877406442,-0.0080692662201341,-0.00698335082405627,229408258.69347394,424353837.59736896,404376342.2701972
2021-10-05,0.0044097055166271,0.005283231453268,0.00519587885960391,230419881.55739436,426595797.1394783,406477432.7583229
2021-10-06,-0.0054422869159796,0.0028208351469798,0.00199452294068386,229165870.45081297,427799153.55760324,407288161.3228296
2021-10-07,0.0018431460559135,0.0038345111303877,0.00363537462294028,229588256.62108433,429439554.1734903,408768806.3687266
2021-10-08,0.0006812967551806,-0.0019896098016872,-0.00172251914600042,229744674.3553478,428585137.0272746,408064694.27346873
2021-10-11,0.0002255884545485,-0.0041191487877354,-0.00368467506350701,229796502.1013764,426819731.0796473,406561108.4701817
2021-10-12,3.7969840263829546e-05,-0.0003487993031442,-0.00031012238880339705,229805227.4378544,426670856.6548785,406435024.7680284
2021-10-13,0.0013333664302186,0.0025634744446602,0.0024404636432160402,230111642.0136088,427764616.49219453,407426914.6693044
2021-10-14,0.0027452975795098,0.0108570837532393,0.010045905135866352,230743366.94744578,432408892.7601226,411519886.80387086
2021-10-15,0.0007621345321887,0.0032478565250481,0.00299928432576216,230919224.4354699,433813294.80396235,412754151.9501012
2021-10-18,-0.002652799129181,0.0019880668249678,0.00152398022955292,230306642.11797634,434675744.62359214,413383181.1173391
2021-10-19,0.0006967921503758,0.0032478544686527,0.0029927482368250105,230467117.97838354,436087508.18318284,414620332.90376115
2021-10-20,0.0029793612526646,0.0017277931712807,0.00185294997941909,231153762.77970156,436840977.2019025,415388603.6410819
2021-10-21,-0.0048511830778662,0.0010832811174151,0.00048983469788697,230032393.55731955,437314198.7838185,415592075.3922522
2021-10-22,0.0008829324539517,0.000345280719168,0.00039904589264637,230235496.6230515,437465194.94487697,415757915.7029539
2021-10-25,0.005175634243636,0.0030737805281219,0.00328396589967331,231427111.3434743,438809866.94282955,417123250.5206416
2021-10-26,0.0002493109623484,0.0017210175978288,0.00157384693428076,231484808.65931687,439565066.44593906,417779738.6696907
2021-10-27,-0.0016212953839696,-0.0012004270066148,-0.0012425138443502802,231109503.40757844,439037400.6690129,417260641.5605046
2021-10-28,-0.0004239544958291,0.0051936713156573,0.00463190873450866,231011523.49457994,441317616.62336826,419193354.7707154
2021-10-29,-0.0035303020946316,0.0014143252113393,0.00091986248074221,230195983.02930298,441941783.2547668,419578955.00994545
2021-11-01,0.0014402754045636,0.0006592548657357,0.0007373569196184901,230527528.64188948,442233135.52574944,419888334.4557483
2021-11-02,-0.0020629421920118,0.0030686649444207,0.00255550423077745,230051963.67663392,443590200.8459985,420961360.870904
2021-11-03,-0.0051110328769213,0.0028009007846085,0.0020097074184555197,228876160.52688235,444832652.98759276,421807370.04072946
2021-11-04,0.0008047264345243,0.0041734678834683,0.0038365937385739005,229060343.22349077,446689147.7783546,423425673.555512
2021-11-05,0.0043342096457659,0.0040282998682349,0.004058890845988,230053138.7725525,448488545.613492,425144312.1458628
2021-11-08,0.0013452017814138,-0.0003495854963418,-0.00018010676856623997,230362606.66464913,448331760.5226701,425067740.7776279
2021-11-09,-0.0012946555660242,-0.00047725835788,-0.00055899807869442,230064366.4337269,448117790.4428576,424830128.7272183
2021-11-10,0.0007600391849943,-0.0077736963513153,-0.00692032279768434,230239224.3672874,444634258.8103325,421890167.1022442
2021-11-11,0.003190691445029,0.0003309758848665,0.0006169474408827501,230973846.69078624,444781422.02758414,422150451.1611715
2021-11-12,-0.0005079807546445,0.0038359402176479,0.00340154812041866,230856516.4218411,446487576.9724024,423586416.2348527
2021-11-15,0.00196380461447,-0.0013755462600211,-0.00104161117257199,231309873.5140708,445873412.6557522,423145203.89115274
2021-11-16,-0.0026596259404911,0.0021419992428568,0.0016618367245220102,230694675.77418107,446828473.1680708,423848402.1307844
2021-11-17,-0.0014106983351457,-0.0004018010266312,-0.00050269075748265,230369235.17913947,446648937.02882373,423635337.45645946
2021-11-18,-0.0013336395860213,0.0024688536009164,0.0020886042822226302,230062005.64770308,447751647.8653528,424520144.0363719
2021-11-19,-0.0025473615868848,6.342322063586099e-05,-0.00019765526011620514,229475954.53191444,447780045.7169054,424436235.39687777
2021-11-22,-0.0063212770146852,-0.0038857298349924,-0.00412928455296168,228025373.45510888,446040093.433749,422683617.40633625
2021-11-23,-0.0003171524345362,-0.0004649745974284,-0.00045019238113918,227953054.65278158,445832696.12086767,422493328.4621476
2021-11-24,-0.0001737794914483,0.002721664700692,0.00243212028147797,227913441.08686996,447046103.23231417,423520883.0550895
2021-11-25,-3.849635478483937e-05,0.0,-3.8496354784839376e-06,227904667.25018165,447046103.23231417,423519252.65407217
2021-11-26,-0.0064907283913763,-0.0097613889821977,-0.00943432292311556,226425399.95593372,442682312.3256878,419523635.26037717
2021-11-29,-0.0059502122061526,0.0072504992431854,0.0059304280982516,225078120.77733296,445891980.0961768,422011590.0148059
2021-11-30,-0.0088115817438807,-0.0097134145108866,-0.00962323123418601,223094826.51734442,441560846.4664226,417950474.90058696
2021-12-01,-0.0005359413756421,-0.0064634032158316,-0.00587065703181265,222975260.7691221,438706860.6713862,415496831.00616235
2021-12-02,-0.0020456113891223,0.0080585497566005,0.0070481336420282195,222519140.03620023,442242201.7366686,418425308.198933
2021-12-03,0.0038327616690972,-0.003443335326628,-0.00271572562705548,223372002.86677143,440719413.54050297,417288979.86644864
2021-12-06,-0.0006476792894032,0.0053424932594063,0.00474347600452535,223227329.4466821,443073954.03663266,419268380.1293979
2021-12-07,0.0007674273474,0.0112011004228373,0.01015773311529357,223398640.20398656,448036869.89054066,423527196.43843377
2021-12-08,-0.0001597417228565,0.0003433268971701,0.00029302003516744,223362954.1203166,448190692.998898,423651298.3924285
2021-12-09,-0.0010740385532168,-0.0036187970387184,-0.00336432119016824,223123053.69623098,446568781.8462925,422225999.3520046
2021-12-10,0.0010575498639689,0.0056974775667568,0.0052334847964780095,223359017.45131576,449113097.4628757,424435712.7002911
2021-12-13,0.0005370644589531,-0.0037989869819711,-0.0033653818378786803,223478975.64117557,447406922.65218157,423007324.4614225
2021-12-14,-0.0022136152731058,-0.0048997526930521,-0.0046311389510574705,222984279.16747823,445214739.37802637,421048318.76452655
2021-12-15,0.0008569331112178,0.008991207515374,0.00817778007495838,223175361.77957788,449217757.4886774,424491559.3163138
2021-12-16,0.0031557413952231,-0.0045618139743394,-0.0037900584373831495,223879645.5071396,447168509.64504415,422882711.50032914
2021-12-17,0.0,-0.0052088220740156,-0.00468793986661404,223879645.5071396,444839288.4412003,420900262.7781849
2021-12-20,0.0,-0.0072476274767648,-0.00652286472908832,223879645.5071396,441615258.9915494,418154787.29964507
2021-12-21,0.0,0.0097566953341453,0.00878102580073077,223879645.5071396,445923964.5284396,421826615.27562237
2021-12-22,0.0,0.0066031028227424,0.00594279254046816,223879645.5071396,448868446.3173458,424333443.3382533
2021-12-23,0.0,0.0026056435063647,0.00234507915572823,223879645.5071396,450038037.46970457,425328538.8513043
2021-12-24,0.0,0.0,0.0,223879645.5071396,450038037.46970457,425328538.8513043
2021-12-27,0.0,0.0086166902567322,0.00775502123105898,223879645.5071396,453915875.84232867,428626970.7002715
2021-12-28,0.0,-0.0008429783421837,-0.00075868050796533,223879645.5071396,453533234.5898202,428301779.77241296
2021-12-29,0.0,-0.0004802463126043,-0.00043222168134387004,223879645.5071396,453315426.92626494,428116658.45703715
2021-12-30,0.0,-0.0006863913338883,-0.0006177522004994701,223879645.5071396,453004275.14570487,427852188.4492049
2021-12-31,0.0,-0.0009393322586543,-0.00084539903278887,223879645.5071396,452578753.6167522,427490482.62291336
2022-01-03,0.0,0.0001700176753391,0.00015301590780519,223879645.5071396,452655700.00435007,427555895.4671899
2022-01-04,0.0,-0.0006382490925876,-0.0005744241833288401,223879645.5071396,452366792.91456777,427310297.02110875
2022-01-05,0.0,-0.0127546579323964,-0.01147919213915676,223879645.5071396,446597009.21096724,422405120.0185633
2022-01-06,0.0,-0.0009351036130386,-0.00084159325173474,223879645.5071396,446179394.73408186,422049626.7200574
2022-01-07,0.0,-0.0032569842608267,-0.00293128583474403,223879645.5071396,444726195.4679278,420812478.62769395
2022-01-10,0.0,-0.0009037900346436,-0.00081341103117924,223879645.5071396,444324256.36431897,420470185.11552024
2022-01-11,0.0,0.0062438692732966,0.00561948234596694,223879645.5071396,447098558.9360125,422833009.8977824
2022-01-12,0.0006244510320597,0.0014629039650051,0.0013790586717105599,224019447.3828337,447752621.1906281,423416121.4267674
2022-01-13,-0.0004942091284943,-0.0074262130910355,-0.006733012694781381,223908734.92697683,444427514.8135968,420565255.306026
2022-01-14,-0.0006309875229075,-0.0016796105003045,-0.0015747482025648002,223767451.3089679,443681049.69309163,419902970.92617166
2022-01-17,0.000177398594013,0.0,1.77398594013e-05,223807147.34021598,443681049.69309163,419910419.9458381
2022-01-18,0.0006481159717489,-0.0133071005024229,-0.01191157885500572,223952200.32699874,437776941.37380517,414908623.8666147
2022-01-19,0.0068587607778366,-0.0048778845213748,-0.0037042199914536604,225488234.89471176,435641516.007663,413371711.04746145
2022-01-20,0.0005154230492688,-0.0059287449970783,-0.00528432819244359,225604456.72831544,433058708.54911304,411187319.26081467
2022-01-21,-0.001933277474743,-0.0097074807247478,-0.008930060399747319,225168300.71392095,428854799.4831883,407515391.66420543
2022-01-24,-0.003962344492025,0.0011853172726717,0.0006705510962020301,224276106.33780852,429363128.4844839,407788651.556805
2022-01-25,0.0036476003672174,-0.0077153473121042,-0.00657905254417204,225094175.9456444,426050442.8252145,405105788.5912957
2022-01-26,0.0008201027052858,-0.0030273464041833,-0.00264260149323639,225278776.28828153,424760640.5491268,404035255.4294457
2022-01-27,-0.0027206695309928,-0.0016781175351742,-0.0017823727347560598,224665867.18565464,424047842.2699695,403315114.00628805
2022-01-28,0.0016764893398644,0.0150863728390707,0.01374538448915007,225042517.1170228,430445186.1200577,408858835.3185898
2022-01-31,0.0070156027292171,0.0110400681842572,0.01063762163875319,226621326.0142989,435197330.3244084,413208120.91237026
2022-02-01,0.0036302485710653,0.0037043168821921,0.0036969100510794196,227444017.7592352,436809439.1422141,414735714.16775894
2022-02-02,0.0038482872478181,0.0062620388271211,0.006020663669190801,228319287.67237058,439544756.81017566,417232698.41436464
2022-02-03,-0.0014551595182712,-0.0157938926175227,-0.01436001930759755,227987046.68770918,432602634.1205206,411241228.8093734
2022-02-04,-0.0017321893935161,0.0005989179767556,0.00036580723972843004,227592129.9435777,432861727.61488724,411391663.82814664
2022-02-07,0.0040420521607122,-0.0020087849464825,-0.00140370123576303,228512069.20417723,431992201.492546,410814192.84124845
2022-02-08,0.0003713760593545,0.0039394311982311,0.00358262568434344,228596933.1159532,433694005.0484983,412285986.32001436
2022-02-09,0.0034272330005834,0.0089409670944775,0.008389593685088091,229380388.06896034,437571648.87670904,415744898.22729504
2022-02-10,0.0022635650212988,-0.0142309686906354,-0.01258151531944198,229899605.49196517,431344580.44163483,410514197.4212685
2022-02-11,0.0051261454856731,-0.0083888292792347,-0.00703733180274392,231078104.31681582,427726104.3957869,407625272.8042779
2022-02-14,0.0031111211340628,-0.0043741325893895,-0.0036256072170442705,231797016.29077506,425855173.7032167,406147383.6733491
2022-02-15,-0.0026669995815971,0.0084760074275571,0.00736170672664168,231178813.74531212,429464725.3185888,409137321.5997451
2022-02-16,0.0070954710874935,0.0015671860119764,0.00212001451952811,232819136.33428302,430137776.4287453,410004698.6620174
2022-02-17,0.0033243653193332,-0.0113212317264052,-0.009856672021831358,233593112.1967898,425268086.98751485,405963416.81989604
2022-02-18,0.0023118825415445,-0.0030894388894877,-0.00254930674638448,234133152.03470257,423954247.2211176,404928491.54261184
2022-02-21,0.0034509909027419,0.0,0.00034509909027419,234941143.4124046,423954247.2211176,405068231.99666935
2022-02-22,0.0046110014242405,-0.0060908643180468,-0.005020677743818071,236024457.35929188,421371999.4242341,403034514.9395559
2022-02-23,0.0043283668176025,-0.0128065399584334,-0.011093049280829811,237046057.78866842,415975682.0762427,398563633.20345604
2022-02-24,-0.00363159859322,0.0095699635620881,0.00824980734655729,236185201.65867475,419956554.19642705,401851706.3927285
2022-02-25,-0.0087539141561339,0.0133797277490562,0.011166363558537189,234117656.67840552,425575458.558007,406338928.6429283
2022-02-28,0.0073830153024705,0.0019577321686563,0.0025002604820377203,235846150.92024076,426408621.3234167,407354881.80852777
2022-03-01,0.0151043439773989,-0.0066133748776995,-0.00444160299218966,239408452.30948558,423588621.25952196,405545573.1466039
2022-03-02,0.0027502360007706,0.006073450987171,0.00574112948853096,240066882.0539159,426161265.98946494,407873862.79553914
2022-03-03,0.0111743983607039,-0.0017708667258289,-0.00047634021717562016,242749485.02719846,425406591.1836871,407679576.07115483
2022-03-04,0.0119525852593132,-0.0021269239612391,-0.0007189730391838698,245650968.94364044,424501783.71162945,407386465.4473338
2022-03-07,0.0113415816522529,-0.0189775753903072,-0.01594565968605119,248437039.46586978,416445769.1079221,400890419.5086074
2022-03-08,0.0066067489967301,-0.0063038974875602,-0.005012832839131169,250078400.6271115,413820537.6703376,398880822.84880155
2022-03-09,-0.0130248909728011,0.0139522444339464,0.011254530893271652,246821156.72429088,419594262.9637013,403370039.392287
2022-03-10,-0.0022586367847174,-0.0041791488709125,-0.00398709766229299,246263677.3804669,417840716.07339525,401761763.65118694
2022-03-11,0.0009565124096188,-0.0077555413348382,-0.0068843359603925,246499231.64391968,414600135.12850964,398995900.6941723
2022-03-14,-0.0150309285311146,-0.0079343032841757,-0.008643965808869591,242794119.3101052,411310571.91473985,395546993.7706928
2022-03-15,-0.0119188369073834,0.0127161412142786,0.010252643402112401,239900295.7999763,416540855.23013335,399602396.0466013
2022-03-16,0.0022332904920091,0.0135774268715655,0.012443013233609862,240436062.84961653,422196408.23103994,404574653.94879144
2022-03-17,0.017659993693212,0.0065769648020724,0.007685267691186361,244682162.2031615,424973179.1475369,407683918.46545696
2022-03-18,-0.0027959256486538,0.008078632099918,0.00699117632506082,243998049.0700896,428406381.1142023,410534108.62434065
2022-03-21,0.010590787761084,-0.0041728691315338,-0.0026965034422720205,246582180.6219095,426618697.3506988,409427101.987265
2022-03-22,-0.0008702058112839,0.0051393392225931,0.0045383847192054,246367603.37537327,428811235.5550848,411285239.69055253
2022-03-23,0.0162446046168339,-0.004802778460235,-0.0026980401525281104,250369747.68260315,426751750.1894541,410175575.5997253
2022-03-24,0.0043206136459248,0.0073287432243243,0.00702793026648435,251451498.63096735,429879304.1871236,413058260.9420553
2022-03-25,0.0048374234389163,7.223303028940347e-05,0.0005487520711520932,252667876.00419548,429910355.67192376,413284927.5182536
2022-03-28,-0.0150556037615126,0.0049521622405624,0.0029513856403549,248863808.5798133,432039341.502109,414504690.71870613
2022-03-29,-0.0015996429388039,0.0086057616792901,0.0075852212174807,248465715.34569475,435757369.11115354,417648800.49349093
2022-03-30,0.0077724696665654,-0.0025689958673329,-0.00153484931394307,250396907.58140063,434637910.23074716,417007772.5185844
2022-03-31,-0.0034143301726729,-0.0090901047625018,-0.00852252730351891,249541969.86470145,430687006.0929948,413453812.3915152
2022-04-01,-0.0001678809041984,0.0009226282653198,0.00081357734836798,249500076.5331651,431084370.0983222,413790189.04787326
2022-04-04,0.0107124783752174,0.0046330171679145,0.00524096328864479,252172840.70764175,433081591.38580734,415958848.2378745
2022-04-05,0.000196247889468,-0.0108971182681236,-0.00978778165236444,252222329.09541175,428362250.06472903,411887533.85495317
2022-04-06,-0.0076489191697297,-0.006536270627481,-0.00664753548170587,250293100.88735998,425562358.47170925,409149496.85918003
2022-04-07,-0.0039395482396505,0.0020773314830584,0.0014756435107875102,249307059.1423625,426446392.55696714,409753255.6591623
2022-04-08,0.0050600754109414,-0.0032723825262059,-0.00243913673249117,250568571.66210288,425050896.8336002,408753811.44202614
2022-04-11,0.0011897337704542,-0.011483164303242,-0.01021587449587238,250866681.5536238,420169967.54801965,404578033.8046249
2022-04-12,0.0123437302644427,-0.0008253683417412,0.0004915415188771899,253963312.20305756,419823172.55865514,404776900.70586556
2022-04-13,0.001563625643619,0.0072806056499973,0.00670890764935947,254360415.75055665,422879739.5207854,407492511.55129516
2022-04-14,0.0008308412029853,-0.0098680156458133,-0.008798129960933439,254571748.8643707,418706755.6348969,403907339.4765597
2022-04-15,0.0005737925024446,0.0,5.737925024446e-05,254717820.22520328,418706755.6348969,403930515.3768671
2022-04-18,0.0054491626857645,-0.0009689504537946,-0.00032713913983868994,256105819.0665737,418301049.53401756,403798373.89551216
2022-04-19,-0.0099647369965504,0.0077209532074386,0.0059523841870397,253553791.93628916,421530732.36409223,406201936.95104015
2022-04-20,0.0066743478466872,0.001914144597031,0.00239016492199662,255246098.14151856,422337603.1379295,407172826.57198757
2022-04-21,-0.0023929181646821,-0.0103937572311742,-0.009593673324524989,254635315.11681148,417947928.6213178,403266543.48723245
2022-04-22,-0.0181598151650919,-0.0169290213653046,-0.017052100745283332,250011184.85978523,410872479.2081027,396390001.760486
2022-04-25,-0.0214643797788222,0.0051247469839629,0.0024658343076843898,244644849.83900148,412978096.7067178,397367433.8260501
2022-04-26,0.0010532040656359,-0.0149417749295042,-0.01334227702999019,244902510.7894888,406807470.93491095,392065647.44124657
2022-04-27,-0.0034585600263535,-0.000266017771651,-0.00058527199712125,244055500.75531867,406699252.9180019,391836182.396766
2022-04-28,-0.0004839232190179,0.0145047185438434,0.013005854367557272,243937396.63177413,412598311.1135689,396932346.720958
2022-04-29,0.0059902205145811,-0.0235697106210699,-0.020613717507504802,245398635.42935133,402873488.31787986,388750095.4560612
2022-05-02,-0.0112234641344442,0.001362253604282,0.00010368183040938015,242644412.64596847,403422304.1794106,388790401.77752995
2022-05-03,0.0027363636397175,0.0033244082525574,0.0032656037912734102,243308375.99411348,404763444.6166904,390060037.1875854
2022-05-04,0.0071231679004725,0.0196325745728977,0.018381633905655184,245041502.4079108,412709993.12751055,397229977.99239385
2022-05-05,0.001104809821377,-0.0244444513929392,-0.02188952527150758,245312226.66641605,402621523.76112485,388534802.35052896
2022-05-06,-0.004653700007496,-0.0050426133943746,-0.00500372205568674,244170617.15533972,400591259.0725435,386590682.1906057
2022-05-09,-0.0145908637275329,-0.0170328963189938,-0.01678869305984771,240607956.95415854,393768029.6904657,380100329.8875105
2022-05-10,-0.0008671468573699,0.0022771282763943,0.00196270076301788,240399314.52042755,394664690.0052139,380846353.0950041
2022-05-11,0.0071146598794561,-0.008076270913415,-0.006557177834127891,242109673.87849477,391477271.0487728,378349075.830281
2022-05-12,-0.0002766255975486,5.227618840886194e-05,1.9386009813115747e-05,242042700.14528584,391497735.988352,378356410.5091779
2022-05-13,0.0036317983854182,0.0127341333114411,0.01182389981883881,242921750.43287575,396483120.349555,382830058.80285394
2022-05-16,0.0049249019189134,-0.0016323307100105,-0.0009766074471181101,244118116.22772843,395835928.7762077,382456184.1164464
2022-05-17,0.0015075676456493,0.0098498487225783,0.009015620614885402,244486140.8014702,399734852.7936146,385904263.97425705
2022-05-18,-0.0037900111601631,-0.0218487677392065,-0.020042892081302163,243559535.59932742,391001138.83766097,378169626.4577067
2022-05-19,0.0028482243002189,-0.0025869204275007,-0.00204340595472874,244253247.78717142,389989650.0044258,377396872.3911055
2022-05-20,-0.0010763837776284,0.0015041210143255,0.0012460705351301099,243990337.55362022,390576241.63236684,377867135.5138422
2022-05-23,0.0034541517229968,0.0093150320919907,0.00872894405509131,244833117.19847566,394214471.8575415,381165516.6000002
2022-05-24,-0.000792976172936,-0.0019761572227261,-0.0018578391177470899,244638970.37019163,393435442.0816771,380457372.3929244
2022-05-25,0.0003321844891635,0.0063295738839043,0.00572983494443022,244720235.64159355,395925720.78087956,382637330.34012747
2022-05-26,0.002188221490481,0.0116484835949892,0.01070245738453838,245255737.72038004,400537655.04422987,386732490.0618262
2022-05-27,0.0011447434476475,0.0148265326880787,0.013458353764035579,245536492.61913338,406476239.6795496,391937272.72512466
2022-05-30,0.0,0.0,0.0,245536492.61913338,406476239.6795496,391937272.72512466
2022-05-31,-0.0047218788166264,-0.0059695529023539,-0.00584478549378115,244377099.05592632,404049758.26323265,389646483.4390287
2022-06-01,0.0027784122488446,-0.0058118751590459,-0.00495284641825685,245056079.38128042,401701471.5101641,387716624.2491413
2022-06-02,0.0019359546153805,0.0113766016320059,0.01043253693034336,245530496.8291857,406271469.1265257,391761492.25012845
2022-06-03,-2.4844748343216816e-05,-0.0102383859184512,-0.009217031801440402,245524396.68578136,402111905.03795224,388150614.11747926
2022-06-06,0.0046610017501408,-0.0004559128581777,5.577860265414998e-05,246668786.32843602,401928577.0500191,388172264.61635405
2022-06-07,0.0001762491682726,0.0068820223673267,0.00621144504742129,246712261.4968652,404694658.50734514,390583375.3069516
2022-06-08,-0.0006788418342511,-0.0075392368413984,-0.006853197340683671,246544782.89273843,401643569.6284094,387906630.35798275
2022-06-09,0.0010497036130974,-0.0143514221429405,-0.01281130956733671,246803581.84213126,395879413.2096746,382937038.43324417
2022-06-10,-0.0068812905043807,-0.0201335485260404,-0.01880832272387443,245105254.69795382,387908955.83335716,375734635.031467
2022-06-13,-0.0102434201209663,-0.0284611640175061,-0.02663938962785212,242594538.60022622,376868615.41752446,365725293.692185
2022-06-14,-0.00784421444155,-0.0041699300453096,-0.00453735848493364,240691575.01709718,375297099.6549607,364065866.9276959
2022-06-15,0.0007376191173519,0.0124789054523169,0.0113047768188204,240869113.7242153,379980396.6780837,368181550.3006638
2022-06-16,0.0016968636027585,-0.0179102160855101,-0.01594950811668324,241277835.7563226,373174865.6653214,362309235.6757304
2022-06-17,-0.0068059587195842,0.0013959041230797,0.00057571783881331,239635708.76621443,373695781.9989334,362517823.5658757
2022-06-20,0.0,0.0,0.0,239635708.76621443,373695781.9989334,362517823.5658757
2022-06-21,-0.0008802969661306,0.0130447823339019,0.01165227440389865,239424758.17881098,378570562.1342067,366741980.72236943
2022-06-22,-0.0031613881214922,0.0030864719074442,0.0024616859045505602,238667843.59231335,379739009.53921926,367644784.28692067
2022-06-23,-0.0076578490597804,0.0072300077191872,0.0057412220412904405,236840161.27066013,382484525.5094643,369755514.62583417
2022-06-24,0.0008313980223437,0.0169714236860873,0.015357421119712942,237037069.71235216,388975832.4452575,375434005.7752793
2022-06-27,0.0010944837688324,-0.0031194836133224,-0.00269808687510692,237296502.93776393,387762428.70996606,374421052.2118282
2022-06-28,0.001753266471882,-0.0117343130316407,-0.01038555508128843,237712546.94025955,383212302.9895741,370532481.7504883
2022-06-29,-0.0008557561828384,0.0018458175778836,0.0015756602018114,237509122.95847714,383919642.9944935,371116315.0354609
2022-06-30,0.0,-0.0033129249189976,-0.00298163242709784,237509122.95847714,382647746.0423243,370009782.5963261
2022-07-01,0.0,0.0084652116656392,0.00761869049907528,237509122.95847714,385886940.20595235,372828772.61155766
2022-07-04,0.0,0.0,0.0,237509122.95847714,385886940.20595235,372828772.61155766
2022-07-05,0.0,0.0027618145588375,0.0024856331029537502,237509122.95847714,386952688.3754784,373755488.1504945
2022-07-06,0.0,-0.0005855350799961,-0.00052698157199649,237509122.95847714,386726114.0021357,373558525.89580667
2022-07-07,0.0,0.0075103958178854,0.00675935623609686,237509122.95847714,389630580.19140446,376083541.04736763
2022-07-08,0.0,-0.0021800903092113,-0.00196208127829017,237509122.95847714,388781150.33935684,375345634.5724055
2022-07-11,0.0,-0.0046789004501714,-0.00421101040515426,237509122.95847714,386962082.0400159,373765050.19969183
2022-07-12,0.0,-0.0047886515586597,-0.00430978640279373,237509122.95847714,385109055.46271276,372154202.6685017
2022-07-13,0.0,-0.0018627927660793,-0.00167651348947137,237509122.95847714,384391677.1000452,371530281.1275645
2022-07-14,0.0,-0.0030638191559088,-0.00275743724031792,237509122.95847714,383213970.5163742,370505809.69447756
2022-07-15,0.0,0.012442200838992,0.0111979807550928,237509122.95847714,387981995.7018464,374654726.6210864
2022-07-18,0.0,-0.0060719082183569,-0.00546471739652121,237509122.95847714,385626204.6335699,372607344.4188313
2022-07-19,0.0,0.0153961684922944,0.01385655164306496,237509122.95847714,391563370.65515226,377770397.3293561
2022-07-20,0.0,0.003624382565163,0.0032619443086467,237509122.95847714,392982546.1089112,379002663.32689977
2022-07-21,0.0,0.0091085352281418,0.00819768170532762,237509122.95847714,396562041.47418904,382109606.5263251
2022-07-22,0.0,-0.0024901582843703,-0.00224114245593327,237509122.95847714,395574539.2213453,381253244.464319
2022-07-25,0.0,-0.0004486570883608,-0.00040379137952472,237509122.95847714,395397061.9003486,381099297.69078845
2022-07-26,0.0,-0.0069083268314708,-0.00621749414832372,237509122.95847714,392665529.76853764,378729815.0374657
2022-07-27,0.0,0.0159952708149041,0.014395743733413692,237509122.95847714,398946321.2568632,384181912.39894825
2022-07-28,0.0,0.0095495687681178,0.00859461189130602,237509122.95847714,402756086.5864932,387483806.83167696
2022-07-29,0.0,0.008492468959223,0.0076432220633007,237509122.95847714,406176480.14996713,390445431.61322457
2022-08-01,0.0,0.0004819423436937,0.00043374810932433,237509122.95847714,406372233.7947638,390614786.58098114
2022-08-02,0.0,-0.0079011059878071,-0.00711099538902639,237509122.95847714,403161443.70504946,387837126.63471824
2022-08-03,0.0,0.0109085003958967,0.009817650356307031,237509122.95847714,407559330.47331625,391644775.9392127
2022-08-04,0.0,0.0005233001238938,0.00047097011150442004,237509122.95847714,407772606.321447,391829228.9230069
2022-08-05,0.0,-0.0051902239314899,-0.00467120153834091,237509122.95847714,405656175.18151146,389998915.6260948
2022-08-08,0.0,0.0011047365268628,0.00099426287417652,237509122.95847714,406104318.3755819,390386677.068871
2022-08-09,0.0,-0.0033559353376824,-0.00302034180391416,237509122.95847714,404741458.5427599,389207575.86842877
2022-08-10,0.0,0.0126961826806641,0.01142656441259769,237509122.95847714,409880130.0388573,393654881.3039604
2022-08-11,0.0,-0.0025984188115486,-0.00233857693039374,237509122.95847714,408815089.79848427,392734289.08000606
2022-08-12,0.0,0.0115840357467934,0.01042563217211406,237509122.95847714,413550818.4125384,396828792.31933093
2022-08-15,0.0,0.0030322169328448,0.00272899523956032,237509122.95847714,414804794.20672065,397911736.2044909
2022-08-16,0.0,0.0010770742910178,0.00096936686191602,237509122.95847714,415251569.7863516,398297458.655535
2022-08-17,-0.0034751356309379,-0.0060982077633512,-0.005835900550109871,236683746.5426113,412719279.4397367,395973034.2974598
2022-08-18,0.0009062171750203,0.0020079938835675,0.00189781621271278,236898233.41877636,413548017.2284821,396724518.34174657
2022-08-19,-0.0026507424646046,-0.0097459195979781,-0.00903640188464075,236270277.2116634,409517611.50267005,393139556.15652
2022-08-22,0.0002145581532431,-0.0138463237028476,-0.01244023551723853,236320970.92600816,403847298.0917871,388248807.4867903
2022-08-23,0.0026314844862896,-0.0018435937147416,-0.0013960858946384799,236942845.89478487,403102767.7513097,387706778.8030478
2022-08-24,-0.0016048507513676,0.0006096089280935,0.00038816296014739004,236562587.99051946,403348502.79747015,387857272.21397716
2022-08-25,0.0022058492827443,0.0101783403473503,0.009381091240889702,237084409.4055625,407453921.13753694,391495796.67305905
2022-08-26,2.347220749435164e-05,-0.0200072573266729,-0.018004184373256175,237089974.30001375,399301885.6885764,384447234.1684025
2022-08-29,-7.201585016242129e-05,-0.0052998746479375,-0.004777088768159993,237072900.06394956,397185635.7477419,382610695.6041065
2022-08-30,-0.0017598280340194,-0.0064695800462713,-0.005998604845046111,236655692.52831072,394616011.4840427,380315565.2316892
2022-08-31,-0.0056715320347573,-0.0057817556117207,-0.00577073325402436,235313492.1869287,392334438.14517,378120865.55238366
2022-09-01,-0.0088515865013372,-0.0004198396395129,-0.00126301432569533,233230594.45590436,392169720.5960906,377643293.4823467
2022-09-02,0.0035100551283384,-0.0048056102406342,-0.00397404370373694,234049246.70005974,390285105.7707274,376142522.52962464
2022-09-05,-0.0014924247046118,0.0,-0.00014924247046118,233699945.8221888,390285105.7707274,376086386.09031683
2022-09-06,-0.0077495996807269,-0.0056601343670612,-0.00586908089842777,231888864.79665926,388076039.63060236,373879104.6655555
2022-09-07,-0.005718926858963,0.0131114379484057,0.01122840146766883,230562709.3394792,393164274.543482,378077169.35311294
2022-09-08,0.0025822799038659,0.0027254757995654,0.00271115620999545,231158086.79038742,394235834.25900394,379102195.6186621
2022-09-09,0.0085244306612697,0.009031114961373,0.00898044653136267,233128577.87302387,397796223.40008986,382506702.6163377
2022-09-12,0.0060794524395957,0.0056647660357076,0.00570623467609641,234545871.97451353,400049645.9355395,384689375.62664634
2022-09-13,-0.0032659945448911,-0.0272828727895635,-0.02488118496509626,233779846.43611804,389135142.3359702,375117848.11757237
2022-09-14,0.0024568640058302,0.002097276892277,0.00213323560363232,234354211.72611547,389951266.47796434,375918062.86673474
2022-09-15,-0.0101127713464218,-0.0075321402727928,-0.0077902033801557,231984241.16885835,387014098.83929914,372989584.7027287
2022-09-16,-0.0039728050555534,-0.0044673465783648,-0.00441789242608366,231062613.002734,385285172.7290704,371341756.8414624
2022-09-19,0.0026253143513882,0.0036310623593402,0.003530487558545,231669224.99671933,386684167.2173789,372652774.2939594
2022-09-20,0.00367125638833,-0.0081555577663997,-0.00697287635092673,232519742.118968,383530542.15428543,370054312.5769778
2022-09-21,-0.0012540909436045,-0.0090415074111686,-0.00826276576441219,232228141.21616736,380062847.9149879,366996640.47204363
2022-09-22,-0.0020047647246457,-0.0088910225816715,-0.00820239679596892,231762578.43058714,376683700.5517214,363986388.4041044
2022-09-23,-0.0103937340711799,-0.0104152325766752,-0.01041308272612567,229353699.8227286,372760452.20263255,360196168.03046876
2022-09-26,-0.00540404984017,-0.0098571553513155,-0.00941184480020095,228114260.9978592,369086094.5164446,356806057.5993389
2022-09-27,0.0002879042281685,-0.0036454774537899,-0.00325213928559406,228179936.058106,367740599.48037755,355645674.60208213
2022-09-28,-0.0005748337552876,0.0175938569830659,0.01577698790923055,228048770.52858043,374210574.9945022,361256692.11024934
2022-09-29,-0.0016186913718772,-0.0138261926287039,-0.01260544250302123,227679629.9513586,369036667.5009302,356702891.649022
2022-09-30,-0.000260703660397,-0.0102625426190878,-0.00926235872321872,227620273.03843245,365249412.97269577,353398981.5089593
2022-10-03,0.0109063073710419,0.0184071630506111,0.017657077482654177,230102769.70007005,371972618.4714241,359638974.7077541
2022-10-04,0.0,0.0186780315945992,0.016810228435139282,230102769.70007005,378920334.79155916,365684588.0267707
2022-10-05,0.0,-0.0031123426476592,-0.00280110838289328,230102769.70007005,377741004.87352204,364660265.861754
2022-10-06,0.0025891460137293,-0.0073411835686756,-0.006348150610435111,230698539.36898705,374967938.81532955,362345347.57242227
2022-10-07,0.0,-0.0183407012911098,-0.01650663116199882,230698539.36898705,368090763.85577446,356364246.56677806
2022-10-10,0.0,-0.0044960525497834,-0.00404644729480506,230698539.36898705,366435808.43838894,354922237.4252927
2022-10-11,0.0,-0.0048720579549177,-0.004384852159425931,230698539.36898705,364650511.94292,353365955.8860901
2022-10-12,0.0,-0.0009685075143626,-0.00087165676292634,230698539.36898705,364297345.1819871,353057942.060854
2022-10-13,0.0,0.0136678488543187,0.012301063968886831,230698539.36898705,369276506.2339641,357400930.3908681
2022-10-14,0.0,-0.0152957419845955,-0.01376616778613595,230698539.36898705,363628148.07363653,352480889.21618634
2022-10-17,0.0,0.0160231796184234,0.014420861656581062,230698539.36898705,369454627.20453507,357563967.3561616
2022-10-18,0.0,0.0075678185238201,0.0068110366714380895,230698539.36898705,372250592.7760046,359999348.6502093
2022-10-19,0.0,-0.0068687071652358,-0.00618183644871222,230698539.36898705,369693712.4621408,357773891.5552108
2022-10-20,0.0,-0.0068568986305208,-0.00617120876746872,230698539.36898705,367158760.151447,355565994.1788739
2022-10-21,0.0,0.0141656450645851,0.012749080558126591,230698539.36898705,372359800.8301055,360099133.6823907
2022-10-24,0.0,0.0066017292286902,0.005941556305821181,230698539.36898705,374818019.41083485,362238682.960842
2022-10-25,0.0,0.0130245040527162,0.01172205364744458,230698539.36898705,379699838.22368234,366484864.2356886
2022-10-26,0.0,-0.00280671410045,-0.002526042690405,230698539.36898705,378634129.3338014,365559107.823242
2022-10-27,0.0,-0.0016747390123199,-0.0015072651110879102,230698539.36898705,378000015.98601025,365008113.3339796
2022-10-28,0.0,0.0133316347673677,0.011998471290630931,230698539.36898705,383039374.14119494,369387652.7026647
2022-10-31,0.0,-0.0057266475004581,-0.00515398275041229,230698539.36898705,380845842.6666922,367483835.11241984
2022-11-01,0.0,-0.0020798562504742,-0.0018718706254267801,230698539.36898705,380053738.06035477,366795952.9161537
2022-11-02,0.0,-0.0155837425396949,-0.01402536828572541,230698539.36898705,374131078.45517355,361651504.59079105
2022-11-03,0.0,-0.0076310102287104,-0.0068679092058393605,230698539.36898705,371276080.36860365,359167714.89310634
2022-11-04,0.0,0.0074987267839814,0.0067488541055832595,230698539.36898705,374060178.25671536,361591685.40035564
2022-11-07,0.0,0.0045921244760166,0.0041329120284149395,230698539.36898705,375777909.15679115,363086112.02632165
2022-11-08,0.0,0.0050649608027673,0.00455846472249057,230698539.36898705,377681209.5372161,364741227.2592199
2022-11-09,0.0,-0.0114358604385217,-0.01029227439466953,230698539.36898705,373362099.93469644,360987210.4652195
2022-11-10,0.0,0.0397041233748312,0.035733711037348084,230698539.36898705,388186114.8139897,373886623.13216203
2022-11-11,0.0,0.0055441317168601,0.00498971854517409,230698539.36898705,390338269.7651746,375752212.14939713
2022-11-14,0.0,-0.0061845428859754,-0.00556608859737786,230698539.36898705,387924205.9957745,373660742.04591286
2022-11-15,0.0,0.0074133997646226,0.00667205978816034,230698539.36898705,390800043.213195,376153828.8573316
2022-11-16,0.0,-0.002560612564371,-0.0023045513079339,230698539.36898705,389799355.71238655,375286963.0590541
2022-11-17,0.0,-0.0035540053594762,-0.00319860482352858,230698539.36898705,388414006.7130644,374086568.368806
2022-11-18,-0.0013860171320806,0.0017850943233719,0.00146798317782665,230378787.24107566,389107362.351566,374635721.15822226
2022-11-21,-0.0018035848927274,-0.0021094875306973,-0.00207889726690031,229963279.54080284,388286545.2225829,373856891.9814232
2022-11-22,0.0003164465924455,0.0096861438835261,0.008749174154418041,230036050.63700107,392047544.567646,377127831.0381981
2022-11-23,0.0013546904180433,0.0053739478588628,0.00497202211478085,230347678.27060354,394154387.6303477,379002918.95421934
2022-11-24,0.0007944309816652,0.0,7.944309816652e-05,230530673.60277635,394154387.6303477,379033028.12031525
2022-11-25,-0.0042784385690284,-0.000192889076763,-0.00060144402598954,229544362.2774901,394078359.5544157,378805060.96989954
2022-11-28,-0.0052281686437763,-0.0089173000445024,-0.00854838690442979,228344265.6402753,390564244.5812236,375566888.7473727
2022-11-29,0.0036616625824398,-0.0021256178074761,-0.00154688976848451,229180385.293685,389734054.2679783,374985928.1697878
2022-11-30,0.0040505935496262,0.0208767411164894,0.019194126359803082,230108701.88405645,397870431.22321075,382183455.45822674
2022-12-01,0.0090375944616684,0.0033731515307195,0.00393959582381439,232188331.01378545,399212508.47731936,383689103.8032809
2022-12-02,-0.0055538481922852,0.0003432541244486,-0.00024645610722478,230898792.27131483,399349539.8173856,383594541.280373
2022-12-05,-0.0122103847974056,-0.013377010174847,-0.01326034763710286,228079429.1684259,394007436.959928,378507944.3113003
2022-12-06,-0.0039822662478531,-0.0069602654649345,-0.00666246554322636,227171156.15581882,391265040.60352844,375986148.1744888
2022-12-07,0.0046751064581957,0.001926297455263,0.00220117835555627,228233205.49507868,392018733.45557636,376813760.7458394
2022-12-08,0.0028987697064736,0.0033694928873082,0.00332242056922474,228894800.99717918,393339637.7896465,378065694.53530836
2022-12-09,0.0034656067612793,-0.0068149558234478,-0.00578689956497509,229688060.3671367,390659045.5344991,375877866.33206993
2022-12-12,-0.0019150614386397,0.008446674882371,0.0074105012502699305,229248193.61981162,393958815.4819864,378663309.7304725
2022-12-13,0.0091811374850671,0.0067816693366141,0.0070216161514594,231352952.8036384,396630513.9008294,381322138.142041
2022-12-14,-0.0009408005954251,-0.0026909521667413,-0.00251593700960968,231135295.80788738,395563200.16005224,380362755.662106
2022-12-15,-0.0094271059999287,-0.0145452179405243,-0.01403340674646474,228956358.8739816,389809647.204473,375024970.4006935
2022-12-16,0.0005985969905144,-0.0073782186165558,-0.0065805370558487805,229093411.46136272,386933546.4085559,372557104.6861031
2022-12-19,-2.9441367740468127e-05,-0.0075602532261585,-0.006807172040316696,229086666.63798898,384008230.81601167,370021044.3796626
2022-12-20,0.0030211729980364,-0.0013592568936657,-0.0009212139044954899,229778777.08944586,383486264.98105067,369680175.84862405
2022-12-21,0.0013529464956147,0.0094264541214978,0.00861910335890949,230089655.48067567,387101180.66411906,372866487.49400324
2022-12-22,-0.0030821447521131,-0.0089378019976724,-0.008352236273116471,229380485.8565204,383641346.958278,369752218.4921263
2022-12-23,0.0038742588255324,0.0019284022868863,0.00212298794075091,230269165.22825494,384381161.8090965,370537197.993051
2022-12-26,0.0,0.0,0.0,230269165.22825494,384381161.8090965,370537197.993051
2022-12-27,-0.0037213719647998,-0.0047166950093124,-0.004617162704861139,229412248.0124167,382568153.10151786,368826367.46171373
2022-12-28,4.543817660573879e-05,-0.0078066771985495,-0.007021465661033977,229422672.0866574,379581567.023809,366236665.7876974
2022-12-29,0.0029388202680922,0.011694688286081,0.01081910148428212,230096904.08534557,384020655.1292946,370199017.44211966
2022-12-30,0.0001910266146046,-0.0019267884939324,-0.0017150069830787,230140858.717964,383280728.5495591,369564123.54207754
2023-01-02,0.0,0.0,0.0,230140858.717964,383280728.5495591,369564123.54207754
2023-01-03,-0.0041642020513746,-0.001033289617964,-0.0013463808613050601,229182505.68198553,382884688.5519832,369066549.47911555
2023-01-04,0.0031789212186182,0.0065137743327615,0.00618028902134717,229911058.81223407,385378713.00868046,371347487.4230078
2023-01-05,-0.0070954267780144,-0.0072178760034136,-0.00720563108087368,228279741.7289761,382597097.24382865,368671694.4258282
2023-01-06,0.0082340094746317,0.0173912781188335,0.016475551254413322,230159399.28523892,389250949.7694545,374745763.8233923
2023-01-09,0.0045263971822334,0.0006464016236993,0.00103440117955271,231201192.14162815,389502562.2154119,375133401.28352356
2023-01-10,-0.0015744047833262,0.0023418980315111,0.00195026775002737,230837187.87880966,390414737.49913275,375865011.85800487
2023-01-11,0.0004984047225079,0.0096363295722946,0.00872253708731593,230952238.2233789,394176902.5795552,379143508.3637607
2023-01-12,0.0040780769353834,0.0049000075700809,0.00481781450661115,231894079.21925285,396108372.38614607,380970151.4584431
2023-01-13,0.0061210247506944,0.0009616714514069,0.00147760678133565,233313508.6176934,396489298.4995331,381533075.53772455
2023-01-16,-0.0013841225733021,0.0,-0.00013841225733021,232990574.12375933,396489298.4995331,381480266.68349326
2023-01-17,0.00016022323448,-0.0016496333408295,-0.00146864768329855,233027904.62714875,395835236.5334462,380920006.5736044
2023-01-18,0.0009230096191221,-0.0056139554562798,-0.004960258948739611,233242991.6246435,393613035.14752144,379030544.7022437
2023-01-19,-0.0062564469352123,-0.0053514797119338,-0.00544197643426165,231783719.22453374,391506622.97557676,376967869.4101087
2023-01-20,0.0019751748804056,0.0093065468881653,0.008573409687389332,232241532.604433,395150197.7193262,380199769.39354384
2023-01-23,0.0051452843193859,0.0061900961003333,0.00608561492223856,233436481.32045275,397596215.4172746,382513518.7835969
2023-01-24,0.0024417258107272,0.0012889385928188,0.0014042173146096401,234006469.20205826,398108692.5236846,383050650.889745
2023-01-25,0.0061467281606725,0.0003211564074167,0.00090371358274228,235444843.35608208,398236547.68113685,383396818.96583235
2023-01-26,-0.0023765826644103,0.0056456726537824,0.00484344712196313,234885289.2229372,400484860.8681169,385253781.18522227
2023-01-27,-0.0002772596786753,0.00118810634879,0.00104156974604347,234820165.00312167,400960679.4739086,385655049.86825365
2023-01-30,-0.0010913116585193,-0.008510967754682,-0.007769002145065731,234563903.01939836,397548116.0600108,382658894.9585718
2023-01-31,-0.0002935570721336,0.0102702148841668,0.00921383768853676,234495045.12679976,401631020.6387428,386184651.90679485
2023-02-01,0.0047330675189703,0.0084673976785843,0.0080939646626229,235604926.0082489,405031790.21054673,389310416.83257574
2023-02-02,0.0002354426046093,0.0088931211040641,0.00802735325411862,235660397.4456871,408633786.971885,392435549.07399905
2023-02-03,-0.016866456739442,-0.0092958339074868,-0.010052896190682321,231685641.54696974,404835195.15920705,388490435.2376247
2023-02-06,-0.0072438302996577,-0.0059226198890435,-0.00605474093010492,230007350.07673615,402437510.1805723,386138226.2984371
2023-02-07,0.0028949667822444,0.0070369380804405,0.00662274095062089,230673213.71488038,405269438.0209596,388695519.74234396
2023-02-08,-0.0005273240113951,-0.0058141648763,-0.00528548078980951,230551574.19050282,402913134.6889803,386641077.0396608
2023-02-09,-0.0021421036062087,-0.0066443897819132,-0.0061941611643427505,230057708.83201224,400236022.7738542,384246159.89572203
2023-02-10,-0.0006459797146865,2.4152996900062007e-05,-4.286027425859419e-05,229909096.21889952,400245689.6732716,384229690.9999261
2023-02-13,0.0035721806944795,0.0078628251790465,0.007433760730589801,230730373.05389792,403392751.5598394,387085962.58840805
2023-02-14,0.000904643913934,-0.0013410638474217,-0.00111649307128613,230939101.88164085,402851776.12441057,386653783.79318595
2023-02-15,-0.008969631918474,0.0008858254334516,-9.97203017409601e-05,228867663.14217958,403208632.4736127,386615226.5611968
2023-02-16,-0.0002838731552053,-0.0096241062790236,-0.00869008296664177,228802693.75651893,399328109.7420669,383255508.16621304
2023-02-17,0.0024263585990507,-0.0004429219148042,-0.00015599386341870998,229357851.14000106,399151238.57106483,383195722.65881765
2023-02-20,0.0034201571155682,0.0,0.00034201571155682,230142291.02658895,399151238.57106483,383326781.6165683
2023-02-21,-0.0017145876049345,-0.0149492240130399,-0.01362576037222936,229747691.90702352,393184237.29058367,378103662.74600303
2023-02-22,-0.0042320957858348,-6.786367942255276e-05,-0.0004842868900637775,228775377.66829848,393157554.3615502,377920552.09905005
2023-02-23,0.001124240738343,0.0043413186683909,0.00401961087538611,229032576.26780298,394864376.5919189,379439645.6602993
2023-02-24,-0.0077127226295707,-0.0083965731940386,-0.00832818813759181,227266111.5339134,391548868.9521464,376279600.9043791
2023-02-27,0.0009374993851895,0.0026998114188424,0.00252358021547711,227479173.3737509,392605977.05957824,377229172.660709
2023-02-28,0.0010117470408395,-0.0014228253566604,-0.0011793681169104098,227709324.75426438,392047367.3202414,376784280.6017045
2023-03-01,0.0032690346041709,-0.0048342568273194,-0.004023927684170371,228453714.41657844,390152109.65814096,375268127.90403104
2023-03-02,-0.0017759115709185,0.0034876970514735,0.0029613361892343003,228048000.8217267,391512842.0206218,376379422.99185944
2023-03-03,-0.000240041469741,0.0122918526257235,0.011038663216177049,227993259.844438,396325260.17581743,380534148.6837656
2023-03-06,0.0020156329230854,-0.0002048617480557,1.7187719058410006e-05,228452810.56522202,396244068.2902192,380540689.19780535
2023-03-07,-0.0011938969803482,-0.0093867715118168,-0.00856748405866994,228180061.44453612,392524615.75826615,377280412.9094279
2023-03-08,0.0039518010354768,0.000780004380544,0.00109718404603728,229081783.6476278,392830786.6780289,377694358.95935446
2023-03-09,-0.0012603187999064,-0.0092292883790576,-0.00843239142114248,228793067.5689806,389205238.06360537,374509492.2870517
2023-03-10,-0.0006632027254598,-0.0029275832666472,-0.0027011452125284604,228641331.38300255,388065807.3213589,373497887.76491404
2023-03-13,-0.003580014653951,0.0031920432875381,0.0025148374933891904,227822792.06615254,389304530.1767421,374437174.2567669
2023-03-14,-0.0007975648344298,0.0069286661003309,0.00615604300685483,227641088.61871898,392001891.27768296,376742225.6048567
2023-03-15,-0.0023855169450824,0.0003405968126291,6.798543685795e-05,227098046.944422,392135405.8723967,376767838.5896473
2023-03-16,0.0013588248122529,0.0079510050099266,0.00729178699015923,227406633.4054243,395253276.4490577,379515149.4133857
2023-03-17,0.0002489828153193,-0.0029677970132321,-0.0026461190303769602,227463253.74923187,394080244.95574194,378510907.1542066
2023-03-20,0.0,0.0039395586911724,0.0035456028220551597,227463253.74923187,395632747.20977664,379852956.4947912
2023-03-21,0.0,0.0053296020823796,0.00479664187414164,227463253.74923187,397741312.32316345,381674975.0919306
2023-03-22,0.0,-0.0062306117460602,-0.00560755057145418,227463253.74923187,395263140.63070935,379534713.36724406
2023-03-23,0.0029554187329641,0.0032974540863913,0.0032632505510485797,228135502.91042334,396566502.68898195,380773230.2297818
2023-03-24,-0.0019050366208488,0.0037263488990018,0.0031632103470167405,227700896.4228632,398044247.839658,381977696.05151165
2023-03-27,-0.0027221579104341,-0.0027637115874822,-0.00275955621977739,227081058.62645274,396944168.3395729,380923607.1245564
2023-03-28,0.0021554477760685,-0.0013239502201695,-0.0009760104205457001,227570519.98925647,396418634.0205048,380551821.714571
2023-03-29,-0.0011198151544939,0.0080540012790204,0.00713661963566897,227315683.07225642,399611390.2059334,383267675.3178088
2023-03-30,0.0019939430956379,0.0039785252996337,0.00378006707923412,227768937.6090486,401201254.2318895,384716452.8398122
2023-03-31,-0.0013999909107893,0.0106837458641634,0.009475372186668132,227450063.16663575,405487586.4724866,388361784.4168042
2023-04-03,0.0019512207507312,0.0035741395625938,0.00341184768140754,227893868.44964164,406936855.69743866,389686815.6705139
2023-04-04,0.0045058322626155,-0.0015862585027001,-0.00097704942616854,228920719.9945543,406291348.6500265,389306072.39087766
2023-04-05,3.835836113280644e-05,-0.0002057466633497,-0.00018133616090144935,228929501.01820263,406207755.56069386,389235477.12229466
2023-04-06,-0.0015860604830927,0.0024644748059557,0.00205942127705086,228566404.98322353,407208844.340257,390037076.9456634
2023-04-07,0.0,-0.0023647463335906,-0.00212827170023154,228566404.98322353,406245898.7185977,389206972.07275885
2023-04-10,-0.0020456594170057,0.0001241645475552,-9.281784890089e-05,228098835.96445847,406296340.05680823,389170846.7188338
2023-04-11,0.0015239922068009,-8.640002712048123e-05,7.46391962716569e-05,228446456.81284863,406261236.04200834,389199894.1180452
2023-04-12,0.0050295350744827,-0.0018251881404952,-0.00113971581899741,229595436.28003013,405519732.8520416,388756316.84196675
2023-04-13,0.0046446945672601,0.0072055664419819,0.0069494792545097194,230661836.9555877,408441732.2306417,391457970.80091965
2023-04-14,-0.0070193625206668,-0.0030467192282624,-0.00344398355750284,229042737.9023135,407197324.9514298,390109795.98602784
2023-04-17,-0.0007939813686937,0.000186944379513,8.885180469233e-05,228860882.23578444,407273448.20268226,390144457.9454294
2023-04-18,0.0004939358489081,0.0008924638774574,0.0008526110746024699,228973924.8299334,407636925.04345065,390477099.43096846
2023-04-19,-0.0044074568283974,-0.0005354121540839,-0.0009226166215152501,227964732.14141676,407418671.279329,390116838.7687124
2023-04-20,0.0008103121887124,-0.0018738979669307,-0.00160547695136639,228149454.7424675,406655210.2595291,389490515.1757293
2023-04-21,-0.0032264142000282,-0.0001638755327465,-0.00047012939947467004,227413350.10195768,406588569.4203037,389307404.23372865
2023-04-24,0.0001889049170648,0.002046004936639,0.00186029493468158,227456309.6019981,407420451.6405187,390031630.82585865
2023-04-25,-0.0022654542061845,-0.0062225536797648,-0.00582684373240677,226941017.74868703,404885256.00995153,387758977.46234065
2023-04-26,-0.0028784832099809,-0.0037003166190228,-0.00361813327811861,226287771.83944148,403387052.3683406,386356013.8020949
2023-04-27,0.0019974403435824,0.0095686042591215,0.00881148786756759,226739768.16417292,407246903.43570673,389760385.1302738
2023-04-28,0.0028629170127879,0.0073493305949909,0.0069006892367706,227388905.3039257,410239895.5628421,392450000.4248619
2023-05-01,-0.001714548724396,-0.0039494534556747,-0.0037259629825468297,226999035.94639507,408619672.1896558,390987746.2507784
2023-05-02,-0.0014095493493997,-0.0030128215241925,-0.00285249430671322,226679069.60296243,407388574.04607433,389872455.9306034
2023-05-03,0.0023396300267073,-0.0022817483210332,-0.00181961048625915,227209414.76063162,406459015.8512366,389163039.92148846
2023-05-04,0.0012815859331855,-0.0045477882768486,-0.00396485085584519,227500603.15047613,404610526.3039289,387620066.5095924
2023-05-05,-0.0013838811472219,0.0095637810970607,0.00846901487263244,227185769.3547946,408480132.8070662,390902826.617793
2023-05-08,0.0011994921680499,-0.0016028472983465,-0.00132261335170686,227458276.90582803,407825401.52976817,390385813.3200883
2023-05-09,-0.0007297321788785,-0.0031411662637867,-0.00290002285529588,227292293.2818176,406544354.13696766,389253685.5390768
2023-05-10,0.0020920004220199,0.0048977494225769,0.004617174522521201,227767788.85528505,408535506.5126938,391050937.7387453
2023-05-11,-0.0028644278733465,0.0002031338293029,-0.00010362234096203998,227115364.45223746,408618493.8945379,391010416.1251414
2023-05-12,0.0020626163593502,-0.0024138997775859,-0.00196624816389229,227583816.31841642,407632129.80300844,390241592.6123726
2023-05-15,0.0015975368919095,0.0009981383591934,0.00105807821246501,227947389.86098665,408039003.0682046,390654498.73911333
2023-05-16,-0.0036156680738129,-0.0046809078975266,-0.00457438391515523,227123207.7609573,406129010.0762437,388867495.08369815
2023-05-17,-0.003180023819344,0.0062925825820068,0.00534532194187172,226400950.55035162,408684610.41109717,390946117.03764975
2023-05-18,-0.0037292521830785,0.0039327294537106,0.00316653129003169,225556644.31126067,410291856.4157392,392184060.1499659
2023-05-19,0.001750556376568,-0.0019551707832107,-0.00158459806723283,225951493.93323705,409489665.7654858,391562606.0462527
2023-05-22,0.0007925016893979,-0.0002176982015744,-0.00011667821247717,226130560.87390113,409400520.60168535,391516919.2213063
2023-05-23,0.0005502070072382,-0.0063795382698827,-0.00568656374217061,226254979.49304467,406788734.312797,389290533.3040161
2023-05-24,-0.0017840120618279,-0.0052744209289602,-0.00492538004224697,225851337.88058048,404643159.2988724,387373129.4806448
2023-05-25,-0.004272140702709,0.0034871917256743,0.00271125848283597,224886469.18725958,406054227.57583016,388423398.16397196
2023-05-26,0.0004056643543127,0.0076388963974415,0.006915573193128619,224977697.61157608,409156033.752025,391109568.6038986
2023-05-29,-0.0004823505910697,0.0,-4.8235059106970005e-05,224869179.48615566,409156033.752025,391090703.41073966
2023-05-30,-0.0002773287520318,0.0030846116875644,0.00274841764360478,224806816.79723835,410418121.2357741,392165584.00024354
2023-05-31,-0.0024810898045581,-0.0022111938506091,-0.0022381834460039997,224249050.8960876,409510607.20991904,391287845.4820417
2023-06-01,0.0056967566011941,0.0068958880934585,0.00677597494423206,225526543.15709138,412334546.53032285,393939202.11901057
2023-06-02,0.000450019694086,0.0064552976781325,0.00585476987972785,225628034.5430512,414996288.77115387,396245625.49402094
2023-06-05,0.0034684252309605,-0.0010894429763549,-0.0006336561556233601,226410608.51087236,414544173.97913873,395994542.0142878
2023-06-06,0.0004319662320813,0.0016640386712183,0.0015408314273046,226508410.24833405,415233991.51556826,396604702.84966457
2023-06-07,-8.254127154785906e-05,-0.0042892430671074,-0.003868572887551446,226489713.95613584,413452951.9962327,395070408.6491449
2023-06-08,-0.0002694197539694,0.0055417259540336,0.0049606113832333,226428693.15312514,415744194.95108205,397030199.41546845
2023-06-09,0.0026387414853527,-0.0001077744855908,0.00016687711150355,227026179.93922248,415699388.3343338,397096454.66832656
2023-06-12,-0.0003885454031436,0.006195269677874,0.00553688816977224,226937969.96061385,418274758.1499923,399295133.33043814
2023-06-13,0.001776476607356,0.0021878823046855,0.00214674173495255,227341119.95556977,419189894.0918453,400152316.85772204
2023-06-14,0.0006978469928223,0.0011282833253373,0.0010852396920858001,227499769.27247563,419662859.05949897,400586578.0348561
2023-06-15,0.0013202824059865,0.0092796257528406,0.00848369141815519,227800133.21521208,423557173.33393824,403985030.94915855
2023-06-16,-0.0002376149557082,-0.0032184080801893,-0.00292032876774119,227746004.4966478,422193993.50485814,402805261.84154093
2023-06-19,0.0026246402933556,0.0,0.00026246402933556,228343755.83670047,422193993.50485814,402910983.73360145
2023-06-20,-0.0008427393001607,-0.0018181185697664,-0.00172058064280583,228151321.57971057,421426394.76522315,402217742.8942156
2023-06-21,0.0012341782023233,-0.0028406903007729,-0.0024332034504632796,228432900.96763554,420229252.8931238,401239065.29436785
2023-06-22,-0.000209521222842,0.0004447911851964,0.00037935994439256,228385039.42688745,420416167.1605723,401391279.32386607
2023-06-23,-0.0032825255740357,-0.0032950173120717,-0.0032937681382681004,227635359.69424152,419030888.61150336,400069189.51705045
2023-06-26,0.000193297943982,-0.0020781276967609,-0.0018509851326866103,227679361.14124802,418160088.9160815,399328667.3952084
2023-06-27,-0.0005015312235125,0.0058707872945029,0.005233555442701361,227565172.8326863,420615017.85315824,401418576.1158814
2023-06-28,-0.0063898262145491,0.0008342631122267,0.00011185417954911992,226111070.92580163,420965921.4470017,401463476.4613685
2023-06-29,0.0006180316925,-0.0003824562225178,-0.00028240743101602,226250814.73365888,420804920.41087633,401350100.1923343
2023-06-30,0.0033083843196657,0.0083864357028045,0.00787863056449062,226999339.3814353,424333973.8193259,404512189.358771
2023-07-03,0.0030280602088094,-0.0002673251417303,6.221339332367003e-05,227686707.04844224,424220538.6796337,404537355.4347118
2023-07-04,-0.001002132156688,0.0,-0.00010021321566880001,227458534.8776586,424220538.6796337,404496815.4454655
2023-07-05,-0.0029743865049473,-0.0024148093045885,-0.0024707670246243802,226781985.28108343,423196126.9756325,403497398.0522973
2023-07-06,-0.0043002436837408,-0.0070132896066949,-0.00674198501439949,225806767.48129225,420228129.97672075,400777024.6412795
2023-07-07,0.0043128481363326,-0.0018262326347734,-0.0012123245576628,226780637.7775952,419460695.6517075,400291152.81215984
2023-07-10,-0.0012238315259519,0.0027310459269926,0.0023355581816981497,226503096.48360753,420606262.0761005,401226056.08917165
2023-07-11,-0.0011604755326215,0.0045311627573299,0.00396199892833476,226240245.1820753,422512097.5063195,402815713.293417
2023-07-12,0.0105324555942206,0.0072018902422215,0.00753494677742141,228623110.5180811,425554983.2585708,405850908.2541919
2023-07-13,0.0064814096185984,0.0075033112982075,0.0074011211302465905,230104910.54562685,428748054.7724633,408854659.9870018
2023-07-14,-0.0007915265163153,-0.0020574878094672,-0.0019308916801520101,229922776.40739563,427865910.87643623,408065205.9256415
2023-07-17,-0.0055501655162542,0.0026855251389768,0.0018619560734536998,228646666.94237787,429014955.53620607,408825005.4141798
2023-07-18,0.0054925246358057,0.0046750075040661,0.0047567592172400594,229902514.39345375,431020603.6726944,410769687.5269219
2023-07-19,-0.0006333819100621,0.0026539477823479,0.0023252148131069,229756898.29975915,432164509.84795785,411724815.28913486
2023-07-20,0.0017878598893617,-0.0062023550739592,-0.005403333577627111,230167671.44253346,429484072.10751724,409500128.76994073
2023-07-21,-0.0001758157217509,0.000322141037695,0.00027234536175041,230127204.34725508,429622426.55217946,409611654.2306474
2023-07-24,0.0063034633409333,0.0016971993867864,0.00215782578220109,231577802.74360952,430351581.4710735,410495524.8188363
2023-07-25,0.0025388362179446,0.0012780412806815,0.00140412077440781,232165740.856487,430901588.5574001,411071910.1130358
2023-07-26,-0.0024349430599008,0.0006762797847239,0.00036515750026142995,231600430.49704176,431192998.590947,411222016.10416037
2023-07-27,-0.002192318015461,-0.0068174245446465,-0.0063549138917279495,231092688.7008746,428253372.8588733,408608735.60143566
2023-07-28,-0.0009625957592205,0.007040918486868,0.00624056706225915,230870239.85874423,431268669.948899,411158685.81818134
2023-07-31,0.0010804996895032,0.0013707416789985,0.00134171748004897,231119695.08122718,431859827.88964415,411710344.61401755
2023-08-01,-0.006971502776962,-0.0035222094652813,-0.00386713879644937,229508443.4851578,430338727.1161765,410118203.56746113
2023-08-02,-0.0089695935313454,-0.0090572254108868,-0.00904846222293266,227449846.0350842,426441052.26165116,406407264.49554396
2023-08-03,-0.0022645626753166,-0.0039038186025315,-0.00373989300981001,226934771.6032466,424776303.748949,404887344.80792105
2023-08-04,0.0045567755696883,-9.962958329632308e-05,0.00036601093200213926,227968862.42640105,424733983.4628123,405035538.00235003
2023-08-07,-0.0046922704780253,0.0047142490524497,0.0037735970994022,226899170.8633286,426736285.2418951,406563978.9337105
2023-08-08,-0.0042787124343519,-0.0010659457680557,-0.00138722243468532,225928334.55961156,426281407.50456566,405999984.2609987
2023-08-09,0.0022082322689196,-0.0039231386610852,-0.0033100015680847202,226427236.79844937,424609046.4342827,404656123.6764525
2023-08-10,0.0023625050764613,-0.0019768935831546,-0.00154295371719301,226962172.29483482,423769639.53503734,404031758.00624096
2023-08-11,-0.0040069933117014,-0.0016449262532077,-0.00188113295905707,226052736.3884402,423072569.72965384,403271720.5497496
2023-08-14,-0.0054790656031893,0.0029975976014382,0.00214993128097545,224814178.61598745,424340771.0499097,404138727.0364923
2023-08-15,-0.0050341346879057,-0.0073648432871889,-0.00713177242726058,223682433.7610837,421215567.77076226,401256501.60622525
2023-08-16,-0.0004069934655377,-0.0055012740312268,-0.00499184597465789,223591396.47218734,418898345.5062365,399253490.9538769
2023-08-17,0.0001127075379465,-0.0047683786360734,-0.00428027001867141,223616596.90798977,416900879.5848381,397544578.20669717
2023-08-18,0.0023199134348209,0.0006395215600047,0.0008075607474863202,224135368.05540556,417167496.6857175,397865619.6034329
2023-08-21,-0.0011004640669717,0.0023260205825385,0.0019833721175874803,223888715.13672307,418137836.8693745,398654735.179901
2023-08-22,-0.0007776269788364,-0.0013281983725493,-0.00127314123317801,223714613.23157576,417582466.8749434,398147191.3987418
2023-08-23,0.0016931222530961,0.0098074418131894,0.008996009857180071,224093389.4215809,421677882.6210275,401728927.4571734
2023-08-24,0.000593229490697,-0.0090077426004676,-0.00804764539135114,224226328.22885606,417879516.79406714,398495955.50555027
2023-08-25,0.001401264594222,0.0040513070308314,0.0037863027871704595,224540528.64369553,419572475.0184953,400004781.8525571
2023-08-28,0.0004204775904879,0.0043522932719373,0.00395911170379236,224634942.90414655,421398577.4786084,401588445.46596247
2023-08-29,0.0003054820179702,0.0108541560613306,0.009799288656994561,224703564.8398115,425972503.40258396,405523726.56439716
2023-08-30,0.0008066132359252,0.0023292996809492,0.0021770310364468003,224884813.7093709,426964721.0188527,406406564.30314344
2023-08-31,-0.000221912100193,-0.0001540762022476,-0.00016085979204214,224834909.04805917,426898935.91614443,406341189.8277251
2023-09-01,0.0016375252407598,-0.0006308490106321,-0.00040401158549291,225203081.88662928,426629627.14478177,406177023.2793718
2023-09-04,0.0,0.0,0.0,225203081.88662928,426629627.14478177,406177023.2793718
2023-09-05,-0.0001988785964465,-0.0042534963469713,-0.0038480345719188198,225158293.81378824,424814959.58421177,404614040.0514736
2023-09-06,-0.0005935942459805,-0.0047018011668021,-0.00429098047471994,225024641.14614558,422817564.11156374,402877849.10581523
2023-09-07,-0.0008784108330756,-0.0009666437109898,-0.0009578204231983801,224826977.06365386,422408850.1723193,402491964.47388744
2023-09-08,0.000167670488579,0.0011130784340938,0.0010185376395423198,224864673.91274384,422879024.3538165,402901917.68931746
2023-09-11,0.0014135211618116,0.003491791907527,0.00328396483295546,225182524.88786334,424355629.9089181,404225033.41813946
2023-09-12,0.0003168282678304,-0.0030060478567672,-0.0026737602443074404,225253869.0771692,423079996.5771233,403144232.5940322
2023-09-13,0.0003199379128533,0.001101321898503,0.00102318349993803,225325936.32990393,423545943.84217227,403556723.1209177
2023-09-14,0.0017708497928554,0.0043567615295829,0.00409817035591015,225724954.71757868,425391232.51631474,405210567.3205401
2023-09-15,-0.0005609872261096,-0.0080167501651006,-0.0072711738712014995,225598325.90136793,421980977.28280723,402264210.8311042
2023-09-18,-0.0001626032146585,0.0008183903675324,0.0007202910093133101,225561642.8883548,422326322.4498974,402553958.12553436
2023-09-19,0.0001485098272537,-0.0023362585446006,-0.00208778170741517,225595141.00897524,421339658.9704641,401713513.3355123
2023-09-20,-0.0005071461073977,-0.0057508631053212,-0.00522649140552885,225480731.3113647,418916592.27088225,399613961.11057943
2023-09-21,-0.0027425239705686,-0.0122755924936688,-0.011322285641358782,224862345.00084192,413774142.89532846,395089417.6966106
2023-09-22,0.0003650904688997,-7.70199357396082e-05,-3.280889527567738e-05,224944440.09981617,413742274.0374319,395076455.24928087
2023-09-25,-0.0011113255416594,8.752890232099908e-05,-3.235654207704085e-05,224694453.598079,413778488.4445222,395063671.94133294
2023-09-26,-0.0008210223323748,-0.0090488720245637,-0.00822608705534481,224509974.43371424,410034259.8560703,391813843.7835394
2023-09-27,0.00086286229306,-0.0009992219332631,-0.0008130135106307901,224703695.62506893,409624544.6302328,391495293.8348912
2023-09-28,0.0002930921027751,0.0045218085569794,0.00409893691155897,224769554.50372103,411476788.4012906,393100008.34549266
2023-09-29,-0.0024876573289213,-0.001334382935485,-0.00144971037482863,224210404.87414148,410927720.7964998,392530127.185049
2023-10-02,-0.0026020826199385,-0.0021847770093446,-0.0022265075704039896,223626990.87640908,410029935.3596012,391656155.8852598
2023-10-03,-0.0006894115447156,-0.0106405945561187,-0.00964547625497839,223472819.84718886,405666973.06156814,387878445.73355246
2023-10-04,-0.0044298958649472,0.006907306646315,0.00577358639518878,222482858.52661973,408469039.2407868,390117895.4508267
2023-10-05,4.206497193209868e-05,-0.0005843656286708,-0.0005217225686105101,222492217.26181903,408230343.97387826,389914362.1403512
2023-10-06,0.0022839158802742,0.0055649705780119,0.0052368651082381305,223000370.7700607,410502133.8271445,391956291.05864495
2023-10-09,0.0,0.0037821065927043,0.0034038959334338702,223000370.7700607,412054696.65381134,393290469.4838633
2023-10-10,0.0,0.0064041970558351,0.00576377735025159,223000370.7700607,414693576.1289647,395557308.1839443
2023-10-11,0.0,0.0043648754046545,0.00392838786418905,223000370.7700607,416503661.91987824,397111210.71300536
2023-10-12,0.0,-0.0067933205953323,-0.00611398853579907,223000370.7700607,413674219.0153266,394683277.32326883
2023-10-13,0.0,-0.0010714676646797,-0.00096432089821173,223000370.7700607,413230980.46594006,394302675.9907713
2023-10-16,0.0,0.0045805327929676,0.0041224795136708394,223000370.7700607,415123798.52303445,395928180.6947288
2023-10-17,0.0,-0.0024976364262633,-0.00224787278363697,223000370.7700607,414086970.2024345,395038184.5130702
2023-10-18,0.0,-0.0091905252503418,-0.008271472725307621,223000370.7700607,410281293.44695145,391770636.94441533
2023-10-19,0.0,-0.0065512254809494,-0.00589610293285446,223000370.7700607,407593448.18296486,389460716.9429211
2023-10-20,0.0,-0.0059707695565201,-0.00537369260086809,223000370.7700607,405159801.6311169,387367874.7699562
2023-10-23,0.0,0.000494060098365,0.0004446540885285,223000370.7700607,405359974.9225643,387540119.47923726
2023-10-24,0.0,0.0051259182696843,0.00461332644271587,223000370.7700607,407437817.02381873,389327968.5600441
2023-10-25,0.0,-0.0110963193875168,-0.00998668744876512,223000370.7700607,402916756.8755699,385439871.8229723
2023-10-26,0.0,-0.0049065436260565,-0.004415889263450851,223000370.7700607,400939828.2302907,383737812.0312834
2023-10-27,0.0,-0.0026007983490459,-0.00234071851414131,223000370.7700607,399897064.58696264,382839589.8300857
2023-10-30,0.0,0.0065315952409637,0.00587843571686733,223000370.7700607,402509030.3508942,385090087.7487737
2023-10-31,-0.001530484444667,0.0033183805597954,0.00283349405934916,222659072.17144215,403844708.4923527,386181238.22472405
2023-11-01,-0.000170121176684,0.0095676092443015,0.008593836202202951,222621193.14808494,407708536.85858643,389500016.5303912
2023-11-02,0.0004098298638608,0.013266696396638,0.01198100974336028,222712429.96136537,413117482.2354067,394166620.0234809
2023-11-03,0.0008648994349827,0.0078850158584622,0.0071830042161142495,222905053.8162026,416374920.13424087,396997920.51696104
2023-11-06,-0.0018204401174315,-0.0005180246799733,-0.0006482662237191199,222499268.51385733,416159227.6494894,396740560.17420316
2023-11-07,-0.0010982539152941,0.003387173619201,0.0029386308657514903,222254907.8210619,417568831.20677084,397906434.2300266
2023-11-08,-0.0024435756175582,0.0020546969051245,0.00160486965285623,221711811.14742774,418426808.5919279,398545022.1909987
2023-11-09,0.001070403035586,-0.0078746566844392,-0.00698015071243668,221949132.1431052,415131841.12670094,395763117.8704141
2023-11-10,-0.0023422940440631,0.0099341521138378,0.008706507498047711,221429262.01280147,419255823.9837512,399208832.4236036
2023-11-13,0.0008658901144211,-0.0004273643025381,-0.00029803886084218,221620995.42182192,419076649.0109493,399089852.67794985
2023-11-14,0.0046359838521887,0.0157372265636196,0.01462710229247651,222648426.7779035,425671753.18395716,404927380.77695954
2023-11-15,-0.0002987822358774,-0.0010933131021253,-0.00101386001550051,222581903.3831362,425206360.67899644,404516841.0964084
2023-11-16,0.0030805458046192,0.0028144631225939,0.00284107139079643,223267577.1317873,426403088.3006199,405666102.3207428
2023-11-17,-0.0018000516267798,0.0009725811784575,0.00069531789793377,222865683.9663641,426817799.91873723,405948169.22227144
2023-11-20,0.0029738413867067,0.0051420211512218,0.00492520317477029,223528451.16101995,429012506.07363737,407947546.43411714
2023-11-21,0.0018697689598806,-0.0009606620378421,-0.00067761893806983,223946397.720651,428600370.045293,407671113.4509142
2023-11-22,-0.002254734743489,0.0025283280830021,0.00205002180035299,223441457.99703106,429684012.3972636,408506848.1208627
2023-11-23,0.0014170644582962,0.0,0.00014170644582962,223758088.94566855,429684012.3972636,408564736.174407
2023-11-24,0.0014340580321585,-0.001058592756856,-0.00080932767795455,224078971.03038153,429229152.01400304,408234073.4251849
2023-11-27,0.0016496370314485,0.0011328727671661,0.00118454919359434,224448619.9989621,429715414.03119344,408717646.7676584
2023-11-28,0.0074517041000644,0.0017751488664,0.00234280438976644,226121144.70086214,430478222.8612855,409675192.2646806
2023-11-29,-0.0013035798245567,0.0014134962418895,0.00114178863524488,225826377.73872444,431086702.21151525,410142954.74335027
2023-11-30,-0.0029013759604885,0.0009140676442516,0.00053252328377759,225171170.51510912,431480744.6178739,410361365.41642845
2023-12-01,0.0061594199966074,0.0065677934472176,0.0065269561021565805,226558094.32543936,434314621.0249758,413039776.03452253
2023-12-04,-0.0072577510385242,-0.0042021448302673,-0.00450770545109299,224913792.08106282,432489568.0855262,411177914.38457346
2023-12-05,-0.0046160716689489,0.0021575611041587,0.00148019782684794,223875573.8974816,433422690.755582,411786539.0398934
2023-12-06,0.0046311560576209,-0.0009897316235685,-0.0004276428554495599,224912376.61769024,432993718.6121691,411610441.4685027
2023-12-07,2.871855227362663e-05,0.0043581615678006,0.003925217266247903,224918835.77553514,434880775.19572365,413226101.8803227
2023-12-08,-0.0035027041402271,0.0005969618617479,0.0001869952615503999,224131011.6382491,435140382.43292284,413303373.20332325
2023-12-11,-0.0048836096374977,0.0023304723681244,0.00160906416756219,223036443.26975048,436154465.0704378,413968404.85147727
2023-12-12,-0.0010919469345287,0.0033005316362353,0.0028612837791588998,222792899.3092339,437594006.6806881,415152885.9333631
2023-12-13,0.007007898441194,0.0127778810737329,0.01220088281047901,224354209.3210122,443185530.85663223,420218117.6430682
2023-12-14,0.0087912982594218,0.0046902253218453,0.0051003326156029505,226326574.09091,445264170.8557315,422361369.8141504
2023-12-15,-0.0038455532265431,-0.0001852719653101,-0.0005513000914334,225456223.20366225,445181675.88771486,422128521.9523539
2023-12-18,0.0003094171642382,0.00197551233571,0.0018089028185628202,225525983.22890574,446061137.7800631,422892111.4255092
2023-12-19,0.0084314734398957,0.0041480292096863,0.00457637363270724,227427499.56650665,447911412.4088807,424827423.7337168
2023-12-20,-0.0021091774592302,-0.0072393143782861,-0.00672630068638051,226947814.6108119,444668840.88083065,421969906.7418634
2023-12-21,0.0026880318579604,0.0055925394153813,0.00530208865963921,227557857.5665802,447155668.9002486,424207228.59910846
2023-12-22,0.0023100247036612,0.0006073233280507,0.00077759346561175,228083521.83907118,447427236.9692419,424537089.3681324
2023-12-25,0.0,0.0,0.0,228083521.83907118,447427236.9692419,424537089.3681324
2023-12-26,0.0036902794831829,0.0029426702398463,0.00301743116417996,228925213.78016597,448743867.783968,425818100.81194204
2023-12-27,0.002858942012143,0.0033736849854532,0.0033222106881221803,229579697.69148093,450257788.23302484,427232758.2576553
2023-12-28,-0.0017275914417367,-0.0008228485437149,-0.0009133228335170801,229183077.77055264,449887294.267681,426842556.8243121
2023-12-29,-0.0024953849065145,-0.001766288228576,-0.0018391978963698498,228611177.77745545,449092663.6356301,426057508.89171964
2024-01-01,0.0,0.0,0.0,228611177.77745545,449092663.6356301,426057508.89171964
2024-01-02,-0.0052521871188743,-0.0049902543321562,-0.00501644761082801,227410469.094302,446851577.0253829,423920213.71916443
2024-01-03,-0.0048510298048952,-0.004155299944535,-0.00422487293057102,226307294.13078034,444994774.69215393,422129204.6835004
2024-01-04,0.0003380820834274,-0.0039822302191852,-0.00355019898892394,226383804.5722749,443222703.0529954,420630562.00783783
2024-01-05,0.0033438516669122,-2.968246714551894e-06,0.00033171374464812336,227140798.43455583,443221387.4586632,420770090.9466749
2024-01-08,-0.0030676309484539,0.0097734761857713,0.00848936547234878,226444014.29162148,447553201.13401496,424342162.0285547
2024-01-09,-0.0020212500906569,-0.0011310463773286,-0.00122006674866143,225986314.30720583,447046997.7072105,423824436.26660854
2024-01-10,0.000278170984011,0.0028904533337059,0.0026292250987364103,226049177.14262965,448339166.1920565,424938766.1118985
2024-01-11,4.096258382568774e-05,0.0010779332717358,0.0009742362029447888,226058436.7009971,448822445.8963172,425352756.84187937
2024-01-12,0.0054364952513866,0.0012719087252225,0.0016883673778389104,227287402.31865796,449393307.08132845,426070908.56060505
2024-01-15,-0.0020366328144538,0.0,-0.00020366328144538,226824501.33678383,449393307.08132845,425984133.5612392
2024-01-16,-0.0074160793009005,-0.0045342859176493,-0.00482246525597442,225142352.847483,447355629.3375437,423929839.87754375
2024-01-17,-0.0064969124953724,-0.0044357880214643,-0.00464190046885511,223679622.68203065,445371254.5955936,421961999.75505453
2024-01-18,0.0026793996207725,0.0044501643014453,0.00427308783337802,224278949.77821943,447353229.85368484,423765080.44235575
2024-01-19,0.0027129148721775,0.0075067864008745,0.007027399248004801,224887399.47658905,450711414.9959377,426743046.84998703
2024-01-22,-0.0027003079511301,0.0022405667930379,0.0017464793186210998,224280134.24367344,451721264.0256207,427488344.75567585
2024-01-23,-0.0005675823792867,0.0010128116485273,0.0008547722457459,224152836.7914527,452178772.58371335,427853749.9281529
2024-01-24,0.0023717889712755,-0.0003831499224818,-0.00010765603310607,224684480.0176348,452005520.32205003,427807688.89068615
2024-01-25,0.0002853338261741,0.0044234172568053,0.00400960891374218,224748590.1000002,454004929.3408138,429523030.41342974
2024-01-26,5.475305068544656e-05,-0.0008227076025891,-0.0007349615372616453,224760895.7709454,453631416.0338322,429207347.50670785
2024-01-29,0.0019262965234521,0.0062897853175903,0.00585343643817648,225193851.90307695,456484660.2539995,431719685.4341366
2024-01-30,-3.734360332627307e-05,0.0001846893826542,0.00016248608405615268,225185442.35319996,456568968.12409294,431789833.8752328
2024-01-31,0.0014005240474203,-0.0074755013018401,-0.00658789876691406,225500819.98034453,453155886.2085015,428945246.1610802
2024-02-01,-0.0005415951349831,0.0097794415917193,0.00874733791904906,225378689.83330852,457587497.7296214,432697375.17802083
2024-02-02,-0.0018528070696207,0.0026867581048388,0.00223280158739285,224961106.6034435,458816924.6478194,433663502.5641791
2024-02-05,-0.0017955543789465,-0.0047989142425175,-0.0044985782561604,224557176.70338902,456615101.57341886,431712633.3610536
2024-02-06,0.0013616544286483,0.0030422012812739,0.0028741465960113403,224862945.97753194,458004216.62047446,432953438.75668335
2024-02-07,-9.576944610883986e-05,0.0043762769795246,0.003929072336961255,224841410.9777453,460008569.93019587,434654544.1360944
2024-02-08,-0.000103175850955,-0.0006226085764317,-0.00057066530388403,224818212.77383775,459722164.6493252,434406501.86858034
2024-02-09,-0.0012607396339185,0.0031518662152704,0.00271060563035151,224534775.54256707,461171147.40849435,435584006.5784066
2024-02-12,-0.0005199430903145,-0.0002371443252591,-0.00026542420176464004,224418030.2374884,461061783.28791314,435468392.0411591
2024-02-13,0.0,-0.0114917834045806,-0.01034260506412254,224418030.2374884,455763361.1382387,430964514.4443689
2024-02-14,0.0,0.0070160233853016,0.006314421046771441,224418030.2374884,458961007.5381483,433685805.84478796
2024-02-15,0.0,0.0043453169770547,0.00391078527934923,224418030.2374884,460955338.59600997,435381857.91014844
2024-02-16,0.0,-0.0039367296152576,-0.00354305665373184,224418030.2374884,459140682.0632479,433839275.32156575
2024-02-19,0.0,0.0,0.0,224418030.2374884,459140682.0632479,433839275.32156575
2024-02-20,0.0,-0.002952516540066,-0.0026572648860594,224418030.2374884,457785061.60523903,432686449.44906026
2024-02-21,0.0,-0.0002690908161631,-0.00024218173454679,224418030.2374884,457661875.84938437,432581660.6942178
2024-02-22,0.0,0.0127468904995106,0.01147220144955954,224418030.2374884,463495641.66663706,437544324.64908695
2024-02-23,0.0,0.0017276340265442,0.00155487062388978,224418030.2374884,464296392.5083353,438224649.4661334
2024-02-26,0.0,-0.0026680247505931,-0.00240122227553379,224418030.2374884,463057638.24151194,437172374.6761474
2024-02-27,0.0,0.0003385404643679,0.00030468641793111,224418030.2374884,463214401.9893913,437305575.16100585
2024-02-28,0.0,0.000138930788529,0.0001250377096761,224418030.2374884,463278756.7315177,437360254.84855264
2024-02-29,0.0,0.0039985602120705,0.00359870419086345,224418030.2374884,465131204.73528177,438934185.0305932
2024-03-01,0.0,0.0063534346280509,0.00571809116524581,224418030.2374884,468086385.43803394,441444050.71614105
2024-03-04,0.0,-0.0013632507568833,-0.00122692568119497,224418030.2374884,467448266.3187987,440902431.67350674
2024-03-05,0.0,-0.0041956540999764,-0.00377608868997876,224418030.2374884,465487015.0836914,439237544.98788023
2024-03-06,0.0023660269543805,0.0037863672899337,0.00364433325637838,224949009.34607926,467249519.8914932,440838272.9805296
2024-03-07,0.0013732555000046,0.0066571539051863,0.00612876406466813,225257921.81038433,470360071.8575353,443540066.746303
2024-03-08,0.0021956221816868,-0.0036502875234575,-0.00306569655294307,225752503.10011187,468643122.3557011,442180307.4925867
2024-03-11,0.0004359898116065,-0.0009882568549929,-0.0008458321883329599,225850928.89140818,468179982.57748777,441806297.1554625
2024-03-12,-0.0027957851334325,0.0053874374494256,0.00456911519113979,225219498.22204164,470702272.94869715,443824961.01933676
2024-03-13,0.0018613842119405,-0.0018182213911801,-0.00145026083086804,225638718.24025333,469846432.0071447,443181299.06260884
2024-03-14,-0.0014049788218412,-0.0038488210620657,-0.0036044368380432497,225321700.61973837,468038077.1636992,441583880.0623358
2024-03-15,-0.0007272718863744,-0.0042542854523792,-0.0039015840957787205,225157830.48148754,466046909.58086216,439861003.4189323
2024-03-18,0.0005171853982095,0.0034680669346307,0.0031729787809885806,225274278.8237051,467663191.4579664,441256673.049365
2024-03-19,-0.0003205484271139,0.0041917601439052,0.0037405292868032906,225202067.50795895,469623523.3846914,442907206.5579035
2024-03-20,0.002479797863257,0.0060746351255087,0.00571515139928353,225760523.11376622,472476314.9356092,445438488.2992157
2024-03-21,-8.940659325748501e-05,0.0020325263928157,0.0018203330942083815,225740338.6345026,473436635.5156961,446249334.72090095
2024-03-22,-0.0036799829847125,0.0006587408444727,0.00022486846155418,224909618.02936438,473748507.56478006,446349682.1222693
2024-03-25,0.0022034714274116,-0.0024679761999693,-0.00200083143723121,225405199.9464421,472579307.5233392,445456611.6462809
2024-03-26,-0.0007201015391054,-0.0012750133274913,-0.0012195221486527102,225242885.3150383,471976762.6079504,444913367.4421145
2024-03-27,0.0009039212349237,0.0063302880536414,0.00578765137176963,225446487.14209002,474964511.4698838,447488370.9035095
2024-03-28,0.0069932113017767,0.000744885263868,0.00136971786765887,227023082.063918,475318305.53533804,448101303.7207056
2024-03-29,0.0,0.0,0.0,227023082.063918,475318305.53533804,448101303.7207056
2024-04-01,0.0034616296410786,-0.0041661125882051,-0.0034033383652767295,227808951.89399946,473338075.95924294,446576263.3622224
2024-04-02,0.0052325960277443,-0.0047720476141571,-0.0037715832499669597,229000984.11076462,471079284.1231719,444891963.8074926
2024-04-03,0.0051248949695691,0.0008673608580747,0.00129311426922414,230174590.10226023,471487879.85527027,445467259.9541552
2024-04-04,-0.0001259315115446,-0.0062801489398419,-0.005664727197012169,230145603.86820948,468526865.7464489,442943809.4513144
2024-04-05,0.005791495732183,0.0045697158959481,0.00469189387957159,231478491.15079287,470667900.4125292,445022054.79987323
2024-04-08,0.0010497529059616,-0.0006337815555182,-0.00046542810937022006,231721486.36954603,470369599.7784732,444814929.0262797
2024-04-09,0.0011924647048559,0.0023191845032335,0.0022065125233957403,231997806.06339848,471460473.6650716,445796418.73776954
2024-04-10,-0.0055583368628815,-0.0098590090319161,-0.00942894181501264,230708284.10584867,466812340.5970162,441593030.24415004
2024-04-11,0.0028540006489901,0.0041166903396153,0.00399042137055278,231366725.69841418,468734062.4499651,443355172.50912344
2024-04-12,-0.001559797209415,-0.0075085095029084,-0.00691363827355906,231005840.52531826,465214568.28772265,440289975.21968406
2024-04-15,0.0038829295081552,-0.0090650507015406,-0.00777025268057102,231902819.92005026,460997374.6390992,436868810.85950476
2024-04-16,5.076817542915002e-06,-0.0022625803650197,-0.0020358146467634388,231903997.24835467,459954331.03091514,435979426.93564284
2024-04-17,-0.0037762354336243,-0.0017810223222863,-0.0019805436334200998,231028273.15674636,459135142.10011685,435115950.6573233
2024-04-18,0.0015899023048188,-0.0023561984913637,-0.00196158841174545,231395585.54071656,458053328.5709685,434262432.2507483
2024-04-19,0.0037075004595184,-0.0046838425609551,-0.00384470825890775,232253484.7804393,455907878.8954206,432592819.8909405
2024-04-22,-0.0074160563000793,0.0052877987810177,0.004017413272908,230531079.86141792,458318628.0217002,434330724.0273351
2024-04-23,-0.0001539319826692,0.0076044557414508,0.0068286169690388,230495593.75522798,461803891.7439736,437296602.17960304
2024-04-24,-0.0012777079810901,-0.0007072690847267,-0.0007643129743630401,230201087.69548085,461477272.1281366,436962370.7129123
2024-04-25,0.0025721779841306,-0.0039131226936256,-0.00326459262584998,230793205.86517408,459671454.94197947,435535866.579709
2024-04-26,0.0003434388278451,0.0068647749019373,0.0062126412945280795,230872469.21327105,462826996.00900215,438241694.68967015
2024-04-29,0.0008673121250316,0.0031125101368936,0.0028879903357074002,231072707.7051557,464267549.7257081,439507332.4686379
2024-04-30,-0.0094070600167166,-0.0106656514503843,-0.01053979230701753,228898992.8755481,459315833.86060977,434875016.4670072
2024-05-01,0.0008346903085141,-0.0008042829613969,-0.0006403856344058,229090052.64652994,458946413.9615359,434596528.7536997
2024-05-02,-0.0009247183297133,0.0067119703967463,0.00594830152410034,228878208.8756927,462026848.7057386,437181639.9480541
2024-05-03,0.0010063160143153,0.0092965401552539,0.00846751774116004,229108532.68261212,466322099.8575369,440883483.2404237
2024-05-06,0.0053782688694122,0.00662717214217,0.00650228181489422,230340739.97165573,469412496.686991,443750231.8959852
2024-05-07,-0.0010512771029989,0.0015412199578563,0.00128197025177078,230098588.02583566,470135964.5953522,444319106.4924922
2024-05-08,-0.0017476267480941,-0.0007104424713906,-0.00081416089906095,229696461.57870302,469801960.0387754,443957359.24928033
2024-05-09,0.0050547573914194,0.0038802796195217,0.0039977273967114705,230857521.4656509,471624923.0095252,445732179.7473229
2024-05-10,0.0022873637384054,0.0002308633912175,0.00043651342593629006,231385576.58898953,471733803.93863386,445926747.82815444
2024-05-13,-0.0013817583809103,0.0002767887933969,0.00011093407596618005,231065857.62931594,471864374.5690306,445976216.2998734
2024-05-14,0.001980985997591,0.0039034890421598,0.00371123873770292,231523595.857801,473706291.9845465,447631340.50989974
2024-05-15,0.0048382968586893,0.0094260618743019,0.008967285372740639,232643775.74435225,478171476.80303884,451645378.4820345
2024-05-16,-3.766400604199305e-05,-0.0017184457407259,-0.0015503675672575092,232635013.447777,477349765.06539005,450945162.13533425
2024-05-17,0.0084816044447152,-0.0001758068833691,0.00068993424943933,234608131.61183202,477265843.6909169,451256284.6473104
2024-05-20,0.0040558668801183,0.000261324213889,0.0006407784805119301,235559670.9626429,477390564.8123355,451545439.96370816
2024-05-21,-0.0012273517648603,0.0022708136838116,0.00192099713894441,235270556.38475698,478474629.83943397,452412857.46198183
2024-05-22,-0.0068526897108671,-0.0018962665732133,-0.00239190888697868,233658320.26374918,477567314.3927389,451330727.12763506
2024-05-23,-0.0087985889983686,-0.0055310486950923,-0.00585780272541993,231602456.73769927,474925866.3216481,448686920.76420105
2024-05-24,0.0003542452486091,0.0043562747719478,0.00395607181961393,231684500.8075648,476994773.8916506,450461958.4472657
2024-05-27,0.0029408212926184,0.0,0.00029408212926184004,232365843.52070934,476994773.8916506,450594431.25915736
2024-05-28,0.0051943272886614,-0.0012049670190483,-0.0005650375882773301,233572827.7626618,476420010.9208527,450339828.4684275
2024-05-29,-0.0068328222118439,-0.0058538739349682,-0.00595176876265577,231976866.1570419,473631108.2368259,447659509.9447693
2024-05-30,-0.0020903825893482,-0.0020924980506936,-0.00209228650455906,231491945.75489566,472640036.0660925,446722877.99347436
2024-05-31,-0.0039228270218837,0.0063097553064404,0.005286497073607991,230583842.8947399,475622279.04169667,449084477.1807006
2024-06-03,0.0029865428228006,0.0027362952742366,0.002761320029093,231272491.41579095,476923722.0361601,450324543.1422944
2024-06-04,-0.0072702443935408,0.0026599228570341,0.0016669061319766099,229591083.88169506,478192302.34546584,451075191.88463783
2024-06-05,0.0037826900915943,0.008233039248113,0.00778800433246113,230459555.79981276,482129278.33882153,454588167.43330115
2024-06-06,0.0068691785882238,-0.000103302667618,0.00059394545796618,232042623.6459644,482079473.0982324,454858168.0105933
2024-06-07,-0.0147861402837924,-0.003746230789669,-0.0048502217390813404,228611608.86091593,480273492.1330444,452652005.0359096
2024-06-10,0.003445567239127,0.0010126399041829,0.00125593263767731,229399305.5308912,480759836.2360996,453220505.4625443
2024-06-11,0.0013981354226949,0.0031504056446013,0.00297517862241066,229720036.82589555,482274424.73787534,454568917.42163455
2024-06-12,0.0060336176216356,0.0066184195587356,0.0065599393650256,231106079.68813106,485466319.2232384,457550861.9571458
2024-06-13,-0.0055937475397631,0.0035440861349707,0.00263030276749732,229813330.6234513,487186853.6741927,458754359.25562257
2024-06-14,0.0011259833959422,0.0006497292671223,0.00069735468000429,230072096.61789948,487503393.2315821,459074273.7550218
2024-06-17,-0.0033671128569011,0.0032869579156784,0.00262155083842045,229297417.90336317,489105796.3688848,460277760.30228156
2024-06-18,0.0049461384499464,0.0029610315352191,0.0031595422266918302,230431554.67852837,490554054.05599153,461732027.3219637
2024-06-19,0.0010939962863873,0.0,0.00010939962863873001,230683645.94361314,490554054.05599153,461782540.63428336
2024-06-20,0.0031163503649539,-0.0022904799551868,-0.00174979692317273,231402537.0078384,489430449.82824063,460974514.9655066
2024-06-21,-0.0075840358148781,-0.0008709036244551,-0.0015422168434974,229647571.8795173,489004203.0755666,460263592.3041038
2024-06-24,0.0042206389803539,-0.0013928732976968,-0.0008315220698917299,230616831.3731356,488323082.17864114,459880872.9691353
2024-06-25,-0.0035471562087328,0.002628816744277,0.00201121944897602,229798797.4478921,489606794.07368934,460805794.32506293
2024-06-26,0.000558106385314,-0.0009426801909221,-0.00079260153329849,229927049.62408525,489145251.4475752,460440558.94592804
2024-06-27,0.0001872590816267,0.0012227532814458,0.0011192038614638903,229970105.552239,489743355.4088863,460955885.79747486
2024-06-28,0.0007812697290335,-0.0040352003080166,-0.0035535533043115903,230149774.2342896,487767142.87029123,459317854.4863574
2024-07-01,-0.0010928176478774,-0.0006599267886346,-0.00070321587455888,229898262.49935135,487445252.26609546,458994854.87961423
2024-07-02,0.0004136909946002,0.004810428062637,0.00437075435583332,229993369.34022155,489790072.5865955,461001008.64088446
2024-07-03,0.0022436688534797,0.0050248159464803,0.00474670123718024,230509398.29951704,492251177.5537563,463189242.6989415
2024-07-04,9.10403127895032e-05,0.0,9.10403127895032e-06,230530383.9472391,492251177.5537563,463193459.58829504
2024-07-05,0.0004307209643703,0.0049633238515172,0.00451006356280251,230629678.21652952,494694379.5642463,465282491.5329127
2024-07-08,0.0003214448442951,0.0008227984787689,0.00077266311532152,230703812.9375337,495101413.3472073,465641998.1523251
2024-07-09,-0.0004813749453691,0.0001016390344289,4.33376364491e-05,230592757.90218443,495151734.9768043,465662177.9759564
2024-07-10,0.0003639830923087,0.0064948367259043,0.00588175136254474,230676689.76726967,498367664.6500269,468401087.12575203
2024-07-11,0.0015290011288206,-0.003227893660244,-0.00275220418133754,231029394.68631646,496758986.8248325,467111951.6952214
2024-07-12,0.0001410196807686,0.004055192936586,0.0036637756110042595,231061974.37780324,498773440.3593902,468823345.07145095
2024-07-15,0.0006020432864617,0.0008539438165828,0.00082875376357069,231201083.68823397,499199364.8546608,469211884.1831287
2024-07-16,0.0029151418185377,0.0053135215307097,0.0050736835594925,231875067.6357848,501851871.4279327,471592516.80582714
2024-07-17,-0.000826746477001,-0.0081612204051068,-0.007427773012296221,231683365.74051255,497756147.694494,468089634.636696
2024-07-18,-0.001229897493789,-0.00565038049564,-0.0052083321954549,231398418.94963568,494943636.0659761,465651668.32225895
2024-07-19,-0.0060135116524862,-0.0051417229841618,-0.0052289018509942406,230006901.86091518,492398772.99655104,463216821.4518502
2024-07-22,-0.0024817289740215,0.0062113472932519,0.00534203966652456,229436087.06834203,495457232.7824037,465691344.0862473
2024-07-23,0.0004301321688245,-0.0007594571987103,-0.00064049826195682,229534774.91007933,495080954.2203141,465393069.5897517
2024-07-24,-0.0015867759497548,-0.0147006313766569,-0.01338924583396669,229170554.64961967,487802951.6107177,459161807.37159014
2024-07-25,-0.0054391159978382,-0.0022959741242669,-0.00261028831162403,227924069.41959146,486682968.6560785,457963262.67266387
2024-07-26,0.0023674807749959,0.0080479981646424,0.0074799464256777495,228463675.27210116,490599792.29458535,461388803.342384
2024-07-29,-0.0011412699032471,0.0011307880921988,0.0009035822926542101,228202936.5555279,491154556.69774735,461805706.09511304
2024-07-30,0.0030871366616512,-0.0023608686939474,-0.0018160681583875402,228907430.20726493,489995005.28095,460967035.45691204
2024-07-31,0.0033909757346877,0.011610726108306,0.01078875107094417,229683649.7485875,495684203.0817051,465940294.05436766
2024-08-01,-0.0002340732891483,-0.0065117195916579,-0.00588395496140694,229629886.94122726,492456446.54522264,463198722.3494471
2024-08-02,-0.0006164789062721,-0.005915375112926,-0.00538548549226061,229488324.95967832,489543381.9371291,460704172.3502005
2024-08-05,-0.0033203860447602,-0.0174990889554215,-0.01608121866435537,228726335.1280468,480976818.7490733,453295487.815056
2024-08-06,-0.0020708979214282,0.003310069554529,0.00277197280693328,228252666.2360542,482568885.4732488,454552010.5807849
2024-08-07,-0.0008260764089308,-0.0056705451567936,-0.00518609828200732,228064112.09320107,479832456.81690925,452194659.1796289
2024-08-08,0.0046801822973495,0.0128822763077548,0.012062066906714271,229131493.7132804,486013791.10705346,457649061.4135124
2024-08-09,0.000390314434837,0.0039946975060844,0.0036342591989596603,229220927.04275244,487955269.1863115,459312276.72484976
2024-08-12,0.0042754553082276,0.0009917135694328,0.00132008774331228,230200950.87203422,488439181.04803985,459918609.23170716
2024-08-13,-0.0007824821060293,0.0114198234471682,0.010199592891848451,230020822.74718592,494017070.26028794,464609591.80925566
2024-08-14,-0.0017554641483717,0.0028391125548417,0.00237965488452036,229617029.43947428,495419640.32676995,465715202.2937995
2024-08-15,0.0009130461425332,0.0078820222834926,0.00718512466939666,229826680.38246396,499324548.9715054,469061424.0827138
2024-08-16,0.0052120856890495,0.0019238994257908,0.00225271805211667,231024556.73424712,500285199.18455493,470118087.2202964
2024-08-19,-0.0003718087248456,0.0064238920014445,0.005744321928815491,230938659.7883998,503498977.2740377,472818596.85784876
2024-08-20,0.0009693404890826,0.0001759577726916,0.0002552960443307,231162517.98182717,503587571.8326314,472939305.57531255
2024-08-21,-0.000142204225156,0.0032165446644905,0.0028806697755258503,231129645.69507244,505207383.7499134,474301687.53854156
2024-08-22,-0.0027670980991498,-0.0069218398558635,-0.006506365680192129,230490087.29181245,501710419.14559674,471215707.3166836
2024-08-23,0.0028010866284334,0.0082841494144826,0.007735843135877681,231135709.99331197,505866663.2206015,474860958.11164707
2024-08-26,0.0005412741434137,-0.002153117825599,-0.0018836786286977301,231260817.77675092,504777472.6906449,473966472.67324924
2024-08-27,0.0006562670023788,0.0009881624869118,0.0009549729384585,231412586.62040097,505276274.8533959,474419097.8283888
2024-08-28,-0.0019834511059002,-0.0037126754154557,-0.0035397529845001504,230953591.06954953,503400348.0497346,472739771.4109469
2024-08-29,0.0016759096226557,-0.0005707086698846,-0.00034604684063057006,231340648.4152099,503113053.1066797,472576181.30660975
2024-08-30,-0.0020065097003343,0.0051190406871643,0.00440648564841444,230876461.16008314,505688509.29577625,474658581.46731985
2024-09-02,-0.000174758213646,0.0,-1.74758213646e-05,230836113.6021579,505688509.29577625,474650286.418741
2024-09-03,-0.0034234357630789,-0.0105246249582146,-0.00981450603870103,230045860.99544212,500366327.38975954,469991828.31641304
2024-09-04,0.001081358632365,0.0010467248184064,0.0010501881998022599,230294623.07306936,500890073.2429334,470485408.1885144
2024-09-05,0.0014640626729505,-0.0010498191883151,-0.0007984310021885401,230631788.83449185,500364229.2328063,470109758.0525394
2024-09-06,-0.0028546785003144,-0.0096341615598855,-0.00895621325392839,229973409.22541696,495543639.4095899,465899354.80666816
2024-09-09,-0.0007072364663606,0.0074473085196896,0.006631854021084581,229810763.64411947,499234105.7772429,468989131.3162635
2024-09-10,0.0007411884860832,0.0040783895388802,0.0037446694336005,229981096.73611048,501270176.9316971,470745340.5809943
2024-09-11,-0.0009730435826054,0.0060828964669011,0.005377302461950451,229757315.10581085,504319351.5199178,473276680.6598521
2024-09-12,0.0066420475412612,0.0039579617706707,0.0042263703477297505,231283374.1156962,506315428.233443,475276923.1892648
2024-09-13,0.0028539682644578,0.0040538204506602,0.003933835232039959,231943449.52551907,508367940.07090056,477146584.29468226
2024-09-16,0.0011936128202447,0.0019904740128655,0.00191078789360342,232220300.20044455,509379833.2445857,478058310.21142673
2024-09-17,-0.0001485217517243,-0.0004901159057255,-0.00045595649032538,232185810.43467283,509130178.0862568,477840336.4221319
2024-09-18,-0.000886744961998,-0.003201104429608,-0.002969668482847,231979920.83702248,507500399.21793777,476421309.03522605
2024-09-19,0.0040622212968018,0.0101088534053104,0.00950419019445954,232922274.61187705,512630646.3567684,480949307.7689902
2024-09-20,0.0029524016049552,-0.0013330590143138,-0.0009045129523868999,233609954.70927098,511947279.452629,480514282.8906717
2024-09-23,0.0027097311315558,0.0014773173381155,0.00160055871745953,234242974.876188,512703588.0447655,481283374.2150161
2024-09-24,0.0034251916740181,0.0019167641712276,0.00206760692150665,235045301.96343115,513686319.9127895,482278479.0507492
2024-09-25,-0.0002039675821402,-0.002315848817293,-0.00210466069377772,234997360.34149623,512496700.05635995,481263446.49243623
2024-09-26,0.0022296998147509,0.0022597545466989,0.0022567490735040997,235521333.9123166,513654816.8044805,482349537.32941943
2024-09-27,0.0003618069351487,0.0003961727198105,0.00039273614134432007,235606547.16430157,513858312.8302977,482538973.42548937
2024-09-30,-0.001975905934891,0.0016580435072728,0.00129464856305642,235141010.78946045,514710312.26954406,483163691.8140535
2024-10-01,-0.0001204093971021,-0.0044845210046241,-0.0040481098438719006,235112697.6021173,512402083.0628747,481207792.1170195
2024-10-02,0.0014531709626243,-0.0008509687338638,-0.00062055476421499,235454356.54721695,511966044.91102153,480909176.3290439
2024-10-03,-0.0027370905687056,-0.0025287177117063,-0.00254955499740623,234809896.64855093,510671427.3054628,479683071.93523574
2024-10-04,-0.0005472588774189,0.0024600866940194,0.00215935213687557,234681394.84810418,511927723.2887929,480718876.6016422
2024-10-07,-0.0028774256138365,-0.0068012907077986,-0.00640890419840239,234006116.59147733,508445954.0213244,477637995.37513864
2024-10-08,-0.0104216480813382,0.0060903899788676,0.00443918617284702,231567387.19548038,511542588.16449165,479758319.3598343
2024-10-09,-0.006243877284698,0.0032470313791171,0.00229794051273559,230121508.84669363,513203583.00001645,480860775.4382132
2024-10-10,0.0053718060485421,-0.0012404108019642,-0.0005791891169135702,231357676.95981598,512566999.7320565,480582266.1103288
2024-10-11,0.0016264981987176,0.0035760171787655,0.00338106528076071,231733979.80465057,514399948.12836665,482207146.1248237
2024-10-14,-0.0030605101875449,0.0046243691828127,0.00385588124577694,231024755.5986581,516778723.39613193,484066479.6161461
2024-10-15,-0.0034915530590921,-0.0031741309613675,-0.0032058731711399604,230218120.40652162,515138400.0500243,482514623.8760965
2024-10-16,-0.0023030080080193,0.0033157931886747,0.0027539130690053,229687926.23163426,516846492.44813496,483843427.2047751
2024-10-17,0.0029695521630866,-0.001869541723045,-0.00138563233443184,230369996.50981027,515880226.3660937,483172998.10723794
2024-10-18,0.00276482388632,0.0027505896027438,0.0027520130311014203,231006928.97885206,517299201.15299743,484502696.4943053
2024-10-21,-0.0013299955956294,-0.0033547975149813,-0.00315231732304611,230699690.78075033,515563767.07846755,482975390.2510838
2024-10-22,0.0068981873913478,-0.0004394620049441,0.00029430293468509,232291100.47888196,515337196.3917107,483117531.3258154
2024-10-23,-0.0075287884141388,-0.0061718229017604,-0.00630751945299824,230542229.93288898,512156626.4808913,480070258.0988933
2024-10-24,0.0023480387633483,0.001993298306212,0.00202877235192563,231083552.02536014,513177507.41697097,481044211.3655062
2024-10-25,0.0023278053219212,-0.0009438873649486,-0.00061671809626162,231621469.5475732,512693125.65174425,480747542.69525516
2024-10-28,-0.0073769827907202,0.0010687011810043,0.00022413278383184995,229912801.95275941,513241041.40062106,480855293.98031986
2024-10-29,0.0022118547434335,0.0011919985008517,0.0012939841251098801,230421335.6743347,513852823.9525462,481477513.09720534
2024-10-30,0.0022722953468571,-0.00223453158668,-0.0017838488933262899,230944921.0032041,512704603.58651954,480618629.96830547
2024-10-31,-0.00592203894313,-0.0109740020005718,-0.01046880569482762,229577256.18730503,507078182.2410587,475587126.917853
2024-11-01,-0.0007413084802392,0.0006179505291794,0.00048202462823753996,229407068.62042332,507391531.4721099,475816371.6259001
2024-11-04,0.0021536998383985,0.0002431503392434,0.00043420528915891004,229901142.58703858,507514903.8951166,476022973.61112845
2024-11-05,0.00112724464895,0.0076155302364289,0.00696670167768101,230160297.4198073,511379898.99116826,479339283.6599999
2024-11-06,-0.010173687422762,0.0119538049127931,0.00974105567923759,227818718.49672827,517492834.54003257,484008554.3113778
2024-11-07,0.0075130412583759,0.0066395722289063,0.00672691913185326,229530329.92822453,520928765.59290254,487264440.71535563
2024-11-08,-0.0050030254311058,0.0031897465271212,0.0023704693312984995,228381983.85038352,522590396.31383,488419486.1283037
2024-11-11,-0.0085174524027465,0.0005815675522158,-0.00032833444328043005,226436751.17329308,522894317.93142575,488259121.18823844
2024-11-12,-0.0029618622451902,-0.004360215556625,-0.004220380225481521,225766076.70906937,520614385.9919103,486198482.04826456
2024-11-13,-0.0026604152302671,-8.901873762767742e-05,-0.0003461583868916197,225165445.20011494,520568041.55647856,486030180.36600953
2024-11-14,-0.0027454861594848,-0.003522368420411,-0.0034446801943183803,224547256.58672377,518734409.1262248,484355961.82986176
2024-11-15,0.0001944215745274,-0.0077636952934368,-0.0069678836066403805,224590913.41790515,514707113.2355478,480981025.86364895
2024-11-18,0.0088386823303533,0.0030084548773971,0.0035914776226927203,226576001.1558899,516255586.36079234,482708458.45497805
2024-11-19,0.0025243989984992,0.0030235636693189,0.00297364720223693,227147969.38629177,517816517.9957958,484143863.1119588
2024-11-20,0.0032811556875546,-0.0004709182828556,-9.571088581457999e-05,227893277.23796004,517572668.730307,484097525.2739586
2024-11-21,0.0018033652757866,0.0030097255221817,0.0028890894975421902,228304252.06071618,519130420.40096825,485496126.35001373
2024-11-22,0.0043515799409676,0.0021221191714843,0.00234506524843263,229297736.26442125,520232077.01860183,486634646.4441658
2024-11-25,-0.0083922700547457,0.0052691910594572,0.00390304494803691,227373407.73874837,522973279.227671,488534003.3425094
2024-11-26,0.0007752351419613,0.0030494385193454,0.00282201818160699,227549675.59477493,524568054.08993626,489912655.1822752
2024-11-27,0.0002724873250669,-0.0011183744887572,-0.00097928830737479,227611679.99719757,523981390.56062514,489432889.4474202
2024-11-28,0.0001801959013967,0.0,1.8019590139670002e-05,227652694.6890431,523981390.56062514,489441708.82748884
2024-11-29,0.0004956556681021,0.0047575002050429,0.0043313157513488205,227765532.03752446,526474232.1336559,491561635.4103005
2024-12-02,-0.0003802281368821,0.0017532508999313,0.00153990299624996,227678929.1736319,527397273.5549349,492318592.6455103
2024-12-03,0.0,-0.000607512018081,-0.0005467608162728999,227678929.1736319,527076873.37294716,492049412.1299291
2024-12-04,0.0,0.0050724983782692,0.0045652485404422795,227678929.1736319,529750469.95835465,494295739.9904808
2024-12-05,0.0,-0.0010061610911775,-0.00090554498205975,227678929.1736319,529217455.6474496,493848132.9634789
2024-12-06,0.0,0.0022637689138713,0.00203739202248417,227678929.1736319,530415481.6722224,494854295.20989734
2024-12-09,0.0,-0.0045756817715559,-0.00411811359440031,227678929.1736319,527988469.22138375,492816429.0095461
2024-12-10,0.0,-0.0024115803531896,-0.00217042231787064,227678929.1736319,526715182.6022988,491746809.2334104
2024-12-11,0.0,0.0038864452630312,0.00349780073672808,227678929.1736319,528762232.3286901,493466841.58503073
2024-12-12,0.0,-0.0045540989341973,-0.00409868904077757,227678929.1736319,526354196.8099982,491444274.44943905
2024-12-13,0.0,-0.0013382518444186,-0.0012044266599767401,227678929.1736319,525649802.33529985,490852365.86339927
2024-12-16,0.0,0.0026047467030158,0.00234427203271422,227678929.1736319,527018986.92487353,492003057.33688444
2024-12-17,0.0,-0.0021551843284562,-0.00193966589561058,227678929.1736319,525883163.8634542,491048735.78603196
2024-12-18,0.0,-0.0199962950288949,-0.01799666552600541,227678929.1736319,515367448.96811193,482211495.93112296
2024-12-19,0.0,-0.0016517029234143,-0.00148653263107287,227678929.1736319,514516215.0460187,481494672.8073429
2024-12-20,0.0,0.0072558307316174,0.00653024765845566,227678929.1736319,518249457.61106515,484638952.2670019
2024-12-23,0.0,0.0033121008039465,0.0029808907235518503,227678929.1736319,519965952.0562636,486083608.02408653
2024-12-24,0.0,0.0069279310148721,0.00623513791338489,227678929.1736319,523568240.3021916,489114406.3575525
2024-12-25,0.0,0.0,0.0,227678929.1736319,523568240.3021916,489114406.3575525
2024-12-26,0.0,-7.843197930790247e-06,-7.058878137711222e-06,227678929.1736319,523564133.85285264,489110953.7585627
2024-12-27,0.0,-0.007386486725512,-0.0066478380529607995,227678929.1736319,519696834.3281943,485859423.3480466
2024-12-30,0.0,-0.0047151077125276,-0.00424359694127484,227678929.1736319,517246407.7764773,483797631.7852373
2024-12-31,0.0,-0.0028331848004818,-0.00254986632043362,227678929.1736319,515780953.1158612,482564012.4980426
2025-01-01,0.0,0.0,0.0,227678929.1736319,515780953.1158612,482564012.4980426
2025-01-02,0.0,-0.0011952676481831,-0.00107574088336479,227678929.1736319,515164456.82905275,482044898.6609579
2025-01-03,0.0,0.0070585213173204,0.00635266918558836,227678929.1736319,518800756.12950647,485107170.43475145
2025-01-06,0.0,0.0031312962418712,0.00281816661768408,227678929.1736319,520425274.9874548,486474283.26846987
2025-01-07,0.0005707170281207,-0.0079717727841109,-0.0071175238028877395,227808869.41545555,516276562.9441464,483011790.9778138
2025-01-08,-6.382698564749711e-05,0.0013254764209101,0.0011865460802543404,227794329.06201702,516960875.3549974,483584906.7251151
2025-01-09,0.0024856151526759,-8.2418545926366e-05,0.00017438482393386065,228360538.09802723,516918268.19134974,483669236.59393144
2025-01-10,0.0050763455289732,-0.010922416055178,-0.00932253989676288,229519775.09459507,511272271.7996418,479160210.8389477
2025-01-13,0.0013452413824056,0.000674337771606,0.00074142813268596,229828534.59413275,511617042.0040911,479515473.69932735
2025-01-14,-0.0007618223178031,0.0007424139741027,0.00059199034491212,229653446.08721095,511996873.64546406,479799342.2299933
2025-01-15,0.0033987680135191,0.0139294750298253,0.01287640432819468,230433984.87396657,519128721.31225723,485977432.5569485
2025-01-16,0.0002273709483793,-0.0004742665999883,-0.00040410284515154005,230486378.8676462,518882515.89864415,485781047.6937728
2025-01-17,-0.001256960056496,0.0059334491073633,0.00521440819097737,230196666.6958432,521961278.8994294,488314108.3678888
2025-01-20,0.0,0.0,0.0,230196666.6958432,521961278.8994294,488314108.3678888
2025-01-21,-0.0006352722436899,0.0064223888275189,0.00571662272039802,230050429.1429014,525313517.18543065,491105615.8944755
2025-01-22,0.0014588266262426,0.0029715393796381,0.00282026810429855,230386032.83431357,526874506.9884034,492490665.3988247
2025-01-23,-0.0004544291522834,0.0024890369336632,0.0021946903250685402,230281338.70471472,528185917.09570307,493571529.897362
2025-01-24,0.0013307003977095,-0.0010092849293894,-0.0007752863966795099,230587774.17371416,527652827.00966257,493188870.6044442
2025-01-27,-0.006580723404776,-0.0066801670949998,-0.00667022272597742,229070339.811354,524128017.957089,489899190.99153936
2025-01-28,0.0024707808928119,0.005425182826241,0.0051297426328980895,229636322.43006983,526971508.2788616,492412247.7573909
2025-01-29,0.0013565170081105,-0.0031359844692667,-0.00268673432152898,229947828.00712618,525318933.8131531,491089266.8709999
2025-01-30,0.0033040973773245,0.0038126585974397,0.00376180247542818,230707598.022566,527321795.5625536,492936647.6907715
2025-01-31,-0.0007314354199858,-0.0034153846458869,-0.0031469897232967903,230538850.31371245,525520788.79854774,491385381.12625223
2025-02-03,0.0051455547546195,-0.0041968202279374,-0.0032625827296817104,231725100.5910687,523315272.52191633,489782195.66817164
2025-02-04,0.0062358649585124,0.0049600813351199,0.00508765969745915,233170107.02585232,525910958.83753544,492274040.80560565
2025-02-05,0.0003495603174185,0.004299254152258,0.0039042847687740505,233251614.04247677,528171983.71103567,494196018.8451859
2025-02-06,0.0007233573890915,0.0019810169079845,0.0018552509560952,233420338.32101193,529218301.34109104,495112876.4816468
2025-02-07,0.0008958883582699,-0.0067812257316012,-0.00601351432261409,233629456.88469714,525629552.5784025,492135508.1076137
2025-02-10,0.0067516896502367,0.0040161821784837,0.004289732925659,235206850.47073594,527740576.61995226,494246638.0006289
2025-02-11,-0.000103099221003,-0.0005105961260742,-0.00046984643556708,235182600.82767785,527471114.3259579,494014417.9794733
2025-02-12,0.0001332916936212,-0.0036375116345396,-0.00326043130172352,235213948.7148524,525552432.01071364,492403717.90759027
2025-02-13,0.0032988700687068,0.008376815820366,0.00786902124520008,235989888.9700102,529954887.9376129,496278453.22502065
2025-02-14,-0.002126820205375,0.0012536293660665,0.00091558440892235,235487980.90588456,530619254.947822,496732838.0392776
2025-02-17,0.0015505581107346,0.0,0.00015505581107346,235853118.70465872,530619254.947822,496809859.3523666
2025-02-18,0.0083240414033528,0.0001371062010673,0.00095579972129585,237816369.82986617,530692006.1380811,497284710.0774726
2025-02-19,-0.000222623137757,0.0018981883926161,0.0016861072395787902,237763426.40340465,531699359.5441866,498123185.42726606
2025-02-20,0.0007793285441874,-0.0020002691240022,-0.00172230935718324,237948722.22836468,530635817.7320386,497265263.2039748
2025-02-21,-0.0023025679351782,-0.0084165020594198,-0.00780510864699564,237400829.13034502,526169720.279295,493384053.7982908
2025-02-24,-0.0022127302150449,-0.0022981738996272,-0.0022896295311689704,236875525.1426516,524960490.761375,492254387.0985064
2025-02-25,-0.0068467436843588,-0.0003975195445006,-0.00104244195848642,235253699.13690194,524751808.70620674,491741240.47114587
2025-02-26,-0.0025299009885035,0.0009580795721376,0.0006092815160734901,234658530.5709064,525254562.69457036,492040849.31965595
2025-02-27,-0.0085303726411622,-0.0099503996846841,-0.00980839698033191,232656805.86170903,520028069.8595554,487214717.3389891
2025-02-28,-0.0083816489785001,0.0113803433797778,0.009404144143950011,230706758.1825171,525946167.86168027,491796554.76989883
2025-03-03,0.0046602844052465,-0.0095141301839763,-0.00809668872505402,231781917.28986007,520942247.55088085,487814631.149873
2025-03-04,0.0013603607273298,-0.0084100229222828,-0.00743298455732154,232097224.30744645,516561111.3077924,484188712.52970046
2025-03-05,0.0071905021699198,0.0051535413667174,0.00535723744703764,233766119.90246153,519223230.3633546,486782626.4318976
2025-03-06,0.0056570031095984,-0.0107631642809658,-0.00912114754190938,235088535.5696685,513634745.4364601,482342610.275374
2025-03-07,-0.0011484156700745,0.0028982565742489,0.00249358934981656,234818556.2115654,515123390.7141839,483545374.6713195
2025-03-10,-0.0036770443720757,-0.0139575485302503,-0.012929498114432841,233955117.9609887,507933530.9892236,477293375.66126394
2025-03-11,0.0011272103325641,-0.0055772243410519,-0.004906780873690299,234218834.58731058,505100671.736554,474951401.65443015
2025-03-12,0.0014536069095868,0.002010039427073,0.00195439617532438,234559296.70362204,506115944.00138557,475879644.8572885
2025-03-13,0.0058793417636766,-0.0070010014356157,-0.00571296711568647,235938350.97279027,502572625.5508439,473160960.0951942
2025-03-14,0.0042802571472612,0.0117545487148391,0.01100711955808131,236948227.78585455,508480139.9606259,478369099.3531785
2025-03-17,0.0066063230123263,0.0042447221518534,0.00448088223790069,238513584.3158062,510638496.87449425,480512614.95363075
2025-03-18,0.0030344613719415,-0.0060116903376555,-0.0051070751666958,239237344.57409585,507568696.3567989,478058600.910517
2025-03-19,0.0025000141255036,0.0074371155081124,0.00694340536985152,239835441.31487906,511343543.3799064,481377955.5671828
2025-03-20,-0.0031673568306707,-0.0008135410909869,-0.00104892266495528,239075796.89159343,510927544.39575607,480873027.3191785
2025-03-21,-0.0063738643900824,0.0001301048498254,-0.0005202920741653801,237551960.18325555,510994018.5471913,480622832.89438444
2025-03-24,-0.0011387504180562,0.0088693930253535,0.007868578681012532,237281447.7892868,515526225.3312911,484404651.470905
2025-03-25,0.0040116168811297,0.0014026095912868,0.00166351032027109,238233330.05081722,516249307.3595007,485210463.6078142
2025-03-26,-0.0022106822342721,-0.0074282930826088,-0.00690653199777513,237706671.8604624,512414456.2007405,481859342.0152515
2025-03-27,0.0042965518628185,-0.0021494413723042,-0.0015048420487919299,238727990.90424883,511313051.36881584,481134219.81578374
2025-03-28,0.0011655420584205,-0.00955764958665,-0.008485330422142952,239006238.41816998,506426100.39475197,477051636.98324686
2025-03-31,0.0037142004300752,0.0045000657774124,0.004421479242678681,239893955.4916934,508705051.15792686,479160910.8938541
2025-04-01,0.00287704724864,0.0033140123723122,0.0032703158599449804,240584141.7363061,510390905.9913219,480727918.42021596
2025-04-02,0.0035541897487952,0.0037023339211014,0.00368751950387078,241439223.426588,512280543.55559516,482500611.9954457
2025-04-03,-0.0005177250780113,-0.0262369834084705,-0.02366505757542458,241314224.28580448,498839847.43384475,471082207.2323959
2025-04-04,-0.0386277957337592,-0.0347250822275259,-0.03511535357814923,231992787.72244188,481517592.7133381,454539988.9610553
2025-04-07,-0.0131180149767762,-0.0052373823165667,-0.006025445582587651,228949502.85859483,478995700.98814553,451801182.9924605
2025-04-08,-0.004002853571652,-0.0111649943627923,-0.010448780283678271,228033051.52334937,473647716.6868111,447080411.6994664
2025-04-09,0.0098861350845213,0.0562585909773306,0.05162134538804967,230287417.07444483,500294469.847241,470159304.0480359
2025-04-10,0.0135112625774151,-0.022762295047967,-0.019134939285428792,233398890.8348124,488906619.51371187,461162834.31059736
2025-04-11,0.0060507800593442,0.0098657673158567,0.00948426859020545,234811136.1893487,493730058.4610162,465536626.4950195
2025-04-14,0.0001494017278131,0.0069405522155658,0.006261437166790529,234846217.37880516,497156817.7121593,468451554.8306577
2025-04-15,3.920197078469134e-05,-0.0003613396661898,-0.0003212855024923509,234855423.81335774,496977175.2336031,468301048.13747066
2025-04-16,0.0086348388633751,-0.012112123266437,-0.01003742705345579,236883362.5541757,490957726.4265681,463600510.52773386
2025-04-17,-0.0002620785441845,-0.0001096811048498,-0.00012492084878327,236821280.507376,490903877.6406991,463542597.1584624
2025-04-18,0.0,0.0,0.0,236821280.507376,490903877.6406991,463542597.1584624
2025-04-21,0.0072989464508468,-0.0156408274601698,-0.01334685006906814,238549826.3522203,483225734.7909926,457355763.613562
2025-04-22,-0.0031651761984591,0.0153938944456463,0.01353798738123576,237794774.11970368,490664460.74578494,463547440.1700978
2025-04-23,-0.0068249113330947,0.0105305683132813,0.008795020348643701,236171845.87086344,495831436.36856776,467624349.33895564
2025-04-24,0.004644440660029,0.0137887146964051,0.012874287292767492,237268731.99458018,502668314.5821627,473644679.5574388
2025-04-25,-0.0022175414921344,0.005543762404762,0.004767632015072359,236742578.73659608,505454988.2866084,475902843.0954656
2025-04-28,0.0018269613099899,0.0016849421297308,0.0016991440477567101,237175098.2683751,506306650.691055,476711470.57862175
2025-04-29,-0.001986405421085,0.004607893043909,0.003948463197409599,236703972.36742842,508639657.58485925,478593748.2759844
2025-04-30,-0.0021628318477366,0.0009325617657806,0.0006230224044288799,236192021.4775064,509113995.4820826,478891922.9037799
2025-05-01,-0.0037636337652149,0.0024478547221382,0.00182670587340289,235303081.2103993,510360232.5800301,479766717.59207344
2025-05-02,9.956162015312132e-05,0.0068165405118635,0.006144842622692462,235326508.36639163,513839123.7810559,482714808.56728244
2025-05-05,0.0077643527043488,-0.004323776979148,-0.00311496401079832,237153666.37803113,511617398.00666577,481211169.3111159
2025-05-06,0.0072463896037693,-0.003888236696916,-0.00277477406684747,238872174.2405687,509628108.4649556,479875917.0378341
2025-05-07,-0.0062844120433489,0.0032192094331021,0.002268847285457,237371003.07195035,511268708.0791,480964682.20956165
2025-05-08,-0.003735613581094,0.0013319303572005,0.0008251759633710499,236484276.72911686,511949682.3920772,481361562.7045514
2025-05-09,0.0029764010276984,-7.231924629780279e-05,0.0002325527811018175,237188148.77340794,511912658.57690424,481473504.6746738
2025-05-12,-0.0097452570000695,0.0177457151842826,0.01499661796584739,234876689.30624038,520996914.8152389,488693978.8849575
2025-05-13,0.0069864000288737,0.0039725983097122,0.00427397848162835,236517631.81519127,523066626.2783992,490782646.43481314
2025-05-14,-0.0049241895287132,-0.0003407201870655,-0.0007990671212302701,235352974.16925088,522888406.9196459,490390478.15837675
2025-05-15,0.0015402969619966,0.0044099626053208,0.0041229960409883805,235715487.64036065,525194325.2409173,492412356.1583621
2025-05-16,-0.0053780823091741,0.0043661940365087,0.0033917664019404202,234447790.3462837,527487425.5717925,494082503.8438804
2025-05-19,0.0065628968444617,0.0005599193577911,0.00116021710645816,235986447.00973836,527782775.9923616,494655746.81684184
2025-05-20,0.00195569870479,-0.0028600205445982,-0.00237844861965938,236447965.3985033,526273306.40993834,493479233.5386187
2025-05-21,0.0050865914377017,-0.0116932663594595,-0.01001528057974338,237650679.5947613,520119452.4602134,488536900.5544527
2025-05-22,-0.0027642702081254,0.0006343619722843,0.00029449875424333,236993748.90121675,520449396.4618996,488680774.06306785
2025-05-23,0.0051156803343744,-0.0035472892124397,-0.00268099225775829,238206133.16184035,518603211.93220955,487370624.6912895
2025-05-26,0.0008775985670285,0.0,8.775985670285002e-05,238415182.52296057,518603211.93220955,487413396.2674736
2025-05-27,-0.0049333659789899,0.0139534177738171,0.012064739398536401,237238993.17262712,525839499.2071431,493293911.8727963
2025-05-28,-0.0035805427749001,-0.004060276730429,-0.00401230333487611,236389548.8096983,523704445.3245719,491314667.065115
2025-05-29,0.0056199606155836,0.0037215974930801,0.00391143380533045,237718048.7639444,525653462.4754068,493236411.8629282
2025-05-30,-0.006396828576551,0.0008455596620605,0.00012132083819934995,236197407.15644926,526097933.83949846,493296251.7178459
2025-06-02,0.0118249479934564,0.0013242468284712,0.00237431694496972,238990429.21226355,526794617.35985065,494467493.36718965
2025-06-03,-0.0013418109117367,0.003192040222727,0.0027386551092806305,238669749.24654588,528476166.96757936,495821669.2942729
2025-06-04,0.0033738160540938,0.0024173860670521,0.00251302906575627,239474977.07818043,529753697.8903758,497067683.56064117
2025-06-05,0.000826320173971,-0.0037129940601299,-0.00325906263671981,239672860.08290142,527786725.556777,495447708.84522784
2025-06-06,-0.0049694119760986,0.0039172275427746,0.00302856359088728,238481826.9016596,529854186.2548388,496948203.737425
2025-06-09,0.0036262110738866,0.0011152919134985,0.00136638382953731,239346612.3432911,530445128.3441022,497627225.72712946
2025-06-10,0.0013018057964694,0.0038364797251821,0.00358301233231083,239658195.1506049,532480170.324316,499410230.21380347
2025-06-11,0.0029113321550303,-0.0005247159676691,-0.00018111115539916003,240355919.76036334,532200769.4764797,499319781.4499912
2025-06-12,0.0023675758432863,0.0037990139304958,0.00365587012177485,240924980.62977886,534222607.61354136,501145229.72020537
2025-06-13,0.0023595349445892,-0.0079897199083624,-0.00695479442306724,241493451.54059932,529954318.6099942,497659867.6714005
2025-06-16,0.0003793747928396,0.0048111037638705,0.0043679308667674095,241585068.06874964,532503983.82693815,499833611.56855375
2025-06-17,0.0026150394825512,-0.0034789146310895,-0.00286951921972543,242216822.56014425,530651447.9264892,498399329.41349304
2025-06-18,0.0004970621890777,4.730190762938238e-05,9.227793577421415e-05,242337219.3841974,530676548.7522625,498445320.67480254
2025-06-19,-0.0027288969357919,0.0,-0.00027288969357919,241675906.08879155,530676548.7522625,498309300.0839776
2025-06-20,-0.001645726505201,-0.0011151630010169,-0.0011682193514353102,241278173.64447278,530084757.89958656,497727165.51661927
2025-06-23,-0.0055380119508695,0.0068025585884639,0.0055685015345305604,239941972.23534575,533690690.5220502,500498760.0015761
2025-06-24,-0.005666032507126,0.0077331920419162,0.006393269587011981,238582453.22083634,537817823.12284,503698583.5022314
2025-06-25,-0.0028043482188802,0.0002633717345361,-4.340026080553e-05,237913384.9430904,537959469.1357803,503676722.85234004
2025-06-26,0.0045922411919046,0.0058105478694887,0.00568871720173029,239005940.58953154,541085308.3830385,506541997.28974134
2025-06-27,-0.0031468272108161,0.0023177604070747,0.0017713016452856204,238253830.19213775,542339414.4876585,507439235.96294695
2025-06-30,0.0023837618752751,0.0044750543123447,0.00426592506863774,238821770.58918804,544766412.823216,509603933.7204516
2025-07-01,0.0043179780444649,-0.0010547589335387,-0.0005174852357383399,239852997.75113237,544191815.5825989,509340221.20867705
2025-07-02,0.0050349365336858,0.0021622612379577,0.00244952876753051,241060642.3722236,545368500.451447,510587864.7329881
2025-07-03,-0.0014475309185658,0.0038594913600114,0.00332878913215368,240711699.6391405,547473345.4669617,512287504.06812084
2025-07-04,0.0004283784479838,0.0,4.2837844798380004e-05,240814815.34344342,547473345.4669617,512309449.36071223
2025-07-07,-0.0051202142340826,-0.005577883694537,-0.0055321167484915605,239581791.89814395,544419602.8200879,509475293.67549336
2025-07-08,-0.0010349407433467,-0.0007161734767624,-0.0007480502034208301,239333838.94034454,544029703.9403186,509094180.57842153
2025-07-09,-0.0002511967640896,0.0051655311557848,0.00462385836379736,239273719.0544656,546839906.3256947,511448159.9632496
2025-07-10,-0.0009614927219928,0.001732187690503,0.00146281964925342,239043659.1150306,547787135.6801078,512196316.3812183
2025-07-11,0.0036584071559268,-0.0035492804426064,-0.0028285116827530803,239918178.1481159,545842885.5127271,510747563.116471
2025-07-14,-0.001046887996386,0.0007813491569167,0.00059852544158643,239667010.68729782,546269379.3911314,511053258.5272244
2025-07-15,-0.002607768817092,-0.003484521857209,-0.0033968465531973,239042014.53034183,544365891.798719,509317289.027496
2025-07-16,0.0015616359050826,0.002697923540507,0.00258429477696456,239415311.1230557,545834549.3528517,510633515.03734744
2025-07-17,-0.0004042003588944,0.0030662283087841,0.0027191854420162503,239318539.36837494,547508202.6999899,512022022.2576426
2025-07-18,0.0052028199593215,0.0006425065934451,0.0010985379300327402,240563670.6416364,547859980.33019,512584497.87010473
2025-07-21,0.0019778229386146,0.0020165089752376,0.0020126403715753,241039462.98762876,548964744.8976992,513616146.1243617
2025-07-22,0.0030559752563726,0.0012197826998406,0.0014034019554938,241776073.6223283,549634362.5963478,514336956.0282058
2025-07-23,-0.0023877624685433,0.0037487590467193,0.00313510689519304,241198769.78794116,551694809.3855187,515949457.3655024
2025-07-24,0.0008213406131725,3.4279999775543835e-05,0.00011298606111523946,241396876.13341522,551713721.4834605,516007752.46242476
2025-07-25,-0.0062920245340993,0.0030773626462399,0.0021404239282059798,239878001.06632885,553411544.6813717,517112227.802935
2025-07-28,-0.0056094415449236,-0.0004373937617966,-0.0009545985401093,238532419.44143412,553169485.9240218,516618593.22520167
2025-07-29,0.0012515466709692,0.0002502786490779,0.00035040545126702996,238830953.89690432,553307932.43567,516799619.1964937
2025-07-30,-0.007452377775735,-0.0017744597101638,-0.0023422515167209204,237051095.40392542,552326109.802249,515589144.5045899
2025-07-31,-0.0042505385858065,-0.0019785297404261,-0.00220573062496414,236043500.57610333,551233316.1675913,514451893.73865706
2025-08-01,0.0073009646073162,-0.0061458665957583,-0.00480118347545085,237766845.81959647,547845509.7432879,511981915.80752456
2025-08-04,0.0028787253821071,0.0092725397086717,0.00863315827601524,238451311.2736809,552925428.9866,516401936.7211485
2025-08-05,-0.0002568878263574,-0.0028892666618107,-0.00262602877826537,238390056.03463575,551327879.9781617,515045850.37416685
2025-08-06,0.0022101765918223,0.0039831482392669,0.0038058510745224406,238916940.1562067,553523900.6525555,517006038.1772417
2025-08-07,0.0032461755696465,-0.0007164770066538,-0.00032021174902376997,239692506.49051648,553127313.5051045,516840486.7695011
2025-08-08,0.0032916509516275,0.0039457644549517,0.00388035310461928,240481490.55760396,555309823.597796,518846010.35692996
2025-08-11,-0.0057950517600457,-0.0012162108598096,-0.00167409494983321,239087887.87248972,554634449.7597773,517977412.8712504
2025-08-12,0.0029397624447005,0.0065603555472917,0.00619829623703258,239790749.46624005,558273048.948978,521187990.3203181
2025-08-13,0.002738180826701,0.0032793756132825,0.00322525613462435,240447339.8988488,560103835.9712541,522868955.0833913
2025-08-14,-0.0037070912717214,-0.0009314539828929,-0.00120901771177575,239555979.66380116,559582125.0224051,522236797.25575775
2025-08-15,0.0010218947560009,-0.0023685861086701,-0.002029538022203,239800780.66318828,558256706.5744169,521176897.8191337
2025-08-18,-0.002337046700669,-0.0002484831091876,-0.00045733946833574006,239240355.03992155,558117989.2122425,520938543.0537762
2025-08-19,-0.004841432952474,-0.0026602983216002,-0.0028784117846875805,238082088.90146968,556633228.8622863,519439067.41235214
2025-08-20,0.0028183524249971,-0.0010962555255407,-0.00070479473048692,238753088.13407356,556023016.6094465,519072969.4948309
2025-08-21,-0.0004233221312089,-0.0031959828640755,-0.00291871679078884,238652018.6679719,554245976.5763311,517557942.50312173
2025-08-22,0.0029032315107666,0.0107569557368492,0.00997158331424094,239344880.72867683,560207976.0136894,522718814.64673865
2025-08-25,0.0008707190464417,-0.0029596893725668,-0.00257664853066595,239553282.8749956,558549934.4206545,521371951.98102766
2025-08-26,0.001013225905227,0.0030282346602769,0.0028267337847719103,239796004.46688673,560241354.6915625,522845731.6921249
2025-08-27,-0.0003658594706989,0.0017590800567632,0.00154658610401699,239708272.82761675,561226864.0855745,523654357.63530445
2025-08-28,0.003328560010836,0.002562901021891,0.0026394669207855004,240506156.1988173,562665232.989052,525036525.99020797
2025-08-29,0.0015083104556357,-0.0041098099905546,-0.00354799794593557,240868914.14885673,560352785.793176,523173697.4744536
2025-09-01,0.0014605883861073,0.0,0.00014605883861073,241220724.4874369,560352785.793176,523250111.6170984
2025-09-02,0.0035072669064651,-0.0049385915558407,-0.00409400570961012,242066749.9515852,557585432.256966,521107922.6725839
2025-09-03,0.0026930591341513,0.0042776085696708,0.00411915362611885,242718650.02361664,559970564.480312,523254446.26185995
2025-09-04,-0.0018298757897342,0.0061926408594042,0.005390389194490359,242274505.0422215,563438261.0779763,526074991.37495893
2025-09-05,0.0052924267946617,4.199173892072269e-06,0.0005330219359690351,243556725.12437034,563440627.053212,526355400.8853265
2025-09-08,0.0021907346331489,0.0026825170379128,0.00263333879743641,244090293.27723664,564952066.1351345,527741472.98371804
2025-09-09,0.0002324808606292,0.0008330920257465,0.00077303090923477,244147039.59868893,565422723.1963607,528149433.45441955
2025-09-10,0.0018581821558312,0.0024580039049979,0.0023980217300812296,244600709.27107024,566812534.4579519,529415947.2725733
2025-09-11,0.000772064148451,0.0056471771026757,0.00515966580725323,244789556.7093841,570013425.2240524,532147556.6335302
2025-09-12,0.0013984670600366,-0.0010117408930008,-0.0007707200976970599,245131886.84108317,569436719.3321937,531737419.8166923
2025-09-15,0.0052502314203775,0.0035546456183599,0.0037242041985616602,246418885.97551268,571460865.0715011,533717718.54810596
2025-09-16,0.0018774114442456,-0.0004211393649943,-0.00019128428407030995,246881515.61212134,571220200.4056659,533615626.7364178
2025-09-17,-0.0043682453183065,-0.0011780473563995,-0.0014970671525902,245803076.5873723,570547275.9586561,532816768.30952185
2025-09-18,-0.0052739618861475,0.0017639391653608,0.00106014906020997,244506720.5299527,571553686.6444093,533381633.5057093
2025-09-19,0.0005019573827461,0.0027905163687547,0.0025616604701538402,244629452.48345375,573148616.5626127,534747976.151767
2025-09-22,0.0022478889108931,0.0022208048408873,0.0022235132478878802,245179352.31696916,574421467.7848228,535936995.36102164
2025-09-23,0.0060282671002143,-0.0023887678383762,-0.00154706434451715,246657358.94019338,573049308.2569056,535107866.344591
2025-09-24,-0.0016475893197848,-0.002424632307677,-0.00234692800888778,246250968.9099572,571659874.390214,533852006.70529073
2025-09-25,-0.0015623011759594,-0.003518296172379,-0.0033226966727370405,245866250.73164803,569648605.6422442,532078178.4188771
2025-09-26,0.0021831630056818,0.0034927922591782,0.0033618293338285596,246403016.83459106,571638269.882483,533866934.44697577
2025-09-29,0.0070730506269678,0.0025651475151752,0.0030159378263544603,248145837.84729972,573104606.370051,535477043.9288144
2025-09-30,0.0027482639576571,0.0024400284667145,0.0024708520158087596,248827808.1096981,574502997.9239992,536800128.46222526
2025-10-01,0.0017130543340495,0.0029687531453678,0.00284318326423597,249254063.66481245,576208555.5061092,538326349.6037087
2025-10-02,-0.0039291300409104,0.0007099126898786,0.00024600841679970004,248274712.03544804,576617613.2716796,538458782.4166963
2025-10-03,0.0034628990792926,-0.0004867501210605,-9.178520102518997e-05,249134462.30716723,576336944.578614,538409359.8691084
2025-10-06,0.0085937766277548,0.0014342822659039,0.00215023170208899,251275468.22651082,577163574.4374084,539567064.7434005
2025-10-07,0.0007865070226297,-0.0014635318425457,-0.00123852795602816,251473098.1468855,576318877.1678617,538898795.8495637
2025-10-08,0.0042733284347496,0.0034782162759869,0.00355772749186317,252547725.28777117,578323438.8665855,540816050.9108897
2025-10-09,-0.0083274494068993,-0.0017733813547744,-0.00242878815998689,250444646.88260972,577297850.8630705,539502523.2897065
2025-10-10,-0.0056904290587898,-0.0140754558043548,-0.0132369531297983,249019509.38637057,569172120.4772984,532361153.67551273
2025-10-13,0.0083104375756212,0.0093587614691209,0.00925392907977093,251088970.4742378,574498866.5877191,537287586.0364509
2025-10-14,-0.0019173690906844,4.385424840536211e-06,-0.00018779002671195742,250607540.2432387,574501386.0093195,537186688.7863171
2025-10-15,0.0083933790115229,0.0020506925881843,0.00268496123051816,252710984.3116457,575679511.7435104,538629014.2192588
2025-10-16,0.0090365008941241,-0.0023194457847312,-0.00118385111684567,254994607.3473328,574344254.3266407,537991357.6592098
2025-10-17,-0.0068345066664418,0.0026222849317076,0.0016766057718926599,253251845.00351074,575850348.6103745,538893357.0746896
2025-10-20,0.0141993221076361,0.0069444085710136,0.007669899924675851,256847849.52506873,579849288.7068855,543026615.1935252
2025-10-21,-0.0183717229800101,0.0006100329762891,-0.0012881426193408203,252129111.98558286,580203015.8942744,542327119.467058
2025-10-22,-0.0016802531405956,-0.0030604700221166,-0.0029224483339645,251705471.25333348,578427321.9573883,540742196.4803077
2025-10-23,0.007737259452089,0.002470985256441,0.0029976126760058,253652981.78993085,579856607.3418677,542363132.1429282
2025-10-24,-0.0025958731778929,0.0048995351007089,0.004149994272848721,252994530.8180098,582697635.1429172,544613936.0351257
2025-10-27,-0.006947340689977,0.0076051794789474,0.006149927462054961,251236891.6197162,587129155.2401372,547963272.236566
2025-10-28,-0.002432064108558,0.0017163039064293,0.00130146710493057,250625867.3928622,588136847.3028544,548676428.4100919
2025-10-29,0.0007422693171331,-0.0019592581986725,-0.00168910544709194,250811899.2843078,586984535.3628349,547749656.0661734
2025-10-30,0.0046287657099264,-0.0064065841783114,-0.005303049189487621,251972848.80335653,583223969.525666,544844912.6965295
2025-10-31,-9.716819487304296e-05,0.0015337497804979,0.0013706579829608058,251948365.05648127,584118489.1609071,545591708.7255926
2025-11-03,0.0021907543078098,0.0009130849676659,0.00104085190168029,252500322.02257442,584651838.9726957,546159588.8931607
2025-11-04,-0.0061575945803838,-0.0066137995297477,-0.0065681790348113105,250945527.40814304,580785068.9150319,542572314.9317315
2025-11-05,0.0030394500957656,0.00064581271621,0.0008851764541655601,251708263.81545565,581160147.297922,543052587.1695911
2025-11-06,-0.0012454593815237,-0.005110833243721,-0.00472429585750127,251394771.39687964,578189934.6971861,540487046.0816206
2025-11-07,0.0021599275422452,0.0007629806519265,0.00090267534095837,251937765.88759622,578631082.4304987,540974930.4102259
2025-11-10,0.0114200514514805,0.0090176518421464,0.00925789180307981,254814908.13660362,583848976.0769012,545983217.7841424
2025-11-11,0.0048277833221305,0.0012453937513975,0.0016036327084708,256045099.30033574,584576097.9434671,546858774.3304571
2025-11-12,0.003311789253365,0.0014619020096231,0.00164689073399729,256893066.70857534,585430690.9158283,547759390.9787071
2025-11-13,-0.0003509776276434,-0.0109070610530976,-0.009851452710552181,256802902.98946393,579045362.6276523,542363165.2417195
2025-11-14,-0.0073594511777028,-0.0008318885346455,-0.00148464479895123,254912974.56262064,578563661.4294428,541557948.5893006
2025-11-17,-0.004349036033613,-0.0050396927115516,-0.00497062704375774,253804348.85081235,575647878.3617681,538866066.0042807
2025-11-18,0.000740664215255,-0.0045818786382322,-0.00404962435288348,253992332.64968225,573010329.6447586,536683860.8604472
2025-11-19,-0.0001467035390282,0.0020842570106534,0.0018611609556852399,253955071.07559648,574204630.4414976,537682715.9078271
2025-11-20,-0.0020869420564798,-0.0084864819760027,-0.00784652798405041,253425081.55731252,569331653.1947185,533463773.4309161
2025-11-21,-0.0049239567000356,0.0066387103760856,0.00548244366847348,252177227.4290213,573111281.1482162,536388458.5179224
2025-11-24,0.0054477300003414,0.0099501628396256,0.00949991955569718,253551020.8762893,578813831.7208675,541484105.7244471
2025-11-25,-0.0006888062648665,0.0061586102960238,0.00547386863993477,253376373.34464645,582378520.5443847,544448118.5897952
2025-11-26,0.0068884211521986,0.0044372218047424,0.00468234173948802,255121736.5142611,584962663.2143579,546997410.740454
2025-11-27,-3.8342739179381136e-05,0.0,-3.8342739179381136e-06,255111954.44805893,584962663.2143579,546995313.4025488
2025-11-28,0.0094494189777856,0.0027115839004435,0.0033853674081777106,257522614.1918804,586548838.5542904,548847093.5089678
2025-12-01,0.0012341975841188,-0.0047704924841485,-0.004170023477321771,257840447.98017195,583750711.7283812,546558388.2435756
2025-12-02,-0.0030525036125617,0.0017617101694641,0.00128028879126152,257053389.08124796,584779111.2936649,547258140.8218137
2025-12-03,0.0026596963919267,0.00236001625703,0.0023899842705196704,257737073.0527199,586159199.5030895,548566079.1702918
2025-12-04,0.0016294844514029,-0.0001708569197606,9.177217355749986e-06,258157051.60580936,586059050.1477731,548571113.4804343
2025-12-05,-0.0022221804250791,0.0004858479167007,0.00021504508252272,257583380.0591348,586343785.716351,548689081.0008023
2025-12-08,-0.0076030457330517,-0.0025171404428362,-0.0030257309718577504,255624961.84047118,584867876.0599186,547028895.4544979
2025-12-09,6.200449475149417e-05,-0.0007573458986835,-0.0006754108593400006,255640811.73707595,584424928.772713,546659426.1981351
2025-12-10,-0.0004971998841785,0.005043191177939,0.00448915207172725,255513707.155089,587372295.417667,549113463.4937818
2025-12-11,0.0046733203268788,0.0012954450933151,0.00163323261667147,256707804.556533,588133203.9757152,550010293.5126132
2025-12-12,-0.002066952643452,-0.0073370021802027,-0.00680999722652763,256177201.68131012,583818069.3758957,546264724.9392307
2025-12-15,-0.0001289558066163,-0.000477401455737,-0.00044255689082493,256144166.1436306,583539353.7796901,546022971.7209942
2025-12-16,-0.0032738919383933,-0.0005600418551437,-0.0008314268634686601,255305577.82302648,583212547.31745,545568993.5542344
2025-12-17,0.0038055063323486,-0.0070057245519834,-0.0059246014635502,256277144.8161159,579126720.8556833,542336714.6965554
2025-12-18,-0.0014889918266583,0.0055141165737147,0.004813805733677401,255895550.24212536,582320093.1054348,544947418.2833455
2025-12-19,0.0017161009929183,0.0045854567179689,0.00429852114546384,256334692.84997922,584990296.6883733,547289886.2840023
2025-12-22,0.010128344552346,0.003710569483365,0.0043523469902631,258930938.9398836,587160943.83133,549671881.7733719
2025-12-23,0.0067498833504681,0.0026433836362247,0.00305403360764904,260678692.57355496,588713035.4620839,551350598.1734875
2025-12-24,0.0008820087381739,0.0027098620318543,0.00252707670248626,260908613.45826057,590308366.5645403,552743903.4250336
2025-12-25,0.0,0.0,0.0,260908613.45826057,590308366.5645403,552743903.4250336
2025-12-26,0.0056336535045672,-2.1845699360656387e-05,0.0005437042210321293,262378482.18284142,590295470.8654342,553044432.6184756
2025-12-29,-0.0166015762018875,-0.0014308667255071,-0.0029479376731451398,258022585.81714737,589450836.7179552,551414092.1006364
2025-12-30,0.0043348827619975,-0.0009800197073528,-0.00044852946041777,259141083.47661218,588873163.2814561,551166766.6354398
2025-12-31,-0.0074762480196974,-0.0048308321851234,-0.005095373768580801,257203680.46444792,586028415.8513206,548358365.9506121
2026-01-01,0.0,0.0,0.0,257203680.46444792,586028415.8513206,548358365.9506121
2026-01-02,0.0011527930672503,0.00055485797162,0.00061465148118303,257500183.0841586,586353578.3894515,548695415.2324628
2026-01-05,0.0125591714823836,0.0046386428618042,0.00543069572386214,260734172.04025775,589073463.2303411,551675213.0776684
2026-01-06,0.0053660403843912,0.0036407327874941,0.0038132635471838103,262133282.13701653,591218122.3021665,553778896.0575824
2026-01-07,-0.0043476249175235,-0.0015017563351809,-0.00178634319341516,260993624.94788542,590330256.7415254,552789656.8959529
2026-01-08,-0.0006703139744446,-0.0007575034434564,-0.0007487844965552201,260818677.2738419,589883079.5392673,552375736.5710131
2026-01-09,0.002881262836676,0.0042523683982824,0.004115257842121761,261570164.43578196,592391479.7053816,554648905.1527348
2026-01-12,0.0100503453661527,0.0007622516033064,0.0016910609795910301,264199034.9258429,592843031.060572,555586850.2736115
2026-01-13,-0.000289782674084,-0.0007990867751256,-0.00074815636502144,264122474.6230117,592369298.0347261,555171184.4352571
2026-01-14,0.003304072620671,-0.0024981295123638,-0.0019179092990603199,264995154.4599175,590889482.8090873,554106416.4580585
2026-01-15,-0.0024348404972502,0.0010913755212622,0.00073875391941096,264349933.5262634,591534365.1263964,554515764.7449876
2026-01-16,-0.0025691956873527,-0.0013604405205751,-0.0014813160372528602,263670766.81709576,590729617.8067659,553694351.6497613
2026-01-19,0.0052826777010603,0.0,0.00052826777010603,265063654.49738193,590729617.8067659,553986850.5302277
2026-01-20,0.0114398131325008,-0.0135093482316466,-0.011014432095231862,268095933.17304978,582749245.6890668,547884999.9834111
2026-01-21,0.0076229459954034,0.0078117145076621,0.00779283765643623,270139613.9932152,587301516.4259453,552154578.8426784
2026-01-22,0.0080599499943939,0.0034557345680319,0.0039161561106681,272316925.7735054,589331074.5781159,554316902.3706466
2026-01-23,0.0082722167678923,0.0006302561115101,0.0013944521771483201,274569590.4130699,589702504.0895717,555089870.7819874
2026-01-26,0.0086531617157437,0.0036054215001773,0.00411019552173394,276945485.48113966,591828630.1765246,557371398.6830354
2026-01-27,0.0112675355582011,0.0020449407173228,0.00296720020141063,280065978.5864817,593038884.64005,559025231.2094682
2026-01-28,0.0162815715238325,-0.0003115651002842,0.00134774856212747,284625892.8482296,592854114.4204848,559778656.6610239
2026-01-29,-9.161766328200094e-05,-0.0004726704685189,-0.00043456518799521015,284599816.0890173,592573889.7884582,559535396.3438562
2026-01-30,-0.0290885661524213,-0.0027504364496863,-0.0053842494199598,276321215.511745,590944052.9628516,556522718.2106448
2026-02-02,-0.026937702476468,0.0027494242004829,-0.00021928846721219015,268877756.8203536,592568808.843199,556400679.1967996
2026-02-03,0.0256923456138477,-0.0047811889648448,-0.0017338355069755496,275785857.0764582,589735625.3934468,555435971.9431028
2026-02-04,0.0011891803534772,-0.003191371699343,-0.00275331649406098,276113816.1994604,587853559.8084717,553906680.9201571
2026-02-05,-0.0144950200004806,-0.0054511425917399,-0.006355530332613971,272111540.9112402,584649086.2308939,550386310.2081314
2026-02-06,0.0145236014664464,0.0116781537733773,0.01196269854268421,276063580.4858557,591476708.1633626,556970415.7191716
2026-02-09,0.0110271591928214,0.003092168276414,0.00388566736805474,279107777.5352135,593305653.6765832,559134617.4885035
2026-02-10,-0.0041464448635001,-0.0005393692826966,-0.0009000768407769501,277950472.5246897,592985642.8317398,558631353.3684254
2026-02-11,0.0068997588599914,-0.0009117977052862,-0.00013064204875843993,279868263.76013076,592444959.8833381,558558372.6239207
2026-02-12,-0.0098704825301592,-0.0074640105602408,-0.00770465775723264,277105828.9519404,588022944.4464074,554254871.5254165
2026-02-13,0.0010856531159256,0.0013924041150833,0.00136172901516753,277406669.7585832,588841710.014018,555009616.4657706
2026-02-16,-0.001628492092071,0.0,-0.0001628492092071,276954915.1905936,588841710.014018,554919233.5886269
2026-02-17,-0.0107761469647791,0.0008443312180506,-0.00031771660023237,273970408.32188183,589338887.4522731,554742926.5363276
2026-02-18,0.0114322286881999,0.0027274622873335,0.00359793892742014,277102500.68361706,590946287.0422583,556738857.7064235
2026-02-19,0.002300220069509,-0.0014027371331003,-0.00103244141283937,277739897.41700065,590117344.7417562,556164057.4535905
2026-02-20,0.0105994762351463,0.003991539490234,0.00465233316472523,280683794.8592241,592472821.4271649,558751517.9431101
2026-02-23,0.0074624014196847,-0.0051613221752461,-0.00389894981575302,282778370.00846404,589414878.3157022,556572973.8151741
2026-02-24,-0.0045841206707918,0.0045936059013666,0.0036758332441507603,281482079.8372554,592122417.9790865,558618843.2551197
2026-02-25,0.0051099766715627,0.0047211242632529,0.0047600095040838805,282920446.6986868,594917901.4934236,561277874.2581743
2026-02-26,8.288560813160539e-05,-0.0024176198265596,-0.0021675692830904793,282943896.7319643,593479616.1795979,560061265.5786539
2026-02-27,0.0092150173081571,-0.0014296864958104,-0.00036521611541365,285551229.6375868,592631126.3868072,559856722.1788456
2026-03-02,0.0008453566398435,-0.0015004145187056,-0.00126583740285069,285792622.2655763,591741934.0405395,559148034.5996743
2026-03-03,-0.0166796699823434,-0.0059560979201556,-0.00702845512637438,281025695.642798,588217461.1379318,555218087.72949
2026-03-04,0.0103479822094642,0.004003538707078,0.00463798305731662,283933744.5417119,590572412.5117767,557793179.8134953
2026-03-05,-0.0030356440797151,-0.0041485356186597,-0.004037246464765241,283071822.7510625,588122401.8230739,555541231.270223
2026-03-06,0.0124517717694389,-0.0082034255927525,-0.00613790585653336,286596568.4823178,583297783.4602873,552131371.4932637
2026-03-09,0.0055349884488013,0.0061006787841836,0.00604410975064537,288182877.1783336,586856295.8727047,555468514.0993434
2026-03-10,0.0039653131646234,-0.0023863946182432,-0.0017512238399565404,289325612.5350278,585455825.1665521,554495764.3951074
2026-03-11,0.0031766612996253,-0.0020539258234657,-0.0015308671111566,290244702.01135826,584253342.328744,553646905.0661193
2026-03-12,-0.0037823682028175,-0.0101040590844732,-0.009471889996307629,289146889.67943424,578350012.0375534,548402822.4845369
2026-03-13,-0.0093250143989181,-0.0039878067140858,-0.00452152748256903,286450590.76977116,576043663.9764584,545923204.0511545
2026-03-16,-0.0027263856090999,0.007520444094148,0.0064957611238232104,285669616.0013783,580375768.1471816,549469390.776623
2026-03-17,0.0074440267208397,0.0020167220322584,0.0025594525011165296,287796148.25622463,581546224.745793,550875731.5831332
2026-03-18,-0.0087121445754845,-0.0095605938135056,-0.00947574888970349,285288826.60434884,575986297.5072207,545655771.4812198
2026-03-19,-0.0136129173350723,-0.0013352521850638,-0.0025630187000646506,281405213.39116406,575217210.5449075,544257245.5351151
2026-03-20,-0.0098240575988723,-0.0120103012683695,-0.01179167690141978,278640672.3661863,568308678.5515119,537839539.9445083
2026-03-23,-0.0138496850776261,0.0080900653684692,0.0058960903238596705,274781586.8040967,572906332.910462,541010690.4517642
2026-03-24,0.0061083144849902,-0.003230323536676,-0.00229645973450938,276460039.1509808,571055660.0989506,539768281.1852026
2026-03-25,0.0026951952361804,0.0047548022245937,0.00454884152575237,277205152.9314947,573770916.821956,542223601.5569419
2026-03-26,-0.0063327359883844,-0.0124540854842019,-0.01184195053462015,275449685.88335985,566625124.7755065,535802616.48860097
2026-03-27,0.0101596261265875,-0.0099463472815471,-0.00793574994073364,278248151.7086207,560989274.5060394,531550620.9065566
2026-03-30,0.0010321696094588,-0.000224538367161,-9.886756949902e-05,278535350.99470246,560863310.890347,531498067.7886019
2026-03-31,0.0009206448533627,0.0178633284856736,0.01616906012244251,278791783.1320753,570882196.4483438,540091892.0016378
2026-04-01,0.005528265792821,0.0041282392182002,0.00426824187566228,280333018.21008396,573238934.7206941,542397134.8317848
2026-04-02,0.0037414782648242,0.0013892958815406,0.00162451411986896,281381878.1046296,574035333.2118403,543278266.6358955
2026-04-03,0.0,-0.0008897169567412,-0.00080074526106708,281381878.1046296,573524604.2421131,542843239.1384461
2026-04-06,0.0018277469695135,0.0031259172563101,0.0029961002276304403,281896172.97961134,575317394.6994319,544469651.8907964
2026-04-07,0.0003181988927202,0.0009144977793596,0.0008548678906956601,281985872.02971554,575843521.1793115,544935101.5136561
2026-04-08,-0.0046056273451281,0.0157252793827767,0.013692188709986222,280687150.1865557,584898821.430618,552396455.7582766
2026-04-09,0.0030466928629936,0.003661507049984,0.0036000256312849603,281542317.72376305,587040432.5888135,554385097.1576374
2026-04-10,0.002370004960983,-0.0011242324673884,-0.00077480872455126,282209574.41349494,586380462.6748275,553955554.7475984
2026-04-13,0.0028810281781402,0.0068047919249258,0.0064124155502472404,283022628.14952123,590370659.7121714,557507747.9610076
2026-04-14,0.001315787807633,0.0080047111536416,0.007335818819040741,283395025.8729246,595096406.3167523,561597523.7902609
2026-04-15,6.066034913038143e-05,0.0042364008171718,0.0038188267703676585,283412216.71413594,597617473.2187686,563742167.4482833
2026-04-16,0.0008761577039014,0.0009406964264586,0.00093424255420288,283660530.51118976,598179649.8402147,564268839.370712
2026-04-17,-0.0036096931829713,0.0087740768980135,0.007535699889915021,282636603.0279255,603428124.0867397,568521000.0014404
2026-04-20,0.0028771474842281,-0.0015057065614282,-0.00106742115686257,283449790.2192781,602519538.4009519,567914148.6579182
